C03_LAYOUT {"total_frames": 54, "antic": 20, "hit": 32, "hold": 4, "cancel": 44, "advance_mm": 250.0, "foot_schedule": {"L": [[0, 20], [28, 54]], "R": [[0, 28], [46, 54]]}, "seam_source": ["Heavy_01", 36], "pelvis_y0_mm": -89.388, "L_seam_mm": [152.18, -329.58, 79.74], "R_seam_mm": [-141.58, 140.44, 79.8], "L_end_mm": [143.18, -508.96, 79.76], "R_end_mm": [-141.58, -198.96, 79.83], "L_step_mm": 179.38, "R_step_mm": 339.39, "seam_sole_mm": {"L": 0.622, "R": -1.574}, "seam_extra_bones": [], "note": "上游接缝 = Heavy_01 的 CANCEL 帧；末帧 = Idle_01@0 平移；L 在沉髋段跨步、R 蹬离后前落。"}
C03_CALIBRATION {"per_window": {"L_w0": {"pivot_mm": [158.18, -535.6, 15.834], "pivot_vertex": ["Shoe_Sole_L", 141], "ankle_flat_mm": [152.18, -329.6, 83.33]}, "R_w0": {"pivot_mm": [-147.58, -65.57, 13.606], "pivot_vertex": ["Shoe_Sole_R", 141], "ankle_flat_mm": [-141.58, 140.43, 81.11]}, "L_w1": {"pivot_mm": [149.18, -714.97, 11.2], "pivot_vertex": ["Shoe_Sole_L", 141], "ankle_flat_mm": [143.18, -508.97, 78.7]}, "R_w1": {"pivot_mm": [-147.58, -404.96, 13.292], "pivot_vertex": ["Shoe_Sole_R", 141], "ankle_flat_mm": [-141.58, -198.96, 80.79]}}, "pivot_axis_world": [1.0, 0.0, 0.0], "pivot_axis_dev_deg": 0.0, "pivot_scale": 1.0, "tip_off_ankle_z_mm": 102.27, "note": "支点 x/y 由构造不变（贴地闭环只改 z）；az0 = 踝高 − 鞋底最低点。本支足尖角 ≤ 6° ⟹ 支点漂移由构造接近零。"}
C03_REPORT {"loop_seamless": null, "ground_min_mm": -1.57, "ground_contact_ok": true, "max_frame_step_deg": 34.693, "max_frame_step_at": [16, "forearm.R"], "no_teleport": false, "bone_travel_mm": {"pelvis": 373.75, "chest": 447.75, "head": 630.16, "hand.L": 859.77, "hand.R": 1303.08}, "seam_start_delta": 0.0, "seam_start_ok": true, "seam_end_pose_delta": 2.384e-07, "seam_end_orient_delta": 2.384e-07, "seam_end_relative_delta": 1.192e-07, "seam_end_raw_delta": 0.3394, "seam_end_orient_bone": "thumb_02.R", "seam_end_relative_bone": "middle_01.L", "root_motion_m": -0.25, "seam_end_ok": true, "root_motion_ok": true, "advance_total_mm": -250.0, "pivot_drift_mm": {"L_w0_mm": 0.0255, "L_w1_mm": 0.0267, "R_w0_mm": 0.0059, "R_w1_mm": 0.0062}, "stance_pivot_ok": true, "plant_sole_mm": {"L_w0": [-0.031, 0.622], "L_w1": [-0.01, 1.055], "R_w0": [-1.574, 0.002], "R_w1": [-0.962, -0.001]}, "stance_sole_ok": true, "unsupported_frames": [], "always_supported_ok": true, "air_sole_min_mm": 34.129, "swing_airborne_ok": true, "strike_window": [20, 32], "strike_metrics": {"hand.R": {"z_drop_world_mm": 1608.07, "fwd_world_mm": 855.52, "lat_world_mm": 96.52, "path_world_mm": 2262.71, "net_world_mm": 1824.04, "down_dom_world": 0.7107, "fwd_dom_world": 0.3781, "fwd_ratio_net": 0.469, "z_drop_rel_mm": 1331.07, "fwd_rel_mm": 600.52, "path_rel_mm": 1945.14, "down_dom_rel": 0.6843, "z_start_mm": 1956.49, "z_end_mm": 348.43, "window": [20, 32]}, "hand.L": {"z_drop_world_mm": 862.55, "fwd_world_mm": 317.23, "lat_world_mm": 42.27, "path_world_mm": 1302.22, "net_world_mm": 920.01, "down_dom_world": 0.6624, "fwd_dom_world": 0.2436, "fwd_ratio_net": 0.3448, "z_drop_rel_mm": 585.55, "fwd_rel_mm": 62.23, "path_rel_mm": 1047.36, "down_dom_rel": 0.5591, "z_start_mm": 1235.12, "z_end_mm": 372.57, "window": [20, 32]}}, "strike_hand": "hand.R", "z_drop_world_mm": 1608.07, "z_drop_rel_mm": 1331.07, "fwd_world_mm": 855.52, "lat_world_mm": 96.52, "net_world_mm": 1824.04, "path_world_mm": 2262.71, "down_dom_world": 0.7107, "fwd_dom_world": 0.3781, "fwd_ratio_net": 0.469, "z_drop_min_mm": 1556.75, "z_drop_ratio_vs_combo": 1.1879, "knockdown_down_ok": false, "knockdown_fwd_ratio_ok": false, "knockdown_z_ok": true, "fist_down_monotone_ratio": 1.0, "fist_down_monotone_ok": true, "fist_z_start_mm": 1956.49, "fist_z_end_mm": 348.43, "amplitude_baseline": {"combo_finish_z_drop_mm": 1353.7, "combo_finish_z_drop_rel_mm": 1329.7, "combo_finish_fwd_mm": 2046.68, "combo_finish_fwd_ratio_net": 0.8337, "launcher_fwd_ratio_net": -0.0472}, "down_ratio": 1.15, "pelvis_z_min_mm": 529.66, "pelvis_z_max_mm": 830.13, "pelvis_z_min_frame": 34, "pelvis_z_max_frame": 18, "pelvis_z_sink_mm": 300.48, "pelvis_z_at_antic_mm": 822.0, "pelvis_z_at_hit_mm": 545.0, "pelvis_sink_ok": true, "hitstop_frozen_steps": [0.0, 0.0, 0.0], "hitstop_present_ok": true, "hitstop_momentum_mm": 30.0, "hitstop_rise_mm": -10.0, "hitstop_keeps_momentum_ok": true, "power_chain_channels_deg": {"pelvis": 19.267, "spine_01": 9.633, "spine_02": 9.633, "chest": 19.165, "shoulder.L": 22.0, "shoulder.R": 19.86, "thigh.L": 87.952, "shin.L": 105.816, "thigh.R": 45.425, "shin.R": 110.162}, "power_chain_ok": true, "leg_reach_max_ratio": {"L": 0.99708, "R": 0.94851}, "leg_reach_peak": {"L": [17, 819.6], "R": [18, 779.67]}, "ik_reach_ok": false, "return_tail": [11.0586, 10.7555, 10.4437, 10.1222, 9.7902, 9.4465, 9.0898, 8.7185, 8.3307, 7.9239, 11.8811, 7.0401, 6.5536, 6.0278, 5.4514, 4.8061, 4.0585, 3.1341, 1.7141], "return_tail_bones": ["forearm.R", "forearm.R", "forearm.R", "forearm.R", "forearm.R", "forearm.R", "forearm.R", "forearm.R", "forearm.R", "forearm.R", "shin.R", "forearm.R", "forearm.R", "forearm.R", "forearm.R", "forearm.R", "forearm.R", "forearm.R", "forearm.R"], "decel_smooth_ok": false, "no_snap_stop_ok": true, "return_tail_zero_frames": 0, "local_step_max_deg": 20.091, "local_step_max_at": [27, "upperarm.R"], "antic_frames": 20, "antic_frames_ok": true, "hitstop_frames": 4, "hitstop_frames_ok": true, "knock_window": [20, 32], "world_step_max_deg": 22.938, "world_step_max_at": [26, "hand.R"], "world_step_ok": true, "max_abs_euler_y_deg": 85.99, "arm_roll_max_deg": {"upperarm.L": 0.0, "forearm.L": 22.0, "hand.L": 8.0, "upperarm.R": 16.0, "forearm.R": 24.0, "hand.R": 25.0}, "meta": {"anim_id": "Knockdown_Attack", "loop": false, "category": "连招与特殊技", "note": "击倒技：接 Heavy_01 可取消帧，后手高举过头后方蓄力 → 跨步前冲 + 屈膝沉髋 → 斜下劈到身前膝高，力向**向下 + 向前**；命中 4 帧爆发停顿（髋继续前压 30 mm）；Root Motion 前冲 0.250 m", "antic_frame": 20, "hit_frame": 32, "cancel_frame": 44, "hitstop_frames": 4, "root_motion_m": [0.0, -0.25], "amplitude_baseline": {"combo_finish_z_drop_mm": 1353.7, "combo_finish_z_drop_rel_mm": 1329.7, "combo_finish_fwd_mm": 2046.68, "combo_finish_fwd_ratio_net": 0.8337, "launcher_fwd_ratio_net": -0.0472}, "hit_point_m": null, "fps": 60, "frames": [0, 54]}, "failed": ["decel_smooth_ok", "ik_reach_ok", "knockdown_down_ok", "knockdown_fwd_ratio_ok"], "non_ok_bools": ["no_teleport"]}
Info: Saved as "bigman_anim_v001.blend"
INFO Draco mesh compression is available, use library at D:\Program Files\Blender Foundation\Blender 4.5\4.5\scripts\addons_core\io_scene_gltf2\extern_draco.dll
03:18:15 | INFO: Starting glTF 2.0 export
03:18:15 | INFO: Extracting primitive: Mesh
03:18:15 | INFO: Primitives created: 1
03:18:15 | INFO: Extracting primitive: Mesh
03:18:15 | INFO: Primitives created: 1
03:18:15 | INFO: Extracting primitive: Collar_Point_L
03:18:15 | INFO: Primitives created: 1
03:18:15 | INFO: Extracting primitive: Collar_Point_R
03:18:15 | INFO: Primitives created: 1
03:18:15 | INFO: Extracting primitive: Ear_Inner_L
03:18:15 | INFO: Primitives created: 1
03:18:15 | INFO: Extracting primitive: Ear_Inner_R
03:18:15 | INFO: Primitives created: 1
03:18:15 | INFO: Extracting primitive: Ear_L
03:18:15 | INFO: Primitives created: 1
03:18:15 | INFO: Extracting primitive: Ear_Lobe_L
03:18:15 | INFO: Primitives created: 1
03:18:15 | INFO: Extracting primitive: Ear_Lobe_R
03:18:15 | INFO: Primitives created: 1
03:18:15 | INFO: Extracting primitive: Ear_R
03:18:15 | INFO: Primitives created: 1
03:18:15 | INFO: Extracting primitive: Eye_Glint_L
03:18:15 | INFO: Primitives created: 1
03:18:15 | INFO: Extracting primitive: Eye_Glint_R
03:18:15 | INFO: Primitives created: 1
03:18:15 | INFO: Extracting primitive: Eye_Line_Upper_L
03:18:15 | INFO: Primitives created: 1
03:18:15 | INFO: Extracting primitive: Eye_Line_Upper_R
03:18:15 | INFO: Primitives created: 1
03:18:15 | INFO: Extracting primitive: Eye_White_L
03:18:15 | INFO: Primitives created: 1
03:18:15 | INFO: Extracting primitive: Eye_White_R
03:18:15 | INFO: Primitives created: 1
03:18:15 | INFO: Extracting primitive: Eyebrow_L
03:18:15 | INFO: Primitives created: 1
03:18:15 | INFO: Extracting primitive: Eyebrow_R
03:18:15 | INFO: Primitives created: 1
03:18:15 | INFO: Extracting primitive: Eyelid_Lower_L
03:18:15 | INFO: Primitives created: 1
03:18:15 | INFO: Extracting primitive: Eyelid_Lower_R
03:18:15 | INFO: Primitives created: 1
03:18:15 | INFO: Extracting primitive: Eyelid_Upper_L
03:18:15 | INFO: Primitives created: 1
03:18:15 | INFO: Extracting primitive: Eyelid_Upper_R
03:18:15 | INFO: Primitives created: 1
03:18:15 | INFO: Extracting primitive: Mesh
03:18:15 | INFO: Primitives created: 1
03:18:15 | INFO: Extracting primitive: Mesh
03:18:15 | INFO: Primitives created: 1
03:18:15 | INFO: Extracting primitive: Mesh
03:18:15 | INFO: Primitives created: 1
03:18:15 | INFO: Extracting primitive: Mesh
03:18:15 | INFO: Primitives created: 1
03:18:15 | INFO: Extracting primitive: Mesh
03:18:15 | INFO: Primitives created: 1
03:18:15 | INFO: Extracting primitive: Mesh
03:18:15 | INFO: Primitives created: 1
03:18:15 | INFO: Extracting primitive: Mesh
03:18:15 | INFO: Primitives created: 1
03:18:15 | INFO: Extracting primitive: Mesh
03:18:15 | INFO: Primitives created: 1
03:18:15 | INFO: Extracting primitive: Glasses_Bridge
03:18:15 | INFO: Primitives created: 1
03:18:15 | INFO: Extracting primitive: Glasses_Frame_L
03:18:15 | INFO: Primitives created: 1
03:18:15 | INFO: Extracting primitive: Glasses_Frame_R
03:18:15 | INFO: Primitives created: 1
03:18:15 | INFO: Extracting primitive: Glasses_Temple_L
03:18:15 | INFO: Primitives created: 1
03:18:15 | INFO: Extracting primitive: Glasses_Temple_R
03:18:15 | INFO: Primitives created: 1
03:18:15 | INFO: Extracting primitive: Mesh
03:18:15 | INFO: Primitives created: 1
03:18:15 | INFO: Extracting primitive: Mesh
03:18:15 | INFO: Primitives created: 1
03:18:15 | INFO: Extracting primitive: Mesh
03:18:15 | INFO: Primitives created: 1
03:18:15 | INFO: Extracting primitive: Mesh
03:18:15 | INFO: Primitives created: 1
03:18:15 | INFO: Extracting primitive: Mesh
03:18:15 | INFO: Primitives created: 1
03:18:15 | INFO: Extracting primitive: Iris_L
03:18:15 | INFO: Primitives created: 1
03:18:15 | INFO: Extracting primitive: Iris_R
03:18:15 | INFO: Primitives created: 1
03:18:15 | INFO: Extracting primitive: Iris_Ring_L
03:18:15 | INFO: Primitives created: 1
03:18:15 | INFO: Extracting primitive: Iris_Ring_R
03:18:15 | INFO: Primitives created: 1
03:18:15 | INFO: Extracting primitive: Jacket_Back_Seam
03:18:15 | INFO: Primitives created: 1
03:18:15 | INFO: Extracting primitive: Jacket_Button_1
03:18:15 | INFO: Primitives created: 1
03:18:15 | INFO: Extracting primitive: Jacket_Button_2
03:18:15 | INFO: Primitives created: 1
03:18:15 | INFO: Extracting primitive: Jacket_Collar
03:18:15 | INFO: Primitives created: 1
03:18:15 | INFO: Extracting primitive: Jacket_Lapel_L
03:18:15 | INFO: Primitives created: 1
03:18:15 | INFO: Extracting primitive: Jacket_Lapel_R
03:18:15 | INFO: Primitives created: 1
03:18:15 | INFO: Extracting primitive: Jacket_Vent
03:18:15 | INFO: Primitives created: 1
03:18:15 | INFO: Extracting primitive: Lapel_Fold_L
03:18:15 | INFO: Primitives created: 1
03:18:15 | INFO: Extracting primitive: Lapel_Fold_R
03:18:15 | INFO: Primitives created: 1
03:18:15 | INFO: Extracting primitive: Lapel_Notch_L
03:18:15 | INFO: Primitives created: 1
03:18:15 | INFO: Extracting primitive: Lapel_Notch_R
03:18:15 | INFO: Primitives created: 1
03:18:15 | INFO: Extracting primitive: Lower_Lip
03:18:15 | INFO: Primitives created: 1
03:18:15 | INFO: Extracting primitive: Mouth_Line
03:18:15 | INFO: Primitives created: 1
03:18:15 | INFO: Extracting primitive: Mesh
03:18:15 | INFO: Primitives created: 1
03:18:15 | INFO: Extracting primitive: Mesh
03:18:15 | INFO: Primitives created: 1
03:18:15 | INFO: Extracting primitive: Nose_Wing_L
03:18:15 | INFO: Primitives created: 1
03:18:15 | INFO: Extracting primitive: Nose_Wing_R
03:18:15 | INFO: Primitives created: 1
03:18:15 | INFO: Extracting primitive: Pocket_Flap_L
03:18:15 | INFO: Primitives created: 1
03:18:15 | INFO: Extracting primitive: Pocket_Flap_R
03:18:15 | INFO: Primitives created: 1
03:18:15 | INFO: Extracting primitive: Pupil_L
03:18:15 | INFO: Primitives created: 1
03:18:15 | INFO: Extracting primitive: Pupil_R
03:18:15 | INFO: Primitives created: 1
03:18:15 | INFO: Extracting primitive: Shirt_Collar
03:18:15 | INFO: Primitives created: 1
03:18:15 | INFO: Extracting primitive: Shirt_Cuff_L
03:18:15 | INFO: Primitives created: 1
03:18:15 | INFO: Extracting primitive: Shirt_Cuff_R
03:18:15 | INFO: Primitives created: 1
03:18:15 | INFO: Extracting primitive: Shirt_Front
03:18:15 | INFO: Primitives created: 1
03:18:15 | INFO: Extracting primitive: Mesh
03:18:15 | INFO: Primitives created: 1
03:18:15 | INFO: Extracting primitive: Mesh
03:18:15 | INFO: Primitives created: 1
03:18:15 | INFO: Extracting primitive: Mesh
03:18:15 | INFO: Primitives created: 1
03:18:15 | INFO: Extracting primitive: Mesh
03:18:15 | INFO: Primitives created: 1
03:18:15 | INFO: Extracting primitive: Shoe_Toe_Cap_L
03:18:15 | INFO: Primitives created: 1
03:18:15 | INFO: Extracting primitive: Shoe_Toe_Cap_R
03:18:15 | INFO: Primitives created: 1
03:18:15 | INFO: Extracting primitive: Mesh
03:18:15 | INFO: Primitives created: 1
03:18:15 | INFO: Extracting primitive: Mesh
03:18:15 | INFO: Primitives created: 1
03:18:15 | INFO: Extracting primitive: Sleeve_Button_1_L
03:18:15 | INFO: Primitives created: 1
03:18:15 | INFO: Extracting primitive: Sleeve_Button_1_R
03:18:15 | INFO: Primitives created: 1
03:18:15 | INFO: Extracting primitive: Sleeve_Button_2_L
03:18:15 | INFO: Primitives created: 1
03:18:15 | INFO: Extracting primitive: Sleeve_Button_2_R
03:18:15 | INFO: Primitives created: 1
03:18:15 | INFO: Extracting primitive: Sleeve_Button_3_L
03:18:15 | INFO: Primitives created: 1
03:18:15 | INFO: Extracting primitive: Sleeve_Button_3_R
03:18:15 | INFO: Primitives created: 1
03:18:15 | INFO: Extracting primitive: Mesh
03:18:15 | INFO: Primitives created: 1
03:18:15 | INFO: Extracting primitive: Mesh
03:18:15 | INFO: Primitives created: 1
03:18:15 | INFO: Extracting primitive: Mesh
03:18:15 | INFO: Primitives created: 1
03:18:15 | INFO: Extracting primitive: Mesh
03:18:15 | INFO: Primitives created: 1
03:18:15 | INFO: Extracting primitive: Mesh
03:18:15 | INFO: Primitives created: 1
03:18:15 | INFO: Extracting primitive: Mesh
03:18:15 | INFO: Primitives created: 1
03:18:15 | INFO: Extracting primitive: Mesh
03:18:15 | INFO: Primitives created: 1
03:18:15 | INFO: Extracting primitive: Upper_Lip
03:18:15 | INFO: Primitives created: 1
03:18:20 | WARNING: Baking animation because there are keyframes with different interpolation methods in one channel
03:18:20 | WARNING: Baking animation because there are keyframes with different interpolation methods in one channel
03:18:20 | WARNING: Baking animation because there are keyframes with different interpolation methods in one channel
03:18:20 | WARNING: Baking animation because there are keyframes with different interpolation methods in one channel
03:18:20 | WARNING: Baking animation because there are keyframes with different interpolation methods in one channel
03:18:20 | WARNING: Baking animation because there are keyframes with different interpolation methods in one channel
03:18:20 | WARNING: Baking animation because there are keyframes with different interpolation methods in one channel
03:18:20 | WARNING: Baking animation because there are keyframes with different interpolation methods in one channel
03:18:20 | WARNING: Baking animation because there are keyframes with different interpolation methods in one channel
03:18:20 | WARNING: Baking animation because there are keyframes with different interpolation methods in one channel
03:18:20 | WARNING: Baking animation because there are keyframes with different interpolation methods in one channel
03:18:20 | WARNING: Baking animation because there are keyframes with different interpolation methods in one channel
03:18:20 | WARNING: Baking animation because there are keyframes with different interpolation methods in one channel
03:18:20 | WARNING: Baking animation because there are keyframes with different interpolation methods in one channel
03:18:20 | WARNING: Baking animation because there are keyframes with different interpolation methods in one channel
03:18:20 | WARNING: Baking animation because there are keyframes with different interpolation methods in one channel
03:18:20 | WARNING: Baking animation because there are keyframes with different interpolation methods in one channel
03:18:20 | WARNING: Baking animation because there are keyframes with different interpolation methods in one channel
03:18:20 | WARNING: Baking animation because there are keyframes with different interpolation methods in one channel
03:18:20 | WARNING: Baking animation because there are keyframes with different interpolation methods in one channel
03:18:20 | WARNING: Baking animation because there are keyframes with different interpolation methods in one channel
03:18:20 | WARNING: Baking animation because there are keyframes with different interpolation methods in one channel
03:18:20 | WARNING: Baking animation because there are keyframes with different interpolation methods in one channel
03:18:20 | WARNING: Baking animation because there are keyframes with different interpolation methods in one channel
03:18:20 | WARNING: Baking animation because there are keyframes with different interpolation methods in one channel
03:18:20 | WARNING: Baking animation because there are keyframes with different interpolation methods in one channel
03:18:20 | WARNING: Baking animation because there are keyframes with different interpolation methods in one channel
03:18:20 | WARNING: Baking animation because there are keyframes with different interpolation methods in one channel
03:18:20 | WARNING: Baking animation because there are keyframes with different interpolation methods in one channel
03:18:20 | WARNING: Baking animation because there are keyframes with different interpolation methods in one channel
03:18:20 | WARNING: Baking animation because there are keyframes with different interpolation methods in one channel
03:18:20 | WARNING: Baking animation because there are keyframes with different interpolation methods in one channel
03:18:20 | WARNING: Baking animation because there are keyframes with different interpolation methods in one channel
03:18:20 | WARNING: Baking animation because there are keyframes with different interpolation methods in one channel
03:18:20 | WARNING: Baking animation because there are keyframes with different interpolation methods in one channel
03:18:20 | WARNING: Baking animation because there are keyframes with different interpolation methods in one channel
03:18:20 | WARNING: Baking animation because there are keyframes with different interpolation methods in one channel
03:18:20 | WARNING: Baking animation because there are keyframes with different interpolation methods in one channel
03:18:20 | WARNING: Baking animation because there are keyframes with different interpolation methods in one channel
03:18:20 | WARNING: Baking animation because there are keyframes with different interpolation methods in one channel
03:18:20 | WARNING: Baking animation because there are keyframes with different interpolation methods in one channel
03:18:20 | WARNING: Baking animation because there are keyframes with different interpolation methods in one channel
03:18:20 | WARNING: Baking animation because there are keyframes with different interpolation methods in one channel
03:18:20 | WARNING: Baking animation because there are keyframes with different interpolation methods in one channel
03:18:20 | WARNING: Baking animation because there are keyframes with different interpolation methods in one channel
03:18:20 | WARNING: Baking animation because there are keyframes with different interpolation methods in one channel
03:18:20 | WARNING: Baking animation because there are keyframes with different interpolation methods in one channel
03:18:20 | WARNING: Baking animation because there are keyframes with different interpolation methods in one channel
03:18:20 | WARNING: Baking animation because there are keyframes with different interpolation methods in one channel
03:18:20 | WARNING: Baking animation because there are keyframes with different interpolation methods in one channel
03:18:20 | WARNING: Baking animation because there are keyframes with different interpolation methods in one channel
03:18:20 | WARNING: Baking animation because there are keyframes with different interpolation methods in one channel
03:18:20 | WARNING: Baking animation because there are keyframes with different interpolation methods in one channel
03:18:21 | WARNING: Baking animation because there are keyframes with different interpolation methods in one channel
03:18:21 | WARNING: Baking animation because there are keyframes with different interpolation methods in one channel
03:18:21 | WARNING: Baking animation because there are keyframes with different interpolation methods in one channel
03:18:21 | WARNING: Baking animation because there are keyframes with different interpolation methods in one channel
03:18:21 | WARNING: Baking animation because there are keyframes with different interpolation methods in one channel
03:18:21 | WARNING: Baking animation because there are keyframes with different interpolation methods in one channel
03:18:21 | WARNING: Baking animation because there are keyframes with different interpolation methods in one channel
03:18:21 | WARNING: Baking animation because there are keyframes with different interpolation methods in one channel
03:18:21 | WARNING: Baking animation because there are keyframes with different interpolation methods in one channel
03:18:21 | WARNING: Baking animation because there are keyframes with different interpolation methods in one channel
03:18:21 | WARNING: Baking animation because there are keyframes with different interpolation methods in one channel
03:18:21 | WARNING: Baking animation because there are keyframes with different interpolation methods in one channel
03:18:21 | WARNING: Baking animation because there are keyframes with different interpolation methods in one channel
03:18:21 | WARNING: Baking animation because there are keyframes with different interpolation methods in one channel
03:18:21 | WARNING: Baking animation because there are keyframes with different interpolation methods in one channel
03:18:21 | WARNING: Baking animation because there are keyframes with different interpolation methods in one channel
03:18:21 | WARNING: Baking animation because there are keyframes with different interpolation methods in one channel
03:18:21 | WARNING: Baking animation because there are keyframes with different interpolation methods in one channel
03:18:21 | WARNING: Baking animation because there are keyframes with different interpolation methods in one channel
03:18:21 | WARNING: Baking animation because there are keyframes with different interpolation methods in one channel
03:18:21 | WARNING: Baking animation because there are keyframes with different interpolation methods in one channel
03:18:21 | WARNING: Baking animation because there are keyframes with different interpolation methods in one channel
03:18:21 | WARNING: Baking animation because there are keyframes with different interpolation methods in one channel
03:18:21 | WARNING: Baking animation because there are keyframes with different interpolation methods in one channel
03:18:21 | WARNING: Baking animation because there are keyframes with different interpolation methods in one channel
03:18:21 | WARNING: Baking animation because there are keyframes with different interpolation methods in one channel
03:18:21 | WARNING: Baking animation because there are keyframes with different interpolation methods in one channel
03:18:21 | WARNING: Baking animation because there are keyframes with different interpolation methods in one channel
03:18:21 | WARNING: Baking animation because there are keyframes with different interpolation methods in one channel
03:18:21 | WARNING: Baking animation because there are keyframes with different interpolation methods in one channel
03:18:21 | WARNING: Baking animation because there are keyframes with different interpolation methods in one channel
03:18:21 | WARNING: Baking animation because there are keyframes with different interpolation methods in one channel
03:18:21 | WARNING: Baking animation because there are keyframes with different interpolation methods in one channel
03:18:21 | WARNING: Baking animation because there are keyframes with different interpolation methods in one channel
03:18:21 | WARNING: Baking animation because there are keyframes with different interpolation methods in one channel
03:18:21 | WARNING: Baking animation because there are keyframes with different interpolation methods in one channel
03:18:21 | WARNING: Baking animation because there are keyframes with different interpolation methods in one channel
03:18:21 | WARNING: Baking animation because there are keyframes with different interpolation methods in one channel
03:18:21 | WARNING: Baking animation because there are keyframes with different interpolation methods in one channel
03:18:21 | WARNING: Baking animation because there are keyframes with different interpolation methods in one channel
03:18:21 | WARNING: Baking animation because there are keyframes with different interpolation methods in one channel
03:18:21 | WARNING: Baking animation because there are keyframes with different interpolation methods in one channel
03:18:21 | WARNING: Baking animation because there are keyframes with different interpolation methods in one channel
03:18:21 | WARNING: Baking animation because there are keyframes with different interpolation methods in one channel
03:18:21 | WARNING: Baking animation because there are keyframes with different interpolation methods in one channel
03:18:21 | WARNING: Baking animation because there are keyframes with different interpolation methods in one channel
03:18:21 | WARNING: Baking animation because there are keyframes with different interpolation methods in one channel
03:18:21 | WARNING: Baking animation because there are keyframes with different interpolation methods in one channel
03:18:21 | WARNING: Baking animation because there are keyframes with different interpolation methods in one channel
03:18:21 | WARNING: Baking animation because there are keyframes with different interpolation methods in one channel
03:18:21 | WARNING: Baking animation because there are keyframes with different interpolation methods in one channel
03:18:21 | WARNING: Baking animation because there are keyframes with different interpolation methods in one channel
03:18:21 | WARNING: Baking animation because there are keyframes with different interpolation methods in one channel
03:18:21 | WARNING: Baking animation because there are keyframes with different interpolation methods in one channel
03:18:21 | WARNING: Baking animation because there are keyframes with different interpolation methods in one channel
03:18:21 | WARNING: Baking animation because there are keyframes with different interpolation methods in one channel
03:18:21 | WARNING: Baking animation because there are keyframes with different interpolation methods in one channel
03:18:21 | WARNING: Baking animation because there are keyframes with different interpolation methods in one channel
03:18:21 | WARNING: Baking animation because there are keyframes with different interpolation methods in one channel
03:18:21 | WARNING: Baking animation because there are keyframes with different interpolation methods in one channel
03:18:21 | WARNING: Baking animation because there are keyframes with different interpolation methods in one channel
03:18:21 | WARNING: Baking animation because there are keyframes with different interpolation methods in one channel
03:18:21 | WARNING: Baking animation because there are keyframes with different interpolation methods in one channel
03:18:21 | WARNING: Baking animation because there are keyframes with different interpolation methods in one channel
03:18:21 | WARNING: Baking animation because there are keyframes with different interpolation methods in one channel
03:18:21 | WARNING: Baking animation because there are keyframes with different interpolation methods in one channel
03:18:21 | WARNING: Baking animation because there are keyframes with different interpolation methods in one channel
03:18:21 | WARNING: Baking animation because there are keyframes with different interpolation methods in one channel
03:18:21 | WARNING: Baking animation because there are keyframes with different interpolation methods in one channel
03:18:21 | WARNING: Baking animation because there are keyframes with different interpolation methods in one channel
03:18:21 | WARNING: Baking animation because there are keyframes with different interpolation methods in one channel
03:18:21 | WARNING: Baking animation because there are keyframes with different interpolation methods in one channel
03:18:21 | WARNING: Baking animation because there are keyframes with different interpolation methods in one channel
03:18:21 | WARNING: Baking animation because there are keyframes with different interpolation methods in one channel
03:18:21 | WARNING: Baking animation because there are keyframes with different interpolation methods in one channel
03:18:21 | WARNING: Baking animation because there are keyframes with different interpolation methods in one channel
03:18:21 | WARNING: Baking animation because there are keyframes with different interpolation methods in one channel
03:18:21 | WARNING: Baking animation because there are keyframes with different interpolation methods in one channel
03:18:21 | WARNING: Baking animation because there are keyframes with different interpolation methods in one channel
03:18:21 | WARNING: Baking animation because there are keyframes with different interpolation methods in one channel
03:18:21 | WARNING: Baking animation because there are keyframes with different interpolation methods in one channel
03:18:21 | WARNING: Baking animation because there are keyframes with different interpolation methods in one channel
03:18:21 | WARNING: Baking animation because there are keyframes with different interpolation methods in one channel
03:18:21 | WARNING: Baking animation because there are keyframes with different interpolation methods in one channel
03:18:21 | WARNING: Baking animation because there are keyframes with different interpolation methods in one channel
03:18:21 | WARNING: Baking animation because there are keyframes with different interpolation methods in one channel
03:18:21 | WARNING: Baking animation because there are keyframes with different interpolation methods in one channel
03:18:21 | WARNING: Baking animation because there are keyframes with different interpolation methods in one channel
03:18:21 | WARNING: Baking animation because there are keyframes with different interpolation methods in one channel
03:18:21 | WARNING: Baking animation because there are keyframes with different interpolation methods in one channel
03:18:21 | WARNING: Baking animation because there are keyframes with different interpolation methods in one channel
03:18:21 | WARNING: Baking animation because there are keyframes with different interpolation methods in one channel
03:18:21 | WARNING: Baking animation because there are keyframes with different interpolation methods in one channel
03:18:21 | WARNING: Baking animation because there are keyframes with different interpolation methods in one channel
03:18:21 | WARNING: Baking animation because there are keyframes with different interpolation methods in one channel
03:18:21 | WARNING: Baking animation because there are keyframes with different interpolation methods in one channel
03:18:21 | WARNING: Baking animation because there are keyframes with different interpolation methods in one channel
03:18:21 | WARNING: Baking animation because there are keyframes with different interpolation methods in one channel
03:18:21 | WARNING: Baking animation because there are keyframes with different interpolation methods in one channel
03:18:21 | WARNING: Baking animation because there are keyframes with different interpolation methods in one channel
03:18:21 | WARNING: Baking animation because there are keyframes with different interpolation methods in one channel
03:18:21 | WARNING: Baking animation because there are keyframes with different interpolation methods in one channel
03:18:21 | WARNING: Baking animation because there are keyframes with different interpolation methods in one channel
03:18:21 | WARNING: Baking animation because there are keyframes with different interpolation methods in one channel
03:18:21 | WARNING: Baking animation because there are keyframes with different interpolation methods in one channel
03:18:21 | WARNING: Baking animation because there are keyframes with different interpolation methods in one channel
03:18:22 | WARNING: Baking animation because there are keyframes with different interpolation methods in one channel
03:18:22 | WARNING: Baking animation because there are keyframes with different interpolation methods in one channel
03:18:22 | WARNING: Baking animation because there are keyframes with different interpolation methods in one channel
03:18:22 | WARNING: Baking animation because there are keyframes with different interpolation methods in one channel
03:18:22 | WARNING: Baking animation because there are keyframes with different interpolation methods in one channel
03:18:22 | WARNING: Baking animation because there are keyframes with different interpolation methods in one channel
03:18:22 | WARNING: Baking animation because there are keyframes with different interpolation methods in one channel
03:18:22 | WARNING: Baking animation because there are keyframes with different interpolation methods in one channel
03:18:22 | WARNING: Baking animation because there are keyframes with different interpolation methods in one channel
03:18:22 | WARNING: Baking animation because there are keyframes with different interpolation methods in one channel
03:18:22 | WARNING: Baking animation because there are keyframes with different interpolation methods in one channel
03:18:22 | WARNING: Baking animation because there are keyframes with different interpolation methods in one channel
03:18:22 | WARNING: Baking animation because there are keyframes with different interpolation methods in one channel
03:18:22 | WARNING: Baking animation because there are keyframes with different interpolation methods in one channel
03:18:22 | WARNING: Baking animation because there are keyframes with different interpolation methods in one channel
03:18:22 | WARNING: Baking animation because there are keyframes with different interpolation methods in one channel
03:18:22 | WARNING: Baking animation because there are keyframes with different interpolation methods in one channel
03:18:22 | WARNING: Baking animation because there are keyframes with different interpolation methods in one channel
03:18:22 | WARNING: Baking animation because there are keyframes with different interpolation methods in one channel
03:18:22 | WARNING: Baking animation because there are keyframes with different interpolation methods in one channel
03:18:22 | WARNING: Baking animation because there are keyframes with different interpolation methods in one channel
03:18:22 | WARNING: Baking animation because there are keyframes with different interpolation methods in one channel
03:18:22 | WARNING: Baking animation because there are keyframes with different interpolation methods in one channel
03:18:22 | WARNING: Baking animation because there are keyframes with different interpolation methods in one channel
03:18:22 | WARNING: Baking animation because there are keyframes with different interpolation methods in one channel
03:18:22 | WARNING: Baking animation because there are keyframes with different interpolation methods in one channel
03:18:22 | WARNING: Baking animation because there are keyframes with different interpolation methods in one channel
03:18:22 | WARNING: Baking animation because there are keyframes with different interpolation methods in one channel
03:18:22 | WARNING: Baking animation because there are keyframes with different interpolation methods in one channel
03:18:22 | WARNING: Baking animation because there are keyframes with different interpolation methods in one channel
03:18:22 | WARNING: Baking animation because there are keyframes with different interpolation methods in one channel
03:18:22 | WARNING: Baking animation because there are keyframes with different interpolation methods in one channel
03:18:22 | WARNING: Baking animation because there are keyframes with different interpolation methods in one channel
03:18:22 | WARNING: Baking animation because there are keyframes with different interpolation methods in one channel
03:18:22 | WARNING: Baking animation because there are keyframes with different interpolation methods in one channel
03:18:22 | WARNING: Baking animation because there are keyframes with different interpolation methods in one channel
03:18:22 | WARNING: Baking animation because there are keyframes with different interpolation methods in one channel
03:18:22 | WARNING: Baking animation because there are keyframes with different interpolation methods in one channel
03:18:22 | WARNING: Baking animation because there are keyframes with different interpolation methods in one channel
03:18:22 | WARNING: Baking animation because there are keyframes with different interpolation methods in one channel
03:18:22 | WARNING: Baking animation because there are keyframes with different interpolation methods in one channel
03:18:22 | WARNING: Baking animation because there are keyframes with different interpolation methods in one channel
03:18:22 | WARNING: Baking animation because there are keyframes with different interpolation methods in one channel
03:18:22 | WARNING: Baking animation because there are keyframes with different interpolation methods in one channel
03:18:22 | WARNING: Baking animation because there are keyframes with different interpolation methods in one channel
03:18:22 | WARNING: Baking animation because there are keyframes with different interpolation methods in one channel
03:18:22 | WARNING: Baking animation because there are keyframes with different interpolation methods in one channel
03:18:22 | WARNING: Baking animation because there are keyframes with different interpolation methods in one channel
03:18:22 | WARNING: Baking animation because there are keyframes with different interpolation methods in one channel
03:18:22 | WARNING: Baking animation because there are keyframes with different interpolation methods in one channel
03:18:22 | WARNING: Baking animation because there are keyframes with different interpolation methods in one channel
03:18:22 | WARNING: Baking animation because there are keyframes with different interpolation methods in one channel
03:18:22 | WARNING: Baking animation because there are keyframes with different interpolation methods in one channel
03:18:25 | WARNING: Baking animation because there are keyframes with different interpolation methods in one channel
03:18:25 | WARNING: Baking animation because there are keyframes with different interpolation methods in one channel
03:18:25 | WARNING: Baking animation because there are keyframes with different interpolation methods in one channel
03:18:25 | WARNING: Baking animation because there are keyframes with different interpolation methods in one channel
03:18:25 | WARNING: Baking animation because there are keyframes with different interpolation methods in one channel
03:18:25 | WARNING: Baking animation because there are keyframes with different interpolation methods in one channel
03:18:25 | WARNING: Baking animation because there are keyframes with different interpolation methods in one channel
03:18:25 | WARNING: Baking animation because there are keyframes with different interpolation methods in one channel
03:18:25 | WARNING: Baking animation because there are keyframes with different interpolation methods in one channel
03:18:25 | WARNING: Baking animation because there are keyframes with different interpolation methods in one channel
03:18:25 | WARNING: Baking animation because there are keyframes with different interpolation methods in one channel
03:18:25 | WARNING: Baking animation because there are keyframes with different interpolation methods in one channel
03:18:25 | WARNING: Baking animation because there are keyframes with different interpolation methods in one channel
03:18:25 | WARNING: Baking animation because there are keyframes with different interpolation methods in one channel
03:18:25 | WARNING: Baking animation because there are keyframes with different interpolation methods in one channel
03:18:25 | WARNING: Baking animation because there are keyframes with different interpolation methods in one channel
03:18:25 | WARNING: Baking animation because there are keyframes with different interpolation methods in one channel
03:18:25 | WARNING: Baking animation because there are keyframes with different interpolation methods in one channel
03:18:25 | WARNING: Baking animation because there are keyframes with different interpolation methods in one channel
03:18:25 | WARNING: Baking animation because there are keyframes with different interpolation methods in one channel
03:18:25 | WARNING: Baking animation because there are keyframes with different interpolation methods in one channel
03:18:25 | WARNING: Baking animation because there are keyframes with different interpolation methods in one channel
03:18:25 | WARNING: Baking animation because there are keyframes with different interpolation methods in one channel
03:18:25 | WARNING: Baking animation because there are keyframes with different interpolation methods in one channel
03:18:25 | WARNING: Baking animation because there are keyframes with different interpolation methods in one channel
03:18:25 | WARNING: Baking animation because there are keyframes with different interpolation methods in one channel
03:18:25 | WARNING: Baking animation because there are keyframes with different interpolation methods in one channel
03:18:25 | WARNING: Baking animation because there are keyframes with different interpolation methods in one channel
03:18:25 | WARNING: Baking animation because there are keyframes with different interpolation methods in one channel
03:18:25 | WARNING: Baking animation because there are keyframes with different interpolation methods in one channel
03:18:25 | WARNING: Baking animation because there are keyframes with different interpolation methods in one channel
03:18:25 | WARNING: Baking animation because there are keyframes with different interpolation methods in one channel
03:18:25 | WARNING: Baking animation because there are keyframes with different interpolation methods in one channel
03:18:25 | WARNING: Baking animation because there are keyframes with different interpolation methods in one channel
03:18:25 | WARNING: Baking animation because there are keyframes with different interpolation methods in one channel
03:18:25 | WARNING: Baking animation because there are keyframes with different interpolation methods in one channel
03:18:25 | WARNING: Baking animation because there are keyframes with different interpolation methods in one channel
03:18:25 | WARNING: Baking animation because there are keyframes with different interpolation methods in one channel
03:18:25 | WARNING: Baking animation because there are keyframes with different interpolation methods in one channel
03:18:25 | WARNING: Baking animation because there are keyframes with different interpolation methods in one channel
03:18:25 | WARNING: Baking animation because there are keyframes with different interpolation methods in one channel
03:18:25 | WARNING: Baking animation because there are keyframes with different interpolation methods in one channel
03:18:25 | WARNING: Baking animation because there are keyframes with different interpolation methods in one channel
03:18:25 | WARNING: Baking animation because there are keyframes with different interpolation methods in one channel
03:18:25 | WARNING: Baking animation because there are keyframes with different interpolation methods in one channel
03:18:25 | WARNING: Baking animation because there are keyframes with different interpolation methods in one channel
03:18:25 | WARNING: Baking animation because there are keyframes with different interpolation methods in one channel
03:18:25 | WARNING: Baking animation because there are keyframes with different interpolation methods in one channel
03:18:25 | WARNING: Baking animation because there are keyframes with different interpolation methods in one channel
03:18:25 | WARNING: Baking animation because there are keyframes with different interpolation methods in one channel
03:18:25 | WARNING: Baking animation because there are keyframes with different interpolation methods in one channel
03:18:25 | WARNING: Baking animation because there are keyframes with different interpolation methods in one channel
03:18:25 | WARNING: Baking animation because there are keyframes with different interpolation methods in one channel
03:18:26 | WARNING: Baking animation because there are keyframes with different interpolation methods in one channel
03:18:26 | WARNING: Baking animation because there are keyframes with different interpolation methods in one channel
03:18:26 | WARNING: Baking animation because there are keyframes with different interpolation methods in one channel
03:18:26 | WARNING: Baking animation because there are keyframes with different interpolation methods in one channel
03:18:26 | WARNING: Baking animation because there are keyframes with different interpolation methods in one channel
03:18:26 | WARNING: Baking animation because there are keyframes with different interpolation methods in one channel
03:18:26 | WARNING: Baking animation because there are keyframes with different interpolation methods in one channel
03:18:26 | WARNING: Baking animation because there are keyframes with different interpolation methods in one channel
03:18:26 | WARNING: Baking animation because there are keyframes with different interpolation methods in one channel
03:18:26 | WARNING: Baking animation because there are keyframes with different interpolation methods in one channel
03:18:26 | WARNING: Baking animation because there are keyframes with different interpolation methods in one channel
03:18:26 | WARNING: Baking animation because there are keyframes with different interpolation methods in one channel
03:18:26 | WARNING: Baking animation because there are keyframes with different interpolation methods in one channel
03:18:26 | WARNING: Baking animation because there are keyframes with different interpolation methods in one channel
03:18:26 | WARNING: Baking animation because there are keyframes with different interpolation methods in one channel
03:18:26 | WARNING: Baking animation because there are keyframes with different interpolation methods in one channel
03:18:26 | WARNING: Baking animation because there are keyframes with different interpolation methods in one channel
03:18:26 | WARNING: Baking animation because there are keyframes with different interpolation methods in one channel
03:18:26 | WARNING: Baking animation because there are keyframes with different interpolation methods in one channel
03:18:26 | WARNING: Baking animation because there are keyframes with different interpolation methods in one channel
03:18:26 | WARNING: Baking animation because there are keyframes with different interpolation methods in one channel
03:18:26 | WARNING: Baking animation because there are keyframes with different interpolation methods in one channel
03:18:26 | WARNING: Baking animation because there are keyframes with different interpolation methods in one channel
03:18:26 | WARNING: Baking animation because there are keyframes with different interpolation methods in one channel
03:18:26 | WARNING: Baking animation because there are keyframes with different interpolation methods in one channel
03:18:26 | WARNING: Baking animation because there are keyframes with different interpolation methods in one channel
03:18:26 | WARNING: Baking animation because there are keyframes with different interpolation methods in one channel
03:18:26 | WARNING: Baking animation because there are keyframes with different interpolation methods in one channel
03:18:26 | WARNING: Baking animation because there are keyframes with different interpolation methods in one channel
03:18:26 | WARNING: Baking animation because there are keyframes with different interpolation methods in one channel
03:18:26 | WARNING: Baking animation because there are keyframes with different interpolation methods in one channel
03:18:26 | WARNING: Baking animation because there are keyframes with different interpolation methods in one channel
03:18:26 | WARNING: Baking animation because there are keyframes with different interpolation methods in one channel
03:18:26 | WARNING: Baking animation because there are keyframes with different interpolation methods in one channel
03:18:26 | WARNING: Baking animation because there are keyframes with different interpolation methods in one channel
03:18:26 | WARNING: Baking animation because there are keyframes with different interpolation methods in one channel
03:18:26 | WARNING: Baking animation because there are keyframes with different interpolation methods in one channel
03:18:26 | WARNING: Baking animation because there are keyframes with different interpolation methods in one channel
03:18:26 | WARNING: Baking animation because there are keyframes with different interpolation methods in one channel
03:18:26 | WARNING: Baking animation because there are keyframes with different interpolation methods in one channel
03:18:26 | WARNING: Baking animation because there are keyframes with different interpolation methods in one channel
03:18:26 | WARNING: Baking animation because there are keyframes with different interpolation methods in one channel
03:18:26 | WARNING: Baking animation because there are keyframes with different interpolation methods in one channel
03:18:26 | WARNING: Baking animation because there are keyframes with different interpolation methods in one channel
03:18:26 | WARNING: Baking animation because there are keyframes with different interpolation methods in one channel
03:18:26 | WARNING: Baking animation because there are keyframes with different interpolation methods in one channel
03:18:26 | WARNING: Baking animation because there are keyframes with different interpolation methods in one channel
03:18:26 | WARNING: Baking animation because there are keyframes with different interpolation methods in one channel
03:18:26 | WARNING: Baking animation because there are keyframes with different interpolation methods in one channel
03:18:26 | WARNING: Baking animation because there are keyframes with different interpolation methods in one channel
03:18:26 | WARNING: Baking animation because there are keyframes with different interpolation methods in one channel
03:18:26 | WARNING: Baking animation because there are keyframes with different interpolation methods in one channel
03:18:26 | WARNING: Baking animation because there are keyframes with different interpolation methods in one channel
03:18:29 | WARNING: Baking animation because there are keyframes with different interpolation methods in one channel
03:18:29 | WARNING: Baking animation because there are keyframes with different interpolation methods in one channel
03:18:29 | WARNING: Baking animation because there are keyframes with different interpolation methods in one channel
03:18:29 | WARNING: Baking animation because there are keyframes with different interpolation methods in one channel
03:18:29 | WARNING: Baking animation because there are keyframes with different interpolation methods in one channel
03:18:29 | WARNING: Baking animation because there are keyframes with different interpolation methods in one channel
03:18:29 | WARNING: Baking animation because there are keyframes with different interpolation methods in one channel
03:18:29 | WARNING: Baking animation because there are keyframes with different interpolation methods in one channel
03:18:29 | WARNING: Baking animation because there are keyframes with different interpolation methods in one channel
03:18:29 | WARNING: Baking animation because there are keyframes with different interpolation methods in one channel
03:18:29 | WARNING: Baking animation because there are keyframes with different interpolation methods in one channel
03:18:29 | WARNING: Baking animation because there are keyframes with different interpolation methods in one channel
03:18:29 | WARNING: Baking animation because there are keyframes with different interpolation methods in one channel
03:18:29 | WARNING: Baking animation because there are keyframes with different interpolation methods in one channel
03:18:29 | WARNING: Baking animation because there are keyframes with different interpolation methods in one channel
03:18:29 | WARNING: Baking animation because there are keyframes with different interpolation methods in one channel
03:18:29 | WARNING: Baking animation because there are keyframes with different interpolation methods in one channel
03:18:29 | WARNING: Baking animation because there are keyframes with different interpolation methods in one channel
03:18:29 | WARNING: Baking animation because there are keyframes with different interpolation methods in one channel
03:18:29 | WARNING: Baking animation because there are keyframes with different interpolation methods in one channel
03:18:29 | WARNING: Baking animation because there are keyframes with different interpolation methods in one channel
03:18:29 | WARNING: Baking animation because there are keyframes with different interpolation methods in one channel
03:18:29 | WARNING: Baking animation because there are keyframes with different interpolation methods in one channel
03:18:29 | WARNING: Baking animation because there are keyframes with different interpolation methods in one channel
03:18:29 | WARNING: Baking animation because there are keyframes with different interpolation methods in one channel
03:18:29 | WARNING: Baking animation because there are keyframes with different interpolation methods in one channel
03:18:29 | WARNING: Baking animation because there are keyframes with different interpolation methods in one channel
03:18:29 | WARNING: Baking animation because there are keyframes with different interpolation methods in one channel
03:18:29 | WARNING: Baking animation because there are keyframes with different interpolation methods in one channel
03:18:29 | WARNING: Baking animation because there are keyframes with different interpolation methods in one channel
03:18:29 | WARNING: Baking animation because there are keyframes with different interpolation methods in one channel
03:18:29 | WARNING: Baking animation because there are keyframes with different interpolation methods in one channel
03:18:29 | WARNING: Baking animation because there are keyframes with different interpolation methods in one channel
03:18:29 | WARNING: Baking animation because there are keyframes with different interpolation methods in one channel
03:18:29 | WARNING: Baking animation because there are keyframes with different interpolation methods in one channel
03:18:29 | WARNING: Baking animation because there are keyframes with different interpolation methods in one channel
03:18:29 | WARNING: Baking animation because there are keyframes with different interpolation methods in one channel
03:18:29 | WARNING: Baking animation because there are keyframes with different interpolation methods in one channel
03:18:29 | WARNING: Baking animation because there are keyframes with different interpolation methods in one channel
03:18:29 | WARNING: Baking animation because there are keyframes with different interpolation methods in one channel
03:18:29 | WARNING: Baking animation because there are keyframes with different interpolation methods in one channel
03:18:29 | WARNING: Baking animation because there are keyframes with different interpolation methods in one channel
03:18:29 | WARNING: Baking animation because there are keyframes with different interpolation methods in one channel
03:18:29 | WARNING: Baking animation because there are keyframes with different interpolation methods in one channel
03:18:29 | WARNING: Baking animation because there are keyframes with different interpolation methods in one channel
03:18:29 | WARNING: Baking animation because there are keyframes with different interpolation methods in one channel
03:18:29 | WARNING: Baking animation because there are keyframes with different interpolation methods in one channel
03:18:29 | WARNING: Baking animation because there are keyframes with different interpolation methods in one channel
03:18:29 | WARNING: Baking animation because there are keyframes with different interpolation methods in one channel
03:18:29 | WARNING: Baking animation because there are keyframes with different interpolation methods in one channel
03:18:29 | WARNING: Baking animation because there are keyframes with different interpolation methods in one channel
03:18:29 | WARNING: Baking animation because there are keyframes with different interpolation methods in one channel
03:18:29 | WARNING: Baking animation because there are keyframes with different interpolation methods in one channel
03:18:30 | WARNING: Baking animation because there are keyframes with different interpolation methods in one channel
03:18:30 | WARNING: Baking animation because there are keyframes with different interpolation methods in one channel
03:18:30 | WARNING: Baking animation because there are keyframes with different interpolation methods in one channel
03:18:30 | WARNING: Baking animation because there are keyframes with different interpolation methods in one channel
03:18:30 | WARNING: Baking animation because there are keyframes with different interpolation methods in one channel
03:18:30 | WARNING: Baking animation because there are keyframes with different interpolation methods in one channel
03:18:30 | WARNING: Baking animation because there are keyframes with different interpolation methods in one channel
03:18:30 | WARNING: Baking animation because there are keyframes with different interpolation methods in one channel
03:18:30 | WARNING: Baking animation because there are keyframes with different interpolation methods in one channel
03:18:30 | WARNING: Baking animation because there are keyframes with different interpolation methods in one channel
03:18:30 | WARNING: Baking animation because there are keyframes with different interpolation methods in one channel
03:18:30 | WARNING: Baking animation because there are keyframes with different interpolation methods in one channel
03:18:30 | WARNING: Baking animation because there are keyframes with different interpolation methods in one channel
03:18:30 | WARNING: Baking animation because there are keyframes with different interpolation methods in one channel
03:18:30 | WARNING: Baking animation because there are keyframes with different interpolation methods in one channel
03:18:30 | WARNING: Baking animation because there are keyframes with different interpolation methods in one channel
03:18:30 | WARNING: Baking animation because there are keyframes with different interpolation methods in one channel
03:18:30 | WARNING: Baking animation because there are keyframes with different interpolation methods in one channel
03:18:30 | WARNING: Baking animation because there are keyframes with different interpolation methods in one channel
03:18:30 | WARNING: Baking animation because there are keyframes with different interpolation methods in one channel
03:18:30 | WARNING: Baking animation because there are keyframes with different interpolation methods in one channel
03:18:30 | WARNING: Baking animation because there are keyframes with different interpolation methods in one channel
03:18:30 | WARNING: Baking animation because there are keyframes with different interpolation methods in one channel
03:18:30 | WARNING: Baking animation because there are keyframes with different interpolation methods in one channel
03:18:30 | WARNING: Baking animation because there are keyframes with different interpolation methods in one channel
03:18:30 | WARNING: Baking animation because there are keyframes with different interpolation methods in one channel
03:18:30 | WARNING: Baking animation because there are keyframes with different interpolation methods in one channel
03:18:30 | WARNING: Baking animation because there are keyframes with different interpolation methods in one channel
03:18:30 | WARNING: Baking animation because there are keyframes with different interpolation methods in one channel
03:18:30 | WARNING: Baking animation because there are keyframes with different interpolation methods in one channel
03:18:30 | WARNING: Baking animation because there are keyframes with different interpolation methods in one channel
03:18:30 | WARNING: Baking animation because there are keyframes with different interpolation methods in one channel
03:18:30 | WARNING: Baking animation because there are keyframes with different interpolation methods in one channel
03:18:30 | WARNING: Baking animation because there are keyframes with different interpolation methods in one channel
03:18:30 | WARNING: Baking animation because there are keyframes with different interpolation methods in one channel
03:18:30 | WARNING: Baking animation because there are keyframes with different interpolation methods in one channel
03:18:30 | WARNING: Baking animation because there are keyframes with different interpolation methods in one channel
03:18:30 | WARNING: Baking animation because there are keyframes with different interpolation methods in one channel
03:18:30 | WARNING: Baking animation because there are keyframes with different interpolation methods in one channel
03:18:30 | WARNING: Baking animation because there are keyframes with different interpolation methods in one channel
03:18:30 | WARNING: Baking animation because there are keyframes with different interpolation methods in one channel
03:18:30 | WARNING: Baking animation because there are keyframes with different interpolation methods in one channel
03:18:30 | WARNING: Baking animation because there are keyframes with different interpolation methods in one channel
03:18:30 | WARNING: Baking animation because there are keyframes with different interpolation methods in one channel
03:18:30 | WARNING: Baking animation because there are keyframes with different interpolation methods in one channel
03:18:30 | WARNING: Baking animation because there are keyframes with different interpolation methods in one channel
03:18:30 | WARNING: Baking animation because there are keyframes with different interpolation methods in one channel
03:18:30 | WARNING: Baking animation because there are keyframes with different interpolation methods in one channel
03:18:30 | WARNING: Baking animation because there are keyframes with different interpolation methods in one channel
03:18:30 | WARNING: Baking animation because there are keyframes with different interpolation methods in one channel
03:18:30 | WARNING: Baking animation because there are keyframes with different interpolation methods in one channel
03:18:30 | WARNING: Baking animation because there are keyframes with different interpolation methods in one channel
03:18:30 | WARNING: Baking animation because there are keyframes with different interpolation methods in one channel
03:18:30 | WARNING: Baking animation because there are keyframes with different interpolation methods in one channel
03:18:30 | WARNING: Baking animation because there are keyframes with different interpolation methods in one channel
03:18:30 | WARNING: Baking animation because there are keyframes with different interpolation methods in one channel
03:18:30 | WARNING: Baking animation because there are keyframes with different interpolation methods in one channel
03:18:30 | WARNING: Baking animation because there are keyframes with different interpolation methods in one channel
03:18:30 | WARNING: Baking animation because there are keyframes with different interpolation methods in one channel
03:18:30 | WARNING: Baking animation because there are keyframes with different interpolation methods in one channel
03:18:30 | WARNING: Baking animation because there are keyframes with different interpolation methods in one channel
03:18:30 | WARNING: Baking animation because there are keyframes with different interpolation methods in one channel
03:18:30 | WARNING: Baking animation because there are keyframes with different interpolation methods in one channel
03:18:30 | WARNING: Baking animation because there are keyframes with different interpolation methods in one channel
03:18:30 | WARNING: Baking animation because there are keyframes with different interpolation methods in one channel
03:18:30 | WARNING: Baking animation because there are keyframes with different interpolation methods in one channel
03:18:30 | WARNING: Baking animation because there are keyframes with different interpolation methods in one channel
03:18:30 | WARNING: Baking animation because there are keyframes with different interpolation methods in one channel
03:18:30 | WARNING: Baking animation because there are keyframes with different interpolation methods in one channel
03:18:30 | WARNING: Baking animation because there are keyframes with different interpolation methods in one channel
03:18:30 | WARNING: Baking animation because there are keyframes with different interpolation methods in one channel
03:18:30 | WARNING: Baking animation because there are keyframes with different interpolation methods in one channel
03:18:30 | WARNING: Baking animation because there are keyframes with different interpolation methods in one channel
03:18:30 | WARNING: Baking animation because there are keyframes with different interpolation methods in one channel
03:18:30 | WARNING: Baking animation because there are keyframes with different interpolation methods in one channel
03:18:30 | WARNING: Baking animation because there are keyframes with different interpolation methods in one channel
03:18:30 | WARNING: Baking animation because there are keyframes with different interpolation methods in one channel
03:18:30 | WARNING: Baking animation because there are keyframes with different interpolation methods in one channel
03:18:30 | WARNING: Baking animation because there are keyframes with different interpolation methods in one channel
03:18:30 | WARNING: Baking animation because there are keyframes with different interpolation methods in one channel
03:18:30 | WARNING: Baking animation because there are keyframes with different interpolation methods in one channel
03:18:30 | WARNING: Baking animation because there are keyframes with different interpolation methods in one channel
03:18:30 | WARNING: Baking animation because there are keyframes with different interpolation methods in one channel
03:18:30 | WARNING: Baking animation because there are keyframes with different interpolation methods in one channel
03:18:30 | WARNING: Baking animation because there are keyframes with different interpolation methods in one channel
03:18:30 | WARNING: Baking animation because there are keyframes with different interpolation methods in one channel
03:18:30 | WARNING: Baking animation because there are keyframes with different interpolation methods in one channel
03:18:30 | WARNING: Baking animation because there are keyframes with different interpolation methods in one channel
03:18:30 | WARNING: Baking animation because there are keyframes with different interpolation methods in one channel
03:18:30 | WARNING: Baking animation because there are keyframes with different interpolation methods in one channel
03:18:30 | WARNING: Baking animation because there are keyframes with different interpolation methods in one channel
03:18:30 | WARNING: Baking animation because there are keyframes with different interpolation methods in one channel
03:18:30 | WARNING: Baking animation because there are keyframes with different interpolation methods in one channel
03:18:30 | WARNING: Baking animation because there are keyframes with different interpolation methods in one channel
03:18:30 | WARNING: Baking animation because there are keyframes with different interpolation methods in one channel
03:18:30 | WARNING: Baking animation because there are keyframes with different interpolation methods in one channel
03:18:30 | WARNING: Baking animation because there are keyframes with different interpolation methods in one channel
03:18:30 | WARNING: Baking animation because there are keyframes with different interpolation methods in one channel
03:18:30 | WARNING: Baking animation because there are keyframes with different interpolation methods in one channel
03:18:30 | WARNING: Baking animation because there are keyframes with different interpolation methods in one channel
03:18:30 | WARNING: Baking animation because there are keyframes with different interpolation methods in one channel
03:18:30 | WARNING: Baking animation because there are keyframes with different interpolation methods in one channel
03:18:30 | WARNING: Baking animation because there are keyframes with different interpolation methods in one channel
03:18:30 | WARNING: Baking animation because there are keyframes with different interpolation methods in one channel
03:18:30 | WARNING: Baking animation because there are keyframes with different interpolation methods in one channel
03:18:30 | WARNING: Baking animation because there are keyframes with different interpolation methods in one channel
03:18:31 | WARNING: Baking animation because there are keyframes with different interpolation methods in one channel
03:18:31 | WARNING: Baking animation because there are keyframes with different interpolation methods in one channel
03:18:31 | WARNING: Baking animation because there are keyframes with different interpolation methods in one channel
03:18:31 | WARNING: Baking animation because there are keyframes with different interpolation methods in one channel
03:18:31 | WARNING: Baking animation because there are keyframes with different interpolation methods in one channel
03:18:31 | WARNING: Baking animation because there are keyframes with different interpolation methods in one channel
03:18:31 | WARNING: Baking animation because there are keyframes with different interpolation methods in one channel
03:18:31 | WARNING: Baking animation because there are keyframes with different interpolation methods in one channel
03:18:31 | WARNING: Baking animation because there are keyframes with different interpolation methods in one channel
03:18:31 | WARNING: Baking animation because there are keyframes with different interpolation methods in one channel
03:18:31 | WARNING: Baking animation because there are keyframes with different interpolation methods in one channel
03:18:31 | WARNING: Baking animation because there are keyframes with different interpolation methods in one channel
03:18:31 | WARNING: Baking animation because there are keyframes with different interpolation methods in one channel
03:18:31 | WARNING: Baking animation because there are keyframes with different interpolation methods in one channel
03:18:31 | WARNING: Baking animation because there are keyframes with different interpolation methods in one channel
03:18:31 | WARNING: Baking animation because there are keyframes with different interpolation methods in one channel
03:18:31 | WARNING: Baking animation because there are keyframes with different interpolation methods in one channel
03:18:31 | WARNING: Baking animation because there are keyframes with different interpolation methods in one channel
03:18:31 | WARNING: Baking animation because there are keyframes with different interpolation methods in one channel
03:18:31 | WARNING: Baking animation because there are keyframes with different interpolation methods in one channel
03:18:31 | WARNING: Baking animation because there are keyframes with different interpolation methods in one channel
03:18:31 | WARNING: Baking animation because there are keyframes with different interpolation methods in one channel
03:18:31 | WARNING: Baking animation because there are keyframes with different interpolation methods in one channel
03:18:31 | WARNING: Baking animation because there are keyframes with different interpolation methods in one channel
03:18:31 | WARNING: Baking animation because there are keyframes with different interpolation methods in one channel
03:18:31 | WARNING: Baking animation because there are keyframes with different interpolation methods in one channel
03:18:31 | WARNING: Baking animation because there are keyframes with different interpolation methods in one channel
03:18:31 | WARNING: Baking animation because there are keyframes with different interpolation methods in one channel
03:18:31 | WARNING: Baking animation because there are keyframes with different interpolation methods in one channel
03:18:31 | WARNING: Baking animation because there are keyframes with different interpolation methods in one channel
03:18:31 | WARNING: Baking animation because there are keyframes with different interpolation methods in one channel
03:18:31 | WARNING: Baking animation because there are keyframes with different interpolation methods in one channel
03:18:31 | WARNING: Baking animation because there are keyframes with different interpolation methods in one channel
03:18:31 | WARNING: Baking animation because there are keyframes with different interpolation methods in one channel
03:18:31 | WARNING: Baking animation because there are keyframes with different interpolation methods in one channel
03:18:31 | WARNING: Baking animation because there are keyframes with different interpolation methods in one channel
03:18:31 | WARNING: Baking animation because there are keyframes with different interpolation methods in one channel
03:18:31 | WARNING: Baking animation because there are keyframes with different interpolation methods in one channel
03:18:31 | WARNING: Baking animation because there are keyframes with different interpolation methods in one channel
03:18:31 | WARNING: Baking animation because there are keyframes with different interpolation methods in one channel
03:18:31 | WARNING: Baking animation because there are keyframes with different interpolation methods in one channel
03:18:31 | WARNING: Baking animation because there are keyframes with different interpolation methods in one channel
03:18:31 | WARNING: Baking animation because there are keyframes with different interpolation methods in one channel
03:18:31 | WARNING: Baking animation because there are keyframes with different interpolation methods in one channel
03:18:31 | WARNING: Baking animation because there are keyframes with different interpolation methods in one channel
03:18:31 | WARNING: Baking animation because there are keyframes with different interpolation methods in one channel
03:18:31 | WARNING: Baking animation because there are keyframes with different interpolation methods in one channel
03:18:31 | WARNING: Baking animation because there are keyframes with different interpolation methods in one channel
03:18:31 | WARNING: Baking animation because there are keyframes with different interpolation methods in one channel
03:18:31 | WARNING: Baking animation because there are keyframes with different interpolation methods in one channel
03:18:31 | WARNING: Baking animation because there are keyframes with different interpolation methods in one channel
03:18:31 | WARNING: Baking animation because there are keyframes with different interpolation methods in one channel
03:18:31 | WARNING: Baking animation because there are keyframes with different interpolation methods in one channel
03:18:31 | WARNING: Baking animation because there are keyframes with different interpolation methods in one channel
03:18:31 | WARNING: Baking animation because there are keyframes with different interpolation methods in one channel
03:18:31 | WARNING: Baking animation because there are keyframes with different interpolation methods in one channel
03:18:31 | WARNING: Baking animation because there are keyframes with different interpolation methods in one channel
03:18:31 | WARNING: Baking animation because there are keyframes with different interpolation methods in one channel
03:18:31 | WARNING: Baking animation because there are keyframes with different interpolation methods in one channel
03:18:31 | WARNING: Baking animation because there are keyframes with different interpolation methods in one channel
03:18:31 | WARNING: Baking animation because there are keyframes with different interpolation methods in one channel
03:18:31 | WARNING: Baking animation because there are keyframes with different interpolation methods in one channel
03:18:31 | WARNING: Baking animation because there are keyframes with different interpolation methods in one channel
03:18:31 | WARNING: Baking animation because there are keyframes with different interpolation methods in one channel
03:18:31 | WARNING: Baking animation because there are keyframes with different interpolation methods in one channel
03:18:31 | WARNING: Baking animation because there are keyframes with different interpolation methods in one channel
03:18:31 | WARNING: Baking animation because there are keyframes with different interpolation methods in one channel
03:18:31 | WARNING: Baking animation because there are keyframes with different interpolation methods in one channel
03:18:31 | WARNING: Baking animation because there are keyframes with different interpolation methods in one channel
03:18:31 | WARNING: Baking animation because there are keyframes with different interpolation methods in one channel
03:18:31 | WARNING: Baking animation because there are keyframes with different interpolation methods in one channel
03:18:31 | WARNING: Baking animation because there are keyframes with different interpolation methods in one channel
03:18:31 | WARNING: Baking animation because there are keyframes with different interpolation methods in one channel
03:18:31 | WARNING: Baking animation because there are keyframes with different interpolation methods in one channel
03:18:31 | WARNING: Baking animation because there are keyframes with different interpolation methods in one channel
03:18:31 | WARNING: Baking animation because there are keyframes with different interpolation methods in one channel
03:18:31 | WARNING: Baking animation because there are keyframes with different interpolation methods in one channel
03:18:31 | WARNING: Baking animation because there are keyframes with different interpolation methods in one channel
03:18:31 | WARNING: Baking animation because there are keyframes with different interpolation methods in one channel
03:18:31 | WARNING: Baking animation because there are keyframes with different interpolation methods in one channel
03:18:31 | WARNING: Baking animation because there are keyframes with different interpolation methods in one channel
03:18:31 | WARNING: Baking animation because there are keyframes with different interpolation methods in one channel
03:18:31 | WARNING: Baking animation because there are keyframes with different interpolation methods in one channel
03:18:31 | WARNING: Baking animation because there are keyframes with different interpolation methods in one channel
03:18:31 | WARNING: Baking animation because there are keyframes with different interpolation methods in one channel
03:18:31 | WARNING: Baking animation because there are keyframes with different interpolation methods in one channel
03:18:31 | WARNING: Baking animation because there are keyframes with different interpolation methods in one channel
03:18:31 | WARNING: Baking animation because there are keyframes with different interpolation methods in one channel
03:18:31 | WARNING: Baking animation because there are keyframes with different interpolation methods in one channel
03:18:31 | WARNING: Baking animation because there are keyframes with different interpolation methods in one channel
03:18:31 | WARNING: Baking animation because there are keyframes with different interpolation methods in one channel
03:18:31 | WARNING: Baking animation because there are keyframes with different interpolation methods in one channel
03:18:31 | WARNING: Baking animation because there are keyframes with different interpolation methods in one channel
03:18:31 | WARNING: Baking animation because there are keyframes with different interpolation methods in one channel
03:18:31 | WARNING: Baking animation because there are keyframes with different interpolation methods in one channel
03:18:31 | WARNING: Baking animation because there are keyframes with different interpolation methods in one channel
03:18:31 | WARNING: Baking animation because there are keyframes with different interpolation methods in one channel
03:18:31 | WARNING: Baking animation because there are keyframes with different interpolation methods in one channel
03:18:31 | WARNING: Baking animation because there are keyframes with different interpolation methods in one channel
03:18:31 | WARNING: Baking animation because there are keyframes with different interpolation methods in one channel
03:18:31 | WARNING: Baking animation because there are keyframes with different interpolation methods in one channel
03:18:31 | WARNING: Baking animation because there are keyframes with different interpolation methods in one channel
03:18:31 | WARNING: Baking animation because there are keyframes with different interpolation methods in one channel
03:18:31 | WARNING: Baking animation because there are keyframes with different interpolation methods in one channel
03:18:31 | WARNING: Baking animation because there are keyframes with different interpolation methods in one channel
03:18:31 | WARNING: Baking animation because there are keyframes with different interpolation methods in one channel
03:18:32 | WARNING: Baking animation because there are keyframes with different interpolation methods in one channel
03:18:32 | WARNING: Baking animation because there are keyframes with different interpolation methods in one channel
03:18:32 | WARNING: Baking animation because there are keyframes with different interpolation methods in one channel
03:18:32 | WARNING: Baking animation because there are keyframes with different interpolation methods in one channel
03:18:32 | WARNING: Baking animation because there are keyframes with different interpolation methods in one channel
03:18:32 | WARNING: Baking animation because there are keyframes with different interpolation methods in one channel
03:18:32 | WARNING: Baking animation because there are keyframes with different interpolation methods in one channel
03:18:32 | WARNING: Baking animation because there are keyframes with different interpolation methods in one channel
03:18:32 | WARNING: Baking animation because there are keyframes with different interpolation methods in one channel
03:18:32 | WARNING: Baking animation because there are keyframes with different interpolation methods in one channel
03:18:32 | WARNING: Baking animation because there are keyframes with different interpolation methods in one channel
03:18:32 | WARNING: Baking animation because there are keyframes with different interpolation methods in one channel
03:18:32 | WARNING: Baking animation because there are keyframes with different interpolation methods in one channel
03:18:32 | WARNING: Baking animation because there are keyframes with different interpolation methods in one channel
03:18:32 | WARNING: Baking animation because there are keyframes with different interpolation methods in one channel
03:18:32 | WARNING: Baking animation because there are keyframes with different interpolation methods in one channel
03:18:32 | WARNING: Baking animation because there are keyframes with different interpolation methods in one channel
03:18:32 | WARNING: Baking animation because there are keyframes with different interpolation methods in one channel
03:18:32 | WARNING: Baking animation because there are keyframes with different interpolation methods in one channel
03:18:32 | WARNING: Baking animation because there are keyframes with different interpolation methods in one channel
03:18:32 | WARNING: Baking animation because there are keyframes with different interpolation methods in one channel
03:18:32 | WARNING: Baking animation because there are keyframes with different interpolation methods in one channel
03:18:32 | WARNING: Baking animation because there are keyframes with different interpolation methods in one channel
03:18:32 | WARNING: Baking animation because there are keyframes with different interpolation methods in one channel
03:18:32 | WARNING: Baking animation because there are keyframes with different interpolation methods in one channel
03:18:32 | WARNING: Baking animation because there are keyframes with different interpolation methods in one channel
03:18:32 | WARNING: Baking animation because there are keyframes with different interpolation methods in one channel
03:18:32 | WARNING: Baking animation because there are keyframes with different interpolation methods in one channel
03:18:32 | WARNING: Baking animation because there are keyframes with different interpolation methods in one channel
03:18:32 | WARNING: Baking animation because there are keyframes with different interpolation methods in one channel
03:18:32 | WARNING: Baking animation because there are keyframes with different interpolation methods in one channel
03:18:32 | WARNING: Baking animation because there are keyframes with different interpolation methods in one channel
03:18:32 | WARNING: Baking animation because there are keyframes with different interpolation methods in one channel
03:18:32 | WARNING: Baking animation because there are keyframes with different interpolation methods in one channel
03:18:32 | WARNING: Baking animation because there are keyframes with different interpolation methods in one channel
03:18:32 | WARNING: Baking animation because there are keyframes with different interpolation methods in one channel
03:18:32 | WARNING: Baking animation because there are keyframes with different interpolation methods in one channel
03:18:32 | WARNING: Baking animation because there are keyframes with different interpolation methods in one channel
03:18:32 | WARNING: Baking animation because there are keyframes with different interpolation methods in one channel
03:18:32 | WARNING: Baking animation because there are keyframes with different interpolation methods in one channel
03:18:32 | WARNING: Baking animation because there are keyframes with different interpolation methods in one channel
03:18:32 | WARNING: Baking animation because there are keyframes with different interpolation methods in one channel
03:18:32 | WARNING: Baking animation because there are keyframes with different interpolation methods in one channel
03:18:32 | WARNING: Baking animation because there are keyframes with different interpolation methods in one channel
03:18:32 | WARNING: Baking animation because there are keyframes with different interpolation methods in one channel
03:18:32 | WARNING: Baking animation because there are keyframes with different interpolation methods in one channel
03:18:32 | WARNING: Baking animation because there are keyframes with different interpolation methods in one channel
03:18:32 | WARNING: Baking animation because there are keyframes with different interpolation methods in one channel
03:18:32 | WARNING: Baking animation because there are keyframes with different interpolation methods in one channel
03:18:32 | WARNING: Baking animation because there are keyframes with different interpolation methods in one channel
03:18:32 | WARNING: Baking animation because there are keyframes with different interpolation methods in one channel
03:18:32 | WARNING: Baking animation because there are keyframes with different interpolation methods in one channel
03:18:32 | WARNING: Baking animation because there are keyframes with different interpolation methods in one channel
03:18:32 | WARNING: Baking animation because there are keyframes with different interpolation methods in one channel
03:18:32 | WARNING: Baking animation because there are keyframes with different interpolation methods in one channel
03:18:32 | WARNING: Baking animation because there are keyframes with different interpolation methods in one channel
03:18:32 | WARNING: Baking animation because there are keyframes with different interpolation methods in one channel
03:18:32 | WARNING: Baking animation because there are keyframes with different interpolation methods in one channel
03:18:32 | WARNING: Baking animation because there are keyframes with different interpolation methods in one channel
03:18:32 | WARNING: Baking animation because there are keyframes with different interpolation methods in one channel
03:18:32 | WARNING: Baking animation because there are keyframes with different interpolation methods in one channel
03:18:32 | WARNING: Baking animation because there are keyframes with different interpolation methods in one channel
03:18:32 | WARNING: Baking animation because there are keyframes with different interpolation methods in one channel
03:18:32 | WARNING: Baking animation because there are keyframes with different interpolation methods in one channel
03:18:32 | WARNING: Baking animation because there are keyframes with different interpolation methods in one channel
03:18:32 | WARNING: Baking animation because there are keyframes with different interpolation methods in one channel
03:18:32 | WARNING: Baking animation because there are keyframes with different interpolation methods in one channel
03:18:32 | WARNING: Baking animation because there are keyframes with different interpolation methods in one channel
03:18:32 | WARNING: Baking animation because there are keyframes with different interpolation methods in one channel
03:18:32 | WARNING: Baking animation because there are keyframes with different interpolation methods in one channel
03:18:32 | WARNING: Baking animation because there are keyframes with different interpolation methods in one channel
03:18:32 | WARNING: Baking animation because there are keyframes with different interpolation methods in one channel
03:18:32 | WARNING: Baking animation because there are keyframes with different interpolation methods in one channel
03:18:32 | WARNING: Baking animation because there are keyframes with different interpolation methods in one channel
03:18:32 | WARNING: Baking animation because there are keyframes with different interpolation methods in one channel
03:18:32 | WARNING: Baking animation because there are keyframes with different interpolation methods in one channel
03:18:32 | WARNING: Baking animation because there are keyframes with different interpolation methods in one channel
03:18:32 | WARNING: Baking animation because there are keyframes with different interpolation methods in one channel
03:18:32 | WARNING: Baking animation because there are keyframes with different interpolation methods in one channel
03:18:32 | WARNING: Baking animation because there are keyframes with different interpolation methods in one channel
03:18:32 | WARNING: Baking animation because there are keyframes with different interpolation methods in one channel
03:18:32 | WARNING: Baking animation because there are keyframes with different interpolation methods in one channel
03:18:32 | WARNING: Baking animation because there are keyframes with different interpolation methods in one channel
03:18:32 | WARNING: Baking animation because there are keyframes with different interpolation methods in one channel
03:18:32 | WARNING: Baking animation because there are keyframes with different interpolation methods in one channel
03:18:32 | WARNING: Baking animation because there are keyframes with different interpolation methods in one channel
03:18:32 | WARNING: Baking animation because there are keyframes with different interpolation methods in one channel
03:18:32 | WARNING: Baking animation because there are keyframes with different interpolation methods in one channel
03:18:32 | WARNING: Baking animation because there are keyframes with different interpolation methods in one channel
03:18:32 | WARNING: Baking animation because there are keyframes with different interpolation methods in one channel
03:18:32 | WARNING: Baking animation because there are keyframes with different interpolation methods in one channel
03:18:32 | WARNING: Baking animation because there are keyframes with different interpolation methods in one channel
03:18:32 | WARNING: Baking animation because there are keyframes with different interpolation methods in one channel
03:18:32 | WARNING: Baking animation because there are keyframes with different interpolation methods in one channel
03:18:32 | WARNING: Baking animation because there are keyframes with different interpolation methods in one channel
03:18:32 | WARNING: Baking animation because there are keyframes with different interpolation methods in one channel
03:18:32 | WARNING: Baking animation because there are keyframes with different interpolation methods in one channel
03:18:32 | WARNING: Baking animation because there are keyframes with different interpolation methods in one channel
03:18:32 | WARNING: Baking animation because there are keyframes with different interpolation methods in one channel
03:18:32 | WARNING: Baking animation because there are keyframes with different interpolation methods in one channel
03:18:32 | WARNING: Baking animation because there are keyframes with different interpolation methods in one channel
03:18:32 | WARNING: Baking animation because there are keyframes with different interpolation methods in one channel
03:18:32 | WARNING: Baking animation because there are keyframes with different interpolation methods in one channel
03:18:32 | WARNING: Baking animation because there are keyframes with different interpolation methods in one channel
03:18:32 | WARNING: Baking animation because there are keyframes with different interpolation methods in one channel
03:18:32 | WARNING: Baking animation because there are keyframes with different interpolation methods in one channel
03:18:33 | WARNING: Baking animation because there are keyframes with different interpolation methods in one channel
03:18:33 | WARNING: Baking animation because there are keyframes with different interpolation methods in one channel
03:18:33 | WARNING: Baking animation because there are keyframes with different interpolation methods in one channel
03:18:33 | WARNING: Baking animation because there are keyframes with different interpolation methods in one channel
03:18:33 | WARNING: Baking animation because there are keyframes with different interpolation methods in one channel
03:18:33 | WARNING: Baking animation because there are keyframes with different interpolation methods in one channel
03:18:33 | WARNING: Baking animation because there are keyframes with different interpolation methods in one channel
03:18:33 | WARNING: Baking animation because there are keyframes with different interpolation methods in one channel
03:18:33 | WARNING: Baking animation because there are keyframes with different interpolation methods in one channel
03:18:33 | WARNING: Baking animation because there are keyframes with different interpolation methods in one channel
03:18:33 | WARNING: Baking animation because there are keyframes with different interpolation methods in one channel
03:18:33 | WARNING: Baking animation because there are keyframes with different interpolation methods in one channel
03:18:33 | WARNING: Baking animation because there are keyframes with different interpolation methods in one channel
03:18:33 | WARNING: Baking animation because there are keyframes with different interpolation methods in one channel
03:18:33 | WARNING: Baking animation because there are keyframes with different interpolation methods in one channel
03:18:33 | WARNING: Baking animation because there are keyframes with different interpolation methods in one channel
03:18:33 | WARNING: Baking animation because there are keyframes with different interpolation methods in one channel
03:18:33 | WARNING: Baking animation because there are keyframes with different interpolation methods in one channel
03:18:33 | WARNING: Baking animation because there are keyframes with different interpolation methods in one channel
03:18:33 | WARNING: Baking animation because there are keyframes with different interpolation methods in one channel
03:18:33 | WARNING: Baking animation because there are keyframes with different interpolation methods in one channel
03:18:33 | WARNING: Baking animation because there are keyframes with different interpolation methods in one channel
03:18:33 | WARNING: Baking animation because there are keyframes with different interpolation methods in one channel
03:18:33 | WARNING: Baking animation because there are keyframes with different interpolation methods in one channel
03:18:33 | WARNING: Baking animation because there are keyframes with different interpolation methods in one channel
03:18:33 | WARNING: Baking animation because there are keyframes with different interpolation methods in one channel
03:18:33 | WARNING: Baking animation because there are keyframes with different interpolation methods in one channel
03:18:33 | WARNING: Baking animation because there are keyframes with different interpolation methods in one channel
03:18:33 | WARNING: Baking animation because there are keyframes with different interpolation methods in one channel
03:18:33 | WARNING: Baking animation because there are keyframes with different interpolation methods in one channel
03:18:33 | WARNING: Baking animation because there are keyframes with different interpolation methods in one channel
03:18:33 | WARNING: Baking animation because there are keyframes with different interpolation methods in one channel
03:18:33 | WARNING: Baking animation because there are keyframes with different interpolation methods in one channel
03:18:33 | WARNING: Baking animation because there are keyframes with different interpolation methods in one channel
03:18:33 | WARNING: Baking animation because there are keyframes with different interpolation methods in one channel
03:18:33 | WARNING: Baking animation because there are keyframes with different interpolation methods in one channel
03:18:33 | WARNING: Baking animation because there are keyframes with different interpolation methods in one channel
03:18:33 | WARNING: Baking animation because there are keyframes with different interpolation methods in one channel
03:18:33 | WARNING: Baking animation because there are keyframes with different interpolation methods in one channel
03:18:33 | WARNING: Baking animation because there are keyframes with different interpolation methods in one channel
03:18:33 | WARNING: Baking animation because there are keyframes with different interpolation methods in one channel
03:18:33 | WARNING: Baking animation because there are keyframes with different interpolation methods in one channel
03:18:33 | WARNING: Baking animation because there are keyframes with different interpolation methods in one channel
03:18:33 | WARNING: Baking animation because there are keyframes with different interpolation methods in one channel
03:18:33 | WARNING: Baking animation because there are keyframes with different interpolation methods in one channel
03:18:33 | WARNING: Baking animation because there are keyframes with different interpolation methods in one channel
03:18:33 | WARNING: Baking animation because there are keyframes with different interpolation methods in one channel
03:18:33 | WARNING: Baking animation because there are keyframes with different interpolation methods in one channel
03:18:33 | WARNING: Baking animation because there are keyframes with different interpolation methods in one channel
03:18:33 | WARNING: Baking animation because there are keyframes with different interpolation methods in one channel
03:18:33 | WARNING: Baking animation because there are keyframes with different interpolation methods in one channel
03:18:33 | WARNING: Baking animation because there are keyframes with different interpolation methods in one channel
03:18:33 | WARNING: Baking animation because there are keyframes with different interpolation methods in one channel
03:18:35 | WARNING: Baking animation because there are keyframes with different interpolation methods in one channel
03:18:35 | WARNING: Baking animation because there are keyframes with different interpolation methods in one channel
03:18:35 | WARNING: Baking animation because there are keyframes with different interpolation methods in one channel
03:18:35 | WARNING: Baking animation because there are keyframes with different interpolation methods in one channel
03:18:35 | WARNING: Baking animation because there are keyframes with different interpolation methods in one channel
03:18:35 | WARNING: Baking animation because there are keyframes with different interpolation methods in one channel
03:18:35 | WARNING: Baking animation because there are keyframes with different interpolation methods in one channel
03:18:35 | WARNING: Baking animation because there are keyframes with different interpolation methods in one channel
03:18:35 | WARNING: Baking animation because there are keyframes with different interpolation methods in one channel
03:18:35 | WARNING: Baking animation because there are keyframes with different interpolation methods in one channel
03:18:35 | WARNING: Baking animation because there are keyframes with different interpolation methods in one channel
03:18:35 | WARNING: Baking animation because there are keyframes with different interpolation methods in one channel
03:18:35 | WARNING: Baking animation because there are keyframes with different interpolation methods in one channel
03:18:35 | WARNING: Baking animation because there are keyframes with different interpolation methods in one channel
03:18:35 | WARNING: Baking animation because there are keyframes with different interpolation methods in one channel
03:18:35 | WARNING: Baking animation because there are keyframes with different interpolation methods in one channel
03:18:35 | WARNING: Baking animation because there are keyframes with different interpolation methods in one channel
03:18:35 | WARNING: Baking animation because there are keyframes with different interpolation methods in one channel
03:18:35 | WARNING: Baking animation because there are keyframes with different interpolation methods in one channel
03:18:35 | WARNING: Baking animation because there are keyframes with different interpolation methods in one channel
03:18:35 | WARNING: Baking animation because there are keyframes with different interpolation methods in one channel
03:18:35 | WARNING: Baking animation because there are keyframes with different interpolation methods in one channel
03:18:35 | WARNING: Baking animation because there are keyframes with different interpolation methods in one channel
03:18:35 | WARNING: Baking animation because there are keyframes with different interpolation methods in one channel
03:18:35 | WARNING: Baking animation because there are keyframes with different interpolation methods in one channel
03:18:35 | WARNING: Baking animation because there are keyframes with different interpolation methods in one channel
03:18:35 | WARNING: Baking animation because there are keyframes with different interpolation methods in one channel
03:18:35 | WARNING: Baking animation because there are keyframes with different interpolation methods in one channel
03:18:35 | WARNING: Baking animation because there are keyframes with different interpolation methods in one channel
03:18:35 | WARNING: Baking animation because there are keyframes with different interpolation methods in one channel
03:18:35 | WARNING: Baking animation because there are keyframes with different interpolation methods in one channel
03:18:35 | WARNING: Baking animation because there are keyframes with different interpolation methods in one channel
03:18:35 | WARNING: Baking animation because there are keyframes with different interpolation methods in one channel
03:18:35 | WARNING: Baking animation because there are keyframes with different interpolation methods in one channel
03:18:35 | WARNING: Baking animation because there are keyframes with different interpolation methods in one channel
03:18:35 | WARNING: Baking animation because there are keyframes with different interpolation methods in one channel
03:18:35 | WARNING: Baking animation because there are keyframes with different interpolation methods in one channel
03:18:35 | WARNING: Baking animation because there are keyframes with different interpolation methods in one channel
03:18:35 | WARNING: Baking animation because there are keyframes with different interpolation methods in one channel
03:18:35 | WARNING: Baking animation because there are keyframes with different interpolation methods in one channel
03:18:35 | WARNING: Baking animation because there are keyframes with different interpolation methods in one channel
03:18:35 | WARNING: Baking animation because there are keyframes with different interpolation methods in one channel
03:18:35 | WARNING: Baking animation because there are keyframes with different interpolation methods in one channel
03:18:35 | WARNING: Baking animation because there are keyframes with different interpolation methods in one channel
03:18:35 | WARNING: Baking animation because there are keyframes with different interpolation methods in one channel
03:18:35 | WARNING: Baking animation because there are keyframes with different interpolation methods in one channel
03:18:35 | WARNING: Baking animation because there are keyframes with different interpolation methods in one channel
03:18:35 | WARNING: Baking animation because there are keyframes with different interpolation methods in one channel
03:18:35 | WARNING: Baking animation because there are keyframes with different interpolation methods in one channel
03:18:35 | WARNING: Baking animation because there are keyframes with different interpolation methods in one channel
03:18:35 | WARNING: Baking animation because there are keyframes with different interpolation methods in one channel
03:18:35 | WARNING: Baking animation because there are keyframes with different interpolation methods in one channel
03:18:35 | WARNING: Baking animation because there are keyframes with different interpolation methods in one channel
03:18:36 | WARNING: Baking animation because there are keyframes with different interpolation methods in one channel
03:18:36 | WARNING: Baking animation because there are keyframes with different interpolation methods in one channel
03:18:36 | WARNING: Baking animation because there are keyframes with different interpolation methods in one channel
03:18:36 | WARNING: Baking animation because there are keyframes with different interpolation methods in one channel
03:18:36 | WARNING: Baking animation because there are keyframes with different interpolation methods in one channel
03:18:36 | WARNING: Baking animation because there are keyframes with different interpolation methods in one channel
03:18:36 | WARNING: Baking animation because there are keyframes with different interpolation methods in one channel
03:18:36 | WARNING: Baking animation because there are keyframes with different interpolation methods in one channel
03:18:36 | WARNING: Baking animation because there are keyframes with different interpolation methods in one channel
03:18:36 | WARNING: Baking animation because there are keyframes with different interpolation methods in one channel
03:18:36 | WARNING: Baking animation because there are keyframes with different interpolation methods in one channel
03:18:36 | WARNING: Baking animation because there are keyframes with different interpolation methods in one channel
03:18:36 | WARNING: Baking animation because there are keyframes with different interpolation methods in one channel
03:18:36 | WARNING: Baking animation because there are keyframes with different interpolation methods in one channel
03:18:36 | WARNING: Baking animation because there are keyframes with different interpolation methods in one channel
03:18:36 | WARNING: Baking animation because there are keyframes with different interpolation methods in one channel
03:18:36 | WARNING: Baking animation because there are keyframes with different interpolation methods in one channel
03:18:36 | WARNING: Baking animation because there are keyframes with different interpolation methods in one channel
03:18:36 | WARNING: Baking animation because there are keyframes with different interpolation methods in one channel
03:18:36 | WARNING: Baking animation because there are keyframes with different interpolation methods in one channel
03:18:36 | WARNING: Baking animation because there are keyframes with different interpolation methods in one channel
03:18:36 | WARNING: Baking animation because there are keyframes with different interpolation methods in one channel
03:18:36 | WARNING: Baking animation because there are keyframes with different interpolation methods in one channel
03:18:36 | WARNING: Baking animation because there are keyframes with different interpolation methods in one channel
03:18:36 | WARNING: Baking animation because there are keyframes with different interpolation methods in one channel
03:18:36 | WARNING: Baking animation because there are keyframes with different interpolation methods in one channel
03:18:36 | WARNING: Baking animation because there are keyframes with different interpolation methods in one channel
03:18:36 | WARNING: Baking animation because there are keyframes with different interpolation methods in one channel
03:18:36 | WARNING: Baking animation because there are keyframes with different interpolation methods in one channel
03:18:36 | WARNING: Baking animation because there are keyframes with different interpolation methods in one channel
03:18:36 | WARNING: Baking animation because there are keyframes with different interpolation methods in one channel
03:18:36 | WARNING: Baking animation because there are keyframes with different interpolation methods in one channel
03:18:36 | WARNING: Baking animation because there are keyframes with different interpolation methods in one channel
03:18:36 | WARNING: Baking animation because there are keyframes with different interpolation methods in one channel
03:18:36 | WARNING: Baking animation because there are keyframes with different interpolation methods in one channel
03:18:36 | WARNING: Baking animation because there are keyframes with different interpolation methods in one channel
03:18:36 | WARNING: Baking animation because there are keyframes with different interpolation methods in one channel
03:18:36 | WARNING: Baking animation because there are keyframes with different interpolation methods in one channel
03:18:36 | WARNING: Baking animation because there are keyframes with different interpolation methods in one channel
03:18:36 | WARNING: Baking animation because there are keyframes with different interpolation methods in one channel
03:18:36 | WARNING: Baking animation because there are keyframes with different interpolation methods in one channel
03:18:36 | WARNING: Baking animation because there are keyframes with different interpolation methods in one channel
03:18:36 | WARNING: Baking animation because there are keyframes with different interpolation methods in one channel
03:18:36 | WARNING: Baking animation because there are keyframes with different interpolation methods in one channel
03:18:36 | WARNING: Baking animation because there are keyframes with different interpolation methods in one channel
03:18:36 | WARNING: Baking animation because there are keyframes with different interpolation methods in one channel
03:18:36 | WARNING: Baking animation because there are keyframes with different interpolation methods in one channel
03:18:36 | WARNING: Baking animation because there are keyframes with different interpolation methods in one channel
03:18:36 | WARNING: Baking animation because there are keyframes with different interpolation methods in one channel
03:18:36 | WARNING: Baking animation because there are keyframes with different interpolation methods in one channel
03:18:36 | WARNING: Baking animation because there are keyframes with different interpolation methods in one channel
03:18:36 | WARNING: Baking animation because there are keyframes with different interpolation methods in one channel
03:18:36 | WARNING: Baking animation because there are keyframes with different interpolation methods in one channel
03:18:39 | INFO: Finished glTF 2.0 export in 23.870152473449707 s

C03_DONE failed=['decel_smooth_ok', 'ik_reach_ok', 'knockdown_down_ok', 'knockdown_fwd_ratio_ok']
C03_DONE non_ok_bools=['no_teleport']
Blender 4.5.0 (hash 8cb6b388974a built 2025-07-15 01:36:24)
Read blend: "I:\工作项目\BIGMANFIGHT\角色资产\美术资产\bigman_v001\bigman_anim_v001.blend"

Blender quit
Error: Not freed memory blocks: 7796, total unfreed memory 0.814014 MB
