Blender 4.5.0 (hash 8cb6b388974a built 2025-07-15 01:36:24)
Read blend: "I:\工作项目\BIGMANFIGHT\角色资产\美术资产\bigman_v001\bigman_anim_v001.blend"
Fra:0 Mem:89.93M (Peak 93.13M) | Time:00:00.67 | Rendering 1 / 64 samples
Fra:0 Mem:89.93M (Peak 93.13M) | Time:00:00.71 | Rendering 25 / 64 samples
Fra:0 Mem:89.93M (Peak 93.13M) | Time:00:00.75 | Rendering 50 / 64 samples
Fra:0 Mem:89.93M (Peak 93.13M) | Time:00:00.77 | Rendering 64 / 64 samples
Fra:0 Mem:57.89M (Peak 103.03M) | Time:00:00.79 | Compositing
Saved: 'I:\工作项目\BIGMANFIGHT\角色资产\美术资产\bigman_v001\previews\anim\knockdown03_side_f0000.png'
Time: 00:00.86 (Saving: 00:00.05)

Fra:20 Mem:92.00M (Peak 95.16M) | Time:00:00.27 | Rendering 1 / 64 samples
Fra:20 Mem:92.00M (Peak 95.16M) | Time:00:00.31 | Rendering 25 / 64 samples
Fra:20 Mem:92.00M (Peak 95.16M) | Time:00:00.34 | Rendering 50 / 64 samples
Fra:20 Mem:92.00M (Peak 95.16M) | Time:00:00.36 | Rendering 64 / 64 samples
Fra:20 Mem:59.96M (Peak 105.10M) | Time:00:00.39 | Compositing
Saved: 'I:\工作项目\BIGMANFIGHT\角色资产\美术资产\bigman_v001\previews\anim\knockdown03_side_f0020.png'
Time: 00:00.44 (Saving: 00:00.04)

Fra:32 Mem:92.01M (Peak 95.16M) | Time:00:00.24 | Rendering 1 / 64 samples
Fra:32 Mem:92.01M (Peak 95.16M) | Time:00:00.28 | Rendering 25 / 64 samples
Fra:32 Mem:92.01M (Peak 95.16M) | Time:00:00.31 | Rendering 50 / 64 samples
Fra:32 Mem:92.01M (Peak 95.16M) | Time:00:00.34 | Rendering 64 / 64 samples
Fra:32 Mem:59.96M (Peak 105.10M) | Time:00:00.36 | Compositing
Saved: 'I:\工作项目\BIGMANFIGHT\角色资产\美术资产\bigman_v001\previews\anim\knockdown03_side_f0032.png'
Time: 00:00.41 (Saving: 00:00.04)

Fra:35 Mem:92.01M (Peak 95.16M) | Time:00:00.25 | Rendering 1 / 64 samples
Fra:35 Mem:92.01M (Peak 95.16M) | Time:00:00.29 | Rendering 25 / 64 samples
Fra:35 Mem:92.01M (Peak 95.16M) | Time:00:00.32 | Rendering 50 / 64 samples
Fra:35 Mem:92.01M (Peak 95.16M) | Time:00:00.34 | Rendering 64 / 64 samples
Fra:35 Mem:59.96M (Peak 105.10M) | Time:00:00.36 | Compositing
Saved: 'I:\工作项目\BIGMANFIGHT\角色资产\美术资产\bigman_v001\previews\anim\knockdown03_side_f0035.png'
Time: 00:00.42 (Saving: 00:00.04)

Fra:54 Mem:92.01M (Peak 95.16M) | Time:00:00.24 | Rendering 1 / 64 samples
Fra:54 Mem:92.01M (Peak 95.16M) | Time:00:00.28 | Rendering 25 / 64 samples
Fra:54 Mem:92.01M (Peak 95.16M) | Time:00:00.31 | Rendering 50 / 64 samples
Fra:54 Mem:92.01M (Peak 95.16M) | Time:00:00.33 | Rendering 64 / 64 samples
Fra:54 Mem:59.96M (Peak 105.10M) | Time:00:00.35 | Compositing
Saved: 'I:\工作项目\BIGMANFIGHT\角色资产\美术资产\bigman_v001\previews\anim\knockdown03_side_f0054.png'
Time: 00:00.41 (Saving: 00:00.04)

Fra:0 Mem:92.01M (Peak 95.16M) | Time:00:00.23 | Rendering 1 / 64 samples
Fra:0 Mem:92.01M (Peak 95.16M) | Time:00:00.27 | Rendering 25 / 64 samples
Fra:0 Mem:92.01M (Peak 95.16M) | Time:00:00.31 | Rendering 50 / 64 samples
Fra:0 Mem:92.01M (Peak 95.16M) | Time:00:00.33 | Rendering 64 / 64 samples
Fra:0 Mem:59.96M (Peak 105.10M) | Time:00:00.35 | Compositing
Saved: 'I:\工作项目\BIGMANFIGHT\角色资产\美术资产\bigman_v001\previews\anim\knockdown03_front_f0000.png'
Time: 00:00.43 (Saving: 00:00.07)

Fra:20 Mem:92.01M (Peak 95.16M) | Time:00:00.23 | Rendering 1 / 64 samples
Fra:20 Mem:92.01M (Peak 95.16M) | Time:00:00.27 | Rendering 25 / 64 samples
Fra:20 Mem:92.01M (Peak 95.16M) | Time:00:00.31 | Rendering 50 / 64 samples
Fra:20 Mem:92.01M (Peak 95.16M) | Time:00:00.33 | Rendering 64 / 64 samples
Fra:20 Mem:59.96M (Peak 105.10M) | Time:00:00.35 | Compositing
Saved: 'I:\工作项目\BIGMANFIGHT\角色资产\美术资产\bigman_v001\previews\anim\knockdown03_front_f0020.png'
Time: 00:00.41 (Saving: 00:00.05)

Fra:32 Mem:92.01M (Peak 92.01M) | Time:00:00.23 | Rendering 1 / 64 samples
Fra:32 Mem:92.01M (Peak 92.01M) | Time:00:00.27 | Rendering 25 / 64 samples
Fra:32 Mem:92.01M (Peak 92.01M) | Time:00:00.30 | Rendering 50 / 64 samples
Fra:32 Mem:92.01M (Peak 92.01M) | Time:00:00.32 | Rendering 64 / 64 samples
Fra:32 Mem:59.96M (Peak 105.10M) | Time:00:00.34 | Compositing
Saved: 'I:\工作项目\BIGMANFIGHT\角色资产\美术资产\bigman_v001\previews\anim\knockdown03_front_f0032.png'
Time: 00:00.39 (Saving: 00:00.03)

Fra:54 Mem:92.01M (Peak 95.16M) | Time:00:00.23 | Rendering 1 / 64 samples
Fra:54 Mem:92.01M (Peak 95.16M) | Time:00:00.26 | Rendering 25 / 64 samples
Fra:54 Mem:92.01M (Peak 95.16M) | Time:00:00.30 | Rendering 50 / 64 samples
Fra:54 Mem:92.01M (Peak 95.16M) | Time:00:00.32 | Rendering 64 / 64 samples
Fra:54 Mem:59.96M (Peak 105.10M) | Time:00:00.34 | Compositing
Saved: 'I:\工作项目\BIGMANFIGHT\角色资产\美术资产\bigman_v001\previews\anim\knockdown03_front_f0054.png'
Time: 00:00.40 (Saving: 00:00.04)

Fra:0 Mem:92.01M (Peak 95.16M) | Time:00:00.24 | Rendering 1 / 64 samples
Fra:0 Mem:92.01M (Peak 95.16M) | Time:00:00.27 | Rendering 25 / 64 samples
Fra:0 Mem:92.01M (Peak 95.16M) | Time:00:00.31 | Rendering 50 / 64 samples
Fra:0 Mem:92.01M (Peak 95.16M) | Time:00:00.33 | Rendering 64 / 64 samples
Fra:0 Mem:59.96M (Peak 105.10M) | Time:00:00.35 | Compositing
Saved: 'I:\工作项目\BIGMANFIGHT\角色资产\美术资产\bigman_v001\previews\anim\knockdown03_three_quarter_f0000.png'
Time: 00:00.40 (Saving: 00:00.03)

Fra:20 Mem:92.01M (Peak 95.16M) | Time:00:00.23 | Rendering 1 / 64 samples
Fra:20 Mem:92.01M (Peak 95.16M) | Time:00:00.27 | Rendering 25 / 64 samples
Fra:20 Mem:92.01M (Peak 95.16M) | Time:00:00.31 | Rendering 50 / 64 samples
Fra:20 Mem:92.01M (Peak 95.16M) | Time:00:00.33 | Rendering 64 / 64 samples
Fra:20 Mem:59.96M (Peak 105.10M) | Time:00:00.36 | Compositing
Saved: 'I:\工作项目\BIGMANFIGHT\角色资产\美术资产\bigman_v001\previews\anim\knockdown03_three_quarter_f0020.png'
Time: 00:00.40 (Saving: 00:00.03)

Fra:32 Mem:92.01M (Peak 95.16M) | Time:00:00.23 | Rendering 1 / 64 samples
Fra:32 Mem:92.01M (Peak 95.16M) | Time:00:00.27 | Rendering 25 / 64 samples
Fra:32 Mem:92.01M (Peak 95.16M) | Time:00:00.31 | Rendering 50 / 64 samples
Fra:32 Mem:92.01M (Peak 95.16M) | Time:00:00.33 | Rendering 64 / 64 samples
Fra:32 Mem:59.96M (Peak 105.10M) | Time:00:00.35 | Compositing
Saved: 'I:\工作项目\BIGMANFIGHT\角色资产\美术资产\bigman_v001\previews\anim\knockdown03_three_quarter_f0032.png'
Time: 00:00.42 (Saving: 00:00.06)

Fra:54 Mem:92.01M (Peak 95.16M) | Time:00:00.24 | Rendering 1 / 64 samples
Fra:54 Mem:92.01M (Peak 95.16M) | Time:00:00.28 | Rendering 25 / 64 samples
Fra:54 Mem:92.01M (Peak 95.16M) | Time:00:00.32 | Rendering 50 / 64 samples
Fra:54 Mem:92.01M (Peak 95.16M) | Time:00:00.34 | Rendering 64 / 64 samples
Fra:54 Mem:59.96M (Peak 105.10M) | Time:00:00.37 | Compositing
Saved: 'I:\工作项目\BIGMANFIGHT\角色资产\美术资产\bigman_v001\previews\anim\knockdown03_three_quarter_f0054.png'
Time: 00:00.41 (Saving: 00:00.03)

C03_LAYOUT {"total_frames": 54, "antic": 20, "hit": 32, "hold": 4, "cancel": 44, "advance_mm": 400.0, "foot_schedule": {"L": [[0, 20], [28, 54]], "R": [[0, 30], [46, 54]]}, "seam_source": ["Heavy_01", 36], "pelvis_y0_mm": -89.388, "L_seam_mm": [152.18, -329.58, 79.74], "R_seam_mm": [-141.58, 140.44, 79.8], "L_end_mm": [143.18, -658.96, 79.76], "R_end_mm": [-141.58, -348.96, 79.83], "L_step_mm": 329.38, "R_step_mm": 489.39, "seam_sole_mm": {"L": 0.622, "R": -1.574}, "seam_extra_bones": [], "note": "上游接缝 = Heavy_01 的 CANCEL 帧；末帧 = Idle_01@0 平移；L 在沉髋段跨步、R 蹬离后前落。"}
C03_CALIBRATION {"per_window": {"L_w0": {"pivot_mm": [158.18, -535.6, 15.834], "pivot_vertex": ["Shoe_Sole_L", 141], "ankle_flat_mm": [152.18, -329.6, 83.33]}, "R_w0": {"pivot_mm": [-147.58, -65.57, 13.606], "pivot_vertex": ["Shoe_Sole_R", 141], "ankle_flat_mm": [-141.58, 140.43, 81.11]}, "L_w1": {"pivot_mm": [149.18, -864.97, 11.2], "pivot_vertex": ["Shoe_Sole_L", 141], "ankle_flat_mm": [143.18, -658.97, 78.7]}, "R_w1": {"pivot_mm": [-147.58, -554.96, 13.292], "pivot_vertex": ["Shoe_Sole_R", 141], "ankle_flat_mm": [-141.58, -348.96, 80.79]}}, "pivot_axis_world": [1.0, 0.0, 0.0], "pivot_axis_dev_deg": 0.0, "pivot_scale": 1.0, "tip_off_ankle_z_mm": 102.27, "note": "支点 x/y 由构造不变（贴地闭环只改 z）；az0 = 踝高 − 鞋底最低点。本支足尖角 ≤ 6° ⟹ 支点漂移由构造接近零。"}
C03_REPORT {"loop_seamless": null, "ground_min_mm": -1.57, "ground_contact_ok": true, "max_frame_step_deg": 69.906, "max_frame_step_at": [26, "forearm.L"], "no_teleport": false, "bone_travel_mm": {"pelvis": 429.2, "chest": 611.37, "head": 895.44, "hand.L": 983.66, "hand.R": 1353.14}, "seam_start_delta": 0.0, "seam_start_ok": true, "seam_end_pose_delta": 2.384e-07, "seam_end_orient_delta": 2.384e-07, "seam_end_relative_delta": 7.451e-08, "seam_end_raw_delta": 0.4894, "seam_end_orient_bone": "thumb_02.R", "seam_end_relative_bone": "eye.L", "root_motion_m": -0.4, "seam_end_ok": true, "root_motion_ok": true, "advance_total_mm": -400.0, "pivot_drift_mm": {"L_w0_mm": 0.0266, "L_w1_mm": 0.0802, "R_w0_mm": 0.0087, "R_w1_mm": 0.2189}, "stance_pivot_ok": true, "plant_sole_mm": {"L_w0": [-0.025, 0.622], "L_w1": [-0.01, 1.055], "R_w0": [-1.574, 0.0], "R_w1": [-0.962, -0.001]}, "stance_sole_ok": true, "unsupported_frames": [], "always_supported_ok": true, "air_sole_min_mm": 8.733, "swing_airborne_ok": true, "strike_window": [20, 32], "strike_metrics": {"hand.R": {"z_drop_world_mm": 1586.31, "fwd_world_mm": 1239.51, "lat_world_mm": 19.31, "path_world_mm": 2368.91, "net_world_mm": 2013.24, "down_dom_world": 0.6696, "fwd_dom_world": 0.5232, "fwd_ratio_net": 0.6157, "z_drop_rel_mm": 1386.31, "fwd_rel_mm": 844.51, "path_rel_mm": 2093.84, "down_dom_rel": 0.6621, "z_start_mm": 1911.4, "z_end_mm": 325.09, "window": [20, 32]}, "hand.L": {"z_drop_world_mm": 890.01, "fwd_world_mm": 456.81, "lat_world_mm": 22.28, "path_world_mm": 1254.61, "net_world_mm": 1000.64, "down_dom_world": 0.7094, "fwd_dom_world": 0.3641, "fwd_ratio_net": 0.4565, "z_drop_rel_mm": 690.01, "fwd_rel_mm": 61.81, "path_rel_mm": 1014.81, "down_dom_rel": 0.6799, "z_start_mm": 1213.12, "z_end_mm": 323.11, "window": [20, 32]}}, "strike_hand": "hand.R", "z_drop_world_mm": 1586.31, "z_drop_rel_mm": 1386.31, "fwd_world_mm": 1239.51, "lat_world_mm": 19.31, "net_world_mm": 2013.24, "path_world_mm": 2368.91, "down_dom_world": 0.6696, "fwd_dom_world": 0.5232, "fwd_ratio_net": 0.6157, "z_drop_min_mm": 1556.75, "z_drop_ratio_vs_combo": 1.1718, "knockdown_down_ok": true, "knockdown_fwd_ratio_ok": true, "knockdown_z_ok": true, "fist_down_monotone_ratio": 1.0, "fist_down_monotone_ok": true, "fist_z_start_mm": 1911.4, "fist_z_end_mm": 325.09, "amplitude_baseline": {"combo_finish_z_drop_mm": 1353.7, "combo_finish_z_drop_rel_mm": 1329.7, "combo_finish_fwd_mm": 2046.68, "combo_finish_fwd_ratio_net": 0.8337, "launcher_fwd_ratio_net": -0.0472}, "down_ratio": 1.15, "pelvis_z_min_mm": 585.42, "pelvis_z_max_mm": 830.0, "pelvis_z_min_frame": 34, "pelvis_z_max_frame": 54, "pelvis_z_sink_mm": 244.58, "pelvis_z_at_antic_mm": 800.0, "pelvis_z_at_hit_mm": 600.0, "pelvis_sink_ok": true, "hitstop_frozen_steps": [0.0, 0.0, 0.0], "hitstop_worst": [[33, null, 0.0], [34, null, 0.0], [35, null, 0.0]], "hitstop_present_ok": true, "hitstop_momentum_mm": 40.0, "hitstop_rise_mm": -10.0, "hitstop_keeps_momentum_ok": true, "power_chain_channels_deg": {"pelvis": 30.0, "spine_01": 14.036, "spine_02": 14.036, "chest": 19.165, "shoulder.L": 22.0, "shoulder.R": 19.86, "thigh.L": 95.12, "shin.L": 92.632, "thigh.R": 55.047, "shin.R": 107.234}, "power_chain_ok": true, "leg_reach_max_ratio": {"L": 0.98421, "R": 0.94431}, "leg_reach_peak": {"L": [13, 809.02], "R": [54, 776.23]}, "ik_reach_ok": true, "return_tail": [11.2267, 10.919, 10.6024, 10.2761, 9.939, 9.5901, 9.228, 8.851, 8.4573, 8.0444, 7.609, 7.1471, 6.6532, 6.1194, 5.5343, 4.8791, 4.1202, 3.1817, 1.7402], "return_tail_bones": ["forearm.L", "forearm.L", "forearm.L", "forearm.L", "forearm.L", "forearm.L", "forearm.L", "forearm.L", "forearm.L", "forearm.L", "forearm.L", "forearm.L", "forearm.L", "forearm.L", "forearm.L", "forearm.L", "forearm.L", "forearm.L", "forearm.L"], "decel_smooth_ok": true, "no_snap_stop_ok": true, "return_tail_zero_frames": 0, "local_step_max_deg": 23.221, "local_step_max_at": [25, "forearm.L"], "antic_frames": 20, "antic_frames_ok": true, "hitstop_frames": 4, "hitstop_frames_ok": true, "knock_window": [20, 32], "world_step_max_deg": 24.874, "world_step_max_at": [23, "forearm.L"], "world_step_ok": true, "max_abs_euler_y_deg": 81.38, "arm_roll_max_deg": {"upperarm.L": 0.0, "forearm.L": 66.0, "hand.L": 6.0, "upperarm.R": 14.0, "forearm.R": 18.0, "hand.R": 4.0}, "meta": {"anim_id": "Knockdown_Attack", "loop": false, "category": "连招与特殊技", "note": "击倒技：接 Heavy_01 可取消帧，后手高举过头后方蓄力 → 跨步前冲 + 屈膝沉髋 → 斜下劈到身前膝高，力向**向下 + 向前**；命中 4 帧爆发停顿（髋继续前压 30 mm）；Root Motion 前冲 0.250 m", "antic_frame": 20, "hit_frame": 32, "cancel_frame": 44, "hitstop_frames": 4, "root_motion_m": [0.0, -0.4], "amplitude_baseline": {"combo_finish_z_drop_mm": 1353.7, "combo_finish_z_drop_rel_mm": 1329.7, "combo_finish_fwd_mm": 2046.68, "combo_finish_fwd_ratio_net": 0.8337, "launcher_fwd_ratio_net": -0.0472}, "hit_point_m": null, "fps": 60, "frames": [0, 54]}, "failed": [], "non_ok_bools": ["no_teleport"]}
Info: Saved as "bigman_anim_v001.blend"
INFO Draco mesh compression is available, use library at D:\Program Files\Blender Foundation\Blender 4.5\4.5\scripts\addons_core\io_scene_gltf2\extern_draco.dll
09:32:54 | INFO: Starting glTF 2.0 export
09:32:54 | INFO: Extracting primitive: Mesh
09:32:54 | INFO: Primitives created: 1
09:32:54 | INFO: Extracting primitive: Mesh
09:32:54 | INFO: Primitives created: 1
09:32:54 | INFO: Extracting primitive: Collar_Point_L
09:32:54 | INFO: Primitives created: 1
09:32:54 | INFO: Extracting primitive: Collar_Point_R
09:32:54 | INFO: Primitives created: 1
09:32:54 | INFO: Extracting primitive: Ear_Inner_L
09:32:54 | INFO: Primitives created: 1
09:32:54 | INFO: Extracting primitive: Ear_Inner_R
09:32:54 | INFO: Primitives created: 1
09:32:54 | INFO: Extracting primitive: Ear_L
09:32:54 | INFO: Primitives created: 1
09:32:54 | INFO: Extracting primitive: Ear_Lobe_L
09:32:54 | INFO: Primitives created: 1
09:32:54 | INFO: Extracting primitive: Ear_Lobe_R
09:32:54 | INFO: Primitives created: 1
09:32:54 | INFO: Extracting primitive: Ear_R
09:32:54 | INFO: Primitives created: 1
09:32:54 | INFO: Extracting primitive: Eye_Glint_L
09:32:54 | INFO: Primitives created: 1
09:32:54 | INFO: Extracting primitive: Eye_Glint_R
09:32:54 | INFO: Primitives created: 1
09:32:54 | INFO: Extracting primitive: Eye_Line_Upper_L
09:32:54 | INFO: Primitives created: 1
09:32:54 | INFO: Extracting primitive: Eye_Line_Upper_R
09:32:54 | INFO: Primitives created: 1
09:32:54 | INFO: Extracting primitive: Eye_White_L
09:32:54 | INFO: Primitives created: 1
09:32:54 | INFO: Extracting primitive: Eye_White_R
09:32:54 | INFO: Primitives created: 1
09:32:54 | INFO: Extracting primitive: Eyebrow_L
09:32:54 | INFO: Primitives created: 1
09:32:54 | INFO: Extracting primitive: Eyebrow_R
09:32:54 | INFO: Primitives created: 1
09:32:54 | INFO: Extracting primitive: Eyelid_Lower_L
09:32:54 | INFO: Primitives created: 1
09:32:54 | INFO: Extracting primitive: Eyelid_Lower_R
09:32:54 | INFO: Primitives created: 1
09:32:54 | INFO: Extracting primitive: Eyelid_Upper_L
09:32:54 | INFO: Primitives created: 1
09:32:54 | INFO: Extracting primitive: Eyelid_Upper_R
09:32:54 | INFO: Primitives created: 1
09:32:54 | INFO: Extracting primitive: Mesh
09:32:54 | INFO: Primitives created: 1
09:32:54 | INFO: Extracting primitive: Mesh
09:32:54 | INFO: Primitives created: 1
09:32:54 | INFO: Extracting primitive: Mesh
09:32:54 | INFO: Primitives created: 1
09:32:54 | INFO: Extracting primitive: Mesh
09:32:54 | INFO: Primitives created: 1
09:32:54 | INFO: Extracting primitive: Mesh
09:32:54 | INFO: Primitives created: 1
09:32:54 | INFO: Extracting primitive: Mesh
09:32:54 | INFO: Primitives created: 1
09:32:54 | INFO: Extracting primitive: Mesh
09:32:54 | INFO: Primitives created: 1
09:32:54 | INFO: Extracting primitive: Mesh
09:32:54 | INFO: Primitives created: 1
09:32:54 | INFO: Extracting primitive: Glasses_Bridge
09:32:54 | INFO: Primitives created: 1
09:32:54 | INFO: Extracting primitive: Glasses_Frame_L
09:32:54 | INFO: Primitives created: 1
09:32:54 | INFO: Extracting primitive: Glasses_Frame_R
09:32:54 | INFO: Primitives created: 1
09:32:54 | INFO: Extracting primitive: Glasses_Temple_L
09:32:54 | INFO: Primitives created: 1
09:32:54 | INFO: Extracting primitive: Glasses_Temple_R
09:32:54 | INFO: Primitives created: 1
09:32:54 | INFO: Extracting primitive: Mesh
09:32:54 | INFO: Primitives created: 1
09:32:54 | INFO: Extracting primitive: Mesh
09:32:54 | INFO: Primitives created: 1
09:32:54 | INFO: Extracting primitive: Mesh
09:32:54 | INFO: Primitives created: 1
09:32:54 | INFO: Extracting primitive: Mesh
09:32:54 | INFO: Primitives created: 1
09:32:54 | INFO: Extracting primitive: Mesh
09:32:54 | INFO: Primitives created: 1
09:32:54 | INFO: Extracting primitive: Iris_L
09:32:54 | INFO: Primitives created: 1
09:32:54 | INFO: Extracting primitive: Iris_R
09:32:54 | INFO: Primitives created: 1
09:32:54 | INFO: Extracting primitive: Iris_Ring_L
09:32:54 | INFO: Primitives created: 1
09:32:54 | INFO: Extracting primitive: Iris_Ring_R
09:32:54 | INFO: Primitives created: 1
09:32:54 | INFO: Extracting primitive: Jacket_Back_Seam
09:32:54 | INFO: Primitives created: 1
09:32:54 | INFO: Extracting primitive: Jacket_Button_1
09:32:54 | INFO: Primitives created: 1
09:32:54 | INFO: Extracting primitive: Jacket_Button_2
09:32:54 | INFO: Primitives created: 1
09:32:54 | INFO: Extracting primitive: Jacket_Collar
09:32:54 | INFO: Primitives created: 1
09:32:54 | INFO: Extracting primitive: Jacket_Lapel_L
09:32:54 | INFO: Primitives created: 1
09:32:54 | INFO: Extracting primitive: Jacket_Lapel_R
09:32:54 | INFO: Primitives created: 1
09:32:54 | INFO: Extracting primitive: Jacket_Vent
09:32:54 | INFO: Primitives created: 1
09:32:54 | INFO: Extracting primitive: Lapel_Fold_L
09:32:54 | INFO: Primitives created: 1
09:32:54 | INFO: Extracting primitive: Lapel_Fold_R
09:32:54 | INFO: Primitives created: 1
09:32:54 | INFO: Extracting primitive: Lapel_Notch_L
09:32:54 | INFO: Primitives created: 1
09:32:54 | INFO: Extracting primitive: Lapel_Notch_R
09:32:54 | INFO: Primitives created: 1
09:32:54 | INFO: Extracting primitive: Lower_Lip
09:32:54 | INFO: Primitives created: 1
09:32:54 | INFO: Extracting primitive: Mouth_Line
09:32:54 | INFO: Primitives created: 1
09:32:54 | INFO: Extracting primitive: Mesh
09:32:54 | INFO: Primitives created: 1
09:32:54 | INFO: Extracting primitive: Mesh
09:32:54 | INFO: Primitives created: 1
09:32:54 | INFO: Extracting primitive: Nose_Wing_L
09:32:54 | INFO: Primitives created: 1
09:32:54 | INFO: Extracting primitive: Nose_Wing_R
09:32:54 | INFO: Primitives created: 1
09:32:54 | INFO: Extracting primitive: Pocket_Flap_L
09:32:54 | INFO: Primitives created: 1
09:32:54 | INFO: Extracting primitive: Pocket_Flap_R
09:32:54 | INFO: Primitives created: 1
09:32:54 | INFO: Extracting primitive: Pupil_L
09:32:54 | INFO: Primitives created: 1
09:32:54 | INFO: Extracting primitive: Pupil_R
09:32:54 | INFO: Primitives created: 1
09:32:54 | INFO: Extracting primitive: Shirt_Collar
09:32:54 | INFO: Primitives created: 1
09:32:54 | INFO: Extracting primitive: Shirt_Cuff_L
09:32:54 | INFO: Primitives created: 1
09:32:54 | INFO: Extracting primitive: Shirt_Cuff_R
09:32:54 | INFO: Primitives created: 1
09:32:54 | INFO: Extracting primitive: Shirt_Front
09:32:54 | INFO: Primitives created: 1
09:32:54 | INFO: Extracting primitive: Mesh
09:32:54 | INFO: Primitives created: 1
09:32:54 | INFO: Extracting primitive: Mesh
09:32:54 | INFO: Primitives created: 1
09:32:54 | INFO: Extracting primitive: Mesh
09:32:54 | INFO: Primitives created: 1
09:32:54 | INFO: Extracting primitive: Mesh
09:32:54 | INFO: Primitives created: 1
09:32:54 | INFO: Extracting primitive: Shoe_Toe_Cap_L
09:32:54 | INFO: Primitives created: 1
09:32:54 | INFO: Extracting primitive: Shoe_Toe_Cap_R
09:32:54 | INFO: Primitives created: 1
09:32:54 | INFO: Extracting primitive: Mesh
09:32:54 | INFO: Primitives created: 1
09:32:54 | INFO: Extracting primitive: Mesh
09:32:54 | INFO: Primitives created: 1
09:32:54 | INFO: Extracting primitive: Sleeve_Button_1_L
09:32:54 | INFO: Primitives created: 1
09:32:54 | INFO: Extracting primitive: Sleeve_Button_1_R
09:32:54 | INFO: Primitives created: 1
09:32:54 | INFO: Extracting primitive: Sleeve_Button_2_L
09:32:54 | INFO: Primitives created: 1
09:32:54 | INFO: Extracting primitive: Sleeve_Button_2_R
09:32:54 | INFO: Primitives created: 1
09:32:54 | INFO: Extracting primitive: Sleeve_Button_3_L
09:32:54 | INFO: Primitives created: 1
09:32:54 | INFO: Extracting primitive: Sleeve_Button_3_R
09:32:54 | INFO: Primitives created: 1
09:32:54 | INFO: Extracting primitive: Mesh
09:32:54 | INFO: Primitives created: 1
09:32:54 | INFO: Extracting primitive: Mesh
09:32:54 | INFO: Primitives created: 1
09:32:54 | INFO: Extracting primitive: Mesh
09:32:54 | INFO: Primitives created: 1
09:32:54 | INFO: Extracting primitive: Mesh
09:32:54 | INFO: Primitives created: 1
09:32:54 | INFO: Extracting primitive: Mesh
09:32:54 | INFO: Primitives created: 1
09:32:54 | INFO: Extracting primitive: Mesh
09:32:54 | INFO: Primitives created: 1
09:32:54 | INFO: Extracting primitive: Mesh
09:32:54 | INFO: Primitives created: 1
09:32:54 | INFO: Extracting primitive: Upper_Lip
09:32:54 | INFO: Primitives created: 1
09:33:00 | WARNING: Baking animation because there are keyframes with different interpolation methods in one channel
09:33:00 | WARNING: Baking animation because there are keyframes with different interpolation methods in one channel
09:33:00 | WARNING: Baking animation because there are keyframes with different interpolation methods in one channel
09:33:00 | WARNING: Baking animation because there are keyframes with different interpolation methods in one channel
09:33:00 | WARNING: Baking animation because there are keyframes with different interpolation methods in one channel
09:33:00 | WARNING: Baking animation because there are keyframes with different interpolation methods in one channel
09:33:00 | WARNING: Baking animation because there are keyframes with different interpolation methods in one channel
09:33:00 | WARNING: Baking animation because there are keyframes with different interpolation methods in one channel
09:33:00 | WARNING: Baking animation because there are keyframes with different interpolation methods in one channel
09:33:00 | WARNING: Baking animation because there are keyframes with different interpolation methods in one channel
09:33:00 | WARNING: Baking animation because there are keyframes with different interpolation methods in one channel
09:33:00 | WARNING: Baking animation because there are keyframes with different interpolation methods in one channel
09:33:00 | WARNING: Baking animation because there are keyframes with different interpolation methods in one channel
09:33:00 | WARNING: Baking animation because there are keyframes with different interpolation methods in one channel
09:33:00 | WARNING: Baking animation because there are keyframes with different interpolation methods in one channel
09:33:00 | WARNING: Baking animation because there are keyframes with different interpolation methods in one channel
09:33:00 | WARNING: Baking animation because there are keyframes with different interpolation methods in one channel
09:33:00 | WARNING: Baking animation because there are keyframes with different interpolation methods in one channel
09:33:00 | WARNING: Baking animation because there are keyframes with different interpolation methods in one channel
09:33:00 | WARNING: Baking animation because there are keyframes with different interpolation methods in one channel
09:33:00 | WARNING: Baking animation because there are keyframes with different interpolation methods in one channel
09:33:00 | WARNING: Baking animation because there are keyframes with different interpolation methods in one channel
09:33:00 | WARNING: Baking animation because there are keyframes with different interpolation methods in one channel
09:33:00 | WARNING: Baking animation because there are keyframes with different interpolation methods in one channel
09:33:00 | WARNING: Baking animation because there are keyframes with different interpolation methods in one channel
09:33:00 | WARNING: Baking animation because there are keyframes with different interpolation methods in one channel
09:33:00 | WARNING: Baking animation because there are keyframes with different interpolation methods in one channel
09:33:00 | WARNING: Baking animation because there are keyframes with different interpolation methods in one channel
09:33:00 | WARNING: Baking animation because there are keyframes with different interpolation methods in one channel
09:33:00 | WARNING: Baking animation because there are keyframes with different interpolation methods in one channel
09:33:00 | WARNING: Baking animation because there are keyframes with different interpolation methods in one channel
09:33:00 | WARNING: Baking animation because there are keyframes with different interpolation methods in one channel
09:33:00 | WARNING: Baking animation because there are keyframes with different interpolation methods in one channel
09:33:00 | WARNING: Baking animation because there are keyframes with different interpolation methods in one channel
09:33:00 | WARNING: Baking animation because there are keyframes with different interpolation methods in one channel
09:33:00 | WARNING: Baking animation because there are keyframes with different interpolation methods in one channel
09:33:00 | WARNING: Baking animation because there are keyframes with different interpolation methods in one channel
09:33:00 | WARNING: Baking animation because there are keyframes with different interpolation methods in one channel
09:33:00 | WARNING: Baking animation because there are keyframes with different interpolation methods in one channel
09:33:00 | WARNING: Baking animation because there are keyframes with different interpolation methods in one channel
09:33:00 | WARNING: Baking animation because there are keyframes with different interpolation methods in one channel
09:33:00 | WARNING: Baking animation because there are keyframes with different interpolation methods in one channel
09:33:00 | WARNING: Baking animation because there are keyframes with different interpolation methods in one channel
09:33:00 | WARNING: Baking animation because there are keyframes with different interpolation methods in one channel
09:33:00 | WARNING: Baking animation because there are keyframes with different interpolation methods in one channel
09:33:00 | WARNING: Baking animation because there are keyframes with different interpolation methods in one channel
09:33:00 | WARNING: Baking animation because there are keyframes with different interpolation methods in one channel
09:33:00 | WARNING: Baking animation because there are keyframes with different interpolation methods in one channel
09:33:00 | WARNING: Baking animation because there are keyframes with different interpolation methods in one channel
09:33:00 | WARNING: Baking animation because there are keyframes with different interpolation methods in one channel
09:33:00 | WARNING: Baking animation because there are keyframes with different interpolation methods in one channel
09:33:00 | WARNING: Baking animation because there are keyframes with different interpolation methods in one channel
09:33:00 | WARNING: Baking animation because there are keyframes with different interpolation methods in one channel
09:33:01 | WARNING: Baking animation because there are keyframes with different interpolation methods in one channel
09:33:01 | WARNING: Baking animation because there are keyframes with different interpolation methods in one channel
09:33:01 | WARNING: Baking animation because there are keyframes with different interpolation methods in one channel
09:33:01 | WARNING: Baking animation because there are keyframes with different interpolation methods in one channel
09:33:01 | WARNING: Baking animation because there are keyframes with different interpolation methods in one channel
09:33:01 | WARNING: Baking animation because there are keyframes with different interpolation methods in one channel
09:33:01 | WARNING: Baking animation because there are keyframes with different interpolation methods in one channel
09:33:01 | WARNING: Baking animation because there are keyframes with different interpolation methods in one channel
09:33:01 | WARNING: Baking animation because there are keyframes with different interpolation methods in one channel
09:33:01 | WARNING: Baking animation because there are keyframes with different interpolation methods in one channel
09:33:01 | WARNING: Baking animation because there are keyframes with different interpolation methods in one channel
09:33:01 | WARNING: Baking animation because there are keyframes with different interpolation methods in one channel
09:33:01 | WARNING: Baking animation because there are keyframes with different interpolation methods in one channel
09:33:01 | WARNING: Baking animation because there are keyframes with different interpolation methods in one channel
09:33:01 | WARNING: Baking animation because there are keyframes with different interpolation methods in one channel
09:33:01 | WARNING: Baking animation because there are keyframes with different interpolation methods in one channel
09:33:01 | WARNING: Baking animation because there are keyframes with different interpolation methods in one channel
09:33:01 | WARNING: Baking animation because there are keyframes with different interpolation methods in one channel
09:33:01 | WARNING: Baking animation because there are keyframes with different interpolation methods in one channel
09:33:01 | WARNING: Baking animation because there are keyframes with different interpolation methods in one channel
09:33:01 | WARNING: Baking animation because there are keyframes with different interpolation methods in one channel
09:33:01 | WARNING: Baking animation because there are keyframes with different interpolation methods in one channel
09:33:01 | WARNING: Baking animation because there are keyframes with different interpolation methods in one channel
09:33:01 | WARNING: Baking animation because there are keyframes with different interpolation methods in one channel
09:33:01 | WARNING: Baking animation because there are keyframes with different interpolation methods in one channel
09:33:01 | WARNING: Baking animation because there are keyframes with different interpolation methods in one channel
09:33:01 | WARNING: Baking animation because there are keyframes with different interpolation methods in one channel
09:33:01 | WARNING: Baking animation because there are keyframes with different interpolation methods in one channel
09:33:01 | WARNING: Baking animation because there are keyframes with different interpolation methods in one channel
09:33:01 | WARNING: Baking animation because there are keyframes with different interpolation methods in one channel
09:33:01 | WARNING: Baking animation because there are keyframes with different interpolation methods in one channel
09:33:01 | WARNING: Baking animation because there are keyframes with different interpolation methods in one channel
09:33:01 | WARNING: Baking animation because there are keyframes with different interpolation methods in one channel
09:33:01 | WARNING: Baking animation because there are keyframes with different interpolation methods in one channel
09:33:01 | WARNING: Baking animation because there are keyframes with different interpolation methods in one channel
09:33:01 | WARNING: Baking animation because there are keyframes with different interpolation methods in one channel
09:33:01 | WARNING: Baking animation because there are keyframes with different interpolation methods in one channel
09:33:01 | WARNING: Baking animation because there are keyframes with different interpolation methods in one channel
09:33:01 | WARNING: Baking animation because there are keyframes with different interpolation methods in one channel
09:33:01 | WARNING: Baking animation because there are keyframes with different interpolation methods in one channel
09:33:01 | WARNING: Baking animation because there are keyframes with different interpolation methods in one channel
09:33:01 | WARNING: Baking animation because there are keyframes with different interpolation methods in one channel
09:33:01 | WARNING: Baking animation because there are keyframes with different interpolation methods in one channel
09:33:01 | WARNING: Baking animation because there are keyframes with different interpolation methods in one channel
09:33:01 | WARNING: Baking animation because there are keyframes with different interpolation methods in one channel
09:33:01 | WARNING: Baking animation because there are keyframes with different interpolation methods in one channel
09:33:01 | WARNING: Baking animation because there are keyframes with different interpolation methods in one channel
09:33:01 | WARNING: Baking animation because there are keyframes with different interpolation methods in one channel
09:33:01 | WARNING: Baking animation because there are keyframes with different interpolation methods in one channel
09:33:01 | WARNING: Baking animation because there are keyframes with different interpolation methods in one channel
09:33:01 | WARNING: Baking animation because there are keyframes with different interpolation methods in one channel
09:33:01 | WARNING: Baking animation because there are keyframes with different interpolation methods in one channel
09:33:01 | WARNING: Baking animation because there are keyframes with different interpolation methods in one channel
09:33:01 | WARNING: Baking animation because there are keyframes with different interpolation methods in one channel
09:33:01 | WARNING: Baking animation because there are keyframes with different interpolation methods in one channel
09:33:01 | WARNING: Baking animation because there are keyframes with different interpolation methods in one channel
09:33:01 | WARNING: Baking animation because there are keyframes with different interpolation methods in one channel
09:33:01 | WARNING: Baking animation because there are keyframes with different interpolation methods in one channel
09:33:01 | WARNING: Baking animation because there are keyframes with different interpolation methods in one channel
09:33:01 | WARNING: Baking animation because there are keyframes with different interpolation methods in one channel
09:33:01 | WARNING: Baking animation because there are keyframes with different interpolation methods in one channel
09:33:01 | WARNING: Baking animation because there are keyframes with different interpolation methods in one channel
09:33:01 | WARNING: Baking animation because there are keyframes with different interpolation methods in one channel
09:33:01 | WARNING: Baking animation because there are keyframes with different interpolation methods in one channel
09:33:01 | WARNING: Baking animation because there are keyframes with different interpolation methods in one channel
09:33:01 | WARNING: Baking animation because there are keyframes with different interpolation methods in one channel
09:33:01 | WARNING: Baking animation because there are keyframes with different interpolation methods in one channel
09:33:01 | WARNING: Baking animation because there are keyframes with different interpolation methods in one channel
09:33:01 | WARNING: Baking animation because there are keyframes with different interpolation methods in one channel
09:33:01 | WARNING: Baking animation because there are keyframes with different interpolation methods in one channel
09:33:01 | WARNING: Baking animation because there are keyframes with different interpolation methods in one channel
09:33:01 | WARNING: Baking animation because there are keyframes with different interpolation methods in one channel
09:33:01 | WARNING: Baking animation because there are keyframes with different interpolation methods in one channel
09:33:01 | WARNING: Baking animation because there are keyframes with different interpolation methods in one channel
09:33:01 | WARNING: Baking animation because there are keyframes with different interpolation methods in one channel
09:33:01 | WARNING: Baking animation because there are keyframes with different interpolation methods in one channel
09:33:01 | WARNING: Baking animation because there are keyframes with different interpolation methods in one channel
09:33:01 | WARNING: Baking animation because there are keyframes with different interpolation methods in one channel
09:33:01 | WARNING: Baking animation because there are keyframes with different interpolation methods in one channel
09:33:01 | WARNING: Baking animation because there are keyframes with different interpolation methods in one channel
09:33:01 | WARNING: Baking animation because there are keyframes with different interpolation methods in one channel
09:33:01 | WARNING: Baking animation because there are keyframes with different interpolation methods in one channel
09:33:01 | WARNING: Baking animation because there are keyframes with different interpolation methods in one channel
09:33:01 | WARNING: Baking animation because there are keyframes with different interpolation methods in one channel
09:33:01 | WARNING: Baking animation because there are keyframes with different interpolation methods in one channel
09:33:01 | WARNING: Baking animation because there are keyframes with different interpolation methods in one channel
09:33:01 | WARNING: Baking animation because there are keyframes with different interpolation methods in one channel
09:33:01 | WARNING: Baking animation because there are keyframes with different interpolation methods in one channel
09:33:01 | WARNING: Baking animation because there are keyframes with different interpolation methods in one channel
09:33:01 | WARNING: Baking animation because there are keyframes with different interpolation methods in one channel
09:33:01 | WARNING: Baking animation because there are keyframes with different interpolation methods in one channel
09:33:01 | WARNING: Baking animation because there are keyframes with different interpolation methods in one channel
09:33:01 | WARNING: Baking animation because there are keyframes with different interpolation methods in one channel
09:33:01 | WARNING: Baking animation because there are keyframes with different interpolation methods in one channel
09:33:01 | WARNING: Baking animation because there are keyframes with different interpolation methods in one channel
09:33:01 | WARNING: Baking animation because there are keyframes with different interpolation methods in one channel
09:33:01 | WARNING: Baking animation because there are keyframes with different interpolation methods in one channel
09:33:01 | WARNING: Baking animation because there are keyframes with different interpolation methods in one channel
09:33:01 | WARNING: Baking animation because there are keyframes with different interpolation methods in one channel
09:33:01 | WARNING: Baking animation because there are keyframes with different interpolation methods in one channel
09:33:01 | WARNING: Baking animation because there are keyframes with different interpolation methods in one channel
09:33:01 | WARNING: Baking animation because there are keyframes with different interpolation methods in one channel
09:33:01 | WARNING: Baking animation because there are keyframes with different interpolation methods in one channel
09:33:01 | WARNING: Baking animation because there are keyframes with different interpolation methods in one channel
09:33:01 | WARNING: Baking animation because there are keyframes with different interpolation methods in one channel
09:33:01 | WARNING: Baking animation because there are keyframes with different interpolation methods in one channel
09:33:02 | WARNING: Baking animation because there are keyframes with different interpolation methods in one channel
09:33:02 | WARNING: Baking animation because there are keyframes with different interpolation methods in one channel
09:33:02 | WARNING: Baking animation because there are keyframes with different interpolation methods in one channel
09:33:02 | WARNING: Baking animation because there are keyframes with different interpolation methods in one channel
09:33:02 | WARNING: Baking animation because there are keyframes with different interpolation methods in one channel
09:33:02 | WARNING: Baking animation because there are keyframes with different interpolation methods in one channel
09:33:02 | WARNING: Baking animation because there are keyframes with different interpolation methods in one channel
09:33:02 | WARNING: Baking animation because there are keyframes with different interpolation methods in one channel
09:33:02 | WARNING: Baking animation because there are keyframes with different interpolation methods in one channel
09:33:02 | WARNING: Baking animation because there are keyframes with different interpolation methods in one channel
09:33:02 | WARNING: Baking animation because there are keyframes with different interpolation methods in one channel
09:33:02 | WARNING: Baking animation because there are keyframes with different interpolation methods in one channel
09:33:02 | WARNING: Baking animation because there are keyframes with different interpolation methods in one channel
09:33:02 | WARNING: Baking animation because there are keyframes with different interpolation methods in one channel
09:33:02 | WARNING: Baking animation because there are keyframes with different interpolation methods in one channel
09:33:02 | WARNING: Baking animation because there are keyframes with different interpolation methods in one channel
09:33:02 | WARNING: Baking animation because there are keyframes with different interpolation methods in one channel
09:33:02 | WARNING: Baking animation because there are keyframes with different interpolation methods in one channel
09:33:02 | WARNING: Baking animation because there are keyframes with different interpolation methods in one channel
09:33:02 | WARNING: Baking animation because there are keyframes with different interpolation methods in one channel
09:33:02 | WARNING: Baking animation because there are keyframes with different interpolation methods in one channel
09:33:02 | WARNING: Baking animation because there are keyframes with different interpolation methods in one channel
09:33:02 | WARNING: Baking animation because there are keyframes with different interpolation methods in one channel
09:33:02 | WARNING: Baking animation because there are keyframes with different interpolation methods in one channel
09:33:02 | WARNING: Baking animation because there are keyframes with different interpolation methods in one channel
09:33:02 | WARNING: Baking animation because there are keyframes with different interpolation methods in one channel
09:33:02 | WARNING: Baking animation because there are keyframes with different interpolation methods in one channel
09:33:02 | WARNING: Baking animation because there are keyframes with different interpolation methods in one channel
09:33:02 | WARNING: Baking animation because there are keyframes with different interpolation methods in one channel
09:33:02 | WARNING: Baking animation because there are keyframes with different interpolation methods in one channel
09:33:02 | WARNING: Baking animation because there are keyframes with different interpolation methods in one channel
09:33:02 | WARNING: Baking animation because there are keyframes with different interpolation methods in one channel
09:33:02 | WARNING: Baking animation because there are keyframes with different interpolation methods in one channel
09:33:02 | WARNING: Baking animation because there are keyframes with different interpolation methods in one channel
09:33:02 | WARNING: Baking animation because there are keyframes with different interpolation methods in one channel
09:33:02 | WARNING: Baking animation because there are keyframes with different interpolation methods in one channel
09:33:02 | WARNING: Baking animation because there are keyframes with different interpolation methods in one channel
09:33:02 | WARNING: Baking animation because there are keyframes with different interpolation methods in one channel
09:33:02 | WARNING: Baking animation because there are keyframes with different interpolation methods in one channel
09:33:02 | WARNING: Baking animation because there are keyframes with different interpolation methods in one channel
09:33:02 | WARNING: Baking animation because there are keyframes with different interpolation methods in one channel
09:33:02 | WARNING: Baking animation because there are keyframes with different interpolation methods in one channel
09:33:02 | WARNING: Baking animation because there are keyframes with different interpolation methods in one channel
09:33:02 | WARNING: Baking animation because there are keyframes with different interpolation methods in one channel
09:33:02 | WARNING: Baking animation because there are keyframes with different interpolation methods in one channel
09:33:02 | WARNING: Baking animation because there are keyframes with different interpolation methods in one channel
09:33:02 | WARNING: Baking animation because there are keyframes with different interpolation methods in one channel
09:33:02 | WARNING: Baking animation because there are keyframes with different interpolation methods in one channel
09:33:02 | WARNING: Baking animation because there are keyframes with different interpolation methods in one channel
09:33:02 | WARNING: Baking animation because there are keyframes with different interpolation methods in one channel
09:33:02 | WARNING: Baking animation because there are keyframes with different interpolation methods in one channel
09:33:02 | WARNING: Baking animation because there are keyframes with different interpolation methods in one channel
09:33:02 | WARNING: Baking animation because there are keyframes with different interpolation methods in one channel
09:33:05 | WARNING: Baking animation because there are keyframes with different interpolation methods in one channel
09:33:05 | WARNING: Baking animation because there are keyframes with different interpolation methods in one channel
09:33:05 | WARNING: Baking animation because there are keyframes with different interpolation methods in one channel
09:33:05 | WARNING: Baking animation because there are keyframes with different interpolation methods in one channel
09:33:05 | WARNING: Baking animation because there are keyframes with different interpolation methods in one channel
09:33:05 | WARNING: Baking animation because there are keyframes with different interpolation methods in one channel
09:33:05 | WARNING: Baking animation because there are keyframes with different interpolation methods in one channel
09:33:05 | WARNING: Baking animation because there are keyframes with different interpolation methods in one channel
09:33:05 | WARNING: Baking animation because there are keyframes with different interpolation methods in one channel
09:33:05 | WARNING: Baking animation because there are keyframes with different interpolation methods in one channel
09:33:05 | WARNING: Baking animation because there are keyframes with different interpolation methods in one channel
09:33:05 | WARNING: Baking animation because there are keyframes with different interpolation methods in one channel
09:33:05 | WARNING: Baking animation because there are keyframes with different interpolation methods in one channel
09:33:05 | WARNING: Baking animation because there are keyframes with different interpolation methods in one channel
09:33:05 | WARNING: Baking animation because there are keyframes with different interpolation methods in one channel
09:33:05 | WARNING: Baking animation because there are keyframes with different interpolation methods in one channel
09:33:05 | WARNING: Baking animation because there are keyframes with different interpolation methods in one channel
09:33:05 | WARNING: Baking animation because there are keyframes with different interpolation methods in one channel
09:33:05 | WARNING: Baking animation because there are keyframes with different interpolation methods in one channel
09:33:05 | WARNING: Baking animation because there are keyframes with different interpolation methods in one channel
09:33:05 | WARNING: Baking animation because there are keyframes with different interpolation methods in one channel
09:33:05 | WARNING: Baking animation because there are keyframes with different interpolation methods in one channel
09:33:05 | WARNING: Baking animation because there are keyframes with different interpolation methods in one channel
09:33:05 | WARNING: Baking animation because there are keyframes with different interpolation methods in one channel
09:33:05 | WARNING: Baking animation because there are keyframes with different interpolation methods in one channel
09:33:05 | WARNING: Baking animation because there are keyframes with different interpolation methods in one channel
09:33:05 | WARNING: Baking animation because there are keyframes with different interpolation methods in one channel
09:33:05 | WARNING: Baking animation because there are keyframes with different interpolation methods in one channel
09:33:05 | WARNING: Baking animation because there are keyframes with different interpolation methods in one channel
09:33:05 | WARNING: Baking animation because there are keyframes with different interpolation methods in one channel
09:33:05 | WARNING: Baking animation because there are keyframes with different interpolation methods in one channel
09:33:05 | WARNING: Baking animation because there are keyframes with different interpolation methods in one channel
09:33:05 | WARNING: Baking animation because there are keyframes with different interpolation methods in one channel
09:33:05 | WARNING: Baking animation because there are keyframes with different interpolation methods in one channel
09:33:05 | WARNING: Baking animation because there are keyframes with different interpolation methods in one channel
09:33:05 | WARNING: Baking animation because there are keyframes with different interpolation methods in one channel
09:33:05 | WARNING: Baking animation because there are keyframes with different interpolation methods in one channel
09:33:05 | WARNING: Baking animation because there are keyframes with different interpolation methods in one channel
09:33:05 | WARNING: Baking animation because there are keyframes with different interpolation methods in one channel
09:33:05 | WARNING: Baking animation because there are keyframes with different interpolation methods in one channel
09:33:05 | WARNING: Baking animation because there are keyframes with different interpolation methods in one channel
09:33:05 | WARNING: Baking animation because there are keyframes with different interpolation methods in one channel
09:33:05 | WARNING: Baking animation because there are keyframes with different interpolation methods in one channel
09:33:05 | WARNING: Baking animation because there are keyframes with different interpolation methods in one channel
09:33:05 | WARNING: Baking animation because there are keyframes with different interpolation methods in one channel
09:33:05 | WARNING: Baking animation because there are keyframes with different interpolation methods in one channel
09:33:05 | WARNING: Baking animation because there are keyframes with different interpolation methods in one channel
09:33:05 | WARNING: Baking animation because there are keyframes with different interpolation methods in one channel
09:33:05 | WARNING: Baking animation because there are keyframes with different interpolation methods in one channel
09:33:05 | WARNING: Baking animation because there are keyframes with different interpolation methods in one channel
09:33:05 | WARNING: Baking animation because there are keyframes with different interpolation methods in one channel
09:33:05 | WARNING: Baking animation because there are keyframes with different interpolation methods in one channel
09:33:05 | WARNING: Baking animation because there are keyframes with different interpolation methods in one channel
09:33:06 | WARNING: Baking animation because there are keyframes with different interpolation methods in one channel
09:33:06 | WARNING: Baking animation because there are keyframes with different interpolation methods in one channel
09:33:06 | WARNING: Baking animation because there are keyframes with different interpolation methods in one channel
09:33:06 | WARNING: Baking animation because there are keyframes with different interpolation methods in one channel
09:33:06 | WARNING: Baking animation because there are keyframes with different interpolation methods in one channel
09:33:06 | WARNING: Baking animation because there are keyframes with different interpolation methods in one channel
09:33:06 | WARNING: Baking animation because there are keyframes with different interpolation methods in one channel
09:33:06 | WARNING: Baking animation because there are keyframes with different interpolation methods in one channel
09:33:06 | WARNING: Baking animation because there are keyframes with different interpolation methods in one channel
09:33:06 | WARNING: Baking animation because there are keyframes with different interpolation methods in one channel
09:33:06 | WARNING: Baking animation because there are keyframes with different interpolation methods in one channel
09:33:06 | WARNING: Baking animation because there are keyframes with different interpolation methods in one channel
09:33:06 | WARNING: Baking animation because there are keyframes with different interpolation methods in one channel
09:33:06 | WARNING: Baking animation because there are keyframes with different interpolation methods in one channel
09:33:06 | WARNING: Baking animation because there are keyframes with different interpolation methods in one channel
09:33:06 | WARNING: Baking animation because there are keyframes with different interpolation methods in one channel
09:33:06 | WARNING: Baking animation because there are keyframes with different interpolation methods in one channel
09:33:06 | WARNING: Baking animation because there are keyframes with different interpolation methods in one channel
09:33:06 | WARNING: Baking animation because there are keyframes with different interpolation methods in one channel
09:33:06 | WARNING: Baking animation because there are keyframes with different interpolation methods in one channel
09:33:06 | WARNING: Baking animation because there are keyframes with different interpolation methods in one channel
09:33:06 | WARNING: Baking animation because there are keyframes with different interpolation methods in one channel
09:33:06 | WARNING: Baking animation because there are keyframes with different interpolation methods in one channel
09:33:06 | WARNING: Baking animation because there are keyframes with different interpolation methods in one channel
09:33:06 | WARNING: Baking animation because there are keyframes with different interpolation methods in one channel
09:33:06 | WARNING: Baking animation because there are keyframes with different interpolation methods in one channel
09:33:06 | WARNING: Baking animation because there are keyframes with different interpolation methods in one channel
09:33:06 | WARNING: Baking animation because there are keyframes with different interpolation methods in one channel
09:33:06 | WARNING: Baking animation because there are keyframes with different interpolation methods in one channel
09:33:06 | WARNING: Baking animation because there are keyframes with different interpolation methods in one channel
09:33:06 | WARNING: Baking animation because there are keyframes with different interpolation methods in one channel
09:33:06 | WARNING: Baking animation because there are keyframes with different interpolation methods in one channel
09:33:06 | WARNING: Baking animation because there are keyframes with different interpolation methods in one channel
09:33:06 | WARNING: Baking animation because there are keyframes with different interpolation methods in one channel
09:33:06 | WARNING: Baking animation because there are keyframes with different interpolation methods in one channel
09:33:06 | WARNING: Baking animation because there are keyframes with different interpolation methods in one channel
09:33:06 | WARNING: Baking animation because there are keyframes with different interpolation methods in one channel
09:33:06 | WARNING: Baking animation because there are keyframes with different interpolation methods in one channel
09:33:06 | WARNING: Baking animation because there are keyframes with different interpolation methods in one channel
09:33:06 | WARNING: Baking animation because there are keyframes with different interpolation methods in one channel
09:33:06 | WARNING: Baking animation because there are keyframes with different interpolation methods in one channel
09:33:06 | WARNING: Baking animation because there are keyframes with different interpolation methods in one channel
09:33:06 | WARNING: Baking animation because there are keyframes with different interpolation methods in one channel
09:33:06 | WARNING: Baking animation because there are keyframes with different interpolation methods in one channel
09:33:06 | WARNING: Baking animation because there are keyframes with different interpolation methods in one channel
09:33:06 | WARNING: Baking animation because there are keyframes with different interpolation methods in one channel
09:33:06 | WARNING: Baking animation because there are keyframes with different interpolation methods in one channel
09:33:06 | WARNING: Baking animation because there are keyframes with different interpolation methods in one channel
09:33:06 | WARNING: Baking animation because there are keyframes with different interpolation methods in one channel
09:33:06 | WARNING: Baking animation because there are keyframes with different interpolation methods in one channel
09:33:06 | WARNING: Baking animation because there are keyframes with different interpolation methods in one channel
09:33:06 | WARNING: Baking animation because there are keyframes with different interpolation methods in one channel
09:33:06 | WARNING: Baking animation because there are keyframes with different interpolation methods in one channel
09:33:10 | WARNING: Baking animation because there are keyframes with different interpolation methods in one channel
09:33:10 | WARNING: Baking animation because there are keyframes with different interpolation methods in one channel
09:33:10 | WARNING: Baking animation because there are keyframes with different interpolation methods in one channel
09:33:10 | WARNING: Baking animation because there are keyframes with different interpolation methods in one channel
09:33:10 | WARNING: Baking animation because there are keyframes with different interpolation methods in one channel
09:33:10 | WARNING: Baking animation because there are keyframes with different interpolation methods in one channel
09:33:10 | WARNING: Baking animation because there are keyframes with different interpolation methods in one channel
09:33:10 | WARNING: Baking animation because there are keyframes with different interpolation methods in one channel
09:33:10 | WARNING: Baking animation because there are keyframes with different interpolation methods in one channel
09:33:10 | WARNING: Baking animation because there are keyframes with different interpolation methods in one channel
09:33:10 | WARNING: Baking animation because there are keyframes with different interpolation methods in one channel
09:33:10 | WARNING: Baking animation because there are keyframes with different interpolation methods in one channel
09:33:10 | WARNING: Baking animation because there are keyframes with different interpolation methods in one channel
09:33:10 | WARNING: Baking animation because there are keyframes with different interpolation methods in one channel
09:33:10 | WARNING: Baking animation because there are keyframes with different interpolation methods in one channel
09:33:10 | WARNING: Baking animation because there are keyframes with different interpolation methods in one channel
09:33:10 | WARNING: Baking animation because there are keyframes with different interpolation methods in one channel
09:33:10 | WARNING: Baking animation because there are keyframes with different interpolation methods in one channel
09:33:10 | WARNING: Baking animation because there are keyframes with different interpolation methods in one channel
09:33:10 | WARNING: Baking animation because there are keyframes with different interpolation methods in one channel
09:33:10 | WARNING: Baking animation because there are keyframes with different interpolation methods in one channel
09:33:10 | WARNING: Baking animation because there are keyframes with different interpolation methods in one channel
09:33:10 | WARNING: Baking animation because there are keyframes with different interpolation methods in one channel
09:33:10 | WARNING: Baking animation because there are keyframes with different interpolation methods in one channel
09:33:10 | WARNING: Baking animation because there are keyframes with different interpolation methods in one channel
09:33:10 | WARNING: Baking animation because there are keyframes with different interpolation methods in one channel
09:33:10 | WARNING: Baking animation because there are keyframes with different interpolation methods in one channel
09:33:10 | WARNING: Baking animation because there are keyframes with different interpolation methods in one channel
09:33:10 | WARNING: Baking animation because there are keyframes with different interpolation methods in one channel
09:33:10 | WARNING: Baking animation because there are keyframes with different interpolation methods in one channel
09:33:10 | WARNING: Baking animation because there are keyframes with different interpolation methods in one channel
09:33:10 | WARNING: Baking animation because there are keyframes with different interpolation methods in one channel
09:33:10 | WARNING: Baking animation because there are keyframes with different interpolation methods in one channel
09:33:10 | WARNING: Baking animation because there are keyframes with different interpolation methods in one channel
09:33:10 | WARNING: Baking animation because there are keyframes with different interpolation methods in one channel
09:33:10 | WARNING: Baking animation because there are keyframes with different interpolation methods in one channel
09:33:10 | WARNING: Baking animation because there are keyframes with different interpolation methods in one channel
09:33:10 | WARNING: Baking animation because there are keyframes with different interpolation methods in one channel
09:33:10 | WARNING: Baking animation because there are keyframes with different interpolation methods in one channel
09:33:10 | WARNING: Baking animation because there are keyframes with different interpolation methods in one channel
09:33:10 | WARNING: Baking animation because there are keyframes with different interpolation methods in one channel
09:33:10 | WARNING: Baking animation because there are keyframes with different interpolation methods in one channel
09:33:10 | WARNING: Baking animation because there are keyframes with different interpolation methods in one channel
09:33:10 | WARNING: Baking animation because there are keyframes with different interpolation methods in one channel
09:33:10 | WARNING: Baking animation because there are keyframes with different interpolation methods in one channel
09:33:10 | WARNING: Baking animation because there are keyframes with different interpolation methods in one channel
09:33:10 | WARNING: Baking animation because there are keyframes with different interpolation methods in one channel
09:33:10 | WARNING: Baking animation because there are keyframes with different interpolation methods in one channel
09:33:10 | WARNING: Baking animation because there are keyframes with different interpolation methods in one channel
09:33:10 | WARNING: Baking animation because there are keyframes with different interpolation methods in one channel
09:33:10 | WARNING: Baking animation because there are keyframes with different interpolation methods in one channel
09:33:10 | WARNING: Baking animation because there are keyframes with different interpolation methods in one channel
09:33:10 | WARNING: Baking animation because there are keyframes with different interpolation methods in one channel
09:33:11 | WARNING: Baking animation because there are keyframes with different interpolation methods in one channel
09:33:11 | WARNING: Baking animation because there are keyframes with different interpolation methods in one channel
09:33:11 | WARNING: Baking animation because there are keyframes with different interpolation methods in one channel
09:33:11 | WARNING: Baking animation because there are keyframes with different interpolation methods in one channel
09:33:11 | WARNING: Baking animation because there are keyframes with different interpolation methods in one channel
09:33:11 | WARNING: Baking animation because there are keyframes with different interpolation methods in one channel
09:33:11 | WARNING: Baking animation because there are keyframes with different interpolation methods in one channel
09:33:11 | WARNING: Baking animation because there are keyframes with different interpolation methods in one channel
09:33:11 | WARNING: Baking animation because there are keyframes with different interpolation methods in one channel
09:33:11 | WARNING: Baking animation because there are keyframes with different interpolation methods in one channel
09:33:11 | WARNING: Baking animation because there are keyframes with different interpolation methods in one channel
09:33:11 | WARNING: Baking animation because there are keyframes with different interpolation methods in one channel
09:33:11 | WARNING: Baking animation because there are keyframes with different interpolation methods in one channel
09:33:11 | WARNING: Baking animation because there are keyframes with different interpolation methods in one channel
09:33:11 | WARNING: Baking animation because there are keyframes with different interpolation methods in one channel
09:33:11 | WARNING: Baking animation because there are keyframes with different interpolation methods in one channel
09:33:11 | WARNING: Baking animation because there are keyframes with different interpolation methods in one channel
09:33:11 | WARNING: Baking animation because there are keyframes with different interpolation methods in one channel
09:33:11 | WARNING: Baking animation because there are keyframes with different interpolation methods in one channel
09:33:11 | WARNING: Baking animation because there are keyframes with different interpolation methods in one channel
09:33:11 | WARNING: Baking animation because there are keyframes with different interpolation methods in one channel
09:33:11 | WARNING: Baking animation because there are keyframes with different interpolation methods in one channel
09:33:11 | WARNING: Baking animation because there are keyframes with different interpolation methods in one channel
09:33:11 | WARNING: Baking animation because there are keyframes with different interpolation methods in one channel
09:33:11 | WARNING: Baking animation because there are keyframes with different interpolation methods in one channel
09:33:11 | WARNING: Baking animation because there are keyframes with different interpolation methods in one channel
09:33:11 | WARNING: Baking animation because there are keyframes with different interpolation methods in one channel
09:33:11 | WARNING: Baking animation because there are keyframes with different interpolation methods in one channel
09:33:11 | WARNING: Baking animation because there are keyframes with different interpolation methods in one channel
09:33:11 | WARNING: Baking animation because there are keyframes with different interpolation methods in one channel
09:33:11 | WARNING: Baking animation because there are keyframes with different interpolation methods in one channel
09:33:11 | WARNING: Baking animation because there are keyframes with different interpolation methods in one channel
09:33:11 | WARNING: Baking animation because there are keyframes with different interpolation methods in one channel
09:33:11 | WARNING: Baking animation because there are keyframes with different interpolation methods in one channel
09:33:11 | WARNING: Baking animation because there are keyframes with different interpolation methods in one channel
09:33:11 | WARNING: Baking animation because there are keyframes with different interpolation methods in one channel
09:33:11 | WARNING: Baking animation because there are keyframes with different interpolation methods in one channel
09:33:11 | WARNING: Baking animation because there are keyframes with different interpolation methods in one channel
09:33:11 | WARNING: Baking animation because there are keyframes with different interpolation methods in one channel
09:33:11 | WARNING: Baking animation because there are keyframes with different interpolation methods in one channel
09:33:11 | WARNING: Baking animation because there are keyframes with different interpolation methods in one channel
09:33:11 | WARNING: Baking animation because there are keyframes with different interpolation methods in one channel
09:33:11 | WARNING: Baking animation because there are keyframes with different interpolation methods in one channel
09:33:11 | WARNING: Baking animation because there are keyframes with different interpolation methods in one channel
09:33:11 | WARNING: Baking animation because there are keyframes with different interpolation methods in one channel
09:33:11 | WARNING: Baking animation because there are keyframes with different interpolation methods in one channel
09:33:11 | WARNING: Baking animation because there are keyframes with different interpolation methods in one channel
09:33:11 | WARNING: Baking animation because there are keyframes with different interpolation methods in one channel
09:33:11 | WARNING: Baking animation because there are keyframes with different interpolation methods in one channel
09:33:11 | WARNING: Baking animation because there are keyframes with different interpolation methods in one channel
09:33:11 | WARNING: Baking animation because there are keyframes with different interpolation methods in one channel
09:33:11 | WARNING: Baking animation because there are keyframes with different interpolation methods in one channel
09:33:11 | WARNING: Baking animation because there are keyframes with different interpolation methods in one channel
09:33:11 | WARNING: Baking animation because there are keyframes with different interpolation methods in one channel
09:33:11 | WARNING: Baking animation because there are keyframes with different interpolation methods in one channel
09:33:11 | WARNING: Baking animation because there are keyframes with different interpolation methods in one channel
09:33:11 | WARNING: Baking animation because there are keyframes with different interpolation methods in one channel
09:33:11 | WARNING: Baking animation because there are keyframes with different interpolation methods in one channel
09:33:11 | WARNING: Baking animation because there are keyframes with different interpolation methods in one channel
09:33:11 | WARNING: Baking animation because there are keyframes with different interpolation methods in one channel
09:33:11 | WARNING: Baking animation because there are keyframes with different interpolation methods in one channel
09:33:11 | WARNING: Baking animation because there are keyframes with different interpolation methods in one channel
09:33:11 | WARNING: Baking animation because there are keyframes with different interpolation methods in one channel
09:33:11 | WARNING: Baking animation because there are keyframes with different interpolation methods in one channel
09:33:11 | WARNING: Baking animation because there are keyframes with different interpolation methods in one channel
09:33:11 | WARNING: Baking animation because there are keyframes with different interpolation methods in one channel
09:33:11 | WARNING: Baking animation because there are keyframes with different interpolation methods in one channel
09:33:11 | WARNING: Baking animation because there are keyframes with different interpolation methods in one channel
09:33:11 | WARNING: Baking animation because there are keyframes with different interpolation methods in one channel
09:33:11 | WARNING: Baking animation because there are keyframes with different interpolation methods in one channel
09:33:11 | WARNING: Baking animation because there are keyframes with different interpolation methods in one channel
09:33:11 | WARNING: Baking animation because there are keyframes with different interpolation methods in one channel
09:33:11 | WARNING: Baking animation because there are keyframes with different interpolation methods in one channel
09:33:11 | WARNING: Baking animation because there are keyframes with different interpolation methods in one channel
09:33:11 | WARNING: Baking animation because there are keyframes with different interpolation methods in one channel
09:33:11 | WARNING: Baking animation because there are keyframes with different interpolation methods in one channel
09:33:11 | WARNING: Baking animation because there are keyframes with different interpolation methods in one channel
09:33:11 | WARNING: Baking animation because there are keyframes with different interpolation methods in one channel
09:33:11 | WARNING: Baking animation because there are keyframes with different interpolation methods in one channel
09:33:11 | WARNING: Baking animation because there are keyframes with different interpolation methods in one channel
09:33:11 | WARNING: Baking animation because there are keyframes with different interpolation methods in one channel
09:33:11 | WARNING: Baking animation because there are keyframes with different interpolation methods in one channel
09:33:11 | WARNING: Baking animation because there are keyframes with different interpolation methods in one channel
09:33:11 | WARNING: Baking animation because there are keyframes with different interpolation methods in one channel
09:33:11 | WARNING: Baking animation because there are keyframes with different interpolation methods in one channel
09:33:11 | WARNING: Baking animation because there are keyframes with different interpolation methods in one channel
09:33:11 | WARNING: Baking animation because there are keyframes with different interpolation methods in one channel
09:33:11 | WARNING: Baking animation because there are keyframes with different interpolation methods in one channel
09:33:11 | WARNING: Baking animation because there are keyframes with different interpolation methods in one channel
09:33:11 | WARNING: Baking animation because there are keyframes with different interpolation methods in one channel
09:33:11 | WARNING: Baking animation because there are keyframes with different interpolation methods in one channel
09:33:11 | WARNING: Baking animation because there are keyframes with different interpolation methods in one channel
09:33:11 | WARNING: Baking animation because there are keyframes with different interpolation methods in one channel
09:33:11 | WARNING: Baking animation because there are keyframes with different interpolation methods in one channel
09:33:11 | WARNING: Baking animation because there are keyframes with different interpolation methods in one channel
09:33:11 | WARNING: Baking animation because there are keyframes with different interpolation methods in one channel
09:33:11 | WARNING: Baking animation because there are keyframes with different interpolation methods in one channel
09:33:11 | WARNING: Baking animation because there are keyframes with different interpolation methods in one channel
09:33:11 | WARNING: Baking animation because there are keyframes with different interpolation methods in one channel
09:33:11 | WARNING: Baking animation because there are keyframes with different interpolation methods in one channel
09:33:11 | WARNING: Baking animation because there are keyframes with different interpolation methods in one channel
09:33:11 | WARNING: Baking animation because there are keyframes with different interpolation methods in one channel
09:33:11 | WARNING: Baking animation because there are keyframes with different interpolation methods in one channel
09:33:11 | WARNING: Baking animation because there are keyframes with different interpolation methods in one channel
09:33:11 | WARNING: Baking animation because there are keyframes with different interpolation methods in one channel
09:33:11 | WARNING: Baking animation because there are keyframes with different interpolation methods in one channel
09:33:12 | WARNING: Baking animation because there are keyframes with different interpolation methods in one channel
09:33:12 | WARNING: Baking animation because there are keyframes with different interpolation methods in one channel
09:33:12 | WARNING: Baking animation because there are keyframes with different interpolation methods in one channel
09:33:12 | WARNING: Baking animation because there are keyframes with different interpolation methods in one channel
09:33:12 | WARNING: Baking animation because there are keyframes with different interpolation methods in one channel
09:33:12 | WARNING: Baking animation because there are keyframes with different interpolation methods in one channel
09:33:12 | WARNING: Baking animation because there are keyframes with different interpolation methods in one channel
09:33:12 | WARNING: Baking animation because there are keyframes with different interpolation methods in one channel
09:33:12 | WARNING: Baking animation because there are keyframes with different interpolation methods in one channel
09:33:12 | WARNING: Baking animation because there are keyframes with different interpolation methods in one channel
09:33:12 | WARNING: Baking animation because there are keyframes with different interpolation methods in one channel
09:33:12 | WARNING: Baking animation because there are keyframes with different interpolation methods in one channel
09:33:12 | WARNING: Baking animation because there are keyframes with different interpolation methods in one channel
09:33:12 | WARNING: Baking animation because there are keyframes with different interpolation methods in one channel
09:33:12 | WARNING: Baking animation because there are keyframes with different interpolation methods in one channel
09:33:12 | WARNING: Baking animation because there are keyframes with different interpolation methods in one channel
09:33:12 | WARNING: Baking animation because there are keyframes with different interpolation methods in one channel
09:33:12 | WARNING: Baking animation because there are keyframes with different interpolation methods in one channel
09:33:12 | WARNING: Baking animation because there are keyframes with different interpolation methods in one channel
09:33:12 | WARNING: Baking animation because there are keyframes with different interpolation methods in one channel
09:33:12 | WARNING: Baking animation because there are keyframes with different interpolation methods in one channel
09:33:12 | WARNING: Baking animation because there are keyframes with different interpolation methods in one channel
09:33:12 | WARNING: Baking animation because there are keyframes with different interpolation methods in one channel
09:33:12 | WARNING: Baking animation because there are keyframes with different interpolation methods in one channel
09:33:12 | WARNING: Baking animation because there are keyframes with different interpolation methods in one channel
09:33:12 | WARNING: Baking animation because there are keyframes with different interpolation methods in one channel
09:33:12 | WARNING: Baking animation because there are keyframes with different interpolation methods in one channel
09:33:12 | WARNING: Baking animation because there are keyframes with different interpolation methods in one channel
09:33:12 | WARNING: Baking animation because there are keyframes with different interpolation methods in one channel
09:33:12 | WARNING: Baking animation because there are keyframes with different interpolation methods in one channel
09:33:12 | WARNING: Baking animation because there are keyframes with different interpolation methods in one channel
09:33:12 | WARNING: Baking animation because there are keyframes with different interpolation methods in one channel
09:33:12 | WARNING: Baking animation because there are keyframes with different interpolation methods in one channel
09:33:12 | WARNING: Baking animation because there are keyframes with different interpolation methods in one channel
09:33:12 | WARNING: Baking animation because there are keyframes with different interpolation methods in one channel
09:33:12 | WARNING: Baking animation because there are keyframes with different interpolation methods in one channel
09:33:12 | WARNING: Baking animation because there are keyframes with different interpolation methods in one channel
09:33:12 | WARNING: Baking animation because there are keyframes with different interpolation methods in one channel
09:33:12 | WARNING: Baking animation because there are keyframes with different interpolation methods in one channel
09:33:12 | WARNING: Baking animation because there are keyframes with different interpolation methods in one channel
09:33:12 | WARNING: Baking animation because there are keyframes with different interpolation methods in one channel
09:33:12 | WARNING: Baking animation because there are keyframes with different interpolation methods in one channel
09:33:12 | WARNING: Baking animation because there are keyframes with different interpolation methods in one channel
09:33:12 | WARNING: Baking animation because there are keyframes with different interpolation methods in one channel
09:33:12 | WARNING: Baking animation because there are keyframes with different interpolation methods in one channel
09:33:12 | WARNING: Baking animation because there are keyframes with different interpolation methods in one channel
09:33:12 | WARNING: Baking animation because there are keyframes with different interpolation methods in one channel
09:33:12 | WARNING: Baking animation because there are keyframes with different interpolation methods in one channel
09:33:12 | WARNING: Baking animation because there are keyframes with different interpolation methods in one channel
09:33:12 | WARNING: Baking animation because there are keyframes with different interpolation methods in one channel
09:33:12 | WARNING: Baking animation because there are keyframes with different interpolation methods in one channel
09:33:12 | WARNING: Baking animation because there are keyframes with different interpolation methods in one channel
09:33:12 | WARNING: Baking animation because there are keyframes with different interpolation methods in one channel
09:33:12 | WARNING: Baking animation because there are keyframes with different interpolation methods in one channel
09:33:12 | WARNING: Baking animation because there are keyframes with different interpolation methods in one channel
09:33:12 | WARNING: Baking animation because there are keyframes with different interpolation methods in one channel
09:33:12 | WARNING: Baking animation because there are keyframes with different interpolation methods in one channel
09:33:12 | WARNING: Baking animation because there are keyframes with different interpolation methods in one channel
09:33:12 | WARNING: Baking animation because there are keyframes with different interpolation methods in one channel
09:33:12 | WARNING: Baking animation because there are keyframes with different interpolation methods in one channel
09:33:12 | WARNING: Baking animation because there are keyframes with different interpolation methods in one channel
09:33:12 | WARNING: Baking animation because there are keyframes with different interpolation methods in one channel
09:33:12 | WARNING: Baking animation because there are keyframes with different interpolation methods in one channel
09:33:12 | WARNING: Baking animation because there are keyframes with different interpolation methods in one channel
09:33:12 | WARNING: Baking animation because there are keyframes with different interpolation methods in one channel
09:33:12 | WARNING: Baking animation because there are keyframes with different interpolation methods in one channel
09:33:12 | WARNING: Baking animation because there are keyframes with different interpolation methods in one channel
09:33:12 | WARNING: Baking animation because there are keyframes with different interpolation methods in one channel
09:33:12 | WARNING: Baking animation because there are keyframes with different interpolation methods in one channel
09:33:12 | WARNING: Baking animation because there are keyframes with different interpolation methods in one channel
09:33:12 | WARNING: Baking animation because there are keyframes with different interpolation methods in one channel
09:33:12 | WARNING: Baking animation because there are keyframes with different interpolation methods in one channel
09:33:12 | WARNING: Baking animation because there are keyframes with different interpolation methods in one channel
09:33:12 | WARNING: Baking animation because there are keyframes with different interpolation methods in one channel
09:33:12 | WARNING: Baking animation because there are keyframes with different interpolation methods in one channel
09:33:12 | WARNING: Baking animation because there are keyframes with different interpolation methods in one channel
09:33:12 | WARNING: Baking animation because there are keyframes with different interpolation methods in one channel
09:33:12 | WARNING: Baking animation because there are keyframes with different interpolation methods in one channel
09:33:12 | WARNING: Baking animation because there are keyframes with different interpolation methods in one channel
09:33:12 | WARNING: Baking animation because there are keyframes with different interpolation methods in one channel
09:33:12 | WARNING: Baking animation because there are keyframes with different interpolation methods in one channel
09:33:12 | WARNING: Baking animation because there are keyframes with different interpolation methods in one channel
09:33:12 | WARNING: Baking animation because there are keyframes with different interpolation methods in one channel
09:33:12 | WARNING: Baking animation because there are keyframes with different interpolation methods in one channel
09:33:12 | WARNING: Baking animation because there are keyframes with different interpolation methods in one channel
09:33:12 | WARNING: Baking animation because there are keyframes with different interpolation methods in one channel
09:33:12 | WARNING: Baking animation because there are keyframes with different interpolation methods in one channel
09:33:12 | WARNING: Baking animation because there are keyframes with different interpolation methods in one channel
09:33:12 | WARNING: Baking animation because there are keyframes with different interpolation methods in one channel
09:33:12 | WARNING: Baking animation because there are keyframes with different interpolation methods in one channel
09:33:12 | WARNING: Baking animation because there are keyframes with different interpolation methods in one channel
09:33:12 | WARNING: Baking animation because there are keyframes with different interpolation methods in one channel
09:33:12 | WARNING: Baking animation because there are keyframes with different interpolation methods in one channel
09:33:12 | WARNING: Baking animation because there are keyframes with different interpolation methods in one channel
09:33:12 | WARNING: Baking animation because there are keyframes with different interpolation methods in one channel
09:33:12 | WARNING: Baking animation because there are keyframes with different interpolation methods in one channel
09:33:12 | WARNING: Baking animation because there are keyframes with different interpolation methods in one channel
09:33:12 | WARNING: Baking animation because there are keyframes with different interpolation methods in one channel
09:33:12 | WARNING: Baking animation because there are keyframes with different interpolation methods in one channel
09:33:12 | WARNING: Baking animation because there are keyframes with different interpolation methods in one channel
09:33:12 | WARNING: Baking animation because there are keyframes with different interpolation methods in one channel
09:33:12 | WARNING: Baking animation because there are keyframes with different interpolation methods in one channel
09:33:12 | WARNING: Baking animation because there are keyframes with different interpolation methods in one channel
09:33:12 | WARNING: Baking animation because there are keyframes with different interpolation methods in one channel
09:33:12 | WARNING: Baking animation because there are keyframes with different interpolation methods in one channel
09:33:12 | WARNING: Baking animation because there are keyframes with different interpolation methods in one channel
09:33:13 | WARNING: Baking animation because there are keyframes with different interpolation methods in one channel
09:33:13 | WARNING: Baking animation because there are keyframes with different interpolation methods in one channel
09:33:13 | WARNING: Baking animation because there are keyframes with different interpolation methods in one channel
09:33:13 | WARNING: Baking animation because there are keyframes with different interpolation methods in one channel
09:33:13 | WARNING: Baking animation because there are keyframes with different interpolation methods in one channel
09:33:13 | WARNING: Baking animation because there are keyframes with different interpolation methods in one channel
09:33:13 | WARNING: Baking animation because there are keyframes with different interpolation methods in one channel
09:33:13 | WARNING: Baking animation because there are keyframes with different interpolation methods in one channel
09:33:13 | WARNING: Baking animation because there are keyframes with different interpolation methods in one channel
09:33:13 | WARNING: Baking animation because there are keyframes with different interpolation methods in one channel
09:33:13 | WARNING: Baking animation because there are keyframes with different interpolation methods in one channel
09:33:13 | WARNING: Baking animation because there are keyframes with different interpolation methods in one channel
09:33:13 | WARNING: Baking animation because there are keyframes with different interpolation methods in one channel
09:33:13 | WARNING: Baking animation because there are keyframes with different interpolation methods in one channel
09:33:13 | WARNING: Baking animation because there are keyframes with different interpolation methods in one channel
09:33:13 | WARNING: Baking animation because there are keyframes with different interpolation methods in one channel
09:33:13 | WARNING: Baking animation because there are keyframes with different interpolation methods in one channel
09:33:13 | WARNING: Baking animation because there are keyframes with different interpolation methods in one channel
09:33:13 | WARNING: Baking animation because there are keyframes with different interpolation methods in one channel
09:33:13 | WARNING: Baking animation because there are keyframes with different interpolation methods in one channel
09:33:13 | WARNING: Baking animation because there are keyframes with different interpolation methods in one channel
09:33:13 | WARNING: Baking animation because there are keyframes with different interpolation methods in one channel
09:33:13 | WARNING: Baking animation because there are keyframes with different interpolation methods in one channel
09:33:13 | WARNING: Baking animation because there are keyframes with different interpolation methods in one channel
09:33:13 | WARNING: Baking animation because there are keyframes with different interpolation methods in one channel
09:33:13 | WARNING: Baking animation because there are keyframes with different interpolation methods in one channel
09:33:13 | WARNING: Baking animation because there are keyframes with different interpolation methods in one channel
09:33:13 | WARNING: Baking animation because there are keyframes with different interpolation methods in one channel
09:33:13 | WARNING: Baking animation because there are keyframes with different interpolation methods in one channel
09:33:13 | WARNING: Baking animation because there are keyframes with different interpolation methods in one channel
09:33:13 | WARNING: Baking animation because there are keyframes with different interpolation methods in one channel
09:33:13 | WARNING: Baking animation because there are keyframes with different interpolation methods in one channel
09:33:13 | WARNING: Baking animation because there are keyframes with different interpolation methods in one channel
09:33:13 | WARNING: Baking animation because there are keyframes with different interpolation methods in one channel
09:33:13 | WARNING: Baking animation because there are keyframes with different interpolation methods in one channel
09:33:13 | WARNING: Baking animation because there are keyframes with different interpolation methods in one channel
09:33:13 | WARNING: Baking animation because there are keyframes with different interpolation methods in one channel
09:33:13 | WARNING: Baking animation because there are keyframes with different interpolation methods in one channel
09:33:13 | WARNING: Baking animation because there are keyframes with different interpolation methods in one channel
09:33:13 | WARNING: Baking animation because there are keyframes with different interpolation methods in one channel
09:33:13 | WARNING: Baking animation because there are keyframes with different interpolation methods in one channel
09:33:13 | WARNING: Baking animation because there are keyframes with different interpolation methods in one channel
09:33:13 | WARNING: Baking animation because there are keyframes with different interpolation methods in one channel
09:33:13 | WARNING: Baking animation because there are keyframes with different interpolation methods in one channel
09:33:13 | WARNING: Baking animation because there are keyframes with different interpolation methods in one channel
09:33:13 | WARNING: Baking animation because there are keyframes with different interpolation methods in one channel
09:33:13 | WARNING: Baking animation because there are keyframes with different interpolation methods in one channel
09:33:13 | WARNING: Baking animation because there are keyframes with different interpolation methods in one channel
09:33:13 | WARNING: Baking animation because there are keyframes with different interpolation methods in one channel
09:33:13 | WARNING: Baking animation because there are keyframes with different interpolation methods in one channel
09:33:13 | WARNING: Baking animation because there are keyframes with different interpolation methods in one channel
09:33:13 | WARNING: Baking animation because there are keyframes with different interpolation methods in one channel
09:33:13 | WARNING: Baking animation because there are keyframes with different interpolation methods in one channel
09:33:13 | WARNING: Baking animation because there are keyframes with different interpolation methods in one channel
09:33:13 | WARNING: Baking animation because there are keyframes with different interpolation methods in one channel
09:33:13 | WARNING: Baking animation because there are keyframes with different interpolation methods in one channel
09:33:13 | WARNING: Baking animation because there are keyframes with different interpolation methods in one channel
09:33:13 | WARNING: Baking animation because there are keyframes with different interpolation methods in one channel
09:33:13 | WARNING: Baking animation because there are keyframes with different interpolation methods in one channel
09:33:13 | WARNING: Baking animation because there are keyframes with different interpolation methods in one channel
09:33:13 | WARNING: Baking animation because there are keyframes with different interpolation methods in one channel
09:33:13 | WARNING: Baking animation because there are keyframes with different interpolation methods in one channel
09:33:13 | WARNING: Baking animation because there are keyframes with different interpolation methods in one channel
09:33:13 | WARNING: Baking animation because there are keyframes with different interpolation methods in one channel
09:33:13 | WARNING: Baking animation because there are keyframes with different interpolation methods in one channel
09:33:13 | WARNING: Baking animation because there are keyframes with different interpolation methods in one channel
09:33:13 | WARNING: Baking animation because there are keyframes with different interpolation methods in one channel
09:33:13 | WARNING: Baking animation because there are keyframes with different interpolation methods in one channel
09:33:13 | WARNING: Baking animation because there are keyframes with different interpolation methods in one channel
09:33:13 | WARNING: Baking animation because there are keyframes with different interpolation methods in one channel
09:33:13 | WARNING: Baking animation because there are keyframes with different interpolation methods in one channel
09:33:13 | WARNING: Baking animation because there are keyframes with different interpolation methods in one channel
09:33:13 | WARNING: Baking animation because there are keyframes with different interpolation methods in one channel
09:33:13 | WARNING: Baking animation because there are keyframes with different interpolation methods in one channel
09:33:13 | WARNING: Baking animation because there are keyframes with different interpolation methods in one channel
09:33:13 | WARNING: Baking animation because there are keyframes with different interpolation methods in one channel
09:33:13 | WARNING: Baking animation because there are keyframes with different interpolation methods in one channel
09:33:13 | WARNING: Baking animation because there are keyframes with different interpolation methods in one channel
09:33:13 | WARNING: Baking animation because there are keyframes with different interpolation methods in one channel
09:33:13 | WARNING: Baking animation because there are keyframes with different interpolation methods in one channel
09:33:13 | WARNING: Baking animation because there are keyframes with different interpolation methods in one channel
09:33:13 | WARNING: Baking animation because there are keyframes with different interpolation methods in one channel
09:33:13 | WARNING: Baking animation because there are keyframes with different interpolation methods in one channel
09:33:13 | WARNING: Baking animation because there are keyframes with different interpolation methods in one channel
09:33:13 | WARNING: Baking animation because there are keyframes with different interpolation methods in one channel
09:33:13 | WARNING: Baking animation because there are keyframes with different interpolation methods in one channel
09:33:13 | WARNING: Baking animation because there are keyframes with different interpolation methods in one channel
09:33:13 | WARNING: Baking animation because there are keyframes with different interpolation methods in one channel
09:33:13 | WARNING: Baking animation because there are keyframes with different interpolation methods in one channel
09:33:13 | WARNING: Baking animation because there are keyframes with different interpolation methods in one channel
09:33:13 | WARNING: Baking animation because there are keyframes with different interpolation methods in one channel
09:33:13 | WARNING: Baking animation because there are keyframes with different interpolation methods in one channel
09:33:13 | WARNING: Baking animation because there are keyframes with different interpolation methods in one channel
09:33:13 | WARNING: Baking animation because there are keyframes with different interpolation methods in one channel
09:33:13 | WARNING: Baking animation because there are keyframes with different interpolation methods in one channel
09:33:13 | WARNING: Baking animation because there are keyframes with different interpolation methods in one channel
09:33:13 | WARNING: Baking animation because there are keyframes with different interpolation methods in one channel
09:33:13 | WARNING: Baking animation because there are keyframes with different interpolation methods in one channel
09:33:13 | WARNING: Baking animation because there are keyframes with different interpolation methods in one channel
09:33:13 | WARNING: Baking animation because there are keyframes with different interpolation methods in one channel
09:33:13 | WARNING: Baking animation because there are keyframes with different interpolation methods in one channel
09:33:13 | WARNING: Baking animation because there are keyframes with different interpolation methods in one channel
09:33:13 | WARNING: Baking animation because there are keyframes with different interpolation methods in one channel
09:33:13 | WARNING: Baking animation because there are keyframes with different interpolation methods in one channel
09:33:13 | WARNING: Baking animation because there are keyframes with different interpolation methods in one channel
09:33:13 | WARNING: Baking animation because there are keyframes with different interpolation methods in one channel
09:33:14 | WARNING: Baking animation because there are keyframes with different interpolation methods in one channel
09:33:14 | WARNING: Baking animation because there are keyframes with different interpolation methods in one channel
09:33:14 | WARNING: Baking animation because there are keyframes with different interpolation methods in one channel
09:33:14 | WARNING: Baking animation because there are keyframes with different interpolation methods in one channel
09:33:14 | WARNING: Baking animation because there are keyframes with different interpolation methods in one channel
09:33:14 | WARNING: Baking animation because there are keyframes with different interpolation methods in one channel
09:33:14 | WARNING: Baking animation because there are keyframes with different interpolation methods in one channel
09:33:14 | WARNING: Baking animation because there are keyframes with different interpolation methods in one channel
09:33:14 | WARNING: Baking animation because there are keyframes with different interpolation methods in one channel
09:33:14 | WARNING: Baking animation because there are keyframes with different interpolation methods in one channel
09:33:14 | WARNING: Baking animation because there are keyframes with different interpolation methods in one channel
09:33:14 | WARNING: Baking animation because there are keyframes with different interpolation methods in one channel
09:33:14 | WARNING: Baking animation because there are keyframes with different interpolation methods in one channel
09:33:14 | WARNING: Baking animation because there are keyframes with different interpolation methods in one channel
09:33:14 | WARNING: Baking animation because there are keyframes with different interpolation methods in one channel
09:33:14 | WARNING: Baking animation because there are keyframes with different interpolation methods in one channel
09:33:14 | WARNING: Baking animation because there are keyframes with different interpolation methods in one channel
09:33:14 | WARNING: Baking animation because there are keyframes with different interpolation methods in one channel
09:33:14 | WARNING: Baking animation because there are keyframes with different interpolation methods in one channel
09:33:14 | WARNING: Baking animation because there are keyframes with different interpolation methods in one channel
09:33:14 | WARNING: Baking animation because there are keyframes with different interpolation methods in one channel
09:33:14 | WARNING: Baking animation because there are keyframes with different interpolation methods in one channel
09:33:14 | WARNING: Baking animation because there are keyframes with different interpolation methods in one channel
09:33:14 | WARNING: Baking animation because there are keyframes with different interpolation methods in one channel
09:33:14 | WARNING: Baking animation because there are keyframes with different interpolation methods in one channel
09:33:14 | WARNING: Baking animation because there are keyframes with different interpolation methods in one channel
09:33:14 | WARNING: Baking animation because there are keyframes with different interpolation methods in one channel
09:33:14 | WARNING: Baking animation because there are keyframes with different interpolation methods in one channel
09:33:14 | WARNING: Baking animation because there are keyframes with different interpolation methods in one channel
09:33:14 | WARNING: Baking animation because there are keyframes with different interpolation methods in one channel
09:33:14 | WARNING: Baking animation because there are keyframes with different interpolation methods in one channel
09:33:14 | WARNING: Baking animation because there are keyframes with different interpolation methods in one channel
09:33:14 | WARNING: Baking animation because there are keyframes with different interpolation methods in one channel
09:33:14 | WARNING: Baking animation because there are keyframes with different interpolation methods in one channel
09:33:14 | WARNING: Baking animation because there are keyframes with different interpolation methods in one channel
09:33:14 | WARNING: Baking animation because there are keyframes with different interpolation methods in one channel
09:33:14 | WARNING: Baking animation because there are keyframes with different interpolation methods in one channel
09:33:14 | WARNING: Baking animation because there are keyframes with different interpolation methods in one channel
09:33:14 | WARNING: Baking animation because there are keyframes with different interpolation methods in one channel
09:33:14 | WARNING: Baking animation because there are keyframes with different interpolation methods in one channel
09:33:14 | WARNING: Baking animation because there are keyframes with different interpolation methods in one channel
09:33:14 | WARNING: Baking animation because there are keyframes with different interpolation methods in one channel
09:33:14 | WARNING: Baking animation because there are keyframes with different interpolation methods in one channel
09:33:14 | WARNING: Baking animation because there are keyframes with different interpolation methods in one channel
09:33:14 | WARNING: Baking animation because there are keyframes with different interpolation methods in one channel
09:33:14 | WARNING: Baking animation because there are keyframes with different interpolation methods in one channel
09:33:14 | WARNING: Baking animation because there are keyframes with different interpolation methods in one channel
09:33:14 | WARNING: Baking animation because there are keyframes with different interpolation methods in one channel
09:33:14 | WARNING: Baking animation because there are keyframes with different interpolation methods in one channel
09:33:14 | WARNING: Baking animation because there are keyframes with different interpolation methods in one channel
09:33:14 | WARNING: Baking animation because there are keyframes with different interpolation methods in one channel
09:33:14 | WARNING: Baking animation because there are keyframes with different interpolation methods in one channel
09:33:14 | WARNING: Baking animation because there are keyframes with different interpolation methods in one channel
09:33:17 | WARNING: Baking animation because there are keyframes with different interpolation methods in one channel
09:33:17 | WARNING: Baking animation because there are keyframes with different interpolation methods in one channel
09:33:17 | WARNING: Baking animation because there are keyframes with different interpolation methods in one channel
09:33:17 | WARNING: Baking animation because there are keyframes with different interpolation methods in one channel
09:33:17 | WARNING: Baking animation because there are keyframes with different interpolation methods in one channel
09:33:17 | WARNING: Baking animation because there are keyframes with different interpolation methods in one channel
09:33:17 | WARNING: Baking animation because there are keyframes with different interpolation methods in one channel
09:33:17 | WARNING: Baking animation because there are keyframes with different interpolation methods in one channel
09:33:17 | WARNING: Baking animation because there are keyframes with different interpolation methods in one channel
09:33:17 | WARNING: Baking animation because there are keyframes with different interpolation methods in one channel
09:33:17 | WARNING: Baking animation because there are keyframes with different interpolation methods in one channel
09:33:17 | WARNING: Baking animation because there are keyframes with different interpolation methods in one channel
09:33:17 | WARNING: Baking animation because there are keyframes with different interpolation methods in one channel
09:33:17 | WARNING: Baking animation because there are keyframes with different interpolation methods in one channel
09:33:17 | WARNING: Baking animation because there are keyframes with different interpolation methods in one channel
09:33:17 | WARNING: Baking animation because there are keyframes with different interpolation methods in one channel
09:33:17 | WARNING: Baking animation because there are keyframes with different interpolation methods in one channel
09:33:17 | WARNING: Baking animation because there are keyframes with different interpolation methods in one channel
09:33:17 | WARNING: Baking animation because there are keyframes with different interpolation methods in one channel
09:33:17 | WARNING: Baking animation because there are keyframes with different interpolation methods in one channel
09:33:17 | WARNING: Baking animation because there are keyframes with different interpolation methods in one channel
09:33:17 | WARNING: Baking animation because there are keyframes with different interpolation methods in one channel
09:33:17 | WARNING: Baking animation because there are keyframes with different interpolation methods in one channel
09:33:17 | WARNING: Baking animation because there are keyframes with different interpolation methods in one channel
09:33:17 | WARNING: Baking animation because there are keyframes with different interpolation methods in one channel
09:33:17 | WARNING: Baking animation because there are keyframes with different interpolation methods in one channel
09:33:17 | WARNING: Baking animation because there are keyframes with different interpolation methods in one channel
09:33:17 | WARNING: Baking animation because there are keyframes with different interpolation methods in one channel
09:33:17 | WARNING: Baking animation because there are keyframes with different interpolation methods in one channel
09:33:17 | WARNING: Baking animation because there are keyframes with different interpolation methods in one channel
09:33:17 | WARNING: Baking animation because there are keyframes with different interpolation methods in one channel
09:33:17 | WARNING: Baking animation because there are keyframes with different interpolation methods in one channel
09:33:17 | WARNING: Baking animation because there are keyframes with different interpolation methods in one channel
09:33:17 | WARNING: Baking animation because there are keyframes with different interpolation methods in one channel
09:33:17 | WARNING: Baking animation because there are keyframes with different interpolation methods in one channel
09:33:17 | WARNING: Baking animation because there are keyframes with different interpolation methods in one channel
09:33:17 | WARNING: Baking animation because there are keyframes with different interpolation methods in one channel
09:33:17 | WARNING: Baking animation because there are keyframes with different interpolation methods in one channel
09:33:17 | WARNING: Baking animation because there are keyframes with different interpolation methods in one channel
09:33:17 | WARNING: Baking animation because there are keyframes with different interpolation methods in one channel
09:33:17 | WARNING: Baking animation because there are keyframes with different interpolation methods in one channel
09:33:17 | WARNING: Baking animation because there are keyframes with different interpolation methods in one channel
09:33:17 | WARNING: Baking animation because there are keyframes with different interpolation methods in one channel
09:33:17 | WARNING: Baking animation because there are keyframes with different interpolation methods in one channel
09:33:17 | WARNING: Baking animation because there are keyframes with different interpolation methods in one channel
09:33:17 | WARNING: Baking animation because there are keyframes with different interpolation methods in one channel
09:33:17 | WARNING: Baking animation because there are keyframes with different interpolation methods in one channel
09:33:17 | WARNING: Baking animation because there are keyframes with different interpolation methods in one channel
09:33:17 | WARNING: Baking animation because there are keyframes with different interpolation methods in one channel
09:33:17 | WARNING: Baking animation because there are keyframes with different interpolation methods in one channel
09:33:17 | WARNING: Baking animation because there are keyframes with different interpolation methods in one channel
09:33:17 | WARNING: Baking animation because there are keyframes with different interpolation methods in one channel
09:33:17 | WARNING: Baking animation because there are keyframes with different interpolation methods in one channel
09:33:18 | WARNING: Baking animation because there are keyframes with different interpolation methods in one channel
09:33:18 | WARNING: Baking animation because there are keyframes with different interpolation methods in one channel
09:33:18 | WARNING: Baking animation because there are keyframes with different interpolation methods in one channel
09:33:18 | WARNING: Baking animation because there are keyframes with different interpolation methods in one channel
09:33:18 | WARNING: Baking animation because there are keyframes with different interpolation methods in one channel
09:33:18 | WARNING: Baking animation because there are keyframes with different interpolation methods in one channel
09:33:18 | WARNING: Baking animation because there are keyframes with different interpolation methods in one channel
09:33:18 | WARNING: Baking animation because there are keyframes with different interpolation methods in one channel
09:33:18 | WARNING: Baking animation because there are keyframes with different interpolation methods in one channel
09:33:18 | WARNING: Baking animation because there are keyframes with different interpolation methods in one channel
09:33:18 | WARNING: Baking animation because there are keyframes with different interpolation methods in one channel
09:33:18 | WARNING: Baking animation because there are keyframes with different interpolation methods in one channel
09:33:18 | WARNING: Baking animation because there are keyframes with different interpolation methods in one channel
09:33:18 | WARNING: Baking animation because there are keyframes with different interpolation methods in one channel
09:33:18 | WARNING: Baking animation because there are keyframes with different interpolation methods in one channel
09:33:18 | WARNING: Baking animation because there are keyframes with different interpolation methods in one channel
09:33:18 | WARNING: Baking animation because there are keyframes with different interpolation methods in one channel
09:33:18 | WARNING: Baking animation because there are keyframes with different interpolation methods in one channel
09:33:18 | WARNING: Baking animation because there are keyframes with different interpolation methods in one channel
09:33:18 | WARNING: Baking animation because there are keyframes with different interpolation methods in one channel
09:33:18 | WARNING: Baking animation because there are keyframes with different interpolation methods in one channel
09:33:18 | WARNING: Baking animation because there are keyframes with different interpolation methods in one channel
09:33:18 | WARNING: Baking animation because there are keyframes with different interpolation methods in one channel
09:33:18 | WARNING: Baking animation because there are keyframes with different interpolation methods in one channel
09:33:18 | WARNING: Baking animation because there are keyframes with different interpolation methods in one channel
09:33:18 | WARNING: Baking animation because there are keyframes with different interpolation methods in one channel
09:33:18 | WARNING: Baking animation because there are keyframes with different interpolation methods in one channel
09:33:18 | WARNING: Baking animation because there are keyframes with different interpolation methods in one channel
09:33:18 | WARNING: Baking animation because there are keyframes with different interpolation methods in one channel
09:33:18 | WARNING: Baking animation because there are keyframes with different interpolation methods in one channel
09:33:18 | WARNING: Baking animation because there are keyframes with different interpolation methods in one channel
09:33:18 | WARNING: Baking animation because there are keyframes with different interpolation methods in one channel
09:33:18 | WARNING: Baking animation because there are keyframes with different interpolation methods in one channel
09:33:18 | WARNING: Baking animation because there are keyframes with different interpolation methods in one channel
09:33:18 | WARNING: Baking animation because there are keyframes with different interpolation methods in one channel
09:33:18 | WARNING: Baking animation because there are keyframes with different interpolation methods in one channel
09:33:18 | WARNING: Baking animation because there are keyframes with different interpolation methods in one channel
09:33:18 | WARNING: Baking animation because there are keyframes with different interpolation methods in one channel
09:33:18 | WARNING: Baking animation because there are keyframes with different interpolation methods in one channel
09:33:18 | WARNING: Baking animation because there are keyframes with different interpolation methods in one channel
09:33:18 | WARNING: Baking animation because there are keyframes with different interpolation methods in one channel
09:33:18 | WARNING: Baking animation because there are keyframes with different interpolation methods in one channel
09:33:18 | WARNING: Baking animation because there are keyframes with different interpolation methods in one channel
09:33:18 | WARNING: Baking animation because there are keyframes with different interpolation methods in one channel
09:33:18 | WARNING: Baking animation because there are keyframes with different interpolation methods in one channel
09:33:18 | WARNING: Baking animation because there are keyframes with different interpolation methods in one channel
09:33:18 | WARNING: Baking animation because there are keyframes with different interpolation methods in one channel
09:33:18 | WARNING: Baking animation because there are keyframes with different interpolation methods in one channel
09:33:18 | WARNING: Baking animation because there are keyframes with different interpolation methods in one channel
09:33:18 | WARNING: Baking animation because there are keyframes with different interpolation methods in one channel
09:33:18 | WARNING: Baking animation because there are keyframes with different interpolation methods in one channel
09:33:18 | WARNING: Baking animation because there are keyframes with different interpolation methods in one channel
09:33:18 | WARNING: Baking animation because there are keyframes with different interpolation methods in one channel
09:33:20 | INFO: Finished glTF 2.0 export in 26.882213592529297 s

C03_DONE failed=[]
C03_DONE non_ok_bools=['no_teleport']

Blender quit
Error: Not freed memory blocks: 7806, total unfreed memory 0.828075 MB
