C03_LAYOUT {"total_frames": 54, "antic": 20, "hit": 32, "hold": 4, "cancel": 44, "advance_mm": 250.0, "foot_schedule": {"L": [[0, 20], [28, 54]], "R": [[0, 28], [46, 54]]}, "seam_source": ["Heavy_01", 36], "pelvis_y0_mm": -89.388, "L_seam_mm": [152.18, -329.58, 79.74], "R_seam_mm": [-141.58, 140.44, 79.8], "L_end_mm": [143.18, -508.96, 79.76], "R_end_mm": [-141.58, -198.96, 79.83], "L_step_mm": 179.38, "R_step_mm": 339.39, "seam_sole_mm": {"L": 0.622, "R": -1.574}, "seam_extra_bones": [], "note": "上游接缝 = Heavy_01 的 CANCEL 帧；末帧 = Idle_01@0 平移；L 在沉髋段跨步、R 蹬离后前落。"}
C03_CALIBRATION {"per_window": {"L_w0": {"pivot_mm": [158.18, -535.6, 15.834], "pivot_vertex": ["Shoe_Sole_L", 141], "ankle_flat_mm": [152.18, -329.6, 83.33]}, "R_w0": {"pivot_mm": [-147.58, -65.57, 13.606], "pivot_vertex": ["Shoe_Sole_R", 141], "ankle_flat_mm": [-141.58, 140.43, 81.11]}, "L_w1": {"pivot_mm": [149.18, -714.97, 11.2], "pivot_vertex": ["Shoe_Sole_L", 141], "ankle_flat_mm": [143.18, -508.97, 78.7]}, "R_w1": {"pivot_mm": [-147.58, -404.96, 13.292], "pivot_vertex": ["Shoe_Sole_R", 141], "ankle_flat_mm": [-141.58, -198.96, 80.79]}}, "pivot_axis_world": [1.0, 0.0, 0.0], "pivot_axis_dev_deg": 0.0, "pivot_scale": 1.0, "tip_off_ankle_z_mm": 102.27, "note": "支点 x/y 由构造不变（贴地闭环只改 z）；az0 = 踝高 − 鞋底最低点。本支足尖角 ≤ 6° ⟹ 支点漂移由构造接近零。"}
C03_REPORT {"loop_seamless": null, "ground_min_mm": -1.57, "ground_contact_ok": true, "max_frame_step_deg": 34.693, "max_frame_step_at": [16, "forearm.R"], "no_teleport": false, "bone_travel_mm": {"pelvis": 387.22, "chest": 460.2, "head": 639.78, "hand.L": 876.27, "hand.R": 1299.64}, "seam_start_delta": 0.0, "seam_start_ok": true, "seam_end_pose_delta": 2.384e-07, "seam_end_orient_delta": 2.384e-07, "seam_end_relative_delta": 1.192e-07, "seam_end_raw_delta": 0.3394, "seam_end_orient_bone": "thumb_02.R", "seam_end_relative_bone": "middle_01.L", "root_motion_m": -0.25, "seam_end_ok": true, "root_motion_ok": true, "advance_total_mm": -250.0, "pivot_drift_mm": {"L_w0_mm": 0.0256, "L_w1_mm": 0.0777, "R_w0_mm": 0.0062, "R_w1_mm": 0.3404}, "stance_pivot_ok": true, "plant_sole_mm": {"L_w0": [-0.024, 0.622], "L_w1": [-0.01, 1.055], "R_w0": [-1.574, 0.001], "R_w1": [-0.962, -0.001]}, "stance_sole_ok": true, "unsupported_frames": [], "always_supported_ok": true, "air_sole_min_mm": 6.02, "swing_airborne_ok": true, "strike_window": [20, 32], "strike_metrics": {"hand.R": {"z_drop_world_mm": 1587.63, "fwd_world_mm": 933.55, "lat_world_mm": 93.29, "path_world_mm": 2301.15, "net_world_mm": 1844.12, "down_dom_world": 0.6899, "fwd_dom_world": 0.4057, "fwd_ratio_net": 0.5062, "z_drop_rel_mm": 1299.63, "fwd_rel_mm": 678.55, "path_rel_mm": 1964.4, "down_dom_rel": 0.6616, "z_start_mm": 1950.49, "z_end_mm": 362.87, "window": [20, 32]}, "hand.L": {"z_drop_world_mm": 873.55, "fwd_world_mm": 317.23, "lat_world_mm": 42.27, "path_world_mm": 1308.98, "net_world_mm": 930.33, "down_dom_world": 0.6674, "fwd_dom_world": 0.2424, "fwd_ratio_net": 0.341, "z_drop_rel_mm": 585.55, "fwd_rel_mm": 62.23, "path_rel_mm": 1047.36, "down_dom_rel": 0.5591, "z_start_mm": 1229.12, "z_end_mm": 355.57, "window": [20, 32]}}, "strike_hand": "hand.R", "z_drop_world_mm": 1587.63, "z_drop_rel_mm": 1299.63, "fwd_world_mm": 933.55, "lat_world_mm": 93.29, "net_world_mm": 1844.12, "path_world_mm": 2301.15, "down_dom_world": 0.6899, "fwd_dom_world": 0.4057, "fwd_ratio_net": 0.5062, "z_drop_min_mm": 1556.75, "z_drop_ratio_vs_combo": 1.1728, "knockdown_down_ok": true, "knockdown_fwd_ratio_ok": true, "knockdown_z_ok": true, "fist_down_monotone_ratio": 1.0, "fist_down_monotone_ok": true, "fist_z_start_mm": 1950.49, "fist_z_end_mm": 362.87, "amplitude_baseline": {"combo_finish_z_drop_mm": 1353.7, "combo_finish_z_drop_rel_mm": 1329.7, "combo_finish_fwd_mm": 2046.68, "combo_finish_fwd_ratio_net": 0.8337, "launcher_fwd_ratio_net": -0.0472}, "down_ratio": 1.15, "pelvis_z_min_mm": 511.74, "pelvis_z_max_mm": 830.0, "pelvis_z_min_frame": 34, "pelvis_z_max_frame": 54, "pelvis_z_sink_mm": 318.26, "pelvis_z_at_antic_mm": 816.0, "pelvis_z_at_hit_mm": 528.0, "pelvis_sink_ok": true, "hitstop_frozen_steps": [0.0, 0.0, 0.0], "hitstop_worst": [[33, null, 0.0], [34, null, 0.0], [35, null, 0.0]], "hitstop_present_ok": true, "hitstop_momentum_mm": 30.0, "hitstop_rise_mm": -10.0, "hitstop_keeps_momentum_ok": true, "power_chain_channels_deg": {"pelvis": 19.267, "spine_01": 9.633, "spine_02": 9.633, "chest": 19.165, "shoulder.L": 22.0, "shoulder.R": 19.86, "thigh.L": 89.973, "shin.L": 108.748, "thigh.R": 53.186, "shin.R": 115.758}, "power_chain_ok": true, "leg_reach_max_ratio": {"L": 0.99107, "R": 0.94431}, "leg_reach_peak": {"L": [17, 814.66], "R": [54, 776.23]}, "ik_reach_ok": true, "return_tail": [10.2352, 9.9547, 9.6661, 9.3685, 9.0612, 8.7431, 8.413, 8.0694, 7.7104, 7.3817, 6.937, 6.5159, 6.0656, 5.579, 5.0455, 4.4482, 3.7563, 2.9008, 1.5865], "return_tail_bones": ["forearm.L", "forearm.L", "forearm.L", "forearm.L", "forearm.L", "forearm.L", "forearm.L", "forearm.L", "forearm.L", "shin.R", "forearm.L", "forearm.L", "forearm.L", "forearm.L", "forearm.L", "forearm.L", "forearm.L", "forearm.L", "forearm.L"], "decel_smooth_ok": true, "no_snap_stop_ok": true, "return_tail_zero_frames": 0, "local_step_max_deg": 18.859, "local_step_max_at": [28, "upperarm.R"], "antic_frames": 20, "antic_frames_ok": true, "hitstop_frames": 4, "hitstop_frames_ok": true, "knock_window": [20, 32], "world_step_max_deg": 20.906, "world_step_max_at": [25, "hand.R"], "world_step_ok": true, "max_abs_euler_y_deg": 85.99, "arm_roll_max_deg": {"upperarm.L": 0.0, "forearm.L": 22.0, "hand.L": 8.0, "upperarm.R": 6.0, "forearm.R": 24.0, "hand.R": 8.0}, "meta": {"anim_id": "Knockdown_Attack", "loop": false, "category": "连招与特殊技", "note": "击倒技：接 Heavy_01 可取消帧，后手高举过头后方蓄力 → 跨步前冲 + 屈膝沉髋 → 斜下劈到身前膝高，力向**向下 + 向前**；命中 4 帧爆发停顿（髋继续前压 30 mm）；Root Motion 前冲 0.250 m", "antic_frame": 20, "hit_frame": 32, "cancel_frame": 44, "hitstop_frames": 4, "root_motion_m": [0.0, -0.25], "amplitude_baseline": {"combo_finish_z_drop_mm": 1353.7, "combo_finish_z_drop_rel_mm": 1329.7, "combo_finish_fwd_mm": 2046.68, "combo_finish_fwd_ratio_net": 0.8337, "launcher_fwd_ratio_net": -0.0472}, "hit_point_m": null, "fps": 60, "frames": [0, 54]}, "failed": [], "non_ok_bools": ["no_teleport"]}
Info: Saved as "bigman_anim_v001.blend"
INFO Draco mesh compression is available, use library at D:\Program Files\Blender Foundation\Blender 4.5\4.5\scripts\addons_core\io_scene_gltf2\extern_draco.dll
08:56:11 | INFO: Starting glTF 2.0 export
08:56:11 | INFO: Extracting primitive: Mesh
08:56:11 | INFO: Primitives created: 1
08:56:11 | INFO: Extracting primitive: Mesh
08:56:11 | INFO: Primitives created: 1
08:56:11 | INFO: Extracting primitive: Collar_Point_L
08:56:11 | INFO: Primitives created: 1
08:56:11 | INFO: Extracting primitive: Collar_Point_R
08:56:11 | INFO: Primitives created: 1
08:56:11 | INFO: Extracting primitive: Ear_Inner_L
08:56:11 | INFO: Primitives created: 1
08:56:11 | INFO: Extracting primitive: Ear_Inner_R
08:56:11 | INFO: Primitives created: 1
08:56:11 | INFO: Extracting primitive: Ear_L
08:56:11 | INFO: Primitives created: 1
08:56:11 | INFO: Extracting primitive: Ear_Lobe_L
08:56:11 | INFO: Primitives created: 1
08:56:11 | INFO: Extracting primitive: Ear_Lobe_R
08:56:11 | INFO: Primitives created: 1
08:56:11 | INFO: Extracting primitive: Ear_R
08:56:11 | INFO: Primitives created: 1
08:56:11 | INFO: Extracting primitive: Eye_Glint_L
08:56:11 | INFO: Primitives created: 1
08:56:11 | INFO: Extracting primitive: Eye_Glint_R
08:56:11 | INFO: Primitives created: 1
08:56:11 | INFO: Extracting primitive: Eye_Line_Upper_L
08:56:11 | INFO: Primitives created: 1
08:56:11 | INFO: Extracting primitive: Eye_Line_Upper_R
08:56:11 | INFO: Primitives created: 1
08:56:11 | INFO: Extracting primitive: Eye_White_L
08:56:11 | INFO: Primitives created: 1
08:56:11 | INFO: Extracting primitive: Eye_White_R
08:56:11 | INFO: Primitives created: 1
08:56:11 | INFO: Extracting primitive: Eyebrow_L
08:56:11 | INFO: Primitives created: 1
08:56:11 | INFO: Extracting primitive: Eyebrow_R
08:56:11 | INFO: Primitives created: 1
08:56:11 | INFO: Extracting primitive: Eyelid_Lower_L
08:56:11 | INFO: Primitives created: 1
08:56:11 | INFO: Extracting primitive: Eyelid_Lower_R
08:56:11 | INFO: Primitives created: 1
08:56:11 | INFO: Extracting primitive: Eyelid_Upper_L
08:56:11 | INFO: Primitives created: 1
08:56:11 | INFO: Extracting primitive: Eyelid_Upper_R
08:56:11 | INFO: Primitives created: 1
08:56:11 | INFO: Extracting primitive: Mesh
08:56:11 | INFO: Primitives created: 1
08:56:11 | INFO: Extracting primitive: Mesh
08:56:11 | INFO: Primitives created: 1
08:56:11 | INFO: Extracting primitive: Mesh
08:56:11 | INFO: Primitives created: 1
08:56:11 | INFO: Extracting primitive: Mesh
08:56:11 | INFO: Primitives created: 1
08:56:11 | INFO: Extracting primitive: Mesh
08:56:11 | INFO: Primitives created: 1
08:56:11 | INFO: Extracting primitive: Mesh
08:56:11 | INFO: Primitives created: 1
08:56:11 | INFO: Extracting primitive: Mesh
08:56:11 | INFO: Primitives created: 1
08:56:11 | INFO: Extracting primitive: Mesh
08:56:11 | INFO: Primitives created: 1
08:56:11 | INFO: Extracting primitive: Glasses_Bridge
08:56:11 | INFO: Primitives created: 1
08:56:11 | INFO: Extracting primitive: Glasses_Frame_L
08:56:11 | INFO: Primitives created: 1
08:56:11 | INFO: Extracting primitive: Glasses_Frame_R
08:56:11 | INFO: Primitives created: 1
08:56:11 | INFO: Extracting primitive: Glasses_Temple_L
08:56:11 | INFO: Primitives created: 1
08:56:11 | INFO: Extracting primitive: Glasses_Temple_R
08:56:11 | INFO: Primitives created: 1
08:56:11 | INFO: Extracting primitive: Mesh
08:56:11 | INFO: Primitives created: 1
08:56:11 | INFO: Extracting primitive: Mesh
08:56:11 | INFO: Primitives created: 1
08:56:11 | INFO: Extracting primitive: Mesh
08:56:11 | INFO: Primitives created: 1
08:56:11 | INFO: Extracting primitive: Mesh
08:56:11 | INFO: Primitives created: 1
08:56:11 | INFO: Extracting primitive: Mesh
08:56:11 | INFO: Primitives created: 1
08:56:11 | INFO: Extracting primitive: Iris_L
08:56:11 | INFO: Primitives created: 1
08:56:11 | INFO: Extracting primitive: Iris_R
08:56:11 | INFO: Primitives created: 1
08:56:11 | INFO: Extracting primitive: Iris_Ring_L
08:56:11 | INFO: Primitives created: 1
08:56:11 | INFO: Extracting primitive: Iris_Ring_R
08:56:11 | INFO: Primitives created: 1
08:56:11 | INFO: Extracting primitive: Jacket_Back_Seam
08:56:11 | INFO: Primitives created: 1
08:56:11 | INFO: Extracting primitive: Jacket_Button_1
08:56:11 | INFO: Primitives created: 1
08:56:11 | INFO: Extracting primitive: Jacket_Button_2
08:56:11 | INFO: Primitives created: 1
08:56:11 | INFO: Extracting primitive: Jacket_Collar
08:56:11 | INFO: Primitives created: 1
08:56:11 | INFO: Extracting primitive: Jacket_Lapel_L
08:56:11 | INFO: Primitives created: 1
08:56:11 | INFO: Extracting primitive: Jacket_Lapel_R
08:56:11 | INFO: Primitives created: 1
08:56:11 | INFO: Extracting primitive: Jacket_Vent
08:56:11 | INFO: Primitives created: 1
08:56:11 | INFO: Extracting primitive: Lapel_Fold_L
08:56:11 | INFO: Primitives created: 1
08:56:11 | INFO: Extracting primitive: Lapel_Fold_R
08:56:11 | INFO: Primitives created: 1
08:56:11 | INFO: Extracting primitive: Lapel_Notch_L
08:56:11 | INFO: Primitives created: 1
08:56:11 | INFO: Extracting primitive: Lapel_Notch_R
08:56:11 | INFO: Primitives created: 1
08:56:11 | INFO: Extracting primitive: Lower_Lip
08:56:11 | INFO: Primitives created: 1
08:56:11 | INFO: Extracting primitive: Mouth_Line
08:56:11 | INFO: Primitives created: 1
08:56:11 | INFO: Extracting primitive: Mesh
08:56:11 | INFO: Primitives created: 1
08:56:11 | INFO: Extracting primitive: Mesh
08:56:11 | INFO: Primitives created: 1
08:56:11 | INFO: Extracting primitive: Nose_Wing_L
08:56:11 | INFO: Primitives created: 1
08:56:11 | INFO: Extracting primitive: Nose_Wing_R
08:56:11 | INFO: Primitives created: 1
08:56:11 | INFO: Extracting primitive: Pocket_Flap_L
08:56:11 | INFO: Primitives created: 1
08:56:11 | INFO: Extracting primitive: Pocket_Flap_R
08:56:11 | INFO: Primitives created: 1
08:56:11 | INFO: Extracting primitive: Pupil_L
08:56:11 | INFO: Primitives created: 1
08:56:11 | INFO: Extracting primitive: Pupil_R
08:56:11 | INFO: Primitives created: 1
08:56:11 | INFO: Extracting primitive: Shirt_Collar
08:56:11 | INFO: Primitives created: 1
08:56:11 | INFO: Extracting primitive: Shirt_Cuff_L
08:56:11 | INFO: Primitives created: 1
08:56:11 | INFO: Extracting primitive: Shirt_Cuff_R
08:56:11 | INFO: Primitives created: 1
08:56:11 | INFO: Extracting primitive: Shirt_Front
08:56:11 | INFO: Primitives created: 1
08:56:11 | INFO: Extracting primitive: Mesh
08:56:11 | INFO: Primitives created: 1
08:56:11 | INFO: Extracting primitive: Mesh
08:56:11 | INFO: Primitives created: 1
08:56:11 | INFO: Extracting primitive: Mesh
08:56:11 | INFO: Primitives created: 1
08:56:11 | INFO: Extracting primitive: Mesh
08:56:11 | INFO: Primitives created: 1
08:56:11 | INFO: Extracting primitive: Shoe_Toe_Cap_L
08:56:11 | INFO: Primitives created: 1
08:56:11 | INFO: Extracting primitive: Shoe_Toe_Cap_R
08:56:11 | INFO: Primitives created: 1
08:56:11 | INFO: Extracting primitive: Mesh
08:56:11 | INFO: Primitives created: 1
08:56:11 | INFO: Extracting primitive: Mesh
08:56:11 | INFO: Primitives created: 1
08:56:11 | INFO: Extracting primitive: Sleeve_Button_1_L
08:56:11 | INFO: Primitives created: 1
08:56:11 | INFO: Extracting primitive: Sleeve_Button_1_R
08:56:11 | INFO: Primitives created: 1
08:56:11 | INFO: Extracting primitive: Sleeve_Button_2_L
08:56:11 | INFO: Primitives created: 1
08:56:11 | INFO: Extracting primitive: Sleeve_Button_2_R
08:56:11 | INFO: Primitives created: 1
08:56:11 | INFO: Extracting primitive: Sleeve_Button_3_L
08:56:11 | INFO: Primitives created: 1
08:56:11 | INFO: Extracting primitive: Sleeve_Button_3_R
08:56:11 | INFO: Primitives created: 1
08:56:11 | INFO: Extracting primitive: Mesh
08:56:11 | INFO: Primitives created: 1
08:56:11 | INFO: Extracting primitive: Mesh
08:56:11 | INFO: Primitives created: 1
08:56:11 | INFO: Extracting primitive: Mesh
08:56:11 | INFO: Primitives created: 1
08:56:11 | INFO: Extracting primitive: Mesh
08:56:11 | INFO: Primitives created: 1
08:56:11 | INFO: Extracting primitive: Mesh
08:56:11 | INFO: Primitives created: 1
08:56:12 | INFO: Extracting primitive: Mesh
08:56:12 | INFO: Primitives created: 1
08:56:12 | INFO: Extracting primitive: Mesh
08:56:12 | INFO: Primitives created: 1
08:56:12 | INFO: Extracting primitive: Upper_Lip
08:56:12 | INFO: Primitives created: 1
08:56:21 | WARNING: Baking animation because there are keyframes with different interpolation methods in one channel
08:56:21 | WARNING: Baking animation because there are keyframes with different interpolation methods in one channel
08:56:21 | WARNING: Baking animation because there are keyframes with different interpolation methods in one channel
08:56:21 | WARNING: Baking animation because there are keyframes with different interpolation methods in one channel
08:56:21 | WARNING: Baking animation because there are keyframes with different interpolation methods in one channel
08:56:21 | WARNING: Baking animation because there are keyframes with different interpolation methods in one channel
08:56:21 | WARNING: Baking animation because there are keyframes with different interpolation methods in one channel
08:56:21 | WARNING: Baking animation because there are keyframes with different interpolation methods in one channel
08:56:21 | WARNING: Baking animation because there are keyframes with different interpolation methods in one channel
08:56:21 | WARNING: Baking animation because there are keyframes with different interpolation methods in one channel
08:56:21 | WARNING: Baking animation because there are keyframes with different interpolation methods in one channel
08:56:21 | WARNING: Baking animation because there are keyframes with different interpolation methods in one channel
08:56:21 | WARNING: Baking animation because there are keyframes with different interpolation methods in one channel
08:56:21 | WARNING: Baking animation because there are keyframes with different interpolation methods in one channel
08:56:21 | WARNING: Baking animation because there are keyframes with different interpolation methods in one channel
08:56:21 | WARNING: Baking animation because there are keyframes with different interpolation methods in one channel
08:56:21 | WARNING: Baking animation because there are keyframes with different interpolation methods in one channel
08:56:21 | WARNING: Baking animation because there are keyframes with different interpolation methods in one channel
08:56:21 | WARNING: Baking animation because there are keyframes with different interpolation methods in one channel
08:56:21 | WARNING: Baking animation because there are keyframes with different interpolation methods in one channel
08:56:21 | WARNING: Baking animation because there are keyframes with different interpolation methods in one channel
08:56:21 | WARNING: Baking animation because there are keyframes with different interpolation methods in one channel
08:56:21 | WARNING: Baking animation because there are keyframes with different interpolation methods in one channel
08:56:21 | WARNING: Baking animation because there are keyframes with different interpolation methods in one channel
08:56:21 | WARNING: Baking animation because there are keyframes with different interpolation methods in one channel
08:56:21 | WARNING: Baking animation because there are keyframes with different interpolation methods in one channel
08:56:21 | WARNING: Baking animation because there are keyframes with different interpolation methods in one channel
08:56:21 | WARNING: Baking animation because there are keyframes with different interpolation methods in one channel
08:56:21 | WARNING: Baking animation because there are keyframes with different interpolation methods in one channel
08:56:21 | WARNING: Baking animation because there are keyframes with different interpolation methods in one channel
08:56:21 | WARNING: Baking animation because there are keyframes with different interpolation methods in one channel
08:56:21 | WARNING: Baking animation because there are keyframes with different interpolation methods in one channel
08:56:21 | WARNING: Baking animation because there are keyframes with different interpolation methods in one channel
08:56:21 | WARNING: Baking animation because there are keyframes with different interpolation methods in one channel
08:56:21 | WARNING: Baking animation because there are keyframes with different interpolation methods in one channel
08:56:21 | WARNING: Baking animation because there are keyframes with different interpolation methods in one channel
08:56:21 | WARNING: Baking animation because there are keyframes with different interpolation methods in one channel
08:56:21 | WARNING: Baking animation because there are keyframes with different interpolation methods in one channel
08:56:21 | WARNING: Baking animation because there are keyframes with different interpolation methods in one channel
08:56:21 | WARNING: Baking animation because there are keyframes with different interpolation methods in one channel
08:56:21 | WARNING: Baking animation because there are keyframes with different interpolation methods in one channel
08:56:21 | WARNING: Baking animation because there are keyframes with different interpolation methods in one channel
08:56:21 | WARNING: Baking animation because there are keyframes with different interpolation methods in one channel
08:56:21 | WARNING: Baking animation because there are keyframes with different interpolation methods in one channel
08:56:21 | WARNING: Baking animation because there are keyframes with different interpolation methods in one channel
08:56:21 | WARNING: Baking animation because there are keyframes with different interpolation methods in one channel
08:56:21 | WARNING: Baking animation because there are keyframes with different interpolation methods in one channel
08:56:21 | WARNING: Baking animation because there are keyframes with different interpolation methods in one channel
08:56:21 | WARNING: Baking animation because there are keyframes with different interpolation methods in one channel
08:56:21 | WARNING: Baking animation because there are keyframes with different interpolation methods in one channel
08:56:21 | WARNING: Baking animation because there are keyframes with different interpolation methods in one channel
08:56:21 | WARNING: Baking animation because there are keyframes with different interpolation methods in one channel
08:56:21 | WARNING: Baking animation because there are keyframes with different interpolation methods in one channel
08:56:22 | WARNING: Baking animation because there are keyframes with different interpolation methods in one channel
08:56:22 | WARNING: Baking animation because there are keyframes with different interpolation methods in one channel
08:56:22 | WARNING: Baking animation because there are keyframes with different interpolation methods in one channel
08:56:22 | WARNING: Baking animation because there are keyframes with different interpolation methods in one channel
08:56:22 | WARNING: Baking animation because there are keyframes with different interpolation methods in one channel
08:56:22 | WARNING: Baking animation because there are keyframes with different interpolation methods in one channel
08:56:22 | WARNING: Baking animation because there are keyframes with different interpolation methods in one channel
08:56:22 | WARNING: Baking animation because there are keyframes with different interpolation methods in one channel
08:56:22 | WARNING: Baking animation because there are keyframes with different interpolation methods in one channel
08:56:22 | WARNING: Baking animation because there are keyframes with different interpolation methods in one channel
08:56:22 | WARNING: Baking animation because there are keyframes with different interpolation methods in one channel
08:56:22 | WARNING: Baking animation because there are keyframes with different interpolation methods in one channel
08:56:22 | WARNING: Baking animation because there are keyframes with different interpolation methods in one channel
08:56:22 | WARNING: Baking animation because there are keyframes with different interpolation methods in one channel
08:56:22 | WARNING: Baking animation because there are keyframes with different interpolation methods in one channel
08:56:22 | WARNING: Baking animation because there are keyframes with different interpolation methods in one channel
08:56:22 | WARNING: Baking animation because there are keyframes with different interpolation methods in one channel
08:56:22 | WARNING: Baking animation because there are keyframes with different interpolation methods in one channel
08:56:22 | WARNING: Baking animation because there are keyframes with different interpolation methods in one channel
08:56:22 | WARNING: Baking animation because there are keyframes with different interpolation methods in one channel
08:56:22 | WARNING: Baking animation because there are keyframes with different interpolation methods in one channel
08:56:22 | WARNING: Baking animation because there are keyframes with different interpolation methods in one channel
08:56:22 | WARNING: Baking animation because there are keyframes with different interpolation methods in one channel
08:56:22 | WARNING: Baking animation because there are keyframes with different interpolation methods in one channel
08:56:22 | WARNING: Baking animation because there are keyframes with different interpolation methods in one channel
08:56:22 | WARNING: Baking animation because there are keyframes with different interpolation methods in one channel
08:56:22 | WARNING: Baking animation because there are keyframes with different interpolation methods in one channel
08:56:22 | WARNING: Baking animation because there are keyframes with different interpolation methods in one channel
08:56:22 | WARNING: Baking animation because there are keyframes with different interpolation methods in one channel
08:56:22 | WARNING: Baking animation because there are keyframes with different interpolation methods in one channel
08:56:22 | WARNING: Baking animation because there are keyframes with different interpolation methods in one channel
08:56:22 | WARNING: Baking animation because there are keyframes with different interpolation methods in one channel
08:56:22 | WARNING: Baking animation because there are keyframes with different interpolation methods in one channel
08:56:22 | WARNING: Baking animation because there are keyframes with different interpolation methods in one channel
08:56:22 | WARNING: Baking animation because there are keyframes with different interpolation methods in one channel
08:56:22 | WARNING: Baking animation because there are keyframes with different interpolation methods in one channel
08:56:22 | WARNING: Baking animation because there are keyframes with different interpolation methods in one channel
08:56:22 | WARNING: Baking animation because there are keyframes with different interpolation methods in one channel
08:56:22 | WARNING: Baking animation because there are keyframes with different interpolation methods in one channel
08:56:22 | WARNING: Baking animation because there are keyframes with different interpolation methods in one channel
08:56:22 | WARNING: Baking animation because there are keyframes with different interpolation methods in one channel
08:56:22 | WARNING: Baking animation because there are keyframes with different interpolation methods in one channel
08:56:22 | WARNING: Baking animation because there are keyframes with different interpolation methods in one channel
08:56:22 | WARNING: Baking animation because there are keyframes with different interpolation methods in one channel
08:56:22 | WARNING: Baking animation because there are keyframes with different interpolation methods in one channel
08:56:22 | WARNING: Baking animation because there are keyframes with different interpolation methods in one channel
08:56:22 | WARNING: Baking animation because there are keyframes with different interpolation methods in one channel
08:56:22 | WARNING: Baking animation because there are keyframes with different interpolation methods in one channel
08:56:22 | WARNING: Baking animation because there are keyframes with different interpolation methods in one channel
08:56:22 | WARNING: Baking animation because there are keyframes with different interpolation methods in one channel
08:56:22 | WARNING: Baking animation because there are keyframes with different interpolation methods in one channel
08:56:22 | WARNING: Baking animation because there are keyframes with different interpolation methods in one channel
08:56:22 | WARNING: Baking animation because there are keyframes with different interpolation methods in one channel
08:56:22 | WARNING: Baking animation because there are keyframes with different interpolation methods in one channel
08:56:22 | WARNING: Baking animation because there are keyframes with different interpolation methods in one channel
08:56:22 | WARNING: Baking animation because there are keyframes with different interpolation methods in one channel
08:56:22 | WARNING: Baking animation because there are keyframes with different interpolation methods in one channel
08:56:22 | WARNING: Baking animation because there are keyframes with different interpolation methods in one channel
08:56:22 | WARNING: Baking animation because there are keyframes with different interpolation methods in one channel
08:56:22 | WARNING: Baking animation because there are keyframes with different interpolation methods in one channel
08:56:22 | WARNING: Baking animation because there are keyframes with different interpolation methods in one channel
08:56:22 | WARNING: Baking animation because there are keyframes with different interpolation methods in one channel
08:56:22 | WARNING: Baking animation because there are keyframes with different interpolation methods in one channel
08:56:22 | WARNING: Baking animation because there are keyframes with different interpolation methods in one channel
08:56:22 | WARNING: Baking animation because there are keyframes with different interpolation methods in one channel
08:56:22 | WARNING: Baking animation because there are keyframes with different interpolation methods in one channel
08:56:22 | WARNING: Baking animation because there are keyframes with different interpolation methods in one channel
08:56:22 | WARNING: Baking animation because there are keyframes with different interpolation methods in one channel
08:56:22 | WARNING: Baking animation because there are keyframes with different interpolation methods in one channel
08:56:22 | WARNING: Baking animation because there are keyframes with different interpolation methods in one channel
08:56:22 | WARNING: Baking animation because there are keyframes with different interpolation methods in one channel
08:56:22 | WARNING: Baking animation because there are keyframes with different interpolation methods in one channel
08:56:22 | WARNING: Baking animation because there are keyframes with different interpolation methods in one channel
08:56:22 | WARNING: Baking animation because there are keyframes with different interpolation methods in one channel
08:56:22 | WARNING: Baking animation because there are keyframes with different interpolation methods in one channel
08:56:22 | WARNING: Baking animation because there are keyframes with different interpolation methods in one channel
08:56:22 | WARNING: Baking animation because there are keyframes with different interpolation methods in one channel
08:56:22 | WARNING: Baking animation because there are keyframes with different interpolation methods in one channel
08:56:22 | WARNING: Baking animation because there are keyframes with different interpolation methods in one channel
08:56:22 | WARNING: Baking animation because there are keyframes with different interpolation methods in one channel
08:56:22 | WARNING: Baking animation because there are keyframes with different interpolation methods in one channel
08:56:22 | WARNING: Baking animation because there are keyframes with different interpolation methods in one channel
08:56:22 | WARNING: Baking animation because there are keyframes with different interpolation methods in one channel
08:56:22 | WARNING: Baking animation because there are keyframes with different interpolation methods in one channel
08:56:22 | WARNING: Baking animation because there are keyframes with different interpolation methods in one channel
08:56:22 | WARNING: Baking animation because there are keyframes with different interpolation methods in one channel
08:56:22 | WARNING: Baking animation because there are keyframes with different interpolation methods in one channel
08:56:22 | WARNING: Baking animation because there are keyframes with different interpolation methods in one channel
08:56:22 | WARNING: Baking animation because there are keyframes with different interpolation methods in one channel
08:56:22 | WARNING: Baking animation because there are keyframes with different interpolation methods in one channel
08:56:22 | WARNING: Baking animation because there are keyframes with different interpolation methods in one channel
08:56:22 | WARNING: Baking animation because there are keyframes with different interpolation methods in one channel
08:56:22 | WARNING: Baking animation because there are keyframes with different interpolation methods in one channel
08:56:22 | WARNING: Baking animation because there are keyframes with different interpolation methods in one channel
08:56:22 | WARNING: Baking animation because there are keyframes with different interpolation methods in one channel
08:56:22 | WARNING: Baking animation because there are keyframes with different interpolation methods in one channel
08:56:22 | WARNING: Baking animation because there are keyframes with different interpolation methods in one channel
08:56:22 | WARNING: Baking animation because there are keyframes with different interpolation methods in one channel
08:56:22 | WARNING: Baking animation because there are keyframes with different interpolation methods in one channel
08:56:22 | WARNING: Baking animation because there are keyframes with different interpolation methods in one channel
08:56:22 | WARNING: Baking animation because there are keyframes with different interpolation methods in one channel
08:56:22 | WARNING: Baking animation because there are keyframes with different interpolation methods in one channel
08:56:22 | WARNING: Baking animation because there are keyframes with different interpolation methods in one channel
08:56:22 | WARNING: Baking animation because there are keyframes with different interpolation methods in one channel
08:56:22 | WARNING: Baking animation because there are keyframes with different interpolation methods in one channel
08:56:22 | WARNING: Baking animation because there are keyframes with different interpolation methods in one channel
08:56:24 | WARNING: Baking animation because there are keyframes with different interpolation methods in one channel
08:56:24 | WARNING: Baking animation because there are keyframes with different interpolation methods in one channel
08:56:24 | WARNING: Baking animation because there are keyframes with different interpolation methods in one channel
08:56:24 | WARNING: Baking animation because there are keyframes with different interpolation methods in one channel
08:56:24 | WARNING: Baking animation because there are keyframes with different interpolation methods in one channel
08:56:24 | WARNING: Baking animation because there are keyframes with different interpolation methods in one channel
08:56:24 | WARNING: Baking animation because there are keyframes with different interpolation methods in one channel
08:56:24 | WARNING: Baking animation because there are keyframes with different interpolation methods in one channel
08:56:24 | WARNING: Baking animation because there are keyframes with different interpolation methods in one channel
08:56:24 | WARNING: Baking animation because there are keyframes with different interpolation methods in one channel
08:56:24 | WARNING: Baking animation because there are keyframes with different interpolation methods in one channel
08:56:24 | WARNING: Baking animation because there are keyframes with different interpolation methods in one channel
08:56:24 | WARNING: Baking animation because there are keyframes with different interpolation methods in one channel
08:56:24 | WARNING: Baking animation because there are keyframes with different interpolation methods in one channel
08:56:24 | WARNING: Baking animation because there are keyframes with different interpolation methods in one channel
08:56:24 | WARNING: Baking animation because there are keyframes with different interpolation methods in one channel
08:56:24 | WARNING: Baking animation because there are keyframes with different interpolation methods in one channel
08:56:24 | WARNING: Baking animation because there are keyframes with different interpolation methods in one channel
08:56:24 | WARNING: Baking animation because there are keyframes with different interpolation methods in one channel
08:56:24 | WARNING: Baking animation because there are keyframes with different interpolation methods in one channel
08:56:24 | WARNING: Baking animation because there are keyframes with different interpolation methods in one channel
08:56:24 | WARNING: Baking animation because there are keyframes with different interpolation methods in one channel
08:56:24 | WARNING: Baking animation because there are keyframes with different interpolation methods in one channel
08:56:24 | WARNING: Baking animation because there are keyframes with different interpolation methods in one channel
08:56:24 | WARNING: Baking animation because there are keyframes with different interpolation methods in one channel
08:56:24 | WARNING: Baking animation because there are keyframes with different interpolation methods in one channel
08:56:24 | WARNING: Baking animation because there are keyframes with different interpolation methods in one channel
08:56:24 | WARNING: Baking animation because there are keyframes with different interpolation methods in one channel
08:56:24 | WARNING: Baking animation because there are keyframes with different interpolation methods in one channel
08:56:24 | WARNING: Baking animation because there are keyframes with different interpolation methods in one channel
08:56:24 | WARNING: Baking animation because there are keyframes with different interpolation methods in one channel
08:56:24 | WARNING: Baking animation because there are keyframes with different interpolation methods in one channel
08:56:24 | WARNING: Baking animation because there are keyframes with different interpolation methods in one channel
08:56:24 | WARNING: Baking animation because there are keyframes with different interpolation methods in one channel
08:56:24 | WARNING: Baking animation because there are keyframes with different interpolation methods in one channel
08:56:24 | WARNING: Baking animation because there are keyframes with different interpolation methods in one channel
08:56:24 | WARNING: Baking animation because there are keyframes with different interpolation methods in one channel
08:56:24 | WARNING: Baking animation because there are keyframes with different interpolation methods in one channel
08:56:24 | WARNING: Baking animation because there are keyframes with different interpolation methods in one channel
08:56:24 | WARNING: Baking animation because there are keyframes with different interpolation methods in one channel
08:56:24 | WARNING: Baking animation because there are keyframes with different interpolation methods in one channel
08:56:24 | WARNING: Baking animation because there are keyframes with different interpolation methods in one channel
08:56:24 | WARNING: Baking animation because there are keyframes with different interpolation methods in one channel
08:56:24 | WARNING: Baking animation because there are keyframes with different interpolation methods in one channel
08:56:24 | WARNING: Baking animation because there are keyframes with different interpolation methods in one channel
08:56:24 | WARNING: Baking animation because there are keyframes with different interpolation methods in one channel
08:56:24 | WARNING: Baking animation because there are keyframes with different interpolation methods in one channel
08:56:24 | WARNING: Baking animation because there are keyframes with different interpolation methods in one channel
08:56:24 | WARNING: Baking animation because there are keyframes with different interpolation methods in one channel
08:56:24 | WARNING: Baking animation because there are keyframes with different interpolation methods in one channel
08:56:24 | WARNING: Baking animation because there are keyframes with different interpolation methods in one channel
08:56:24 | WARNING: Baking animation because there are keyframes with different interpolation methods in one channel
08:56:24 | WARNING: Baking animation because there are keyframes with different interpolation methods in one channel
08:56:29 | WARNING: Baking animation because there are keyframes with different interpolation methods in one channel
08:56:29 | WARNING: Baking animation because there are keyframes with different interpolation methods in one channel
08:56:29 | WARNING: Baking animation because there are keyframes with different interpolation methods in one channel
08:56:29 | WARNING: Baking animation because there are keyframes with different interpolation methods in one channel
08:56:29 | WARNING: Baking animation because there are keyframes with different interpolation methods in one channel
08:56:29 | WARNING: Baking animation because there are keyframes with different interpolation methods in one channel
08:56:29 | WARNING: Baking animation because there are keyframes with different interpolation methods in one channel
08:56:29 | WARNING: Baking animation because there are keyframes with different interpolation methods in one channel
08:56:29 | WARNING: Baking animation because there are keyframes with different interpolation methods in one channel
08:56:29 | WARNING: Baking animation because there are keyframes with different interpolation methods in one channel
08:56:29 | WARNING: Baking animation because there are keyframes with different interpolation methods in one channel
08:56:29 | WARNING: Baking animation because there are keyframes with different interpolation methods in one channel
08:56:29 | WARNING: Baking animation because there are keyframes with different interpolation methods in one channel
08:56:29 | WARNING: Baking animation because there are keyframes with different interpolation methods in one channel
08:56:29 | WARNING: Baking animation because there are keyframes with different interpolation methods in one channel
08:56:29 | WARNING: Baking animation because there are keyframes with different interpolation methods in one channel
08:56:29 | WARNING: Baking animation because there are keyframes with different interpolation methods in one channel
08:56:29 | WARNING: Baking animation because there are keyframes with different interpolation methods in one channel
08:56:29 | WARNING: Baking animation because there are keyframes with different interpolation methods in one channel
08:56:29 | WARNING: Baking animation because there are keyframes with different interpolation methods in one channel
08:56:29 | WARNING: Baking animation because there are keyframes with different interpolation methods in one channel
08:56:29 | WARNING: Baking animation because there are keyframes with different interpolation methods in one channel
08:56:29 | WARNING: Baking animation because there are keyframes with different interpolation methods in one channel
08:56:29 | WARNING: Baking animation because there are keyframes with different interpolation methods in one channel
08:56:29 | WARNING: Baking animation because there are keyframes with different interpolation methods in one channel
08:56:29 | WARNING: Baking animation because there are keyframes with different interpolation methods in one channel
08:56:29 | WARNING: Baking animation because there are keyframes with different interpolation methods in one channel
08:56:29 | WARNING: Baking animation because there are keyframes with different interpolation methods in one channel
08:56:29 | WARNING: Baking animation because there are keyframes with different interpolation methods in one channel
08:56:29 | WARNING: Baking animation because there are keyframes with different interpolation methods in one channel
08:56:29 | WARNING: Baking animation because there are keyframes with different interpolation methods in one channel
08:56:29 | WARNING: Baking animation because there are keyframes with different interpolation methods in one channel
08:56:29 | WARNING: Baking animation because there are keyframes with different interpolation methods in one channel
08:56:29 | WARNING: Baking animation because there are keyframes with different interpolation methods in one channel
08:56:29 | WARNING: Baking animation because there are keyframes with different interpolation methods in one channel
08:56:29 | WARNING: Baking animation because there are keyframes with different interpolation methods in one channel
08:56:29 | WARNING: Baking animation because there are keyframes with different interpolation methods in one channel
08:56:29 | WARNING: Baking animation because there are keyframes with different interpolation methods in one channel
08:56:29 | WARNING: Baking animation because there are keyframes with different interpolation methods in one channel
08:56:29 | WARNING: Baking animation because there are keyframes with different interpolation methods in one channel
08:56:29 | WARNING: Baking animation because there are keyframes with different interpolation methods in one channel
08:56:29 | WARNING: Baking animation because there are keyframes with different interpolation methods in one channel
08:56:29 | WARNING: Baking animation because there are keyframes with different interpolation methods in one channel
08:56:29 | WARNING: Baking animation because there are keyframes with different interpolation methods in one channel
08:56:29 | WARNING: Baking animation because there are keyframes with different interpolation methods in one channel
08:56:29 | WARNING: Baking animation because there are keyframes with different interpolation methods in one channel
08:56:29 | WARNING: Baking animation because there are keyframes with different interpolation methods in one channel
08:56:29 | WARNING: Baking animation because there are keyframes with different interpolation methods in one channel
08:56:29 | WARNING: Baking animation because there are keyframes with different interpolation methods in one channel
08:56:29 | WARNING: Baking animation because there are keyframes with different interpolation methods in one channel
08:56:29 | WARNING: Baking animation because there are keyframes with different interpolation methods in one channel
08:56:29 | WARNING: Baking animation because there are keyframes with different interpolation methods in one channel
08:56:29 | WARNING: Baking animation because there are keyframes with different interpolation methods in one channel
08:56:30 | WARNING: Baking animation because there are keyframes with different interpolation methods in one channel
08:56:30 | WARNING: Baking animation because there are keyframes with different interpolation methods in one channel
08:56:30 | WARNING: Baking animation because there are keyframes with different interpolation methods in one channel
08:56:30 | WARNING: Baking animation because there are keyframes with different interpolation methods in one channel
08:56:30 | WARNING: Baking animation because there are keyframes with different interpolation methods in one channel
08:56:30 | WARNING: Baking animation because there are keyframes with different interpolation methods in one channel
08:56:30 | WARNING: Baking animation because there are keyframes with different interpolation methods in one channel
08:56:30 | WARNING: Baking animation because there are keyframes with different interpolation methods in one channel
08:56:30 | WARNING: Baking animation because there are keyframes with different interpolation methods in one channel
08:56:30 | WARNING: Baking animation because there are keyframes with different interpolation methods in one channel
08:56:30 | WARNING: Baking animation because there are keyframes with different interpolation methods in one channel
08:56:30 | WARNING: Baking animation because there are keyframes with different interpolation methods in one channel
08:56:30 | WARNING: Baking animation because there are keyframes with different interpolation methods in one channel
08:56:30 | WARNING: Baking animation because there are keyframes with different interpolation methods in one channel
08:56:30 | WARNING: Baking animation because there are keyframes with different interpolation methods in one channel
08:56:30 | WARNING: Baking animation because there are keyframes with different interpolation methods in one channel
08:56:30 | WARNING: Baking animation because there are keyframes with different interpolation methods in one channel
08:56:30 | WARNING: Baking animation because there are keyframes with different interpolation methods in one channel
08:56:30 | WARNING: Baking animation because there are keyframes with different interpolation methods in one channel
08:56:30 | WARNING: Baking animation because there are keyframes with different interpolation methods in one channel
08:56:30 | WARNING: Baking animation because there are keyframes with different interpolation methods in one channel
08:56:30 | WARNING: Baking animation because there are keyframes with different interpolation methods in one channel
08:56:30 | WARNING: Baking animation because there are keyframes with different interpolation methods in one channel
08:56:30 | WARNING: Baking animation because there are keyframes with different interpolation methods in one channel
08:56:30 | WARNING: Baking animation because there are keyframes with different interpolation methods in one channel
08:56:30 | WARNING: Baking animation because there are keyframes with different interpolation methods in one channel
08:56:30 | WARNING: Baking animation because there are keyframes with different interpolation methods in one channel
08:56:30 | WARNING: Baking animation because there are keyframes with different interpolation methods in one channel
08:56:30 | WARNING: Baking animation because there are keyframes with different interpolation methods in one channel
08:56:30 | WARNING: Baking animation because there are keyframes with different interpolation methods in one channel
08:56:30 | WARNING: Baking animation because there are keyframes with different interpolation methods in one channel
08:56:30 | WARNING: Baking animation because there are keyframes with different interpolation methods in one channel
08:56:30 | WARNING: Baking animation because there are keyframes with different interpolation methods in one channel
08:56:30 | WARNING: Baking animation because there are keyframes with different interpolation methods in one channel
08:56:30 | WARNING: Baking animation because there are keyframes with different interpolation methods in one channel
08:56:30 | WARNING: Baking animation because there are keyframes with different interpolation methods in one channel
08:56:30 | WARNING: Baking animation because there are keyframes with different interpolation methods in one channel
08:56:30 | WARNING: Baking animation because there are keyframes with different interpolation methods in one channel
08:56:30 | WARNING: Baking animation because there are keyframes with different interpolation methods in one channel
08:56:30 | WARNING: Baking animation because there are keyframes with different interpolation methods in one channel
08:56:30 | WARNING: Baking animation because there are keyframes with different interpolation methods in one channel
08:56:30 | WARNING: Baking animation because there are keyframes with different interpolation methods in one channel
08:56:30 | WARNING: Baking animation because there are keyframes with different interpolation methods in one channel
08:56:30 | WARNING: Baking animation because there are keyframes with different interpolation methods in one channel
08:56:30 | WARNING: Baking animation because there are keyframes with different interpolation methods in one channel
08:56:30 | WARNING: Baking animation because there are keyframes with different interpolation methods in one channel
08:56:30 | WARNING: Baking animation because there are keyframes with different interpolation methods in one channel
08:56:30 | WARNING: Baking animation because there are keyframes with different interpolation methods in one channel
08:56:30 | WARNING: Baking animation because there are keyframes with different interpolation methods in one channel
08:56:30 | WARNING: Baking animation because there are keyframes with different interpolation methods in one channel
08:56:30 | WARNING: Baking animation because there are keyframes with different interpolation methods in one channel
08:56:30 | WARNING: Baking animation because there are keyframes with different interpolation methods in one channel
08:56:30 | WARNING: Baking animation because there are keyframes with different interpolation methods in one channel
08:56:36 | WARNING: Baking animation because there are keyframes with different interpolation methods in one channel
08:56:36 | WARNING: Baking animation because there are keyframes with different interpolation methods in one channel
08:56:36 | WARNING: Baking animation because there are keyframes with different interpolation methods in one channel
08:56:36 | WARNING: Baking animation because there are keyframes with different interpolation methods in one channel
08:56:36 | WARNING: Baking animation because there are keyframes with different interpolation methods in one channel
08:56:36 | WARNING: Baking animation because there are keyframes with different interpolation methods in one channel
08:56:36 | WARNING: Baking animation because there are keyframes with different interpolation methods in one channel
08:56:36 | WARNING: Baking animation because there are keyframes with different interpolation methods in one channel
08:56:36 | WARNING: Baking animation because there are keyframes with different interpolation methods in one channel
08:56:36 | WARNING: Baking animation because there are keyframes with different interpolation methods in one channel
08:56:36 | WARNING: Baking animation because there are keyframes with different interpolation methods in one channel
08:56:36 | WARNING: Baking animation because there are keyframes with different interpolation methods in one channel
08:56:36 | WARNING: Baking animation because there are keyframes with different interpolation methods in one channel
08:56:36 | WARNING: Baking animation because there are keyframes with different interpolation methods in one channel
08:56:36 | WARNING: Baking animation because there are keyframes with different interpolation methods in one channel
08:56:36 | WARNING: Baking animation because there are keyframes with different interpolation methods in one channel
08:56:36 | WARNING: Baking animation because there are keyframes with different interpolation methods in one channel
08:56:36 | WARNING: Baking animation because there are keyframes with different interpolation methods in one channel
08:56:36 | WARNING: Baking animation because there are keyframes with different interpolation methods in one channel
08:56:36 | WARNING: Baking animation because there are keyframes with different interpolation methods in one channel
08:56:36 | WARNING: Baking animation because there are keyframes with different interpolation methods in one channel
08:56:36 | WARNING: Baking animation because there are keyframes with different interpolation methods in one channel
08:56:36 | WARNING: Baking animation because there are keyframes with different interpolation methods in one channel
08:56:36 | WARNING: Baking animation because there are keyframes with different interpolation methods in one channel
08:56:36 | WARNING: Baking animation because there are keyframes with different interpolation methods in one channel
08:56:36 | WARNING: Baking animation because there are keyframes with different interpolation methods in one channel
08:56:36 | WARNING: Baking animation because there are keyframes with different interpolation methods in one channel
08:56:36 | WARNING: Baking animation because there are keyframes with different interpolation methods in one channel
08:56:36 | WARNING: Baking animation because there are keyframes with different interpolation methods in one channel
08:56:36 | WARNING: Baking animation because there are keyframes with different interpolation methods in one channel
08:56:36 | WARNING: Baking animation because there are keyframes with different interpolation methods in one channel
08:56:36 | WARNING: Baking animation because there are keyframes with different interpolation methods in one channel
08:56:36 | WARNING: Baking animation because there are keyframes with different interpolation methods in one channel
08:56:36 | WARNING: Baking animation because there are keyframes with different interpolation methods in one channel
08:56:36 | WARNING: Baking animation because there are keyframes with different interpolation methods in one channel
08:56:36 | WARNING: Baking animation because there are keyframes with different interpolation methods in one channel
08:56:36 | WARNING: Baking animation because there are keyframes with different interpolation methods in one channel
08:56:36 | WARNING: Baking animation because there are keyframes with different interpolation methods in one channel
08:56:36 | WARNING: Baking animation because there are keyframes with different interpolation methods in one channel
08:56:36 | WARNING: Baking animation because there are keyframes with different interpolation methods in one channel
08:56:36 | WARNING: Baking animation because there are keyframes with different interpolation methods in one channel
08:56:36 | WARNING: Baking animation because there are keyframes with different interpolation methods in one channel
08:56:36 | WARNING: Baking animation because there are keyframes with different interpolation methods in one channel
08:56:36 | WARNING: Baking animation because there are keyframes with different interpolation methods in one channel
08:56:36 | WARNING: Baking animation because there are keyframes with different interpolation methods in one channel
08:56:36 | WARNING: Baking animation because there are keyframes with different interpolation methods in one channel
08:56:36 | WARNING: Baking animation because there are keyframes with different interpolation methods in one channel
08:56:36 | WARNING: Baking animation because there are keyframes with different interpolation methods in one channel
08:56:36 | WARNING: Baking animation because there are keyframes with different interpolation methods in one channel
08:56:36 | WARNING: Baking animation because there are keyframes with different interpolation methods in one channel
08:56:36 | WARNING: Baking animation because there are keyframes with different interpolation methods in one channel
08:56:36 | WARNING: Baking animation because there are keyframes with different interpolation methods in one channel
08:56:36 | WARNING: Baking animation because there are keyframes with different interpolation methods in one channel
08:56:38 | WARNING: Baking animation because there are keyframes with different interpolation methods in one channel
08:56:38 | WARNING: Baking animation because there are keyframes with different interpolation methods in one channel
08:56:38 | WARNING: Baking animation because there are keyframes with different interpolation methods in one channel
08:56:38 | WARNING: Baking animation because there are keyframes with different interpolation methods in one channel
08:56:38 | WARNING: Baking animation because there are keyframes with different interpolation methods in one channel
08:56:38 | WARNING: Baking animation because there are keyframes with different interpolation methods in one channel
08:56:38 | WARNING: Baking animation because there are keyframes with different interpolation methods in one channel
08:56:38 | WARNING: Baking animation because there are keyframes with different interpolation methods in one channel
08:56:38 | WARNING: Baking animation because there are keyframes with different interpolation methods in one channel
08:56:38 | WARNING: Baking animation because there are keyframes with different interpolation methods in one channel
08:56:38 | WARNING: Baking animation because there are keyframes with different interpolation methods in one channel
08:56:38 | WARNING: Baking animation because there are keyframes with different interpolation methods in one channel
08:56:38 | WARNING: Baking animation because there are keyframes with different interpolation methods in one channel
08:56:38 | WARNING: Baking animation because there are keyframes with different interpolation methods in one channel
08:56:38 | WARNING: Baking animation because there are keyframes with different interpolation methods in one channel
08:56:38 | WARNING: Baking animation because there are keyframes with different interpolation methods in one channel
08:56:38 | WARNING: Baking animation because there are keyframes with different interpolation methods in one channel
08:56:38 | WARNING: Baking animation because there are keyframes with different interpolation methods in one channel
08:56:38 | WARNING: Baking animation because there are keyframes with different interpolation methods in one channel
08:56:38 | WARNING: Baking animation because there are keyframes with different interpolation methods in one channel
08:56:38 | WARNING: Baking animation because there are keyframes with different interpolation methods in one channel
08:56:38 | WARNING: Baking animation because there are keyframes with different interpolation methods in one channel
08:56:38 | WARNING: Baking animation because there are keyframes with different interpolation methods in one channel
08:56:38 | WARNING: Baking animation because there are keyframes with different interpolation methods in one channel
08:56:38 | WARNING: Baking animation because there are keyframes with different interpolation methods in one channel
08:56:38 | WARNING: Baking animation because there are keyframes with different interpolation methods in one channel
08:56:38 | WARNING: Baking animation because there are keyframes with different interpolation methods in one channel
08:56:38 | WARNING: Baking animation because there are keyframes with different interpolation methods in one channel
08:56:38 | WARNING: Baking animation because there are keyframes with different interpolation methods in one channel
08:56:38 | WARNING: Baking animation because there are keyframes with different interpolation methods in one channel
08:56:38 | WARNING: Baking animation because there are keyframes with different interpolation methods in one channel
08:56:38 | WARNING: Baking animation because there are keyframes with different interpolation methods in one channel
08:56:38 | WARNING: Baking animation because there are keyframes with different interpolation methods in one channel
08:56:38 | WARNING: Baking animation because there are keyframes with different interpolation methods in one channel
08:56:38 | WARNING: Baking animation because there are keyframes with different interpolation methods in one channel
08:56:38 | WARNING: Baking animation because there are keyframes with different interpolation methods in one channel
08:56:38 | WARNING: Baking animation because there are keyframes with different interpolation methods in one channel
08:56:38 | WARNING: Baking animation because there are keyframes with different interpolation methods in one channel
08:56:38 | WARNING: Baking animation because there are keyframes with different interpolation methods in one channel
08:56:38 | WARNING: Baking animation because there are keyframes with different interpolation methods in one channel
08:56:38 | WARNING: Baking animation because there are keyframes with different interpolation methods in one channel
08:56:38 | WARNING: Baking animation because there are keyframes with different interpolation methods in one channel
08:56:38 | WARNING: Baking animation because there are keyframes with different interpolation methods in one channel
08:56:38 | WARNING: Baking animation because there are keyframes with different interpolation methods in one channel
08:56:38 | WARNING: Baking animation because there are keyframes with different interpolation methods in one channel
08:56:38 | WARNING: Baking animation because there are keyframes with different interpolation methods in one channel
08:56:38 | WARNING: Baking animation because there are keyframes with different interpolation methods in one channel
08:56:38 | WARNING: Baking animation because there are keyframes with different interpolation methods in one channel
08:56:38 | WARNING: Baking animation because there are keyframes with different interpolation methods in one channel
08:56:38 | WARNING: Baking animation because there are keyframes with different interpolation methods in one channel
08:56:38 | WARNING: Baking animation because there are keyframes with different interpolation methods in one channel
08:56:38 | WARNING: Baking animation because there are keyframes with different interpolation methods in one channel
08:56:38 | WARNING: Baking animation because there are keyframes with different interpolation methods in one channel
08:56:38 | WARNING: Baking animation because there are keyframes with different interpolation methods in one channel
08:56:38 | WARNING: Baking animation because there are keyframes with different interpolation methods in one channel
08:56:38 | WARNING: Baking animation because there are keyframes with different interpolation methods in one channel
08:56:38 | WARNING: Baking animation because there are keyframes with different interpolation methods in one channel
08:56:38 | WARNING: Baking animation because there are keyframes with different interpolation methods in one channel
08:56:38 | WARNING: Baking animation because there are keyframes with different interpolation methods in one channel
08:56:38 | WARNING: Baking animation because there are keyframes with different interpolation methods in one channel
08:56:38 | WARNING: Baking animation because there are keyframes with different interpolation methods in one channel
08:56:38 | WARNING: Baking animation because there are keyframes with different interpolation methods in one channel
08:56:38 | WARNING: Baking animation because there are keyframes with different interpolation methods in one channel
08:56:38 | WARNING: Baking animation because there are keyframes with different interpolation methods in one channel
08:56:38 | WARNING: Baking animation because there are keyframes with different interpolation methods in one channel
08:56:38 | WARNING: Baking animation because there are keyframes with different interpolation methods in one channel
08:56:38 | WARNING: Baking animation because there are keyframes with different interpolation methods in one channel
08:56:38 | WARNING: Baking animation because there are keyframes with different interpolation methods in one channel
08:56:38 | WARNING: Baking animation because there are keyframes with different interpolation methods in one channel
08:56:38 | WARNING: Baking animation because there are keyframes with different interpolation methods in one channel
08:56:38 | WARNING: Baking animation because there are keyframes with different interpolation methods in one channel
08:56:38 | WARNING: Baking animation because there are keyframes with different interpolation methods in one channel
08:56:38 | WARNING: Baking animation because there are keyframes with different interpolation methods in one channel
08:56:38 | WARNING: Baking animation because there are keyframes with different interpolation methods in one channel
08:56:38 | WARNING: Baking animation because there are keyframes with different interpolation methods in one channel
08:56:38 | WARNING: Baking animation because there are keyframes with different interpolation methods in one channel
08:56:38 | WARNING: Baking animation because there are keyframes with different interpolation methods in one channel
08:56:38 | WARNING: Baking animation because there are keyframes with different interpolation methods in one channel
08:56:38 | WARNING: Baking animation because there are keyframes with different interpolation methods in one channel
08:56:38 | WARNING: Baking animation because there are keyframes with different interpolation methods in one channel
08:56:38 | WARNING: Baking animation because there are keyframes with different interpolation methods in one channel
08:56:38 | WARNING: Baking animation because there are keyframes with different interpolation methods in one channel
08:56:38 | WARNING: Baking animation because there are keyframes with different interpolation methods in one channel
08:56:38 | WARNING: Baking animation because there are keyframes with different interpolation methods in one channel
08:56:38 | WARNING: Baking animation because there are keyframes with different interpolation methods in one channel
08:56:38 | WARNING: Baking animation because there are keyframes with different interpolation methods in one channel
08:56:38 | WARNING: Baking animation because there are keyframes with different interpolation methods in one channel
08:56:38 | WARNING: Baking animation because there are keyframes with different interpolation methods in one channel
08:56:38 | WARNING: Baking animation because there are keyframes with different interpolation methods in one channel
08:56:38 | WARNING: Baking animation because there are keyframes with different interpolation methods in one channel
08:56:38 | WARNING: Baking animation because there are keyframes with different interpolation methods in one channel
08:56:38 | WARNING: Baking animation because there are keyframes with different interpolation methods in one channel
08:56:38 | WARNING: Baking animation because there are keyframes with different interpolation methods in one channel
08:56:38 | WARNING: Baking animation because there are keyframes with different interpolation methods in one channel
08:56:38 | WARNING: Baking animation because there are keyframes with different interpolation methods in one channel
08:56:38 | WARNING: Baking animation because there are keyframes with different interpolation methods in one channel
08:56:38 | WARNING: Baking animation because there are keyframes with different interpolation methods in one channel
08:56:38 | WARNING: Baking animation because there are keyframes with different interpolation methods in one channel
08:56:38 | WARNING: Baking animation because there are keyframes with different interpolation methods in one channel
08:56:38 | WARNING: Baking animation because there are keyframes with different interpolation methods in one channel
08:56:38 | WARNING: Baking animation because there are keyframes with different interpolation methods in one channel
08:56:38 | WARNING: Baking animation because there are keyframes with different interpolation methods in one channel
08:56:38 | WARNING: Baking animation because there are keyframes with different interpolation methods in one channel
08:56:38 | WARNING: Baking animation because there are keyframes with different interpolation methods in one channel
08:56:38 | WARNING: Baking animation because there are keyframes with different interpolation methods in one channel
08:56:38 | WARNING: Baking animation because there are keyframes with different interpolation methods in one channel
08:56:39 | WARNING: Baking animation because there are keyframes with different interpolation methods in one channel
08:56:39 | WARNING: Baking animation because there are keyframes with different interpolation methods in one channel
08:56:39 | WARNING: Baking animation because there are keyframes with different interpolation methods in one channel
08:56:39 | WARNING: Baking animation because there are keyframes with different interpolation methods in one channel
08:56:39 | WARNING: Baking animation because there are keyframes with different interpolation methods in one channel
08:56:39 | WARNING: Baking animation because there are keyframes with different interpolation methods in one channel
08:56:39 | WARNING: Baking animation because there are keyframes with different interpolation methods in one channel
08:56:39 | WARNING: Baking animation because there are keyframes with different interpolation methods in one channel
08:56:39 | WARNING: Baking animation because there are keyframes with different interpolation methods in one channel
08:56:39 | WARNING: Baking animation because there are keyframes with different interpolation methods in one channel
08:56:39 | WARNING: Baking animation because there are keyframes with different interpolation methods in one channel
08:56:39 | WARNING: Baking animation because there are keyframes with different interpolation methods in one channel
08:56:39 | WARNING: Baking animation because there are keyframes with different interpolation methods in one channel
08:56:39 | WARNING: Baking animation because there are keyframes with different interpolation methods in one channel
08:56:39 | WARNING: Baking animation because there are keyframes with different interpolation methods in one channel
08:56:39 | WARNING: Baking animation because there are keyframes with different interpolation methods in one channel
08:56:39 | WARNING: Baking animation because there are keyframes with different interpolation methods in one channel
08:56:39 | WARNING: Baking animation because there are keyframes with different interpolation methods in one channel
08:56:39 | WARNING: Baking animation because there are keyframes with different interpolation methods in one channel
08:56:39 | WARNING: Baking animation because there are keyframes with different interpolation methods in one channel
08:56:39 | WARNING: Baking animation because there are keyframes with different interpolation methods in one channel
08:56:39 | WARNING: Baking animation because there are keyframes with different interpolation methods in one channel
08:56:39 | WARNING: Baking animation because there are keyframes with different interpolation methods in one channel
08:56:39 | WARNING: Baking animation because there are keyframes with different interpolation methods in one channel
08:56:39 | WARNING: Baking animation because there are keyframes with different interpolation methods in one channel
08:56:39 | WARNING: Baking animation because there are keyframes with different interpolation methods in one channel
08:56:39 | WARNING: Baking animation because there are keyframes with different interpolation methods in one channel
08:56:39 | WARNING: Baking animation because there are keyframes with different interpolation methods in one channel
08:56:39 | WARNING: Baking animation because there are keyframes with different interpolation methods in one channel
08:56:39 | WARNING: Baking animation because there are keyframes with different interpolation methods in one channel
08:56:39 | WARNING: Baking animation because there are keyframes with different interpolation methods in one channel
08:56:39 | WARNING: Baking animation because there are keyframes with different interpolation methods in one channel
08:56:39 | WARNING: Baking animation because there are keyframes with different interpolation methods in one channel
08:56:39 | WARNING: Baking animation because there are keyframes with different interpolation methods in one channel
08:56:39 | WARNING: Baking animation because there are keyframes with different interpolation methods in one channel
08:56:39 | WARNING: Baking animation because there are keyframes with different interpolation methods in one channel
08:56:39 | WARNING: Baking animation because there are keyframes with different interpolation methods in one channel
08:56:39 | WARNING: Baking animation because there are keyframes with different interpolation methods in one channel
08:56:39 | WARNING: Baking animation because there are keyframes with different interpolation methods in one channel
08:56:39 | WARNING: Baking animation because there are keyframes with different interpolation methods in one channel
08:56:39 | WARNING: Baking animation because there are keyframes with different interpolation methods in one channel
08:56:39 | WARNING: Baking animation because there are keyframes with different interpolation methods in one channel
08:56:39 | WARNING: Baking animation because there are keyframes with different interpolation methods in one channel
08:56:39 | WARNING: Baking animation because there are keyframes with different interpolation methods in one channel
08:56:39 | WARNING: Baking animation because there are keyframes with different interpolation methods in one channel
08:56:39 | WARNING: Baking animation because there are keyframes with different interpolation methods in one channel
08:56:39 | WARNING: Baking animation because there are keyframes with different interpolation methods in one channel
08:56:39 | WARNING: Baking animation because there are keyframes with different interpolation methods in one channel
08:56:39 | WARNING: Baking animation because there are keyframes with different interpolation methods in one channel
08:56:39 | WARNING: Baking animation because there are keyframes with different interpolation methods in one channel
08:56:39 | WARNING: Baking animation because there are keyframes with different interpolation methods in one channel
08:56:39 | WARNING: Baking animation because there are keyframes with different interpolation methods in one channel
08:56:39 | WARNING: Baking animation because there are keyframes with different interpolation methods in one channel
08:56:39 | WARNING: Baking animation because there are keyframes with different interpolation methods in one channel
08:56:39 | WARNING: Baking animation because there are keyframes with different interpolation methods in one channel
08:56:39 | WARNING: Baking animation because there are keyframes with different interpolation methods in one channel
08:56:39 | WARNING: Baking animation because there are keyframes with different interpolation methods in one channel
08:56:39 | WARNING: Baking animation because there are keyframes with different interpolation methods in one channel
08:56:39 | WARNING: Baking animation because there are keyframes with different interpolation methods in one channel
08:56:39 | WARNING: Baking animation because there are keyframes with different interpolation methods in one channel
08:56:39 | WARNING: Baking animation because there are keyframes with different interpolation methods in one channel
08:56:39 | WARNING: Baking animation because there are keyframes with different interpolation methods in one channel
08:56:39 | WARNING: Baking animation because there are keyframes with different interpolation methods in one channel
08:56:39 | WARNING: Baking animation because there are keyframes with different interpolation methods in one channel
08:56:39 | WARNING: Baking animation because there are keyframes with different interpolation methods in one channel
08:56:39 | WARNING: Baking animation because there are keyframes with different interpolation methods in one channel
08:56:39 | WARNING: Baking animation because there are keyframes with different interpolation methods in one channel
08:56:39 | WARNING: Baking animation because there are keyframes with different interpolation methods in one channel
08:56:39 | WARNING: Baking animation because there are keyframes with different interpolation methods in one channel
08:56:39 | WARNING: Baking animation because there are keyframes with different interpolation methods in one channel
08:56:39 | WARNING: Baking animation because there are keyframes with different interpolation methods in one channel
08:56:39 | WARNING: Baking animation because there are keyframes with different interpolation methods in one channel
08:56:39 | WARNING: Baking animation because there are keyframes with different interpolation methods in one channel
08:56:39 | WARNING: Baking animation because there are keyframes with different interpolation methods in one channel
08:56:39 | WARNING: Baking animation because there are keyframes with different interpolation methods in one channel
08:56:39 | WARNING: Baking animation because there are keyframes with different interpolation methods in one channel
08:56:39 | WARNING: Baking animation because there are keyframes with different interpolation methods in one channel
08:56:39 | WARNING: Baking animation because there are keyframes with different interpolation methods in one channel
08:56:39 | WARNING: Baking animation because there are keyframes with different interpolation methods in one channel
08:56:39 | WARNING: Baking animation because there are keyframes with different interpolation methods in one channel
08:56:39 | WARNING: Baking animation because there are keyframes with different interpolation methods in one channel
08:56:39 | WARNING: Baking animation because there are keyframes with different interpolation methods in one channel
08:56:39 | WARNING: Baking animation because there are keyframes with different interpolation methods in one channel
08:56:39 | WARNING: Baking animation because there are keyframes with different interpolation methods in one channel
08:56:39 | WARNING: Baking animation because there are keyframes with different interpolation methods in one channel
08:56:39 | WARNING: Baking animation because there are keyframes with different interpolation methods in one channel
08:56:39 | WARNING: Baking animation because there are keyframes with different interpolation methods in one channel
08:56:39 | WARNING: Baking animation because there are keyframes with different interpolation methods in one channel
08:56:39 | WARNING: Baking animation because there are keyframes with different interpolation methods in one channel
08:56:39 | WARNING: Baking animation because there are keyframes with different interpolation methods in one channel
08:56:39 | WARNING: Baking animation because there are keyframes with different interpolation methods in one channel
08:56:39 | WARNING: Baking animation because there are keyframes with different interpolation methods in one channel
08:56:39 | WARNING: Baking animation because there are keyframes with different interpolation methods in one channel
08:56:39 | WARNING: Baking animation because there are keyframes with different interpolation methods in one channel
08:56:39 | WARNING: Baking animation because there are keyframes with different interpolation methods in one channel
08:56:39 | WARNING: Baking animation because there are keyframes with different interpolation methods in one channel
08:56:39 | WARNING: Baking animation because there are keyframes with different interpolation methods in one channel
08:56:39 | WARNING: Baking animation because there are keyframes with different interpolation methods in one channel
08:56:39 | WARNING: Baking animation because there are keyframes with different interpolation methods in one channel
08:56:39 | WARNING: Baking animation because there are keyframes with different interpolation methods in one channel
08:56:39 | WARNING: Baking animation because there are keyframes with different interpolation methods in one channel
08:56:39 | WARNING: Baking animation because there are keyframes with different interpolation methods in one channel
08:56:39 | WARNING: Baking animation because there are keyframes with different interpolation methods in one channel
08:56:39 | WARNING: Baking animation because there are keyframes with different interpolation methods in one channel
08:56:39 | WARNING: Baking animation because there are keyframes with different interpolation methods in one channel
08:56:39 | WARNING: Baking animation because there are keyframes with different interpolation methods in one channel
08:56:41 | WARNING: Baking animation because there are keyframes with different interpolation methods in one channel
08:56:41 | WARNING: Baking animation because there are keyframes with different interpolation methods in one channel
08:56:41 | WARNING: Baking animation because there are keyframes with different interpolation methods in one channel
08:56:41 | WARNING: Baking animation because there are keyframes with different interpolation methods in one channel
08:56:41 | WARNING: Baking animation because there are keyframes with different interpolation methods in one channel
08:56:41 | WARNING: Baking animation because there are keyframes with different interpolation methods in one channel
08:56:41 | WARNING: Baking animation because there are keyframes with different interpolation methods in one channel
08:56:41 | WARNING: Baking animation because there are keyframes with different interpolation methods in one channel
08:56:41 | WARNING: Baking animation because there are keyframes with different interpolation methods in one channel
08:56:41 | WARNING: Baking animation because there are keyframes with different interpolation methods in one channel
08:56:41 | WARNING: Baking animation because there are keyframes with different interpolation methods in one channel
08:56:41 | WARNING: Baking animation because there are keyframes with different interpolation methods in one channel
08:56:41 | WARNING: Baking animation because there are keyframes with different interpolation methods in one channel
08:56:41 | WARNING: Baking animation because there are keyframes with different interpolation methods in one channel
08:56:41 | WARNING: Baking animation because there are keyframes with different interpolation methods in one channel
08:56:41 | WARNING: Baking animation because there are keyframes with different interpolation methods in one channel
08:56:41 | WARNING: Baking animation because there are keyframes with different interpolation methods in one channel
08:56:41 | WARNING: Baking animation because there are keyframes with different interpolation methods in one channel
08:56:41 | WARNING: Baking animation because there are keyframes with different interpolation methods in one channel
08:56:41 | WARNING: Baking animation because there are keyframes with different interpolation methods in one channel
08:56:41 | WARNING: Baking animation because there are keyframes with different interpolation methods in one channel
08:56:41 | WARNING: Baking animation because there are keyframes with different interpolation methods in one channel
08:56:41 | WARNING: Baking animation because there are keyframes with different interpolation methods in one channel
08:56:41 | WARNING: Baking animation because there are keyframes with different interpolation methods in one channel
08:56:41 | WARNING: Baking animation because there are keyframes with different interpolation methods in one channel
08:56:41 | WARNING: Baking animation because there are keyframes with different interpolation methods in one channel
08:56:41 | WARNING: Baking animation because there are keyframes with different interpolation methods in one channel
08:56:41 | WARNING: Baking animation because there are keyframes with different interpolation methods in one channel
08:56:41 | WARNING: Baking animation because there are keyframes with different interpolation methods in one channel
08:56:41 | WARNING: Baking animation because there are keyframes with different interpolation methods in one channel
08:56:41 | WARNING: Baking animation because there are keyframes with different interpolation methods in one channel
08:56:41 | WARNING: Baking animation because there are keyframes with different interpolation methods in one channel
08:56:41 | WARNING: Baking animation because there are keyframes with different interpolation methods in one channel
08:56:41 | WARNING: Baking animation because there are keyframes with different interpolation methods in one channel
08:56:41 | WARNING: Baking animation because there are keyframes with different interpolation methods in one channel
08:56:41 | WARNING: Baking animation because there are keyframes with different interpolation methods in one channel
08:56:41 | WARNING: Baking animation because there are keyframes with different interpolation methods in one channel
08:56:41 | WARNING: Baking animation because there are keyframes with different interpolation methods in one channel
08:56:41 | WARNING: Baking animation because there are keyframes with different interpolation methods in one channel
08:56:41 | WARNING: Baking animation because there are keyframes with different interpolation methods in one channel
08:56:41 | WARNING: Baking animation because there are keyframes with different interpolation methods in one channel
08:56:41 | WARNING: Baking animation because there are keyframes with different interpolation methods in one channel
08:56:41 | WARNING: Baking animation because there are keyframes with different interpolation methods in one channel
08:56:41 | WARNING: Baking animation because there are keyframes with different interpolation methods in one channel
08:56:41 | WARNING: Baking animation because there are keyframes with different interpolation methods in one channel
08:56:41 | WARNING: Baking animation because there are keyframes with different interpolation methods in one channel
08:56:41 | WARNING: Baking animation because there are keyframes with different interpolation methods in one channel
08:56:41 | WARNING: Baking animation because there are keyframes with different interpolation methods in one channel
08:56:41 | WARNING: Baking animation because there are keyframes with different interpolation methods in one channel
08:56:41 | WARNING: Baking animation because there are keyframes with different interpolation methods in one channel
08:56:41 | WARNING: Baking animation because there are keyframes with different interpolation methods in one channel
08:56:41 | WARNING: Baking animation because there are keyframes with different interpolation methods in one channel
08:56:41 | WARNING: Baking animation because there are keyframes with different interpolation methods in one channel
08:56:41 | WARNING: Baking animation because there are keyframes with different interpolation methods in one channel
08:56:41 | WARNING: Baking animation because there are keyframes with different interpolation methods in one channel
08:56:41 | WARNING: Baking animation because there are keyframes with different interpolation methods in one channel
08:56:41 | WARNING: Baking animation because there are keyframes with different interpolation methods in one channel
08:56:41 | WARNING: Baking animation because there are keyframes with different interpolation methods in one channel
08:56:41 | WARNING: Baking animation because there are keyframes with different interpolation methods in one channel
08:56:41 | WARNING: Baking animation because there are keyframes with different interpolation methods in one channel
08:56:41 | WARNING: Baking animation because there are keyframes with different interpolation methods in one channel
08:56:41 | WARNING: Baking animation because there are keyframes with different interpolation methods in one channel
08:56:41 | WARNING: Baking animation because there are keyframes with different interpolation methods in one channel
08:56:41 | WARNING: Baking animation because there are keyframes with different interpolation methods in one channel
08:56:41 | WARNING: Baking animation because there are keyframes with different interpolation methods in one channel
08:56:41 | WARNING: Baking animation because there are keyframes with different interpolation methods in one channel
08:56:41 | WARNING: Baking animation because there are keyframes with different interpolation methods in one channel
08:56:41 | WARNING: Baking animation because there are keyframes with different interpolation methods in one channel
08:56:41 | WARNING: Baking animation because there are keyframes with different interpolation methods in one channel
08:56:41 | WARNING: Baking animation because there are keyframes with different interpolation methods in one channel
08:56:41 | WARNING: Baking animation because there are keyframes with different interpolation methods in one channel
08:56:41 | WARNING: Baking animation because there are keyframes with different interpolation methods in one channel
08:56:41 | WARNING: Baking animation because there are keyframes with different interpolation methods in one channel
08:56:41 | WARNING: Baking animation because there are keyframes with different interpolation methods in one channel
08:56:41 | WARNING: Baking animation because there are keyframes with different interpolation methods in one channel
08:56:41 | WARNING: Baking animation because there are keyframes with different interpolation methods in one channel
08:56:41 | WARNING: Baking animation because there are keyframes with different interpolation methods in one channel
08:56:41 | WARNING: Baking animation because there are keyframes with different interpolation methods in one channel
08:56:41 | WARNING: Baking animation because there are keyframes with different interpolation methods in one channel
08:56:41 | WARNING: Baking animation because there are keyframes with different interpolation methods in one channel
08:56:41 | WARNING: Baking animation because there are keyframes with different interpolation methods in one channel
08:56:41 | WARNING: Baking animation because there are keyframes with different interpolation methods in one channel
08:56:41 | WARNING: Baking animation because there are keyframes with different interpolation methods in one channel
08:56:41 | WARNING: Baking animation because there are keyframes with different interpolation methods in one channel
08:56:41 | WARNING: Baking animation because there are keyframes with different interpolation methods in one channel
08:56:41 | WARNING: Baking animation because there are keyframes with different interpolation methods in one channel
08:56:41 | WARNING: Baking animation because there are keyframes with different interpolation methods in one channel
08:56:41 | WARNING: Baking animation because there are keyframes with different interpolation methods in one channel
08:56:41 | WARNING: Baking animation because there are keyframes with different interpolation methods in one channel
08:56:41 | WARNING: Baking animation because there are keyframes with different interpolation methods in one channel
08:56:41 | WARNING: Baking animation because there are keyframes with different interpolation methods in one channel
08:56:41 | WARNING: Baking animation because there are keyframes with different interpolation methods in one channel
08:56:41 | WARNING: Baking animation because there are keyframes with different interpolation methods in one channel
08:56:41 | WARNING: Baking animation because there are keyframes with different interpolation methods in one channel
08:56:41 | WARNING: Baking animation because there are keyframes with different interpolation methods in one channel
08:56:41 | WARNING: Baking animation because there are keyframes with different interpolation methods in one channel
08:56:41 | WARNING: Baking animation because there are keyframes with different interpolation methods in one channel
08:56:41 | WARNING: Baking animation because there are keyframes with different interpolation methods in one channel
08:56:41 | WARNING: Baking animation because there are keyframes with different interpolation methods in one channel
08:56:41 | WARNING: Baking animation because there are keyframes with different interpolation methods in one channel
08:56:41 | WARNING: Baking animation because there are keyframes with different interpolation methods in one channel
08:56:41 | WARNING: Baking animation because there are keyframes with different interpolation methods in one channel
08:56:41 | WARNING: Baking animation because there are keyframes with different interpolation methods in one channel
08:56:41 | WARNING: Baking animation because there are keyframes with different interpolation methods in one channel
08:56:41 | WARNING: Baking animation because there are keyframes with different interpolation methods in one channel
08:56:41 | WARNING: Baking animation because there are keyframes with different interpolation methods in one channel
08:56:42 | WARNING: Baking animation because there are keyframes with different interpolation methods in one channel
08:56:42 | WARNING: Baking animation because there are keyframes with different interpolation methods in one channel
08:56:42 | WARNING: Baking animation because there are keyframes with different interpolation methods in one channel
08:56:42 | WARNING: Baking animation because there are keyframes with different interpolation methods in one channel
08:56:42 | WARNING: Baking animation because there are keyframes with different interpolation methods in one channel
08:56:42 | WARNING: Baking animation because there are keyframes with different interpolation methods in one channel
08:56:42 | WARNING: Baking animation because there are keyframes with different interpolation methods in one channel
08:56:42 | WARNING: Baking animation because there are keyframes with different interpolation methods in one channel
08:56:42 | WARNING: Baking animation because there are keyframes with different interpolation methods in one channel
08:56:42 | WARNING: Baking animation because there are keyframes with different interpolation methods in one channel
08:56:42 | WARNING: Baking animation because there are keyframes with different interpolation methods in one channel
08:56:42 | WARNING: Baking animation because there are keyframes with different interpolation methods in one channel
08:56:42 | WARNING: Baking animation because there are keyframes with different interpolation methods in one channel
08:56:42 | WARNING: Baking animation because there are keyframes with different interpolation methods in one channel
08:56:42 | WARNING: Baking animation because there are keyframes with different interpolation methods in one channel
08:56:42 | WARNING: Baking animation because there are keyframes with different interpolation methods in one channel
08:56:42 | WARNING: Baking animation because there are keyframes with different interpolation methods in one channel
08:56:42 | WARNING: Baking animation because there are keyframes with different interpolation methods in one channel
08:56:42 | WARNING: Baking animation because there are keyframes with different interpolation methods in one channel
08:56:42 | WARNING: Baking animation because there are keyframes with different interpolation methods in one channel
08:56:42 | WARNING: Baking animation because there are keyframes with different interpolation methods in one channel
08:56:42 | WARNING: Baking animation because there are keyframes with different interpolation methods in one channel
08:56:42 | WARNING: Baking animation because there are keyframes with different interpolation methods in one channel
08:56:42 | WARNING: Baking animation because there are keyframes with different interpolation methods in one channel
08:56:42 | WARNING: Baking animation because there are keyframes with different interpolation methods in one channel
08:56:42 | WARNING: Baking animation because there are keyframes with different interpolation methods in one channel
08:56:42 | WARNING: Baking animation because there are keyframes with different interpolation methods in one channel
08:56:42 | WARNING: Baking animation because there are keyframes with different interpolation methods in one channel
08:56:42 | WARNING: Baking animation because there are keyframes with different interpolation methods in one channel
08:56:42 | WARNING: Baking animation because there are keyframes with different interpolation methods in one channel
08:56:42 | WARNING: Baking animation because there are keyframes with different interpolation methods in one channel
08:56:42 | WARNING: Baking animation because there are keyframes with different interpolation methods in one channel
08:56:42 | WARNING: Baking animation because there are keyframes with different interpolation methods in one channel
08:56:42 | WARNING: Baking animation because there are keyframes with different interpolation methods in one channel
08:56:42 | WARNING: Baking animation because there are keyframes with different interpolation methods in one channel
08:56:42 | WARNING: Baking animation because there are keyframes with different interpolation methods in one channel
08:56:42 | WARNING: Baking animation because there are keyframes with different interpolation methods in one channel
08:56:42 | WARNING: Baking animation because there are keyframes with different interpolation methods in one channel
08:56:42 | WARNING: Baking animation because there are keyframes with different interpolation methods in one channel
08:56:42 | WARNING: Baking animation because there are keyframes with different interpolation methods in one channel
08:56:42 | WARNING: Baking animation because there are keyframes with different interpolation methods in one channel
08:56:42 | WARNING: Baking animation because there are keyframes with different interpolation methods in one channel
08:56:42 | WARNING: Baking animation because there are keyframes with different interpolation methods in one channel
08:56:42 | WARNING: Baking animation because there are keyframes with different interpolation methods in one channel
08:56:42 | WARNING: Baking animation because there are keyframes with different interpolation methods in one channel
08:56:42 | WARNING: Baking animation because there are keyframes with different interpolation methods in one channel
08:56:42 | WARNING: Baking animation because there are keyframes with different interpolation methods in one channel
08:56:42 | WARNING: Baking animation because there are keyframes with different interpolation methods in one channel
08:56:42 | WARNING: Baking animation because there are keyframes with different interpolation methods in one channel
08:56:42 | WARNING: Baking animation because there are keyframes with different interpolation methods in one channel
08:56:42 | WARNING: Baking animation because there are keyframes with different interpolation methods in one channel
08:56:42 | WARNING: Baking animation because there are keyframes with different interpolation methods in one channel
08:56:42 | WARNING: Baking animation because there are keyframes with different interpolation methods in one channel
08:56:47 | WARNING: Baking animation because there are keyframes with different interpolation methods in one channel
08:56:47 | WARNING: Baking animation because there are keyframes with different interpolation methods in one channel
08:56:47 | WARNING: Baking animation because there are keyframes with different interpolation methods in one channel
08:56:47 | WARNING: Baking animation because there are keyframes with different interpolation methods in one channel
08:56:47 | WARNING: Baking animation because there are keyframes with different interpolation methods in one channel
08:56:47 | WARNING: Baking animation because there are keyframes with different interpolation methods in one channel
08:56:47 | WARNING: Baking animation because there are keyframes with different interpolation methods in one channel
08:56:47 | WARNING: Baking animation because there are keyframes with different interpolation methods in one channel
08:56:47 | WARNING: Baking animation because there are keyframes with different interpolation methods in one channel
08:56:47 | WARNING: Baking animation because there are keyframes with different interpolation methods in one channel
08:56:47 | WARNING: Baking animation because there are keyframes with different interpolation methods in one channel
08:56:47 | WARNING: Baking animation because there are keyframes with different interpolation methods in one channel
08:56:47 | WARNING: Baking animation because there are keyframes with different interpolation methods in one channel
08:56:47 | WARNING: Baking animation because there are keyframes with different interpolation methods in one channel
08:56:47 | WARNING: Baking animation because there are keyframes with different interpolation methods in one channel
08:56:47 | WARNING: Baking animation because there are keyframes with different interpolation methods in one channel
08:56:47 | WARNING: Baking animation because there are keyframes with different interpolation methods in one channel
08:56:47 | WARNING: Baking animation because there are keyframes with different interpolation methods in one channel
08:56:47 | WARNING: Baking animation because there are keyframes with different interpolation methods in one channel
08:56:47 | WARNING: Baking animation because there are keyframes with different interpolation methods in one channel
08:56:47 | WARNING: Baking animation because there are keyframes with different interpolation methods in one channel
08:56:47 | WARNING: Baking animation because there are keyframes with different interpolation methods in one channel
08:56:47 | WARNING: Baking animation because there are keyframes with different interpolation methods in one channel
08:56:47 | WARNING: Baking animation because there are keyframes with different interpolation methods in one channel
08:56:47 | WARNING: Baking animation because there are keyframes with different interpolation methods in one channel
08:56:47 | WARNING: Baking animation because there are keyframes with different interpolation methods in one channel
08:56:47 | WARNING: Baking animation because there are keyframes with different interpolation methods in one channel
08:56:47 | WARNING: Baking animation because there are keyframes with different interpolation methods in one channel
08:56:47 | WARNING: Baking animation because there are keyframes with different interpolation methods in one channel
08:56:47 | WARNING: Baking animation because there are keyframes with different interpolation methods in one channel
08:56:47 | WARNING: Baking animation because there are keyframes with different interpolation methods in one channel
08:56:47 | WARNING: Baking animation because there are keyframes with different interpolation methods in one channel
08:56:47 | WARNING: Baking animation because there are keyframes with different interpolation methods in one channel
08:56:47 | WARNING: Baking animation because there are keyframes with different interpolation methods in one channel
08:56:47 | WARNING: Baking animation because there are keyframes with different interpolation methods in one channel
08:56:47 | WARNING: Baking animation because there are keyframes with different interpolation methods in one channel
08:56:47 | WARNING: Baking animation because there are keyframes with different interpolation methods in one channel
08:56:47 | WARNING: Baking animation because there are keyframes with different interpolation methods in one channel
08:56:47 | WARNING: Baking animation because there are keyframes with different interpolation methods in one channel
08:56:47 | WARNING: Baking animation because there are keyframes with different interpolation methods in one channel
08:56:47 | WARNING: Baking animation because there are keyframes with different interpolation methods in one channel
08:56:47 | WARNING: Baking animation because there are keyframes with different interpolation methods in one channel
08:56:47 | WARNING: Baking animation because there are keyframes with different interpolation methods in one channel
08:56:47 | WARNING: Baking animation because there are keyframes with different interpolation methods in one channel
08:56:47 | WARNING: Baking animation because there are keyframes with different interpolation methods in one channel
08:56:47 | WARNING: Baking animation because there are keyframes with different interpolation methods in one channel
08:56:47 | WARNING: Baking animation because there are keyframes with different interpolation methods in one channel
08:56:47 | WARNING: Baking animation because there are keyframes with different interpolation methods in one channel
08:56:47 | WARNING: Baking animation because there are keyframes with different interpolation methods in one channel
08:56:47 | WARNING: Baking animation because there are keyframes with different interpolation methods in one channel
08:56:47 | WARNING: Baking animation because there are keyframes with different interpolation methods in one channel
08:56:47 | WARNING: Baking animation because there are keyframes with different interpolation methods in one channel
08:56:47 | WARNING: Baking animation because there are keyframes with different interpolation methods in one channel
08:56:48 | WARNING: Baking animation because there are keyframes with different interpolation methods in one channel
08:56:48 | WARNING: Baking animation because there are keyframes with different interpolation methods in one channel
08:56:48 | WARNING: Baking animation because there are keyframes with different interpolation methods in one channel
08:56:48 | WARNING: Baking animation because there are keyframes with different interpolation methods in one channel
08:56:48 | WARNING: Baking animation because there are keyframes with different interpolation methods in one channel
08:56:48 | WARNING: Baking animation because there are keyframes with different interpolation methods in one channel
08:56:48 | WARNING: Baking animation because there are keyframes with different interpolation methods in one channel
08:56:48 | WARNING: Baking animation because there are keyframes with different interpolation methods in one channel
08:56:48 | WARNING: Baking animation because there are keyframes with different interpolation methods in one channel
08:56:48 | WARNING: Baking animation because there are keyframes with different interpolation methods in one channel
08:56:48 | WARNING: Baking animation because there are keyframes with different interpolation methods in one channel
08:56:48 | WARNING: Baking animation because there are keyframes with different interpolation methods in one channel
08:56:48 | WARNING: Baking animation because there are keyframes with different interpolation methods in one channel
08:56:48 | WARNING: Baking animation because there are keyframes with different interpolation methods in one channel
08:56:48 | WARNING: Baking animation because there are keyframes with different interpolation methods in one channel
08:56:48 | WARNING: Baking animation because there are keyframes with different interpolation methods in one channel
08:56:48 | WARNING: Baking animation because there are keyframes with different interpolation methods in one channel
08:56:48 | WARNING: Baking animation because there are keyframes with different interpolation methods in one channel
08:56:48 | WARNING: Baking animation because there are keyframes with different interpolation methods in one channel
08:56:48 | WARNING: Baking animation because there are keyframes with different interpolation methods in one channel
08:56:48 | WARNING: Baking animation because there are keyframes with different interpolation methods in one channel
08:56:48 | WARNING: Baking animation because there are keyframes with different interpolation methods in one channel
08:56:48 | WARNING: Baking animation because there are keyframes with different interpolation methods in one channel
08:56:48 | WARNING: Baking animation because there are keyframes with different interpolation methods in one channel
08:56:48 | WARNING: Baking animation because there are keyframes with different interpolation methods in one channel
08:56:48 | WARNING: Baking animation because there are keyframes with different interpolation methods in one channel
08:56:48 | WARNING: Baking animation because there are keyframes with different interpolation methods in one channel
08:56:48 | WARNING: Baking animation because there are keyframes with different interpolation methods in one channel
08:56:48 | WARNING: Baking animation because there are keyframes with different interpolation methods in one channel
08:56:48 | WARNING: Baking animation because there are keyframes with different interpolation methods in one channel
08:56:48 | WARNING: Baking animation because there are keyframes with different interpolation methods in one channel
08:56:48 | WARNING: Baking animation because there are keyframes with different interpolation methods in one channel
08:56:48 | WARNING: Baking animation because there are keyframes with different interpolation methods in one channel
08:56:48 | WARNING: Baking animation because there are keyframes with different interpolation methods in one channel
08:56:48 | WARNING: Baking animation because there are keyframes with different interpolation methods in one channel
08:56:48 | WARNING: Baking animation because there are keyframes with different interpolation methods in one channel
08:56:48 | WARNING: Baking animation because there are keyframes with different interpolation methods in one channel
08:56:48 | WARNING: Baking animation because there are keyframes with different interpolation methods in one channel
08:56:48 | WARNING: Baking animation because there are keyframes with different interpolation methods in one channel
08:56:48 | WARNING: Baking animation because there are keyframes with different interpolation methods in one channel
08:56:48 | WARNING: Baking animation because there are keyframes with different interpolation methods in one channel
08:56:48 | WARNING: Baking animation because there are keyframes with different interpolation methods in one channel
08:56:48 | WARNING: Baking animation because there are keyframes with different interpolation methods in one channel
08:56:48 | WARNING: Baking animation because there are keyframes with different interpolation methods in one channel
08:56:48 | WARNING: Baking animation because there are keyframes with different interpolation methods in one channel
08:56:48 | WARNING: Baking animation because there are keyframes with different interpolation methods in one channel
08:56:48 | WARNING: Baking animation because there are keyframes with different interpolation methods in one channel
08:56:48 | WARNING: Baking animation because there are keyframes with different interpolation methods in one channel
08:56:48 | WARNING: Baking animation because there are keyframes with different interpolation methods in one channel
08:56:48 | WARNING: Baking animation because there are keyframes with different interpolation methods in one channel
08:56:48 | WARNING: Baking animation because there are keyframes with different interpolation methods in one channel
08:56:48 | WARNING: Baking animation because there are keyframes with different interpolation methods in one channel
08:56:48 | WARNING: Baking animation because there are keyframes with different interpolation methods in one channel
08:56:53 | INFO: Finished glTF 2.0 export in 41.559715032577515 s

C03_DONE failed=[]
C03_DONE non_ok_bools=['no_teleport']
Blender 4.5.0 (hash 8cb6b388974a built 2025-07-15 01:36:24)
Read blend: "I:\工作项目\BIGMANFIGHT\角色资产\美术资产\bigman_v001\bigman_anim_v001.blend"

Blender quit
Error: Not freed memory blocks: 7796, total unfreed memory 0.814014 MB
