C06_LAYOUT {"total_frames": 60, "seconds": 1.0, "antic": 20, "hit": 28, "hold": 3, "hold_end": 30, "release": 31, "return_start": 31, "settle": 50, "cancel": 52, "advance_mm": 270.0, "foot_schedule": {"L": [[0, 15], [26, 60]], "R": [[0, 5], [15, 60]]}, "seam_source": ["Grab_Hold", 120], "pelvis_y0_mm": -539.388, "pelvis_z0_mm": 756.0, "ankle0_mm": {"L": [143.18, -708.98, 79.62], "R": [-141.58, -398.96, 81.77]}, "ankle1_mm": {"L": [143.18, -978.98, 79.62], "R": [-141.58, -668.96, 81.77]}, "grabbed_points_m": {"L": [0.33535, -1.373329, 1.136036], "R": [-0.314644, -1.374606, 1.134682]}, "end_rot_deg": {"pelvis": [18.0, 6.0, 0.0], "spine_01": [8.0, 3.0, 0.0], "spine_02": [8.0, 3.0, 0.0], "chest": [11.0, 4.0, 0.0], "neck": [-8.0, 0.0, 0.0], "head": [-4.0, 0.0, 0.0], "shoulder.L": [-2.0, 0.0, -10.0], "shoulder.R": [-2.0, 0.0, 11.0]}, "note": "投掷：首帧 = `Grab_Hold@120`（逐位）；双手逆解钉死在世界抓取点到 f30，f31 释放；髋部 ry −20° → +26° 为发力主通道；收招 = 单向减速到「跟随姿」。"}
C06_CALIBRATION {"per_window": {"L_w0": {"pivot_mm": [149.18, -915.0, 12.172], "ankle_flat_mm": [143.18, -709.0, 79.67]}, "R_w0": {"pivot_mm": [-147.58, -604.97, 14.157], "ankle_flat_mm": [-141.58, -398.97, 81.66]}, "L_w1": {"pivot_mm": [149.18, -1185.0, 12.37], "ankle_flat_mm": [143.18, -979.0, 79.87]}, "R_w1": {"pivot_mm": [-147.58, -874.97, 14.34], "ankle_flat_mm": [-141.58, -668.97, 81.84]}}, "arm_len_mm": {"L": {"upper": 328.0, "forearm": 224.0, "hand": 98.0}, "R": {"upper": 328.0, "forearm": 224.0, "hand": 98.0}}, "note": "本支不踮脚（tip ≡ 0）⟹ 踝目标完全由 FLAT_ANK 决定。"}
C06_FLY {"fly_dir": {"upperarm.L": [0.3, -0.86, -0.41], "forearm.L": [0.13, -0.93, -0.34], "hand.L": [0.13, -0.93, -0.34], "upperarm.R": [-0.3, -0.86, -0.41], "forearm.R": [-0.13, -0.93, -0.34], "hand.R": [-0.13, -0.93, -0.34]}, "fly_euler_deg": {"upperarm.L": [33.9328, -46.8532, -105.9614], "forearm.L": [-5.6199, -14.3392, -8.525], "hand.L": [0.0, -2.3575, 0.0], "upperarm.R": [43.5663, 60.7938, 85.7634], "forearm.R": [-5.7566, 22.3873, 7.7882], "hand.R": [0.0, 5.6361, 0.0]}, "achieved_dir": {"upperarm.L": [0.300346, -0.860991, -0.410472], "forearm.L": [0.130169, -0.931211, -0.340443], "hand.L": [0.130169, -0.931211, -0.340443], "upperarm.R": [-0.300345, -0.860991, -0.410472], "forearm.R": [-0.130169, -0.931211, -0.340443], "hand.R": [-0.130169, -0.931211, -0.340443]}, "note": "跟随姿 = 双臂向前（−y）+ 微下（−z）伸展；收招终点逐位复现。"}
C06_REPORT {"loop_seamless": null, "ground_min_mm": -0.04, "ground_contact_ok": true, "max_frame_step_deg": 38.783, "max_frame_step_at": [20, "forearm.R"], "no_teleport": false, "bone_travel_mm": {"pelvis": 271.66, "chest": 306.84, "head": 359.81, "hand.L": 316.93, "hand.R": 403.25}, "seam_source": ["Grab_Hold", 120], "throw_start_delta": 0.0, "throw_start_ok": true, "root_motion_m": [0.0, -0.27], "root_motion_ok": true, "advance_total_mm": 270.0, "grabbed_points_m": {"L": [0.33535, -1.373329, 1.136036], "R": [-0.314644, -1.374606, 1.134682]}, "grab_gap_mm": 650.0, "grab_z_mm": 1135.36, "grab_depth_mm": -834.58, "hold_drift_max_mm": 59.3258, "hold_drift_ok": false, "release_frame_found": 4, "release_frame_want": 31, "release_frame_ok": false, "release_drift_after_mm": 4.582, "release_hand_L_m": [0.33535, -1.373329, 1.136036], "release_hand_R_m": [-0.314644, -1.374606, 1.134682], "release_pelvis_m": [0.012, -0.749388, 0.756], "arm_total_len_mm": {"L": 650.0, "R": 650.0}, "grab_reach_ratio": {"L": 0.96801, "R": 0.99958}, "grab_reach_ok": false, "arm_seat_clamped": {"L": false, "R": true}, "arm_seat_detail": {"L": {"any": false, "worst_frame": null, "worst_over_mm": 0.0, "worst_dist_mm": 0.0, "limit_mm": 649.675, "n_frames": 86}, "R": {"any": true, "worst_frame": 14, "worst_over_mm": 59.351, "worst_dist_mm": 709.026, "limit_mm": 649.675, "n_frames": 86}}, "arm_seat_ok": false, "hand_reach_min_mm": {"L": 410.54, "R": 402.87}, "hip_peak_deg": 29.732, "hip_peak_frame": 28, "torso_peak_deg": 13.892, "hip_drive_ratio": 2.1402, "hip_drive_ok": true, "hip_spd_peak_deg": 6.437, "hip_spd_peak_frame": 27, "hand_spd_peak_mm": 35.797, "hand_spd_peak_frame": 31, "hip_lead_frames": 4, "hip_then_arm_ok": true, "throw_apex_frame": 48, "throw_arc_steps_mm": [33.927, 31.981, 29.739, 27.258, 24.605, 21.849, 19.059, 16.303, 13.642, 11.128, 8.807, 6.713, 4.873, 3.304, 2.018, 1.019, 0.312], "throw_arc_forward_mm": 256.538, "throw_arc_back_frames": 0, "throw_apex_span": 17, "throw_arc_ok": true, "pelvis_after_release_mm": 55.557, "settle_steps_mm": [4.4433, 4.3278, 4.2092, 4.0872, 3.9614, 3.8314, 3.6969, 3.5573, 3.412, 3.2603, 3.1011, 2.9332, 2.7552, 2.5648, 2.359, 2.1334, 1.8809, 1.5883, 1.2265, 0.6708, 0.0, 0.0, 0.0, 0.0, 0.0, 0.0, 0.0, 0.0, 0.0, 0.0], "settle_steps_monotone": true, "weight_settle_ok": true, "pivot_drift_mm": {"L_w0_mm": 0.0252, "L_w1_mm": 0.0013, "R_w0_mm": 0.0081, "R_w1_mm": 0.0084}, "stance_pivot_ok": true, "plant_sole_mm": {"L_w0": [-0.012, 0.0], "L_w1": [0.0, 0.015], "R_w0": [-0.002, -0.001], "R_w1": [-0.045, 0.04]}, "stance_sole_ok": true, "unsupported_frames": [], "always_supported_ok": true, "air_sole_min_mm": {"L": 13.988, "R": 18.235}, "swing_airborne_ok": true, "hitstop_frozen_steps": [0.0, 0.0], "hitstop_present_ok": true, "hitstop_momentum_mm": 14.0, "hitstop_keeps_momentum_ok": true, "hitstop_frames": 3, "hitstop_frames_ok": true, "antic_frames": 20, "antic_frames_ok": true, "pelvis_z_min_mm": 699.96, "pelvis_z_max_mm": 756.0, "pelvis_sink_mm": 56.0, "pelvis_sink_ok": true, "pelvis_rise_mm": 52.0, "pelvis_rise_ok": true, "power_chain_channels_deg": {"pelvis": 22.0, "spine_01": 8.349, "spine_02": 8.349, "chest": 12.0, "shoulder.L": 27.132, "shoulder.R": 28.132, "thigh.L": 82.087, "shin.L": 92.248, "thigh.R": 60.175, "shin.R": 95.601}, "power_chain_ok": true, "leg_reach_max_ratio": {"L": 0.88585, "R": 0.85789}, "ik_reach_ok": true, "return_tail": [9.4441, 9.1987, 8.9466, 8.6872, 8.4198, 8.1436, 7.8577, 7.561, 7.2522, 6.9296, 6.5912, 6.2345, 5.856, 5.4513, 5.014, 4.5346, 3.9978, 3.3759, 2.607, 1.4258, 0.0, 0.0, 0.0, 0.0, 0.0, 0.0, 0.0, 0.0, 0.0, 0.0], "return_tail_bones": ["forearm.R", "forearm.R", "forearm.R", "forearm.R", "forearm.R", "forearm.R", "forearm.R", "forearm.R", "forearm.R", "forearm.R", "forearm.R", "forearm.R", "forearm.R", "forearm.R", "forearm.R", "forearm.R", "forearm.R", "forearm.R", "forearm.R", "forearm.R", null, null, null, null, null, null, null, null, null, null], "return_tail_head": [9.4441, 9.1987, 8.9466, 8.6872, 8.4198, 8.1436, 7.8577, 7.561], "decel_smooth_ok": true, "no_snap_stop_ok": true, "return_tail_zero_frames": 10, "local_step_max_deg": 28.978, "local_step_max_at": [26, "forearm.R"], "end_pose_note": "收招 = 单向减速到「投掷跟随姿」（不许过冲 ⟹ 不回 Idle）；末帧姿态登记在 Action 自定义属性 end_pose_deg 里。", "end_hand_mid_m": [0.053895, -1.66576, 0.897611], "end_pelvis_m": [0.01, -0.809388, 0.726], "end_vs_idle_orient_delta": 0.0, "end_vs_start_orient_delta": 1.471, "end_vs_start_rel_delta": 0.2293, "low_bad_frames": {}, "world_step_max_deg": 22.548, "world_step_max_at": [26, "forearm.R"], "world_step_ok": true, "meta": {"anim_id": "Throw", "loop": false, "category": "连招与特殊技", "note": "投掷：接 `Grab_Hold@120`（逐位）；双手位置逆解钉死在 C04 登记的世界抓取点到释放帧（f31）；髋部 ry −20° → +26° 为发力主通道；释放后双臂单向减速伸展到「跟随姿」（不许过冲，故不回 Idle）。Root Motion 前冲 0.270 m。", "antic_frame": 20, "hit_frame": 28, "cancel_frame": 52, "hitstop_frames": 3, "release_frame": 31, "root_motion_m": [0.0, -0.27], "inherit_from": "Grab_Hold@120", "grabbed_point_L_m": [0.33535, -1.373329, 1.136036], "grabbed_point_R_m": [-0.314644, -1.374606, 1.134682], "hit_point_m": null, "end_pose_deg": {"chest": [11.0, 4.0, 0.0], "head": [-4.0, 0.0, 0.0], "neck": [-8.0, 0.0, 0.0], "pelvis": [18.0, 6.0, 0.0], "shoulder.L": [-2.0, 0.0, -10.0], "shoulder.R": [-2.0, 0.0, 11.0], "spine_01": [8.0, 3.0, 0.0], "spine_02": [8.0, 3.0, 0.0]}, "fps": 60, "frames": [0, 60]}, "failed": ["arm_seat_ok", "grab_reach_ok", "hold_drift_ok", "release_frame_ok"], "non_ok_bools": ["no_teleport"]}
Info: Saved as "bigman_anim_v001.blend"
INFO Draco mesh compression is available, use library at D:\Program Files\Blender Foundation\Blender 4.5\4.5\scripts\addons_core\io_scene_gltf2\extern_draco.dll
12:42:28 | INFO: Starting glTF 2.0 export
12:42:28 | INFO: Extracting primitive: Mesh
12:42:28 | INFO: Primitives created: 1
12:42:28 | INFO: Extracting primitive: Mesh
12:42:28 | INFO: Primitives created: 1
12:42:28 | INFO: Extracting primitive: Collar_Point_L
12:42:28 | INFO: Primitives created: 1
12:42:28 | INFO: Extracting primitive: Collar_Point_R
12:42:28 | INFO: Primitives created: 1
12:42:28 | INFO: Extracting primitive: Ear_Inner_L
12:42:28 | INFO: Primitives created: 1
12:42:28 | INFO: Extracting primitive: Ear_Inner_R
12:42:28 | INFO: Primitives created: 1
12:42:28 | INFO: Extracting primitive: Ear_L
12:42:28 | INFO: Primitives created: 1
12:42:28 | INFO: Extracting primitive: Ear_Lobe_L
12:42:28 | INFO: Primitives created: 1
12:42:28 | INFO: Extracting primitive: Ear_Lobe_R
12:42:28 | INFO: Primitives created: 1
12:42:28 | INFO: Extracting primitive: Ear_R
12:42:28 | INFO: Primitives created: 1
12:42:28 | INFO: Extracting primitive: Eye_Glint_L
12:42:28 | INFO: Primitives created: 1
12:42:28 | INFO: Extracting primitive: Eye_Glint_R
12:42:28 | INFO: Primitives created: 1
12:42:28 | INFO: Extracting primitive: Eye_Line_Upper_L
12:42:28 | INFO: Primitives created: 1
12:42:28 | INFO: Extracting primitive: Eye_Line_Upper_R
12:42:28 | INFO: Primitives created: 1
12:42:28 | INFO: Extracting primitive: Eye_White_L
12:42:28 | INFO: Primitives created: 1
12:42:28 | INFO: Extracting primitive: Eye_White_R
12:42:28 | INFO: Primitives created: 1
12:42:28 | INFO: Extracting primitive: Eyebrow_L
12:42:28 | INFO: Primitives created: 1
12:42:28 | INFO: Extracting primitive: Eyebrow_R
12:42:28 | INFO: Primitives created: 1
12:42:28 | INFO: Extracting primitive: Eyelid_Lower_L
12:42:28 | INFO: Primitives created: 1
12:42:28 | INFO: Extracting primitive: Eyelid_Lower_R
12:42:28 | INFO: Primitives created: 1
12:42:28 | INFO: Extracting primitive: Eyelid_Upper_L
12:42:28 | INFO: Primitives created: 1
12:42:28 | INFO: Extracting primitive: Eyelid_Upper_R
12:42:28 | INFO: Primitives created: 1
12:42:28 | INFO: Extracting primitive: Mesh
12:42:28 | INFO: Primitives created: 1
12:42:28 | INFO: Extracting primitive: Mesh
12:42:28 | INFO: Primitives created: 1
12:42:28 | INFO: Extracting primitive: Mesh
12:42:28 | INFO: Primitives created: 1
12:42:28 | INFO: Extracting primitive: Mesh
12:42:28 | INFO: Primitives created: 1
12:42:28 | INFO: Extracting primitive: Mesh
12:42:28 | INFO: Primitives created: 1
12:42:28 | INFO: Extracting primitive: Mesh
12:42:28 | INFO: Primitives created: 1
12:42:28 | INFO: Extracting primitive: Mesh
12:42:28 | INFO: Primitives created: 1
12:42:28 | INFO: Extracting primitive: Mesh
12:42:28 | INFO: Primitives created: 1
12:42:28 | INFO: Extracting primitive: Glasses_Bridge
12:42:28 | INFO: Primitives created: 1
12:42:28 | INFO: Extracting primitive: Glasses_Frame_L
12:42:28 | INFO: Primitives created: 1
12:42:28 | INFO: Extracting primitive: Glasses_Frame_R
12:42:28 | INFO: Primitives created: 1
12:42:28 | INFO: Extracting primitive: Glasses_Temple_L
12:42:28 | INFO: Primitives created: 1
12:42:28 | INFO: Extracting primitive: Glasses_Temple_R
12:42:28 | INFO: Primitives created: 1
12:42:28 | INFO: Extracting primitive: Mesh
12:42:28 | INFO: Primitives created: 1
12:42:28 | INFO: Extracting primitive: Mesh
12:42:28 | INFO: Primitives created: 1
12:42:28 | INFO: Extracting primitive: Mesh
12:42:28 | INFO: Primitives created: 1
12:42:28 | INFO: Extracting primitive: Mesh
12:42:28 | INFO: Primitives created: 1
12:42:28 | INFO: Extracting primitive: Mesh
12:42:28 | INFO: Primitives created: 1
12:42:28 | INFO: Extracting primitive: Iris_L
12:42:28 | INFO: Primitives created: 1
12:42:28 | INFO: Extracting primitive: Iris_R
12:42:28 | INFO: Primitives created: 1
12:42:28 | INFO: Extracting primitive: Iris_Ring_L
12:42:28 | INFO: Primitives created: 1
12:42:28 | INFO: Extracting primitive: Iris_Ring_R
12:42:28 | INFO: Primitives created: 1
12:42:28 | INFO: Extracting primitive: Jacket_Back_Seam
12:42:28 | INFO: Primitives created: 1
12:42:28 | INFO: Extracting primitive: Jacket_Button_1
12:42:28 | INFO: Primitives created: 1
12:42:28 | INFO: Extracting primitive: Jacket_Button_2
12:42:28 | INFO: Primitives created: 1
12:42:28 | INFO: Extracting primitive: Jacket_Collar
12:42:28 | INFO: Primitives created: 1
12:42:28 | INFO: Extracting primitive: Jacket_Lapel_L
12:42:28 | INFO: Primitives created: 1
12:42:28 | INFO: Extracting primitive: Jacket_Lapel_R
12:42:28 | INFO: Primitives created: 1
12:42:28 | INFO: Extracting primitive: Jacket_Vent
12:42:28 | INFO: Primitives created: 1
12:42:28 | INFO: Extracting primitive: Lapel_Fold_L
12:42:28 | INFO: Primitives created: 1
12:42:28 | INFO: Extracting primitive: Lapel_Fold_R
12:42:28 | INFO: Primitives created: 1
12:42:28 | INFO: Extracting primitive: Lapel_Notch_L
12:42:28 | INFO: Primitives created: 1
12:42:28 | INFO: Extracting primitive: Lapel_Notch_R
12:42:28 | INFO: Primitives created: 1
12:42:28 | INFO: Extracting primitive: Lower_Lip
12:42:28 | INFO: Primitives created: 1
12:42:28 | INFO: Extracting primitive: Mouth_Line
12:42:28 | INFO: Primitives created: 1
12:42:28 | INFO: Extracting primitive: Mesh
12:42:28 | INFO: Primitives created: 1
12:42:28 | INFO: Extracting primitive: Mesh
12:42:28 | INFO: Primitives created: 1
12:42:28 | INFO: Extracting primitive: Nose_Wing_L
12:42:28 | INFO: Primitives created: 1
12:42:28 | INFO: Extracting primitive: Nose_Wing_R
12:42:28 | INFO: Primitives created: 1
12:42:28 | INFO: Extracting primitive: Pocket_Flap_L
12:42:28 | INFO: Primitives created: 1
12:42:28 | INFO: Extracting primitive: Pocket_Flap_R
12:42:28 | INFO: Primitives created: 1
12:42:28 | INFO: Extracting primitive: Pupil_L
12:42:28 | INFO: Primitives created: 1
12:42:28 | INFO: Extracting primitive: Pupil_R
12:42:28 | INFO: Primitives created: 1
12:42:28 | INFO: Extracting primitive: Shirt_Collar
12:42:28 | INFO: Primitives created: 1
12:42:28 | INFO: Extracting primitive: Shirt_Cuff_L
12:42:28 | INFO: Primitives created: 1
12:42:28 | INFO: Extracting primitive: Shirt_Cuff_R
12:42:28 | INFO: Primitives created: 1
12:42:28 | INFO: Extracting primitive: Shirt_Front
12:42:28 | INFO: Primitives created: 1
12:42:28 | INFO: Extracting primitive: Mesh
12:42:28 | INFO: Primitives created: 1
12:42:28 | INFO: Extracting primitive: Mesh
12:42:28 | INFO: Primitives created: 1
12:42:28 | INFO: Extracting primitive: Mesh
12:42:28 | INFO: Primitives created: 1
12:42:28 | INFO: Extracting primitive: Mesh
12:42:28 | INFO: Primitives created: 1
12:42:28 | INFO: Extracting primitive: Shoe_Toe_Cap_L
12:42:28 | INFO: Primitives created: 1
12:42:28 | INFO: Extracting primitive: Shoe_Toe_Cap_R
12:42:28 | INFO: Primitives created: 1
12:42:28 | INFO: Extracting primitive: Mesh
12:42:28 | INFO: Primitives created: 1
12:42:28 | INFO: Extracting primitive: Mesh
12:42:28 | INFO: Primitives created: 1
12:42:28 | INFO: Extracting primitive: Sleeve_Button_1_L
12:42:28 | INFO: Primitives created: 1
12:42:28 | INFO: Extracting primitive: Sleeve_Button_1_R
12:42:28 | INFO: Primitives created: 1
12:42:28 | INFO: Extracting primitive: Sleeve_Button_2_L
12:42:28 | INFO: Primitives created: 1
12:42:28 | INFO: Extracting primitive: Sleeve_Button_2_R
12:42:28 | INFO: Primitives created: 1
12:42:28 | INFO: Extracting primitive: Sleeve_Button_3_L
12:42:28 | INFO: Primitives created: 1
12:42:28 | INFO: Extracting primitive: Sleeve_Button_3_R
12:42:28 | INFO: Primitives created: 1
12:42:28 | INFO: Extracting primitive: Mesh
12:42:28 | INFO: Primitives created: 1
12:42:28 | INFO: Extracting primitive: Mesh
12:42:28 | INFO: Primitives created: 1
12:42:28 | INFO: Extracting primitive: Mesh
12:42:28 | INFO: Primitives created: 1
12:42:28 | INFO: Extracting primitive: Mesh
12:42:28 | INFO: Primitives created: 1
12:42:28 | INFO: Extracting primitive: Mesh
12:42:28 | INFO: Primitives created: 1
12:42:28 | INFO: Extracting primitive: Mesh
12:42:28 | INFO: Primitives created: 1
12:42:28 | INFO: Extracting primitive: Mesh
12:42:28 | INFO: Primitives created: 1
12:42:28 | INFO: Extracting primitive: Upper_Lip
12:42:28 | INFO: Primitives created: 1
12:42:35 | WARNING: Baking animation because there are keyframes with different interpolation methods in one channel
12:42:35 | WARNING: Baking animation because there are keyframes with different interpolation methods in one channel
12:42:35 | WARNING: Baking animation because there are keyframes with different interpolation methods in one channel
12:42:35 | WARNING: Baking animation because there are keyframes with different interpolation methods in one channel
12:42:35 | WARNING: Baking animation because there are keyframes with different interpolation methods in one channel
12:42:35 | WARNING: Baking animation because there are keyframes with different interpolation methods in one channel
12:42:35 | WARNING: Baking animation because there are keyframes with different interpolation methods in one channel
12:42:35 | WARNING: Baking animation because there are keyframes with different interpolation methods in one channel
12:42:35 | WARNING: Baking animation because there are keyframes with different interpolation methods in one channel
12:42:35 | WARNING: Baking animation because there are keyframes with different interpolation methods in one channel
12:42:35 | WARNING: Baking animation because there are keyframes with different interpolation methods in one channel
12:42:35 | WARNING: Baking animation because there are keyframes with different interpolation methods in one channel
12:42:35 | WARNING: Baking animation because there are keyframes with different interpolation methods in one channel
12:42:35 | WARNING: Baking animation because there are keyframes with different interpolation methods in one channel
12:42:35 | WARNING: Baking animation because there are keyframes with different interpolation methods in one channel
12:42:35 | WARNING: Baking animation because there are keyframes with different interpolation methods in one channel
12:42:35 | WARNING: Baking animation because there are keyframes with different interpolation methods in one channel
12:42:35 | WARNING: Baking animation because there are keyframes with different interpolation methods in one channel
12:42:35 | WARNING: Baking animation because there are keyframes with different interpolation methods in one channel
12:42:35 | WARNING: Baking animation because there are keyframes with different interpolation methods in one channel
12:42:35 | WARNING: Baking animation because there are keyframes with different interpolation methods in one channel
12:42:35 | WARNING: Baking animation because there are keyframes with different interpolation methods in one channel
12:42:35 | WARNING: Baking animation because there are keyframes with different interpolation methods in one channel
12:42:35 | WARNING: Baking animation because there are keyframes with different interpolation methods in one channel
12:42:35 | WARNING: Baking animation because there are keyframes with different interpolation methods in one channel
12:42:35 | WARNING: Baking animation because there are keyframes with different interpolation methods in one channel
12:42:35 | WARNING: Baking animation because there are keyframes with different interpolation methods in one channel
12:42:35 | WARNING: Baking animation because there are keyframes with different interpolation methods in one channel
12:42:35 | WARNING: Baking animation because there are keyframes with different interpolation methods in one channel
12:42:35 | WARNING: Baking animation because there are keyframes with different interpolation methods in one channel
12:42:35 | WARNING: Baking animation because there are keyframes with different interpolation methods in one channel
12:42:35 | WARNING: Baking animation because there are keyframes with different interpolation methods in one channel
12:42:35 | WARNING: Baking animation because there are keyframes with different interpolation methods in one channel
12:42:35 | WARNING: Baking animation because there are keyframes with different interpolation methods in one channel
12:42:35 | WARNING: Baking animation because there are keyframes with different interpolation methods in one channel
12:42:35 | WARNING: Baking animation because there are keyframes with different interpolation methods in one channel
12:42:35 | WARNING: Baking animation because there are keyframes with different interpolation methods in one channel
12:42:35 | WARNING: Baking animation because there are keyframes with different interpolation methods in one channel
12:42:35 | WARNING: Baking animation because there are keyframes with different interpolation methods in one channel
12:42:35 | WARNING: Baking animation because there are keyframes with different interpolation methods in one channel
12:42:35 | WARNING: Baking animation because there are keyframes with different interpolation methods in one channel
12:42:35 | WARNING: Baking animation because there are keyframes with different interpolation methods in one channel
12:42:35 | WARNING: Baking animation because there are keyframes with different interpolation methods in one channel
12:42:35 | WARNING: Baking animation because there are keyframes with different interpolation methods in one channel
12:42:35 | WARNING: Baking animation because there are keyframes with different interpolation methods in one channel
12:42:35 | WARNING: Baking animation because there are keyframes with different interpolation methods in one channel
12:42:35 | WARNING: Baking animation because there are keyframes with different interpolation methods in one channel
12:42:35 | WARNING: Baking animation because there are keyframes with different interpolation methods in one channel
12:42:35 | WARNING: Baking animation because there are keyframes with different interpolation methods in one channel
12:42:35 | WARNING: Baking animation because there are keyframes with different interpolation methods in one channel
12:42:35 | WARNING: Baking animation because there are keyframes with different interpolation methods in one channel
12:42:35 | WARNING: Baking animation because there are keyframes with different interpolation methods in one channel
12:42:35 | WARNING: Baking animation because there are keyframes with different interpolation methods in one channel
12:42:36 | WARNING: Baking animation because there are keyframes with different interpolation methods in one channel
12:42:36 | WARNING: Baking animation because there are keyframes with different interpolation methods in one channel
12:42:36 | WARNING: Baking animation because there are keyframes with different interpolation methods in one channel
12:42:36 | WARNING: Baking animation because there are keyframes with different interpolation methods in one channel
12:42:36 | WARNING: Baking animation because there are keyframes with different interpolation methods in one channel
12:42:36 | WARNING: Baking animation because there are keyframes with different interpolation methods in one channel
12:42:36 | WARNING: Baking animation because there are keyframes with different interpolation methods in one channel
12:42:36 | WARNING: Baking animation because there are keyframes with different interpolation methods in one channel
12:42:36 | WARNING: Baking animation because there are keyframes with different interpolation methods in one channel
12:42:36 | WARNING: Baking animation because there are keyframes with different interpolation methods in one channel
12:42:36 | WARNING: Baking animation because there are keyframes with different interpolation methods in one channel
12:42:36 | WARNING: Baking animation because there are keyframes with different interpolation methods in one channel
12:42:36 | WARNING: Baking animation because there are keyframes with different interpolation methods in one channel
12:42:36 | WARNING: Baking animation because there are keyframes with different interpolation methods in one channel
12:42:36 | WARNING: Baking animation because there are keyframes with different interpolation methods in one channel
12:42:36 | WARNING: Baking animation because there are keyframes with different interpolation methods in one channel
12:42:36 | WARNING: Baking animation because there are keyframes with different interpolation methods in one channel
12:42:36 | WARNING: Baking animation because there are keyframes with different interpolation methods in one channel
12:42:36 | WARNING: Baking animation because there are keyframes with different interpolation methods in one channel
12:42:36 | WARNING: Baking animation because there are keyframes with different interpolation methods in one channel
12:42:36 | WARNING: Baking animation because there are keyframes with different interpolation methods in one channel
12:42:36 | WARNING: Baking animation because there are keyframes with different interpolation methods in one channel
12:42:36 | WARNING: Baking animation because there are keyframes with different interpolation methods in one channel
12:42:36 | WARNING: Baking animation because there are keyframes with different interpolation methods in one channel
12:42:36 | WARNING: Baking animation because there are keyframes with different interpolation methods in one channel
12:42:36 | WARNING: Baking animation because there are keyframes with different interpolation methods in one channel
12:42:36 | WARNING: Baking animation because there are keyframes with different interpolation methods in one channel
12:42:36 | WARNING: Baking animation because there are keyframes with different interpolation methods in one channel
12:42:36 | WARNING: Baking animation because there are keyframes with different interpolation methods in one channel
12:42:36 | WARNING: Baking animation because there are keyframes with different interpolation methods in one channel
12:42:36 | WARNING: Baking animation because there are keyframes with different interpolation methods in one channel
12:42:36 | WARNING: Baking animation because there are keyframes with different interpolation methods in one channel
12:42:36 | WARNING: Baking animation because there are keyframes with different interpolation methods in one channel
12:42:36 | WARNING: Baking animation because there are keyframes with different interpolation methods in one channel
12:42:36 | WARNING: Baking animation because there are keyframes with different interpolation methods in one channel
12:42:36 | WARNING: Baking animation because there are keyframes with different interpolation methods in one channel
12:42:36 | WARNING: Baking animation because there are keyframes with different interpolation methods in one channel
12:42:36 | WARNING: Baking animation because there are keyframes with different interpolation methods in one channel
12:42:36 | WARNING: Baking animation because there are keyframes with different interpolation methods in one channel
12:42:36 | WARNING: Baking animation because there are keyframes with different interpolation methods in one channel
12:42:36 | WARNING: Baking animation because there are keyframes with different interpolation methods in one channel
12:42:36 | WARNING: Baking animation because there are keyframes with different interpolation methods in one channel
12:42:36 | WARNING: Baking animation because there are keyframes with different interpolation methods in one channel
12:42:36 | WARNING: Baking animation because there are keyframes with different interpolation methods in one channel
12:42:36 | WARNING: Baking animation because there are keyframes with different interpolation methods in one channel
12:42:36 | WARNING: Baking animation because there are keyframes with different interpolation methods in one channel
12:42:36 | WARNING: Baking animation because there are keyframes with different interpolation methods in one channel
12:42:36 | WARNING: Baking animation because there are keyframes with different interpolation methods in one channel
12:42:36 | WARNING: Baking animation because there are keyframes with different interpolation methods in one channel
12:42:36 | WARNING: Baking animation because there are keyframes with different interpolation methods in one channel
12:42:36 | WARNING: Baking animation because there are keyframes with different interpolation methods in one channel
12:42:36 | WARNING: Baking animation because there are keyframes with different interpolation methods in one channel
12:42:36 | WARNING: Baking animation because there are keyframes with different interpolation methods in one channel
12:42:36 | WARNING: Baking animation because there are keyframes with different interpolation methods in one channel
12:42:36 | WARNING: Baking animation because there are keyframes with different interpolation methods in one channel
12:42:36 | WARNING: Baking animation because there are keyframes with different interpolation methods in one channel
12:42:36 | WARNING: Baking animation because there are keyframes with different interpolation methods in one channel
12:42:36 | WARNING: Baking animation because there are keyframes with different interpolation methods in one channel
12:42:36 | WARNING: Baking animation because there are keyframes with different interpolation methods in one channel
12:42:36 | WARNING: Baking animation because there are keyframes with different interpolation methods in one channel
12:42:36 | WARNING: Baking animation because there are keyframes with different interpolation methods in one channel
12:42:36 | WARNING: Baking animation because there are keyframes with different interpolation methods in one channel
12:42:36 | WARNING: Baking animation because there are keyframes with different interpolation methods in one channel
12:42:36 | WARNING: Baking animation because there are keyframes with different interpolation methods in one channel
12:42:36 | WARNING: Baking animation because there are keyframes with different interpolation methods in one channel
12:42:36 | WARNING: Baking animation because there are keyframes with different interpolation methods in one channel
12:42:36 | WARNING: Baking animation because there are keyframes with different interpolation methods in one channel
12:42:36 | WARNING: Baking animation because there are keyframes with different interpolation methods in one channel
12:42:36 | WARNING: Baking animation because there are keyframes with different interpolation methods in one channel
12:42:36 | WARNING: Baking animation because there are keyframes with different interpolation methods in one channel
12:42:36 | WARNING: Baking animation because there are keyframes with different interpolation methods in one channel
12:42:36 | WARNING: Baking animation because there are keyframes with different interpolation methods in one channel
12:42:36 | WARNING: Baking animation because there are keyframes with different interpolation methods in one channel
12:42:36 | WARNING: Baking animation because there are keyframes with different interpolation methods in one channel
12:42:36 | WARNING: Baking animation because there are keyframes with different interpolation methods in one channel
12:42:36 | WARNING: Baking animation because there are keyframes with different interpolation methods in one channel
12:42:36 | WARNING: Baking animation because there are keyframes with different interpolation methods in one channel
12:42:36 | WARNING: Baking animation because there are keyframes with different interpolation methods in one channel
12:42:36 | WARNING: Baking animation because there are keyframes with different interpolation methods in one channel
12:42:36 | WARNING: Baking animation because there are keyframes with different interpolation methods in one channel
12:42:36 | WARNING: Baking animation because there are keyframes with different interpolation methods in one channel
12:42:36 | WARNING: Baking animation because there are keyframes with different interpolation methods in one channel
12:42:36 | WARNING: Baking animation because there are keyframes with different interpolation methods in one channel
12:42:36 | WARNING: Baking animation because there are keyframes with different interpolation methods in one channel
12:42:36 | WARNING: Baking animation because there are keyframes with different interpolation methods in one channel
12:42:36 | WARNING: Baking animation because there are keyframes with different interpolation methods in one channel
12:42:36 | WARNING: Baking animation because there are keyframes with different interpolation methods in one channel
12:42:36 | WARNING: Baking animation because there are keyframes with different interpolation methods in one channel
12:42:36 | WARNING: Baking animation because there are keyframes with different interpolation methods in one channel
12:42:36 | WARNING: Baking animation because there are keyframes with different interpolation methods in one channel
12:42:36 | WARNING: Baking animation because there are keyframes with different interpolation methods in one channel
12:42:36 | WARNING: Baking animation because there are keyframes with different interpolation methods in one channel
12:42:36 | WARNING: Baking animation because there are keyframes with different interpolation methods in one channel
12:42:36 | WARNING: Baking animation because there are keyframes with different interpolation methods in one channel
12:42:36 | WARNING: Baking animation because there are keyframes with different interpolation methods in one channel
12:42:36 | WARNING: Baking animation because there are keyframes with different interpolation methods in one channel
12:42:36 | WARNING: Baking animation because there are keyframes with different interpolation methods in one channel
12:42:36 | WARNING: Baking animation because there are keyframes with different interpolation methods in one channel
12:42:36 | WARNING: Baking animation because there are keyframes with different interpolation methods in one channel
12:42:36 | WARNING: Baking animation because there are keyframes with different interpolation methods in one channel
12:42:36 | WARNING: Baking animation because there are keyframes with different interpolation methods in one channel
12:42:36 | WARNING: Baking animation because there are keyframes with different interpolation methods in one channel
12:42:36 | WARNING: Baking animation because there are keyframes with different interpolation methods in one channel
12:42:36 | WARNING: Baking animation because there are keyframes with different interpolation methods in one channel
12:42:36 | WARNING: Baking animation because there are keyframes with different interpolation methods in one channel
12:42:36 | WARNING: Baking animation because there are keyframes with different interpolation methods in one channel
12:42:37 | WARNING: Baking animation because there are keyframes with different interpolation methods in one channel
12:42:37 | WARNING: Baking animation because there are keyframes with different interpolation methods in one channel
12:42:37 | WARNING: Baking animation because there are keyframes with different interpolation methods in one channel
12:42:37 | WARNING: Baking animation because there are keyframes with different interpolation methods in one channel
12:42:37 | WARNING: Baking animation because there are keyframes with different interpolation methods in one channel
12:42:37 | WARNING: Baking animation because there are keyframes with different interpolation methods in one channel
12:42:37 | WARNING: Baking animation because there are keyframes with different interpolation methods in one channel
12:42:37 | WARNING: Baking animation because there are keyframes with different interpolation methods in one channel
12:42:37 | WARNING: Baking animation because there are keyframes with different interpolation methods in one channel
12:42:37 | WARNING: Baking animation because there are keyframes with different interpolation methods in one channel
12:42:37 | WARNING: Baking animation because there are keyframes with different interpolation methods in one channel
12:42:37 | WARNING: Baking animation because there are keyframes with different interpolation methods in one channel
12:42:37 | WARNING: Baking animation because there are keyframes with different interpolation methods in one channel
12:42:37 | WARNING: Baking animation because there are keyframes with different interpolation methods in one channel
12:42:37 | WARNING: Baking animation because there are keyframes with different interpolation methods in one channel
12:42:37 | WARNING: Baking animation because there are keyframes with different interpolation methods in one channel
12:42:37 | WARNING: Baking animation because there are keyframes with different interpolation methods in one channel
12:42:37 | WARNING: Baking animation because there are keyframes with different interpolation methods in one channel
12:42:37 | WARNING: Baking animation because there are keyframes with different interpolation methods in one channel
12:42:37 | WARNING: Baking animation because there are keyframes with different interpolation methods in one channel
12:42:37 | WARNING: Baking animation because there are keyframes with different interpolation methods in one channel
12:42:37 | WARNING: Baking animation because there are keyframes with different interpolation methods in one channel
12:42:37 | WARNING: Baking animation because there are keyframes with different interpolation methods in one channel
12:42:37 | WARNING: Baking animation because there are keyframes with different interpolation methods in one channel
12:42:37 | WARNING: Baking animation because there are keyframes with different interpolation methods in one channel
12:42:37 | WARNING: Baking animation because there are keyframes with different interpolation methods in one channel
12:42:37 | WARNING: Baking animation because there are keyframes with different interpolation methods in one channel
12:42:37 | WARNING: Baking animation because there are keyframes with different interpolation methods in one channel
12:42:37 | WARNING: Baking animation because there are keyframes with different interpolation methods in one channel
12:42:37 | WARNING: Baking animation because there are keyframes with different interpolation methods in one channel
12:42:37 | WARNING: Baking animation because there are keyframes with different interpolation methods in one channel
12:42:37 | WARNING: Baking animation because there are keyframes with different interpolation methods in one channel
12:42:37 | WARNING: Baking animation because there are keyframes with different interpolation methods in one channel
12:42:37 | WARNING: Baking animation because there are keyframes with different interpolation methods in one channel
12:42:37 | WARNING: Baking animation because there are keyframes with different interpolation methods in one channel
12:42:37 | WARNING: Baking animation because there are keyframes with different interpolation methods in one channel
12:42:37 | WARNING: Baking animation because there are keyframes with different interpolation methods in one channel
12:42:37 | WARNING: Baking animation because there are keyframes with different interpolation methods in one channel
12:42:37 | WARNING: Baking animation because there are keyframes with different interpolation methods in one channel
12:42:37 | WARNING: Baking animation because there are keyframes with different interpolation methods in one channel
12:42:37 | WARNING: Baking animation because there are keyframes with different interpolation methods in one channel
12:42:37 | WARNING: Baking animation because there are keyframes with different interpolation methods in one channel
12:42:37 | WARNING: Baking animation because there are keyframes with different interpolation methods in one channel
12:42:37 | WARNING: Baking animation because there are keyframes with different interpolation methods in one channel
12:42:37 | WARNING: Baking animation because there are keyframes with different interpolation methods in one channel
12:42:37 | WARNING: Baking animation because there are keyframes with different interpolation methods in one channel
12:42:37 | WARNING: Baking animation because there are keyframes with different interpolation methods in one channel
12:42:37 | WARNING: Baking animation because there are keyframes with different interpolation methods in one channel
12:42:37 | WARNING: Baking animation because there are keyframes with different interpolation methods in one channel
12:42:37 | WARNING: Baking animation because there are keyframes with different interpolation methods in one channel
12:42:37 | WARNING: Baking animation because there are keyframes with different interpolation methods in one channel
12:42:37 | WARNING: Baking animation because there are keyframes with different interpolation methods in one channel
12:42:37 | WARNING: Baking animation because there are keyframes with different interpolation methods in one channel
12:42:40 | WARNING: Baking animation because there are keyframes with different interpolation methods in one channel
12:42:40 | WARNING: Baking animation because there are keyframes with different interpolation methods in one channel
12:42:40 | WARNING: Baking animation because there are keyframes with different interpolation methods in one channel
12:42:40 | WARNING: Baking animation because there are keyframes with different interpolation methods in one channel
12:42:40 | WARNING: Baking animation because there are keyframes with different interpolation methods in one channel
12:42:40 | WARNING: Baking animation because there are keyframes with different interpolation methods in one channel
12:42:40 | WARNING: Baking animation because there are keyframes with different interpolation methods in one channel
12:42:40 | WARNING: Baking animation because there are keyframes with different interpolation methods in one channel
12:42:40 | WARNING: Baking animation because there are keyframes with different interpolation methods in one channel
12:42:40 | WARNING: Baking animation because there are keyframes with different interpolation methods in one channel
12:42:40 | WARNING: Baking animation because there are keyframes with different interpolation methods in one channel
12:42:40 | WARNING: Baking animation because there are keyframes with different interpolation methods in one channel
12:42:40 | WARNING: Baking animation because there are keyframes with different interpolation methods in one channel
12:42:40 | WARNING: Baking animation because there are keyframes with different interpolation methods in one channel
12:42:40 | WARNING: Baking animation because there are keyframes with different interpolation methods in one channel
12:42:40 | WARNING: Baking animation because there are keyframes with different interpolation methods in one channel
12:42:40 | WARNING: Baking animation because there are keyframes with different interpolation methods in one channel
12:42:40 | WARNING: Baking animation because there are keyframes with different interpolation methods in one channel
12:42:40 | WARNING: Baking animation because there are keyframes with different interpolation methods in one channel
12:42:40 | WARNING: Baking animation because there are keyframes with different interpolation methods in one channel
12:42:40 | WARNING: Baking animation because there are keyframes with different interpolation methods in one channel
12:42:40 | WARNING: Baking animation because there are keyframes with different interpolation methods in one channel
12:42:40 | WARNING: Baking animation because there are keyframes with different interpolation methods in one channel
12:42:40 | WARNING: Baking animation because there are keyframes with different interpolation methods in one channel
12:42:40 | WARNING: Baking animation because there are keyframes with different interpolation methods in one channel
12:42:40 | WARNING: Baking animation because there are keyframes with different interpolation methods in one channel
12:42:40 | WARNING: Baking animation because there are keyframes with different interpolation methods in one channel
12:42:40 | WARNING: Baking animation because there are keyframes with different interpolation methods in one channel
12:42:40 | WARNING: Baking animation because there are keyframes with different interpolation methods in one channel
12:42:40 | WARNING: Baking animation because there are keyframes with different interpolation methods in one channel
12:42:40 | WARNING: Baking animation because there are keyframes with different interpolation methods in one channel
12:42:40 | WARNING: Baking animation because there are keyframes with different interpolation methods in one channel
12:42:40 | WARNING: Baking animation because there are keyframes with different interpolation methods in one channel
12:42:40 | WARNING: Baking animation because there are keyframes with different interpolation methods in one channel
12:42:40 | WARNING: Baking animation because there are keyframes with different interpolation methods in one channel
12:42:40 | WARNING: Baking animation because there are keyframes with different interpolation methods in one channel
12:42:40 | WARNING: Baking animation because there are keyframes with different interpolation methods in one channel
12:42:40 | WARNING: Baking animation because there are keyframes with different interpolation methods in one channel
12:42:40 | WARNING: Baking animation because there are keyframes with different interpolation methods in one channel
12:42:40 | WARNING: Baking animation because there are keyframes with different interpolation methods in one channel
12:42:40 | WARNING: Baking animation because there are keyframes with different interpolation methods in one channel
12:42:40 | WARNING: Baking animation because there are keyframes with different interpolation methods in one channel
12:42:40 | WARNING: Baking animation because there are keyframes with different interpolation methods in one channel
12:42:40 | WARNING: Baking animation because there are keyframes with different interpolation methods in one channel
12:42:40 | WARNING: Baking animation because there are keyframes with different interpolation methods in one channel
12:42:40 | WARNING: Baking animation because there are keyframes with different interpolation methods in one channel
12:42:40 | WARNING: Baking animation because there are keyframes with different interpolation methods in one channel
12:42:40 | WARNING: Baking animation because there are keyframes with different interpolation methods in one channel
12:42:40 | WARNING: Baking animation because there are keyframes with different interpolation methods in one channel
12:42:40 | WARNING: Baking animation because there are keyframes with different interpolation methods in one channel
12:42:40 | WARNING: Baking animation because there are keyframes with different interpolation methods in one channel
12:42:40 | WARNING: Baking animation because there are keyframes with different interpolation methods in one channel
12:42:40 | WARNING: Baking animation because there are keyframes with different interpolation methods in one channel
12:42:41 | WARNING: Baking animation because there are keyframes with different interpolation methods in one channel
12:42:41 | WARNING: Baking animation because there are keyframes with different interpolation methods in one channel
12:42:41 | WARNING: Baking animation because there are keyframes with different interpolation methods in one channel
12:42:41 | WARNING: Baking animation because there are keyframes with different interpolation methods in one channel
12:42:41 | WARNING: Baking animation because there are keyframes with different interpolation methods in one channel
12:42:41 | WARNING: Baking animation because there are keyframes with different interpolation methods in one channel
12:42:41 | WARNING: Baking animation because there are keyframes with different interpolation methods in one channel
12:42:41 | WARNING: Baking animation because there are keyframes with different interpolation methods in one channel
12:42:41 | WARNING: Baking animation because there are keyframes with different interpolation methods in one channel
12:42:41 | WARNING: Baking animation because there are keyframes with different interpolation methods in one channel
12:42:41 | WARNING: Baking animation because there are keyframes with different interpolation methods in one channel
12:42:41 | WARNING: Baking animation because there are keyframes with different interpolation methods in one channel
12:42:41 | WARNING: Baking animation because there are keyframes with different interpolation methods in one channel
12:42:41 | WARNING: Baking animation because there are keyframes with different interpolation methods in one channel
12:42:41 | WARNING: Baking animation because there are keyframes with different interpolation methods in one channel
12:42:41 | WARNING: Baking animation because there are keyframes with different interpolation methods in one channel
12:42:41 | WARNING: Baking animation because there are keyframes with different interpolation methods in one channel
12:42:41 | WARNING: Baking animation because there are keyframes with different interpolation methods in one channel
12:42:41 | WARNING: Baking animation because there are keyframes with different interpolation methods in one channel
12:42:41 | WARNING: Baking animation because there are keyframes with different interpolation methods in one channel
12:42:41 | WARNING: Baking animation because there are keyframes with different interpolation methods in one channel
12:42:41 | WARNING: Baking animation because there are keyframes with different interpolation methods in one channel
12:42:41 | WARNING: Baking animation because there are keyframes with different interpolation methods in one channel
12:42:41 | WARNING: Baking animation because there are keyframes with different interpolation methods in one channel
12:42:41 | WARNING: Baking animation because there are keyframes with different interpolation methods in one channel
12:42:41 | WARNING: Baking animation because there are keyframes with different interpolation methods in one channel
12:42:41 | WARNING: Baking animation because there are keyframes with different interpolation methods in one channel
12:42:41 | WARNING: Baking animation because there are keyframes with different interpolation methods in one channel
12:42:41 | WARNING: Baking animation because there are keyframes with different interpolation methods in one channel
12:42:41 | WARNING: Baking animation because there are keyframes with different interpolation methods in one channel
12:42:41 | WARNING: Baking animation because there are keyframes with different interpolation methods in one channel
12:42:41 | WARNING: Baking animation because there are keyframes with different interpolation methods in one channel
12:42:41 | WARNING: Baking animation because there are keyframes with different interpolation methods in one channel
12:42:41 | WARNING: Baking animation because there are keyframes with different interpolation methods in one channel
12:42:41 | WARNING: Baking animation because there are keyframes with different interpolation methods in one channel
12:42:41 | WARNING: Baking animation because there are keyframes with different interpolation methods in one channel
12:42:41 | WARNING: Baking animation because there are keyframes with different interpolation methods in one channel
12:42:41 | WARNING: Baking animation because there are keyframes with different interpolation methods in one channel
12:42:41 | WARNING: Baking animation because there are keyframes with different interpolation methods in one channel
12:42:41 | WARNING: Baking animation because there are keyframes with different interpolation methods in one channel
12:42:41 | WARNING: Baking animation because there are keyframes with different interpolation methods in one channel
12:42:41 | WARNING: Baking animation because there are keyframes with different interpolation methods in one channel
12:42:41 | WARNING: Baking animation because there are keyframes with different interpolation methods in one channel
12:42:41 | WARNING: Baking animation because there are keyframes with different interpolation methods in one channel
12:42:41 | WARNING: Baking animation because there are keyframes with different interpolation methods in one channel
12:42:41 | WARNING: Baking animation because there are keyframes with different interpolation methods in one channel
12:42:41 | WARNING: Baking animation because there are keyframes with different interpolation methods in one channel
12:42:41 | WARNING: Baking animation because there are keyframes with different interpolation methods in one channel
12:42:41 | WARNING: Baking animation because there are keyframes with different interpolation methods in one channel
12:42:41 | WARNING: Baking animation because there are keyframes with different interpolation methods in one channel
12:42:41 | WARNING: Baking animation because there are keyframes with different interpolation methods in one channel
12:42:41 | WARNING: Baking animation because there are keyframes with different interpolation methods in one channel
12:42:41 | WARNING: Baking animation because there are keyframes with different interpolation methods in one channel
12:42:44 | WARNING: Baking animation because there are keyframes with different interpolation methods in one channel
12:42:44 | WARNING: Baking animation because there are keyframes with different interpolation methods in one channel
12:42:44 | WARNING: Baking animation because there are keyframes with different interpolation methods in one channel
12:42:44 | WARNING: Baking animation because there are keyframes with different interpolation methods in one channel
12:42:44 | WARNING: Baking animation because there are keyframes with different interpolation methods in one channel
12:42:44 | WARNING: Baking animation because there are keyframes with different interpolation methods in one channel
12:42:44 | WARNING: Baking animation because there are keyframes with different interpolation methods in one channel
12:42:44 | WARNING: Baking animation because there are keyframes with different interpolation methods in one channel
12:42:44 | WARNING: Baking animation because there are keyframes with different interpolation methods in one channel
12:42:44 | WARNING: Baking animation because there are keyframes with different interpolation methods in one channel
12:42:44 | WARNING: Baking animation because there are keyframes with different interpolation methods in one channel
12:42:44 | WARNING: Baking animation because there are keyframes with different interpolation methods in one channel
12:42:44 | WARNING: Baking animation because there are keyframes with different interpolation methods in one channel
12:42:44 | WARNING: Baking animation because there are keyframes with different interpolation methods in one channel
12:42:44 | WARNING: Baking animation because there are keyframes with different interpolation methods in one channel
12:42:44 | WARNING: Baking animation because there are keyframes with different interpolation methods in one channel
12:42:44 | WARNING: Baking animation because there are keyframes with different interpolation methods in one channel
12:42:44 | WARNING: Baking animation because there are keyframes with different interpolation methods in one channel
12:42:44 | WARNING: Baking animation because there are keyframes with different interpolation methods in one channel
12:42:44 | WARNING: Baking animation because there are keyframes with different interpolation methods in one channel
12:42:44 | WARNING: Baking animation because there are keyframes with different interpolation methods in one channel
12:42:44 | WARNING: Baking animation because there are keyframes with different interpolation methods in one channel
12:42:44 | WARNING: Baking animation because there are keyframes with different interpolation methods in one channel
12:42:44 | WARNING: Baking animation because there are keyframes with different interpolation methods in one channel
12:42:44 | WARNING: Baking animation because there are keyframes with different interpolation methods in one channel
12:42:44 | WARNING: Baking animation because there are keyframes with different interpolation methods in one channel
12:42:44 | WARNING: Baking animation because there are keyframes with different interpolation methods in one channel
12:42:44 | WARNING: Baking animation because there are keyframes with different interpolation methods in one channel
12:42:44 | WARNING: Baking animation because there are keyframes with different interpolation methods in one channel
12:42:44 | WARNING: Baking animation because there are keyframes with different interpolation methods in one channel
12:42:44 | WARNING: Baking animation because there are keyframes with different interpolation methods in one channel
12:42:44 | WARNING: Baking animation because there are keyframes with different interpolation methods in one channel
12:42:44 | WARNING: Baking animation because there are keyframes with different interpolation methods in one channel
12:42:44 | WARNING: Baking animation because there are keyframes with different interpolation methods in one channel
12:42:44 | WARNING: Baking animation because there are keyframes with different interpolation methods in one channel
12:42:44 | WARNING: Baking animation because there are keyframes with different interpolation methods in one channel
12:42:44 | WARNING: Baking animation because there are keyframes with different interpolation methods in one channel
12:42:44 | WARNING: Baking animation because there are keyframes with different interpolation methods in one channel
12:42:44 | WARNING: Baking animation because there are keyframes with different interpolation methods in one channel
12:42:44 | WARNING: Baking animation because there are keyframes with different interpolation methods in one channel
12:42:44 | WARNING: Baking animation because there are keyframes with different interpolation methods in one channel
12:42:44 | WARNING: Baking animation because there are keyframes with different interpolation methods in one channel
12:42:44 | WARNING: Baking animation because there are keyframes with different interpolation methods in one channel
12:42:44 | WARNING: Baking animation because there are keyframes with different interpolation methods in one channel
12:42:44 | WARNING: Baking animation because there are keyframes with different interpolation methods in one channel
12:42:44 | WARNING: Baking animation because there are keyframes with different interpolation methods in one channel
12:42:44 | WARNING: Baking animation because there are keyframes with different interpolation methods in one channel
12:42:44 | WARNING: Baking animation because there are keyframes with different interpolation methods in one channel
12:42:44 | WARNING: Baking animation because there are keyframes with different interpolation methods in one channel
12:42:44 | WARNING: Baking animation because there are keyframes with different interpolation methods in one channel
12:42:44 | WARNING: Baking animation because there are keyframes with different interpolation methods in one channel
12:42:44 | WARNING: Baking animation because there are keyframes with different interpolation methods in one channel
12:42:44 | WARNING: Baking animation because there are keyframes with different interpolation methods in one channel
12:42:45 | WARNING: Baking animation because there are keyframes with different interpolation methods in one channel
12:42:45 | WARNING: Baking animation because there are keyframes with different interpolation methods in one channel
12:42:45 | WARNING: Baking animation because there are keyframes with different interpolation methods in one channel
12:42:45 | WARNING: Baking animation because there are keyframes with different interpolation methods in one channel
12:42:45 | WARNING: Baking animation because there are keyframes with different interpolation methods in one channel
12:42:45 | WARNING: Baking animation because there are keyframes with different interpolation methods in one channel
12:42:45 | WARNING: Baking animation because there are keyframes with different interpolation methods in one channel
12:42:45 | WARNING: Baking animation because there are keyframes with different interpolation methods in one channel
12:42:45 | WARNING: Baking animation because there are keyframes with different interpolation methods in one channel
12:42:45 | WARNING: Baking animation because there are keyframes with different interpolation methods in one channel
12:42:45 | WARNING: Baking animation because there are keyframes with different interpolation methods in one channel
12:42:45 | WARNING: Baking animation because there are keyframes with different interpolation methods in one channel
12:42:45 | WARNING: Baking animation because there are keyframes with different interpolation methods in one channel
12:42:45 | WARNING: Baking animation because there are keyframes with different interpolation methods in one channel
12:42:45 | WARNING: Baking animation because there are keyframes with different interpolation methods in one channel
12:42:45 | WARNING: Baking animation because there are keyframes with different interpolation methods in one channel
12:42:45 | WARNING: Baking animation because there are keyframes with different interpolation methods in one channel
12:42:45 | WARNING: Baking animation because there are keyframes with different interpolation methods in one channel
12:42:45 | WARNING: Baking animation because there are keyframes with different interpolation methods in one channel
12:42:45 | WARNING: Baking animation because there are keyframes with different interpolation methods in one channel
12:42:45 | WARNING: Baking animation because there are keyframes with different interpolation methods in one channel
12:42:45 | WARNING: Baking animation because there are keyframes with different interpolation methods in one channel
12:42:45 | WARNING: Baking animation because there are keyframes with different interpolation methods in one channel
12:42:45 | WARNING: Baking animation because there are keyframes with different interpolation methods in one channel
12:42:45 | WARNING: Baking animation because there are keyframes with different interpolation methods in one channel
12:42:45 | WARNING: Baking animation because there are keyframes with different interpolation methods in one channel
12:42:45 | WARNING: Baking animation because there are keyframes with different interpolation methods in one channel
12:42:45 | WARNING: Baking animation because there are keyframes with different interpolation methods in one channel
12:42:45 | WARNING: Baking animation because there are keyframes with different interpolation methods in one channel
12:42:45 | WARNING: Baking animation because there are keyframes with different interpolation methods in one channel
12:42:45 | WARNING: Baking animation because there are keyframes with different interpolation methods in one channel
12:42:45 | WARNING: Baking animation because there are keyframes with different interpolation methods in one channel
12:42:45 | WARNING: Baking animation because there are keyframes with different interpolation methods in one channel
12:42:45 | WARNING: Baking animation because there are keyframes with different interpolation methods in one channel
12:42:45 | WARNING: Baking animation because there are keyframes with different interpolation methods in one channel
12:42:45 | WARNING: Baking animation because there are keyframes with different interpolation methods in one channel
12:42:45 | WARNING: Baking animation because there are keyframes with different interpolation methods in one channel
12:42:45 | WARNING: Baking animation because there are keyframes with different interpolation methods in one channel
12:42:45 | WARNING: Baking animation because there are keyframes with different interpolation methods in one channel
12:42:45 | WARNING: Baking animation because there are keyframes with different interpolation methods in one channel
12:42:45 | WARNING: Baking animation because there are keyframes with different interpolation methods in one channel
12:42:45 | WARNING: Baking animation because there are keyframes with different interpolation methods in one channel
12:42:45 | WARNING: Baking animation because there are keyframes with different interpolation methods in one channel
12:42:45 | WARNING: Baking animation because there are keyframes with different interpolation methods in one channel
12:42:45 | WARNING: Baking animation because there are keyframes with different interpolation methods in one channel
12:42:45 | WARNING: Baking animation because there are keyframes with different interpolation methods in one channel
12:42:45 | WARNING: Baking animation because there are keyframes with different interpolation methods in one channel
12:42:45 | WARNING: Baking animation because there are keyframes with different interpolation methods in one channel
12:42:45 | WARNING: Baking animation because there are keyframes with different interpolation methods in one channel
12:42:45 | WARNING: Baking animation because there are keyframes with different interpolation methods in one channel
12:42:45 | WARNING: Baking animation because there are keyframes with different interpolation methods in one channel
12:42:45 | WARNING: Baking animation because there are keyframes with different interpolation methods in one channel
12:42:45 | WARNING: Baking animation because there are keyframes with different interpolation methods in one channel
12:42:45 | WARNING: Baking animation because there are keyframes with different interpolation methods in one channel
12:42:45 | WARNING: Baking animation because there are keyframes with different interpolation methods in one channel
12:42:45 | WARNING: Baking animation because there are keyframes with different interpolation methods in one channel
12:42:45 | WARNING: Baking animation because there are keyframes with different interpolation methods in one channel
12:42:45 | WARNING: Baking animation because there are keyframes with different interpolation methods in one channel
12:42:45 | WARNING: Baking animation because there are keyframes with different interpolation methods in one channel
12:42:45 | WARNING: Baking animation because there are keyframes with different interpolation methods in one channel
12:42:45 | WARNING: Baking animation because there are keyframes with different interpolation methods in one channel
12:42:45 | WARNING: Baking animation because there are keyframes with different interpolation methods in one channel
12:42:45 | WARNING: Baking animation because there are keyframes with different interpolation methods in one channel
12:42:45 | WARNING: Baking animation because there are keyframes with different interpolation methods in one channel
12:42:45 | WARNING: Baking animation because there are keyframes with different interpolation methods in one channel
12:42:45 | WARNING: Baking animation because there are keyframes with different interpolation methods in one channel
12:42:45 | WARNING: Baking animation because there are keyframes with different interpolation methods in one channel
12:42:45 | WARNING: Baking animation because there are keyframes with different interpolation methods in one channel
12:42:45 | WARNING: Baking animation because there are keyframes with different interpolation methods in one channel
12:42:45 | WARNING: Baking animation because there are keyframes with different interpolation methods in one channel
12:42:45 | WARNING: Baking animation because there are keyframes with different interpolation methods in one channel
12:42:45 | WARNING: Baking animation because there are keyframes with different interpolation methods in one channel
12:42:45 | WARNING: Baking animation because there are keyframes with different interpolation methods in one channel
12:42:45 | WARNING: Baking animation because there are keyframes with different interpolation methods in one channel
12:42:45 | WARNING: Baking animation because there are keyframes with different interpolation methods in one channel
12:42:45 | WARNING: Baking animation because there are keyframes with different interpolation methods in one channel
12:42:45 | WARNING: Baking animation because there are keyframes with different interpolation methods in one channel
12:42:45 | WARNING: Baking animation because there are keyframes with different interpolation methods in one channel
12:42:45 | WARNING: Baking animation because there are keyframes with different interpolation methods in one channel
12:42:45 | WARNING: Baking animation because there are keyframes with different interpolation methods in one channel
12:42:45 | WARNING: Baking animation because there are keyframes with different interpolation methods in one channel
12:42:45 | WARNING: Baking animation because there are keyframes with different interpolation methods in one channel
12:42:45 | WARNING: Baking animation because there are keyframes with different interpolation methods in one channel
12:42:45 | WARNING: Baking animation because there are keyframes with different interpolation methods in one channel
12:42:45 | WARNING: Baking animation because there are keyframes with different interpolation methods in one channel
12:42:45 | WARNING: Baking animation because there are keyframes with different interpolation methods in one channel
12:42:45 | WARNING: Baking animation because there are keyframes with different interpolation methods in one channel
12:42:45 | WARNING: Baking animation because there are keyframes with different interpolation methods in one channel
12:42:45 | WARNING: Baking animation because there are keyframes with different interpolation methods in one channel
12:42:45 | WARNING: Baking animation because there are keyframes with different interpolation methods in one channel
12:42:45 | WARNING: Baking animation because there are keyframes with different interpolation methods in one channel
12:42:45 | WARNING: Baking animation because there are keyframes with different interpolation methods in one channel
12:42:45 | WARNING: Baking animation because there are keyframes with different interpolation methods in one channel
12:42:45 | WARNING: Baking animation because there are keyframes with different interpolation methods in one channel
12:42:45 | WARNING: Baking animation because there are keyframes with different interpolation methods in one channel
12:42:45 | WARNING: Baking animation because there are keyframes with different interpolation methods in one channel
12:42:45 | WARNING: Baking animation because there are keyframes with different interpolation methods in one channel
12:42:45 | WARNING: Baking animation because there are keyframes with different interpolation methods in one channel
12:42:45 | WARNING: Baking animation because there are keyframes with different interpolation methods in one channel
12:42:45 | WARNING: Baking animation because there are keyframes with different interpolation methods in one channel
12:42:45 | WARNING: Baking animation because there are keyframes with different interpolation methods in one channel
12:42:45 | WARNING: Baking animation because there are keyframes with different interpolation methods in one channel
12:42:45 | WARNING: Baking animation because there are keyframes with different interpolation methods in one channel
12:42:45 | WARNING: Baking animation because there are keyframes with different interpolation methods in one channel
12:42:45 | WARNING: Baking animation because there are keyframes with different interpolation methods in one channel
12:42:45 | WARNING: Baking animation because there are keyframes with different interpolation methods in one channel
12:42:46 | WARNING: Baking animation because there are keyframes with different interpolation methods in one channel
12:42:46 | WARNING: Baking animation because there are keyframes with different interpolation methods in one channel
12:42:46 | WARNING: Baking animation because there are keyframes with different interpolation methods in one channel
12:42:46 | WARNING: Baking animation because there are keyframes with different interpolation methods in one channel
12:42:46 | WARNING: Baking animation because there are keyframes with different interpolation methods in one channel
12:42:46 | WARNING: Baking animation because there are keyframes with different interpolation methods in one channel
12:42:46 | WARNING: Baking animation because there are keyframes with different interpolation methods in one channel
12:42:46 | WARNING: Baking animation because there are keyframes with different interpolation methods in one channel
12:42:46 | WARNING: Baking animation because there are keyframes with different interpolation methods in one channel
12:42:46 | WARNING: Baking animation because there are keyframes with different interpolation methods in one channel
12:42:46 | WARNING: Baking animation because there are keyframes with different interpolation methods in one channel
12:42:46 | WARNING: Baking animation because there are keyframes with different interpolation methods in one channel
12:42:46 | WARNING: Baking animation because there are keyframes with different interpolation methods in one channel
12:42:46 | WARNING: Baking animation because there are keyframes with different interpolation methods in one channel
12:42:46 | WARNING: Baking animation because there are keyframes with different interpolation methods in one channel
12:42:46 | WARNING: Baking animation because there are keyframes with different interpolation methods in one channel
12:42:46 | WARNING: Baking animation because there are keyframes with different interpolation methods in one channel
12:42:46 | WARNING: Baking animation because there are keyframes with different interpolation methods in one channel
12:42:46 | WARNING: Baking animation because there are keyframes with different interpolation methods in one channel
12:42:46 | WARNING: Baking animation because there are keyframes with different interpolation methods in one channel
12:42:46 | WARNING: Baking animation because there are keyframes with different interpolation methods in one channel
12:42:46 | WARNING: Baking animation because there are keyframes with different interpolation methods in one channel
12:42:46 | WARNING: Baking animation because there are keyframes with different interpolation methods in one channel
12:42:46 | WARNING: Baking animation because there are keyframes with different interpolation methods in one channel
12:42:46 | WARNING: Baking animation because there are keyframes with different interpolation methods in one channel
12:42:46 | WARNING: Baking animation because there are keyframes with different interpolation methods in one channel
12:42:46 | WARNING: Baking animation because there are keyframes with different interpolation methods in one channel
12:42:46 | WARNING: Baking animation because there are keyframes with different interpolation methods in one channel
12:42:46 | WARNING: Baking animation because there are keyframes with different interpolation methods in one channel
12:42:46 | WARNING: Baking animation because there are keyframes with different interpolation methods in one channel
12:42:46 | WARNING: Baking animation because there are keyframes with different interpolation methods in one channel
12:42:46 | WARNING: Baking animation because there are keyframes with different interpolation methods in one channel
12:42:46 | WARNING: Baking animation because there are keyframes with different interpolation methods in one channel
12:42:46 | WARNING: Baking animation because there are keyframes with different interpolation methods in one channel
12:42:46 | WARNING: Baking animation because there are keyframes with different interpolation methods in one channel
12:42:46 | WARNING: Baking animation because there are keyframes with different interpolation methods in one channel
12:42:46 | WARNING: Baking animation because there are keyframes with different interpolation methods in one channel
12:42:46 | WARNING: Baking animation because there are keyframes with different interpolation methods in one channel
12:42:46 | WARNING: Baking animation because there are keyframes with different interpolation methods in one channel
12:42:46 | WARNING: Baking animation because there are keyframes with different interpolation methods in one channel
12:42:46 | WARNING: Baking animation because there are keyframes with different interpolation methods in one channel
12:42:46 | WARNING: Baking animation because there are keyframes with different interpolation methods in one channel
12:42:46 | WARNING: Baking animation because there are keyframes with different interpolation methods in one channel
12:42:46 | WARNING: Baking animation because there are keyframes with different interpolation methods in one channel
12:42:46 | WARNING: Baking animation because there are keyframes with different interpolation methods in one channel
12:42:46 | WARNING: Baking animation because there are keyframes with different interpolation methods in one channel
12:42:46 | WARNING: Baking animation because there are keyframes with different interpolation methods in one channel
12:42:46 | WARNING: Baking animation because there are keyframes with different interpolation methods in one channel
12:42:46 | WARNING: Baking animation because there are keyframes with different interpolation methods in one channel
12:42:46 | WARNING: Baking animation because there are keyframes with different interpolation methods in one channel
12:42:46 | WARNING: Baking animation because there are keyframes with different interpolation methods in one channel
12:42:46 | WARNING: Baking animation because there are keyframes with different interpolation methods in one channel
12:42:46 | WARNING: Baking animation because there are keyframes with different interpolation methods in one channel
12:42:46 | WARNING: Baking animation because there are keyframes with different interpolation methods in one channel
12:42:46 | WARNING: Baking animation because there are keyframes with different interpolation methods in one channel
12:42:46 | WARNING: Baking animation because there are keyframes with different interpolation methods in one channel
12:42:46 | WARNING: Baking animation because there are keyframes with different interpolation methods in one channel
12:42:46 | WARNING: Baking animation because there are keyframes with different interpolation methods in one channel
12:42:46 | WARNING: Baking animation because there are keyframes with different interpolation methods in one channel
12:42:46 | WARNING: Baking animation because there are keyframes with different interpolation methods in one channel
12:42:46 | WARNING: Baking animation because there are keyframes with different interpolation methods in one channel
12:42:46 | WARNING: Baking animation because there are keyframes with different interpolation methods in one channel
12:42:46 | WARNING: Baking animation because there are keyframes with different interpolation methods in one channel
12:42:46 | WARNING: Baking animation because there are keyframes with different interpolation methods in one channel
12:42:46 | WARNING: Baking animation because there are keyframes with different interpolation methods in one channel
12:42:46 | WARNING: Baking animation because there are keyframes with different interpolation methods in one channel
12:42:46 | WARNING: Baking animation because there are keyframes with different interpolation methods in one channel
12:42:46 | WARNING: Baking animation because there are keyframes with different interpolation methods in one channel
12:42:46 | WARNING: Baking animation because there are keyframes with different interpolation methods in one channel
12:42:46 | WARNING: Baking animation because there are keyframes with different interpolation methods in one channel
12:42:46 | WARNING: Baking animation because there are keyframes with different interpolation methods in one channel
12:42:46 | WARNING: Baking animation because there are keyframes with different interpolation methods in one channel
12:42:46 | WARNING: Baking animation because there are keyframes with different interpolation methods in one channel
12:42:46 | WARNING: Baking animation because there are keyframes with different interpolation methods in one channel
12:42:46 | WARNING: Baking animation because there are keyframes with different interpolation methods in one channel
12:42:46 | WARNING: Baking animation because there are keyframes with different interpolation methods in one channel
12:42:46 | WARNING: Baking animation because there are keyframes with different interpolation methods in one channel
12:42:46 | WARNING: Baking animation because there are keyframes with different interpolation methods in one channel
12:42:46 | WARNING: Baking animation because there are keyframes with different interpolation methods in one channel
12:42:46 | WARNING: Baking animation because there are keyframes with different interpolation methods in one channel
12:42:46 | WARNING: Baking animation because there are keyframes with different interpolation methods in one channel
12:42:46 | WARNING: Baking animation because there are keyframes with different interpolation methods in one channel
12:42:46 | WARNING: Baking animation because there are keyframes with different interpolation methods in one channel
12:42:46 | WARNING: Baking animation because there are keyframes with different interpolation methods in one channel
12:42:46 | WARNING: Baking animation because there are keyframes with different interpolation methods in one channel
12:42:46 | WARNING: Baking animation because there are keyframes with different interpolation methods in one channel
12:42:46 | WARNING: Baking animation because there are keyframes with different interpolation methods in one channel
12:42:46 | WARNING: Baking animation because there are keyframes with different interpolation methods in one channel
12:42:46 | WARNING: Baking animation because there are keyframes with different interpolation methods in one channel
12:42:46 | WARNING: Baking animation because there are keyframes with different interpolation methods in one channel
12:42:46 | WARNING: Baking animation because there are keyframes with different interpolation methods in one channel
12:42:46 | WARNING: Baking animation because there are keyframes with different interpolation methods in one channel
12:42:46 | WARNING: Baking animation because there are keyframes with different interpolation methods in one channel
12:42:46 | WARNING: Baking animation because there are keyframes with different interpolation methods in one channel
12:42:46 | WARNING: Baking animation because there are keyframes with different interpolation methods in one channel
12:42:46 | WARNING: Baking animation because there are keyframes with different interpolation methods in one channel
12:42:46 | WARNING: Baking animation because there are keyframes with different interpolation methods in one channel
12:42:46 | WARNING: Baking animation because there are keyframes with different interpolation methods in one channel
12:42:46 | WARNING: Baking animation because there are keyframes with different interpolation methods in one channel
12:42:46 | WARNING: Baking animation because there are keyframes with different interpolation methods in one channel
12:42:46 | WARNING: Baking animation because there are keyframes with different interpolation methods in one channel
12:42:46 | WARNING: Baking animation because there are keyframes with different interpolation methods in one channel
12:42:46 | WARNING: Baking animation because there are keyframes with different interpolation methods in one channel
12:42:46 | WARNING: Baking animation because there are keyframes with different interpolation methods in one channel
12:42:46 | WARNING: Baking animation because there are keyframes with different interpolation methods in one channel
12:42:46 | WARNING: Baking animation because there are keyframes with different interpolation methods in one channel
12:42:46 | WARNING: Baking animation because there are keyframes with different interpolation methods in one channel
12:42:46 | WARNING: Baking animation because there are keyframes with different interpolation methods in one channel
12:42:46 | WARNING: Baking animation because there are keyframes with different interpolation methods in one channel
12:42:46 | WARNING: Baking animation because there are keyframes with different interpolation methods in one channel
12:42:46 | WARNING: Baking animation because there are keyframes with different interpolation methods in one channel
12:42:46 | WARNING: Baking animation because there are keyframes with different interpolation methods in one channel
12:42:46 | WARNING: Baking animation because there are keyframes with different interpolation methods in one channel
12:42:46 | WARNING: Baking animation because there are keyframes with different interpolation methods in one channel
12:42:46 | WARNING: Baking animation because there are keyframes with different interpolation methods in one channel
12:42:46 | WARNING: Baking animation because there are keyframes with different interpolation methods in one channel
12:42:46 | WARNING: Baking animation because there are keyframes with different interpolation methods in one channel
12:42:46 | WARNING: Baking animation because there are keyframes with different interpolation methods in one channel
12:42:46 | WARNING: Baking animation because there are keyframes with different interpolation methods in one channel
12:42:46 | WARNING: Baking animation because there are keyframes with different interpolation methods in one channel
12:42:46 | WARNING: Baking animation because there are keyframes with different interpolation methods in one channel
12:42:46 | WARNING: Baking animation because there are keyframes with different interpolation methods in one channel
12:42:46 | WARNING: Baking animation because there are keyframes with different interpolation methods in one channel
12:42:46 | WARNING: Baking animation because there are keyframes with different interpolation methods in one channel
12:42:46 | WARNING: Baking animation because there are keyframes with different interpolation methods in one channel
12:42:46 | WARNING: Baking animation because there are keyframes with different interpolation methods in one channel
12:42:46 | WARNING: Baking animation because there are keyframes with different interpolation methods in one channel
12:42:46 | WARNING: Baking animation because there are keyframes with different interpolation methods in one channel
12:42:46 | WARNING: Baking animation because there are keyframes with different interpolation methods in one channel
12:42:46 | WARNING: Baking animation because there are keyframes with different interpolation methods in one channel
12:42:46 | WARNING: Baking animation because there are keyframes with different interpolation methods in one channel
12:42:46 | WARNING: Baking animation because there are keyframes with different interpolation methods in one channel
12:42:46 | WARNING: Baking animation because there are keyframes with different interpolation methods in one channel
12:42:46 | WARNING: Baking animation because there are keyframes with different interpolation methods in one channel
12:42:46 | WARNING: Baking animation because there are keyframes with different interpolation methods in one channel
12:42:46 | WARNING: Baking animation because there are keyframes with different interpolation methods in one channel
12:42:46 | WARNING: Baking animation because there are keyframes with different interpolation methods in one channel
12:42:46 | WARNING: Baking animation because there are keyframes with different interpolation methods in one channel
12:42:46 | WARNING: Baking animation because there are keyframes with different interpolation methods in one channel
12:42:46 | WARNING: Baking animation because there are keyframes with different interpolation methods in one channel
12:42:46 | WARNING: Baking animation because there are keyframes with different interpolation methods in one channel
12:42:46 | WARNING: Baking animation because there are keyframes with different interpolation methods in one channel
12:42:46 | WARNING: Baking animation because there are keyframes with different interpolation methods in one channel
12:42:46 | WARNING: Baking animation because there are keyframes with different interpolation methods in one channel
12:42:46 | WARNING: Baking animation because there are keyframes with different interpolation methods in one channel
12:42:46 | WARNING: Baking animation because there are keyframes with different interpolation methods in one channel
12:42:46 | WARNING: Baking animation because there are keyframes with different interpolation methods in one channel
12:42:46 | WARNING: Baking animation because there are keyframes with different interpolation methods in one channel
12:42:46 | WARNING: Baking animation because there are keyframes with different interpolation methods in one channel
12:42:46 | WARNING: Baking animation because there are keyframes with different interpolation methods in one channel
12:42:46 | WARNING: Baking animation because there are keyframes with different interpolation methods in one channel
12:42:46 | WARNING: Baking animation because there are keyframes with different interpolation methods in one channel
12:42:46 | WARNING: Baking animation because there are keyframes with different interpolation methods in one channel
12:42:46 | WARNING: Baking animation because there are keyframes with different interpolation methods in one channel
12:42:46 | WARNING: Baking animation because there are keyframes with different interpolation methods in one channel
12:42:46 | WARNING: Baking animation because there are keyframes with different interpolation methods in one channel
12:42:46 | WARNING: Baking animation because there are keyframes with different interpolation methods in one channel
12:42:46 | WARNING: Baking animation because there are keyframes with different interpolation methods in one channel
12:42:46 | WARNING: Baking animation because there are keyframes with different interpolation methods in one channel
12:42:46 | WARNING: Baking animation because there are keyframes with different interpolation methods in one channel
12:42:46 | WARNING: Baking animation because there are keyframes with different interpolation methods in one channel
12:42:46 | WARNING: Baking animation because there are keyframes with different interpolation methods in one channel
12:42:46 | WARNING: Baking animation because there are keyframes with different interpolation methods in one channel
12:42:46 | WARNING: Baking animation because there are keyframes with different interpolation methods in one channel
12:42:46 | WARNING: Baking animation because there are keyframes with different interpolation methods in one channel
12:42:46 | WARNING: Baking animation because there are keyframes with different interpolation methods in one channel
12:42:46 | WARNING: Baking animation because there are keyframes with different interpolation methods in one channel
12:42:46 | WARNING: Baking animation because there are keyframes with different interpolation methods in one channel
12:42:46 | WARNING: Baking animation because there are keyframes with different interpolation methods in one channel
12:42:46 | WARNING: Baking animation because there are keyframes with different interpolation methods in one channel
12:42:46 | WARNING: Baking animation because there are keyframes with different interpolation methods in one channel
12:42:46 | WARNING: Baking animation because there are keyframes with different interpolation methods in one channel
12:42:46 | WARNING: Baking animation because there are keyframes with different interpolation methods in one channel
12:42:46 | WARNING: Baking animation because there are keyframes with different interpolation methods in one channel
12:42:46 | WARNING: Baking animation because there are keyframes with different interpolation methods in one channel
12:42:46 | WARNING: Baking animation because there are keyframes with different interpolation methods in one channel
12:42:46 | WARNING: Baking animation because there are keyframes with different interpolation methods in one channel
12:42:46 | WARNING: Baking animation because there are keyframes with different interpolation methods in one channel
12:42:46 | WARNING: Baking animation because there are keyframes with different interpolation methods in one channel
12:42:46 | WARNING: Baking animation because there are keyframes with different interpolation methods in one channel
12:42:46 | WARNING: Baking animation because there are keyframes with different interpolation methods in one channel
12:42:46 | WARNING: Baking animation because there are keyframes with different interpolation methods in one channel
12:42:46 | WARNING: Baking animation because there are keyframes with different interpolation methods in one channel
12:42:46 | WARNING: Baking animation because there are keyframes with different interpolation methods in one channel
12:42:46 | WARNING: Baking animation because there are keyframes with different interpolation methods in one channel
12:42:46 | WARNING: Baking animation because there are keyframes with different interpolation methods in one channel
12:42:46 | WARNING: Baking animation because there are keyframes with different interpolation methods in one channel
12:42:46 | WARNING: Baking animation because there are keyframes with different interpolation methods in one channel
12:42:46 | WARNING: Baking animation because there are keyframes with different interpolation methods in one channel
12:42:46 | WARNING: Baking animation because there are keyframes with different interpolation methods in one channel
12:42:46 | WARNING: Baking animation because there are keyframes with different interpolation methods in one channel
12:42:46 | WARNING: Baking animation because there are keyframes with different interpolation methods in one channel
12:42:46 | WARNING: Baking animation because there are keyframes with different interpolation methods in one channel
12:42:46 | WARNING: Baking animation because there are keyframes with different interpolation methods in one channel
12:42:46 | WARNING: Baking animation because there are keyframes with different interpolation methods in one channel
12:42:46 | WARNING: Baking animation because there are keyframes with different interpolation methods in one channel
12:42:46 | WARNING: Baking animation because there are keyframes with different interpolation methods in one channel
12:42:46 | WARNING: Baking animation because there are keyframes with different interpolation methods in one channel
12:42:46 | WARNING: Baking animation because there are keyframes with different interpolation methods in one channel
12:42:46 | WARNING: Baking animation because there are keyframes with different interpolation methods in one channel
12:42:46 | WARNING: Baking animation because there are keyframes with different interpolation methods in one channel
12:42:46 | WARNING: Baking animation because there are keyframes with different interpolation methods in one channel
12:42:46 | WARNING: Baking animation because there are keyframes with different interpolation methods in one channel
12:42:46 | WARNING: Baking animation because there are keyframes with different interpolation methods in one channel
12:42:46 | WARNING: Baking animation because there are keyframes with different interpolation methods in one channel
12:42:46 | WARNING: Baking animation because there are keyframes with different interpolation methods in one channel
12:42:46 | WARNING: Baking animation because there are keyframes with different interpolation methods in one channel
12:42:46 | WARNING: Baking animation because there are keyframes with different interpolation methods in one channel
12:42:46 | WARNING: Baking animation because there are keyframes with different interpolation methods in one channel
12:42:46 | WARNING: Baking animation because there are keyframes with different interpolation methods in one channel
12:42:46 | WARNING: Baking animation because there are keyframes with different interpolation methods in one channel
12:42:46 | WARNING: Baking animation because there are keyframes with different interpolation methods in one channel
12:42:47 | WARNING: Baking animation because there are keyframes with different interpolation methods in one channel
12:42:47 | WARNING: Baking animation because there are keyframes with different interpolation methods in one channel
12:42:47 | WARNING: Baking animation because there are keyframes with different interpolation methods in one channel
12:42:47 | WARNING: Baking animation because there are keyframes with different interpolation methods in one channel
12:42:47 | WARNING: Baking animation because there are keyframes with different interpolation methods in one channel
12:42:47 | WARNING: Baking animation because there are keyframes with different interpolation methods in one channel
12:42:47 | WARNING: Baking animation because there are keyframes with different interpolation methods in one channel
12:42:47 | WARNING: Baking animation because there are keyframes with different interpolation methods in one channel
12:42:47 | WARNING: Baking animation because there are keyframes with different interpolation methods in one channel
12:42:47 | WARNING: Baking animation because there are keyframes with different interpolation methods in one channel
12:42:47 | WARNING: Baking animation because there are keyframes with different interpolation methods in one channel
12:42:47 | WARNING: Baking animation because there are keyframes with different interpolation methods in one channel
12:42:47 | WARNING: Baking animation because there are keyframes with different interpolation methods in one channel
12:42:47 | WARNING: Baking animation because there are keyframes with different interpolation methods in one channel
12:42:47 | WARNING: Baking animation because there are keyframes with different interpolation methods in one channel
12:42:47 | WARNING: Baking animation because there are keyframes with different interpolation methods in one channel
12:42:47 | WARNING: Baking animation because there are keyframes with different interpolation methods in one channel
12:42:47 | WARNING: Baking animation because there are keyframes with different interpolation methods in one channel
12:42:47 | WARNING: Baking animation because there are keyframes with different interpolation methods in one channel
12:42:47 | WARNING: Baking animation because there are keyframes with different interpolation methods in one channel
12:42:47 | WARNING: Baking animation because there are keyframes with different interpolation methods in one channel
12:42:47 | WARNING: Baking animation because there are keyframes with different interpolation methods in one channel
12:42:47 | WARNING: Baking animation because there are keyframes with different interpolation methods in one channel
12:42:47 | WARNING: Baking animation because there are keyframes with different interpolation methods in one channel
12:42:47 | WARNING: Baking animation because there are keyframes with different interpolation methods in one channel
12:42:47 | WARNING: Baking animation because there are keyframes with different interpolation methods in one channel
12:42:47 | WARNING: Baking animation because there are keyframes with different interpolation methods in one channel
12:42:47 | WARNING: Baking animation because there are keyframes with different interpolation methods in one channel
12:42:47 | WARNING: Baking animation because there are keyframes with different interpolation methods in one channel
12:42:47 | WARNING: Baking animation because there are keyframes with different interpolation methods in one channel
12:42:47 | WARNING: Baking animation because there are keyframes with different interpolation methods in one channel
12:42:47 | WARNING: Baking animation because there are keyframes with different interpolation methods in one channel
12:42:47 | WARNING: Baking animation because there are keyframes with different interpolation methods in one channel
12:42:47 | WARNING: Baking animation because there are keyframes with different interpolation methods in one channel
12:42:47 | WARNING: Baking animation because there are keyframes with different interpolation methods in one channel
12:42:47 | WARNING: Baking animation because there are keyframes with different interpolation methods in one channel
12:42:47 | WARNING: Baking animation because there are keyframes with different interpolation methods in one channel
12:42:47 | WARNING: Baking animation because there are keyframes with different interpolation methods in one channel
12:42:47 | WARNING: Baking animation because there are keyframes with different interpolation methods in one channel
12:42:47 | WARNING: Baking animation because there are keyframes with different interpolation methods in one channel
12:42:47 | WARNING: Baking animation because there are keyframes with different interpolation methods in one channel
12:42:47 | WARNING: Baking animation because there are keyframes with different interpolation methods in one channel
12:42:47 | WARNING: Baking animation because there are keyframes with different interpolation methods in one channel
12:42:47 | WARNING: Baking animation because there are keyframes with different interpolation methods in one channel
12:42:47 | WARNING: Baking animation because there are keyframes with different interpolation methods in one channel
12:42:47 | WARNING: Baking animation because there are keyframes with different interpolation methods in one channel
12:42:47 | WARNING: Baking animation because there are keyframes with different interpolation methods in one channel
12:42:47 | WARNING: Baking animation because there are keyframes with different interpolation methods in one channel
12:42:47 | WARNING: Baking animation because there are keyframes with different interpolation methods in one channel
12:42:47 | WARNING: Baking animation because there are keyframes with different interpolation methods in one channel
12:42:47 | WARNING: Baking animation because there are keyframes with different interpolation methods in one channel
12:42:47 | WARNING: Baking animation because there are keyframes with different interpolation methods in one channel
12:42:47 | WARNING: Baking animation because there are keyframes with different interpolation methods in one channel
12:42:51 | WARNING: Baking animation because there are keyframes with different interpolation methods in one channel
12:42:51 | WARNING: Baking animation because there are keyframes with different interpolation methods in one channel
12:42:51 | WARNING: Baking animation because there are keyframes with different interpolation methods in one channel
12:42:51 | WARNING: Baking animation because there are keyframes with different interpolation methods in one channel
12:42:51 | WARNING: Baking animation because there are keyframes with different interpolation methods in one channel
12:42:51 | WARNING: Baking animation because there are keyframes with different interpolation methods in one channel
12:42:51 | WARNING: Baking animation because there are keyframes with different interpolation methods in one channel
12:42:51 | WARNING: Baking animation because there are keyframes with different interpolation methods in one channel
12:42:51 | WARNING: Baking animation because there are keyframes with different interpolation methods in one channel
12:42:51 | WARNING: Baking animation because there are keyframes with different interpolation methods in one channel
12:42:51 | WARNING: Baking animation because there are keyframes with different interpolation methods in one channel
12:42:51 | WARNING: Baking animation because there are keyframes with different interpolation methods in one channel
12:42:51 | WARNING: Baking animation because there are keyframes with different interpolation methods in one channel
12:42:51 | WARNING: Baking animation because there are keyframes with different interpolation methods in one channel
12:42:51 | WARNING: Baking animation because there are keyframes with different interpolation methods in one channel
12:42:51 | WARNING: Baking animation because there are keyframes with different interpolation methods in one channel
12:42:51 | WARNING: Baking animation because there are keyframes with different interpolation methods in one channel
12:42:51 | WARNING: Baking animation because there are keyframes with different interpolation methods in one channel
12:42:51 | WARNING: Baking animation because there are keyframes with different interpolation methods in one channel
12:42:51 | WARNING: Baking animation because there are keyframes with different interpolation methods in one channel
12:42:51 | WARNING: Baking animation because there are keyframes with different interpolation methods in one channel
12:42:51 | WARNING: Baking animation because there are keyframes with different interpolation methods in one channel
12:42:51 | WARNING: Baking animation because there are keyframes with different interpolation methods in one channel
12:42:51 | WARNING: Baking animation because there are keyframes with different interpolation methods in one channel
12:42:51 | WARNING: Baking animation because there are keyframes with different interpolation methods in one channel
12:42:51 | WARNING: Baking animation because there are keyframes with different interpolation methods in one channel
12:42:51 | WARNING: Baking animation because there are keyframes with different interpolation methods in one channel
12:42:51 | WARNING: Baking animation because there are keyframes with different interpolation methods in one channel
12:42:51 | WARNING: Baking animation because there are keyframes with different interpolation methods in one channel
12:42:51 | WARNING: Baking animation because there are keyframes with different interpolation methods in one channel
12:42:51 | WARNING: Baking animation because there are keyframes with different interpolation methods in one channel
12:42:51 | WARNING: Baking animation because there are keyframes with different interpolation methods in one channel
12:42:51 | WARNING: Baking animation because there are keyframes with different interpolation methods in one channel
12:42:51 | WARNING: Baking animation because there are keyframes with different interpolation methods in one channel
12:42:51 | WARNING: Baking animation because there are keyframes with different interpolation methods in one channel
12:42:51 | WARNING: Baking animation because there are keyframes with different interpolation methods in one channel
12:42:51 | WARNING: Baking animation because there are keyframes with different interpolation methods in one channel
12:42:51 | WARNING: Baking animation because there are keyframes with different interpolation methods in one channel
12:42:51 | WARNING: Baking animation because there are keyframes with different interpolation methods in one channel
12:42:51 | WARNING: Baking animation because there are keyframes with different interpolation methods in one channel
12:42:51 | WARNING: Baking animation because there are keyframes with different interpolation methods in one channel
12:42:51 | WARNING: Baking animation because there are keyframes with different interpolation methods in one channel
12:42:51 | WARNING: Baking animation because there are keyframes with different interpolation methods in one channel
12:42:51 | WARNING: Baking animation because there are keyframes with different interpolation methods in one channel
12:42:51 | WARNING: Baking animation because there are keyframes with different interpolation methods in one channel
12:42:51 | WARNING: Baking animation because there are keyframes with different interpolation methods in one channel
12:42:51 | WARNING: Baking animation because there are keyframes with different interpolation methods in one channel
12:42:51 | WARNING: Baking animation because there are keyframes with different interpolation methods in one channel
12:42:51 | WARNING: Baking animation because there are keyframes with different interpolation methods in one channel
12:42:51 | WARNING: Baking animation because there are keyframes with different interpolation methods in one channel
12:42:51 | WARNING: Baking animation because there are keyframes with different interpolation methods in one channel
12:42:51 | WARNING: Baking animation because there are keyframes with different interpolation methods in one channel
12:42:51 | WARNING: Baking animation because there are keyframes with different interpolation methods in one channel
12:42:52 | WARNING: Baking animation because there are keyframes with different interpolation methods in one channel
12:42:52 | WARNING: Baking animation because there are keyframes with different interpolation methods in one channel
12:42:52 | WARNING: Baking animation because there are keyframes with different interpolation methods in one channel
12:42:52 | WARNING: Baking animation because there are keyframes with different interpolation methods in one channel
12:42:52 | WARNING: Baking animation because there are keyframes with different interpolation methods in one channel
12:42:52 | WARNING: Baking animation because there are keyframes with different interpolation methods in one channel
12:42:52 | WARNING: Baking animation because there are keyframes with different interpolation methods in one channel
12:42:52 | WARNING: Baking animation because there are keyframes with different interpolation methods in one channel
12:42:52 | WARNING: Baking animation because there are keyframes with different interpolation methods in one channel
12:42:52 | WARNING: Baking animation because there are keyframes with different interpolation methods in one channel
12:42:52 | WARNING: Baking animation because there are keyframes with different interpolation methods in one channel
12:42:52 | WARNING: Baking animation because there are keyframes with different interpolation methods in one channel
12:42:52 | WARNING: Baking animation because there are keyframes with different interpolation methods in one channel
12:42:52 | WARNING: Baking animation because there are keyframes with different interpolation methods in one channel
12:42:52 | WARNING: Baking animation because there are keyframes with different interpolation methods in one channel
12:42:52 | WARNING: Baking animation because there are keyframes with different interpolation methods in one channel
12:42:52 | WARNING: Baking animation because there are keyframes with different interpolation methods in one channel
12:42:52 | WARNING: Baking animation because there are keyframes with different interpolation methods in one channel
12:42:52 | WARNING: Baking animation because there are keyframes with different interpolation methods in one channel
12:42:52 | WARNING: Baking animation because there are keyframes with different interpolation methods in one channel
12:42:52 | WARNING: Baking animation because there are keyframes with different interpolation methods in one channel
12:42:52 | WARNING: Baking animation because there are keyframes with different interpolation methods in one channel
12:42:52 | WARNING: Baking animation because there are keyframes with different interpolation methods in one channel
12:42:52 | WARNING: Baking animation because there are keyframes with different interpolation methods in one channel
12:42:52 | WARNING: Baking animation because there are keyframes with different interpolation methods in one channel
12:42:52 | WARNING: Baking animation because there are keyframes with different interpolation methods in one channel
12:42:52 | WARNING: Baking animation because there are keyframes with different interpolation methods in one channel
12:42:52 | WARNING: Baking animation because there are keyframes with different interpolation methods in one channel
12:42:52 | WARNING: Baking animation because there are keyframes with different interpolation methods in one channel
12:42:52 | WARNING: Baking animation because there are keyframes with different interpolation methods in one channel
12:42:52 | WARNING: Baking animation because there are keyframes with different interpolation methods in one channel
12:42:52 | WARNING: Baking animation because there are keyframes with different interpolation methods in one channel
12:42:52 | WARNING: Baking animation because there are keyframes with different interpolation methods in one channel
12:42:52 | WARNING: Baking animation because there are keyframes with different interpolation methods in one channel
12:42:52 | WARNING: Baking animation because there are keyframes with different interpolation methods in one channel
12:42:52 | WARNING: Baking animation because there are keyframes with different interpolation methods in one channel
12:42:52 | WARNING: Baking animation because there are keyframes with different interpolation methods in one channel
12:42:52 | WARNING: Baking animation because there are keyframes with different interpolation methods in one channel
12:42:52 | WARNING: Baking animation because there are keyframes with different interpolation methods in one channel
12:42:52 | WARNING: Baking animation because there are keyframes with different interpolation methods in one channel
12:42:52 | WARNING: Baking animation because there are keyframes with different interpolation methods in one channel
12:42:52 | WARNING: Baking animation because there are keyframes with different interpolation methods in one channel
12:42:52 | WARNING: Baking animation because there are keyframes with different interpolation methods in one channel
12:42:52 | WARNING: Baking animation because there are keyframes with different interpolation methods in one channel
12:42:52 | WARNING: Baking animation because there are keyframes with different interpolation methods in one channel
12:42:52 | WARNING: Baking animation because there are keyframes with different interpolation methods in one channel
12:42:52 | WARNING: Baking animation because there are keyframes with different interpolation methods in one channel
12:42:52 | WARNING: Baking animation because there are keyframes with different interpolation methods in one channel
12:42:52 | WARNING: Baking animation because there are keyframes with different interpolation methods in one channel
12:42:52 | WARNING: Baking animation because there are keyframes with different interpolation methods in one channel
12:42:52 | WARNING: Baking animation because there are keyframes with different interpolation methods in one channel
12:42:52 | WARNING: Baking animation because there are keyframes with different interpolation methods in one channel
12:42:52 | WARNING: Baking animation because there are keyframes with different interpolation methods in one channel
12:42:55 | INFO: Finished glTF 2.0 export in 26.90266489982605 s

C06_DONE failed=['arm_seat_ok', 'grab_reach_ok', 'hold_drift_ok', 'release_frame_ok']
C06_DONE non_ok_bools=['no_teleport']
Blender 4.5.0 (hash 8cb6b388974a built 2025-07-15 01:36:24)
Read blend: "I:\工作项目\BIGMANFIGHT\角色资产\美术资产\bigman_v001\bigman_anim_v001.blend"

Blender quit
Error: Not freed memory blocks: 7796, total unfreed memory 0.814014 MB
