C06_LAYOUT {"total_frames": 60, "seconds": 1.0, "antic": 20, "hit": 28, "hold": 3, "hold_end": 30, "release": 31, "return_start": 31, "settle": 50, "cancel": 52, "advance_mm": 270.0, "foot_schedule": {"L": [[0, 15], [26, 60]], "R": [[0, 5], [15, 60]]}, "seam_source": ["Grab_Hold", 120], "pelvis_y0_mm": -539.388, "pelvis_z0_mm": 756.0, "ankle0_mm": {"L": [143.18, -708.98, 79.62], "R": [-141.58, -398.96, 81.77]}, "ankle1_mm": {"L": [143.18, -978.98, 79.62], "R": [-141.58, -668.96, 81.77]}, "grabbed_points_m": {"L": [0.33535, -1.373329, 1.136036], "R": [-0.314644, -1.374606, 1.134682]}, "end_rot_deg": {"pelvis": [15.0, 6.0, 0.0], "spine_01": [7.0, 3.0, 0.0], "spine_02": [7.0, 3.0, 0.0], "chest": [9.0, 4.0, 0.0], "neck": [-12.0, 0.0, 0.0], "head": [-8.0, 0.0, 0.0], "shoulder.L": [-2.0, 0.0, -10.0], "shoulder.R": [-2.0, 0.0, 11.0]}, "note": "投掷：首帧 = `Grab_Hold@120`（逐位）；双手逆解钉死在世界抓取点到 f30，f31 释放；髋部 ry −20° → +26° 为发力主通道；收招 = 单向减速到「跟随姿」。"}
C06_CALIBRATION {"per_window": {"L_w0": {"pivot_mm": [149.18, -915.0, 12.172], "ankle_flat_mm": [143.18, -709.0, 79.67]}, "R_w0": {"pivot_mm": [-147.58, -604.97, 14.157], "ankle_flat_mm": [-141.58, -398.97, 81.66]}, "L_w1": {"pivot_mm": [149.18, -1185.0, 12.37], "ankle_flat_mm": [143.18, -979.0, 79.87]}, "R_w1": {"pivot_mm": [-147.58, -874.97, 14.342], "ankle_flat_mm": [-141.58, -668.97, 81.84]}}, "arm_len_mm": {"L": {"upper": 328.0, "forearm": 224.0, "hand": 98.0}, "R": {"upper": 328.0, "forearm": 224.0, "hand": 98.0}}, "note": "本支不踮脚（tip ≡ 0）⟹ 踝目标完全由 FLAT_ANK 决定。"}
C06_FLY {"fly_dir": {"upperarm.L": [0.26, -0.5, -0.83], "forearm.L": [0.14, -0.86, -0.49], "hand.L": [0.14, -0.86, -0.49], "upperarm.R": [-0.26, -0.5, -0.83], "forearm.R": [-0.14, -0.86, -0.49], "hand.R": [-0.14, -0.86, -0.49]}, "fly_euler_deg": {"upperarm.L": [-25.5577, -49.0682, -55.8719], "forearm.L": [5.8456, -5.6108, -29.5181], "hand.L": [0.0, -3.562, 0.0], "upperarm.R": [-37.833, 58.9575, 17.2478], "forearm.R": [6.7815, 13.6977, 30.4058], "hand.R": [0.0, 7.6568, -0.0]}, "achieved_dir": {"upperarm.L": [0.259159, -0.498383, -0.827316], "forearm.L": [0.140049, -0.860301, -0.490171], "hand.L": [0.140049, -0.860301, -0.490172], "upperarm.R": [-0.259159, -0.498383, -0.827316], "forearm.R": [-0.140049, -0.860301, -0.490172], "hand.R": [-0.140049, -0.860301, -0.490172]}, "note": "跟随姿 = 双臂向前（−y）+ 微下（−z）伸展；收招终点逐位复现。"}
C06_REPORT {"loop_seamless": null, "ground_min_mm": -0.05, "ground_contact_ok": true, "max_frame_step_deg": 25.179, "max_frame_step_at": [23, "upperarm.L"], "no_teleport": false, "bone_travel_mm": {"pelvis": 271.66, "chest": 283.05, "head": 295.41, "hand.L": 341.94, "hand.R": 399.33}, "seam_source": ["Grab_Hold", 120], "throw_start_delta": 0.0, "throw_start_ok": true, "root_motion_m": [0.0, -0.27], "root_motion_ok": true, "advance_total_mm": 270.0, "grabbed_points_m": {"L": [0.33535, -1.373329, 1.136036], "R": [-0.314644, -1.374606, 1.134682]}, "grab_gap_mm": 650.0, "grab_z_mm": 1135.36, "grab_depth_mm": -834.58, "hold_drift_max_mm": 0.00027, "hold_drift_ok": true, "release_frame_found": 31, "release_frame_want": 31, "release_frame_ok": true, "release_drift_after_mm": 34.6519, "release_hand_L_m": [0.33535, -1.373328, 1.136036], "release_hand_R_m": [-0.314644, -1.374606, 1.134682], "release_pelvis_m": [0.012, -0.749388, 0.756], "arm_total_len_mm": {"L": 650.0, "R": 650.0}, "grab_reach_ratio": {"L": 0.96801, "R": 0.97106}, "grab_reach_ok": true, "arm_seat_clamped": {"L": false, "R": false}, "arm_seat_detail": {"L": {"any": false, "worst_frame": null, "worst_over_mm": 0.0, "worst_dist_mm": 0.0, "limit_mm": 649.675, "n_frames": 87}, "R": {"any": false, "worst_frame": null, "worst_over_mm": 0.0, "worst_dist_mm": 0.0, "limit_mm": 649.675, "n_frames": 87}}, "arm_seat_ok": true, "hand_reach_min_mm": {"L": 414.29, "R": 422.97}, "hip_peak_deg": 30.23, "hip_peak_frame": 18, "torso_peak_deg": 15.448, "hip_drive_ratio": 1.9568, "hip_drive_ok": true, "hip_spd_peak_deg": 7.201, "hip_spd_peak_frame": 22, "hand_spd_peak_mm": 31.931, "hand_spd_peak_frame": 31, "hip_lead_frames": 9, "hip_then_arm_ok": true, "throw_apex_frame": 41, "throw_arc_steps_mm": [24.007, 21.091, 17.989, 14.833, 11.749, 8.843, 6.197, 3.867, 1.883, 0.253], "throw_arc_forward_mm": 110.713, "throw_arc_back_frames": 0, "throw_apex_span": 10, "throw_arc_ok": true, "pelvis_after_release_mm": 55.557, "settle_steps_mm": [4.4433, 4.3278, 4.2092, 4.0872, 3.9614, 3.8314, 3.6969, 3.5573, 3.412, 3.2603, 3.1011, 2.9332, 2.7552, 2.5648, 2.359, 2.1334, 1.8809, 1.5883, 1.2265, 0.6708, 0.0, 0.0, 0.0, 0.0, 0.0, 0.0, 0.0, 0.0, 0.0, 0.0], "settle_steps_monotone": true, "weight_settle_ok": true, "pivot_drift_mm": {"L_w0_mm": 0.0251, "L_w1_mm": 0.0013, "R_w0_mm": 0.0081, "R_w1_mm": 0.008}, "stance_pivot_ok": true, "plant_sole_mm": {"L_w0": [-0.012, 0.0], "L_w1": [0.001, 0.015], "R_w0": [-0.002, -0.001], "R_w1": [-0.05, 0.005]}, "stance_sole_ok": true, "unsupported_frames": [], "always_supported_ok": true, "air_sole_min_mm": {"L": 13.985, "R": 18.235}, "swing_airborne_ok": true, "hitstop_frozen_steps": [0.0, 0.0], "hitstop_present_ok": true, "hitstop_momentum_mm": 14.0, "hitstop_keeps_momentum_ok": true, "hitstop_frames": 3, "hitstop_frames_ok": true, "antic_frames": 20, "antic_frames_ok": true, "pelvis_z_min_mm": 699.96, "pelvis_z_max_mm": 756.0, "pelvis_sink_mm": 56.0, "pelvis_sink_ok": true, "pelvis_rise_mm": 52.0, "pelvis_rise_ok": true, "power_chain_channels_deg": {"pelvis": 21.5, "spine_01": 9.5, "spine_02": 9.5, "chest": 12.0, "shoulder.L": 27.132, "shoulder.R": 28.132, "thigh.L": 86.903, "shin.L": 92.248, "thigh.R": 70.93, "shin.R": 95.601}, "power_chain_ok": true, "leg_reach_max_ratio": {"L": 0.88585, "R": 0.85789}, "ik_reach_ok": true, "return_tail": [8.2776, 8.0626, 7.8416, 7.6142, 7.3799, 7.1378, 6.8872, 6.6271, 6.3565, 6.0737, 5.7771, 5.4645, 5.1328, 4.778, 4.3947, 3.9745, 3.504, 2.959, 2.285, 1.2497, 0.0, 0.0, 0.0, 0.0, 0.0, 0.0, 0.0, 0.0, 0.0, 0.0], "return_tail_bones": ["forearm.R", "forearm.R", "forearm.R", "forearm.R", "forearm.R", "forearm.R", "forearm.R", "forearm.R", "forearm.R", "forearm.R", "forearm.R", "forearm.R", "forearm.R", "forearm.R", "forearm.R", "forearm.R", "forearm.R", "forearm.R", "forearm.R", "forearm.R", null, null, null, null, null, null, null, null, null, null], "return_tail_head": [8.2776, 8.0626, 7.8416, 7.6142, 7.3799, 7.1378, 6.8872, 6.6271], "decel_smooth_ok": true, "no_snap_stop_ok": true, "return_tail_zero_frames": 10, "local_step_max_deg": 23.743, "local_step_max_at": [26, "forearm.R"], "end_pose_note": "收招 = 单向减速到「投掷跟随姿」（不许过冲 ⟹ 不回 Idle）；末帧姿态登记在 Action 自定义属性 end_pose_deg 里。", "end_hand_mid_m": [0.04862, -1.489471, 0.737331], "end_pelvis_m": [0.01, -0.809388, 0.726], "end_vs_idle_orient_delta": 0.0, "end_vs_start_orient_delta": 1.476, "end_vs_start_rel_delta": 0.3856, "low_bad_frames": {}, "world_step_max_deg": 17.892, "world_step_max_at": [26, "hand.R"], "world_step_ok": true, "meta": {"anim_id": "Throw", "loop": false, "category": "连招与特殊技", "note": "投掷：接 `Grab_Hold@120`（逐位）；双手位置逆解钉死在 C04 登记的世界抓取点到释放帧（f31）；髋部 ry −20° → +26° 为发力主通道；释放后双臂单向减速伸展到「跟随姿」（不许过冲，故不回 Idle）。Root Motion 前冲 0.270 m。", "antic_frame": 20, "hit_frame": 28, "cancel_frame": 52, "hitstop_frames": 3, "release_frame": 31, "root_motion_m": [0.0, -0.27], "inherit_from": "Grab_Hold@120", "grabbed_point_L_m": [0.33535, -1.373329, 1.136036], "grabbed_point_R_m": [-0.314644, -1.374606, 1.134682], "hit_point_m": null, "end_pose_deg": {"chest": [9.0, 4.0, 0.0], "head": [-8.0, 0.0, 0.0], "neck": [-12.0, 0.0, 0.0], "pelvis": [15.0, 6.0, 0.0], "shoulder.L": [-2.0, 0.0, -10.0], "shoulder.R": [-2.0, 0.0, 11.0], "spine_01": [7.0, 3.0, 0.0], "spine_02": [7.0, 3.0, 0.0]}, "fps": 60, "frames": [0, 60]}, "failed": [], "non_ok_bools": ["no_teleport"]}
C06_CAM {"cam_center_y_m": -1.0428, "y_span_m": 1.0068, "ortho_scale": 2.6, "y_min_m": -1.5462, "y_max_m": -0.5394}Blender 4.5.0 (hash 8cb6b388974a built 2025-07-15 01:36:24)
Read blend: "I:\工作项目\BIGMANFIGHT\角色资产\美术资产\bigman_v001\bigman_anim_v001.blend"
Fra:0 Mem:93.03M (Peak 96.22M) | Time:00:00.57 | Rendering 1 / 64 samples
Fra:0 Mem:93.03M (Peak 96.22M) | Time:00:00.61 | Rendering 25 / 64 samples
Fra:0 Mem:93.03M (Peak 96.22M) | Time:00:00.65 | Rendering 50 / 64 samples
Fra:0 Mem:93.03M (Peak 96.22M) | Time:00:00.67 | Rendering 64 / 64 samples
Fra:0 Mem:60.99M (Peak 106.13M) | Time:00:00.69 | Compositing
Saved: 'I:\工作项目\BIGMANFIGHT\角色资产\美术资产\bigman_v001\previews\anim\throw06_side_f0000.png'
Time: 00:00.73 (Saving: 00:00.04)

Fra:20 Mem:95.10M (Peak 98.26M) | Time:00:00.26 | Rendering 1 / 64 samples
Fra:20 Mem:95.10M (Peak 98.26M) | Time:00:00.29 | Rendering 25 / 64 samples
Fra:20 Mem:95.10M (Peak 98.26M) | Time:00:00.33 | Rendering 50 / 64 samples
Fra:20 Mem:95.10M (Peak 98.26M) | Time:00:00.35 | Rendering 64 / 64 samples
Fra:20 Mem:63.06M (Peak 108.19M) | Time:00:00.37 | Compositing
Saved: 'I:\工作项目\BIGMANFIGHT\角色资产\美术资产\bigman_v001\previews\anim\throw06_side_f0020.png'
Time: 00:00.41 (Saving: 00:00.03)

Fra:28 Mem:95.11M (Peak 98.26M) | Time:00:00.23 | Rendering 1 / 64 samples
Fra:28 Mem:95.11M (Peak 98.26M) | Time:00:00.27 | Rendering 25 / 64 samples
Fra:28 Mem:95.11M (Peak 98.26M) | Time:00:00.30 | Rendering 50 / 64 samples
Fra:28 Mem:95.11M (Peak 98.26M) | Time:00:00.32 | Rendering 64 / 64 samples
Fra:28 Mem:63.06M (Peak 108.20M) | Time:00:00.34 | Compositing
Saved: 'I:\工作项目\BIGMANFIGHT\角色资产\美术资产\bigman_v001\previews\anim\throw06_side_f0028.png'
Time: 00:00.38 (Saving: 00:00.03)

Fra:31 Mem:95.11M (Peak 98.26M) | Time:00:00.23 | Rendering 1 / 64 samples
Fra:31 Mem:95.11M (Peak 98.26M) | Time:00:00.27 | Rendering 25 / 64 samples
Fra:31 Mem:95.11M (Peak 98.26M) | Time:00:00.30 | Rendering 50 / 64 samples
Fra:31 Mem:95.11M (Peak 98.26M) | Time:00:00.32 | Rendering 64 / 64 samples
Fra:31 Mem:63.06M (Peak 108.20M) | Time:00:00.34 | Compositing
Saved: 'I:\工作项目\BIGMANFIGHT\角色资产\美术资产\bigman_v001\previews\anim\throw06_side_f0031.png'
Time: 00:00.38 (Saving: 00:00.03)

Fra:50 Mem:95.11M (Peak 98.26M) | Time:00:00.23 | Rendering 1 / 64 samples
Fra:50 Mem:95.11M (Peak 98.26M) | Time:00:00.27 | Rendering 25 / 64 samples
Fra:50 Mem:95.11M (Peak 98.26M) | Time:00:00.30 | Rendering 50 / 64 samples
Fra:50 Mem:95.11M (Peak 98.26M) | Time:00:00.32 | Rendering 64 / 64 samples
Fra:50 Mem:63.06M (Peak 108.20M) | Time:00:00.34 | Compositing
Saved: 'I:\工作项目\BIGMANFIGHT\角色资产\美术资产\bigman_v001\previews\anim\throw06_side_f0050.png'
Time: 00:00.39 (Saving: 00:00.03)

Fra:60 Mem:95.11M (Peak 98.26M) | Time:00:00.24 | Rendering 1 / 64 samples
Fra:60 Mem:95.11M (Peak 98.26M) | Time:00:00.27 | Rendering 25 / 64 samples
Fra:60 Mem:95.11M (Peak 98.26M) | Time:00:00.30 | Rendering 50 / 64 samples
Fra:60 Mem:95.11M (Peak 98.26M) | Time:00:00.32 | Rendering 64 / 64 samples
Fra:60 Mem:63.06M (Peak 108.20M) | Time:00:00.35 | Compositing
Saved: 'I:\工作项目\BIGMANFIGHT\角色资产\美术资产\bigman_v001\previews\anim\throw06_side_f0060.png'
Time: 00:00.38 (Saving: 00:00.03)

Fra:0 Mem:95.11M (Peak 98.26M) | Time:00:00.22 | Rendering 1 / 64 samples
Fra:0 Mem:95.11M (Peak 98.26M) | Time:00:00.26 | Rendering 25 / 64 samples
Fra:0 Mem:95.11M (Peak 98.26M) | Time:00:00.29 | Rendering 50 / 64 samples
Fra:0 Mem:95.11M (Peak 98.26M) | Time:00:00.31 | Rendering 64 / 64 samples
Fra:0 Mem:63.06M (Peak 108.20M) | Time:00:00.33 | Compositing
Saved: 'I:\工作项目\BIGMANFIGHT\角色资产\美术资产\bigman_v001\previews\anim\throw06_front_f0000.png'
Time: 00:00.37 (Saving: 00:00.03)

Fra:20 Mem:95.11M (Peak 98.26M) | Time:00:00.24 | Rendering 1 / 64 samples
Fra:20 Mem:95.11M (Peak 98.26M) | Time:00:00.27 | Rendering 25 / 64 samples
Fra:20 Mem:95.11M (Peak 98.26M) | Time:00:00.30 | Rendering 50 / 64 samples
Fra:20 Mem:95.11M (Peak 98.26M) | Time:00:00.32 | Rendering 64 / 64 samples
Fra:20 Mem:63.06M (Peak 108.20M) | Time:00:00.34 | Compositing
Saved: 'I:\工作项目\BIGMANFIGHT\角色资产\美术资产\bigman_v001\previews\anim\throw06_front_f0020.png'
Time: 00:00.38 (Saving: 00:00.03)

Fra:28 Mem:95.11M (Peak 98.26M) | Time:00:00.24 | Rendering 1 / 64 samples
Fra:28 Mem:95.11M (Peak 98.26M) | Time:00:00.28 | Rendering 25 / 64 samples
Fra:28 Mem:95.11M (Peak 98.26M) | Time:00:00.31 | Rendering 50 / 64 samples
Fra:28 Mem:95.11M (Peak 98.26M) | Time:00:00.33 | Rendering 64 / 64 samples
Fra:28 Mem:63.06M (Peak 108.20M) | Time:00:00.35 | Compositing
Saved: 'I:\工作项目\BIGMANFIGHT\角色资产\美术资产\bigman_v001\previews\anim\throw06_front_f0028.png'
Time: 00:00.39 (Saving: 00:00.03)

Fra:31 Mem:95.11M (Peak 98.26M) | Time:00:00.23 | Rendering 1 / 64 samples
Fra:31 Mem:95.11M (Peak 98.26M) | Time:00:00.26 | Rendering 25 / 64 samples
Fra:31 Mem:95.11M (Peak 98.26M) | Time:00:00.30 | Rendering 50 / 64 samples
Fra:31 Mem:95.11M (Peak 98.26M) | Time:00:00.32 | Rendering 64 / 64 samples
Fra:31 Mem:63.06M (Peak 108.20M) | Time:00:00.34 | Compositing
Saved: 'I:\工作项目\BIGMANFIGHT\角色资产\美术资产\bigman_v001\previews\anim\throw06_front_f0031.png'
Time: 00:00.38 (Saving: 00:00.03)

Fra:50 Mem:95.11M (Peak 98.26M) | Time:00:00.24 | Rendering 1 / 64 samples
Fra:50 Mem:95.11M (Peak 98.26M) | Time:00:00.27 | Rendering 25 / 64 samples
Fra:50 Mem:95.11M (Peak 98.26M) | Time:00:00.30 | Rendering 50 / 64 samples
Fra:50 Mem:95.11M (Peak 98.26M) | Time:00:00.32 | Rendering 64 / 64 samples
Fra:50 Mem:63.06M (Peak 108.20M) | Time:00:00.34 | Compositing
Saved: 'I:\工作项目\BIGMANFIGHT\角色资产\美术资产\bigman_v001\previews\anim\throw06_front_f0050.png'
Time: 00:00.38 (Saving: 00:00.03)

Fra:60 Mem:95.11M (Peak 98.26M) | Time:00:00.21 | Rendering 1 / 64 samples
Fra:60 Mem:95.11M (Peak 98.26M) | Time:00:00.24 | Rendering 25 / 64 samples
Fra:60 Mem:95.11M (Peak 98.26M) | Time:00:00.27 | Rendering 50 / 64 samples
Fra:60 Mem:95.11M (Peak 98.26M) | Time:00:00.29 | Rendering 64 / 64 samples
Fra:60 Mem:63.06M (Peak 108.20M) | Time:00:00.31 | Compositing
Saved: 'I:\工作项目\BIGMANFIGHT\角色资产\美术资产\bigman_v001\previews\anim\throw06_front_f0060.png'
Time: 00:00.35 (Saving: 00:00.03)

Fra:0 Mem:95.11M (Peak 95.11M) | Time:00:00.22 | Rendering 1 / 64 samples
Fra:0 Mem:95.11M (Peak 95.11M) | Time:00:00.25 | Rendering 25 / 64 samples
Fra:0 Mem:95.11M (Peak 95.11M) | Time:00:00.29 | Rendering 50 / 64 samples
Fra:0 Mem:95.11M (Peak 95.11M) | Time:00:00.31 | Rendering 64 / 64 samples
Fra:0 Mem:63.06M (Peak 108.20M) | Time:00:00.33 | Compositing
Saved: 'I:\工作项目\BIGMANFIGHT\角色资产\美术资产\bigman_v001\previews\anim\throw06_three_quarter_f0000.png'
Time: 00:00.38 (Saving: 00:00.03)

Fra:20 Mem:95.11M (Peak 98.26M) | Time:00:00.23 | Rendering 1 / 64 samples
Fra:20 Mem:95.11M (Peak 98.26M) | Time:00:00.26 | Rendering 25 / 64 samples
Fra:20 Mem:95.11M (Peak 98.26M) | Time:00:00.30 | Rendering 50 / 64 samples
Fra:20 Mem:95.11M (Peak 98.26M) | Time:00:00.32 | Rendering 64 / 64 samples
Fra:20 Mem:63.06M (Peak 108.20M) | Time:00:00.34 | Compositing
Saved: 'I:\工作项目\BIGMANFIGHT\角色资产\美术资产\bigman_v001\previews\anim\throw06_three_quarter_f0020.png'
Time: 00:00.38 (Saving: 00:00.03)

Fra:28 Mem:95.11M (Peak 98.26M) | Time:00:00.21 | Rendering 1 / 64 samples
Fra:28 Mem:95.11M (Peak 98.26M) | Time:00:00.24 | Rendering 25 / 64 samples
Fra:28 Mem:95.11M (Peak 98.26M) | Time:00:00.28 | Rendering 50 / 64 samples
Fra:28 Mem:95.11M (Peak 98.26M) | Time:00:00.30 | Rendering 64 / 64 samples
Fra:28 Mem:63.06M (Peak 108.20M) | Time:00:00.32 | Compositing
Saved: 'I:\工作项目\BIGMANFIGHT\角色资产\美术资产\bigman_v001\previews\anim\throw06_three_quarter_f0028.png'
Time: 00:00.37 (Saving: 00:00.03)

Fra:31 Mem:95.11M (Peak 98.26M) | Time:00:00.21 | Rendering 1 / 64 samples
Fra:31 Mem:95.11M (Peak 98.26M) | Time:00:00.24 | Rendering 25 / 64 samples
Fra:31 Mem:95.11M (Peak 98.26M) | Time:00:00.28 | Rendering 50 / 64 samples
Fra:31 Mem:95.11M (Peak 98.26M) | Time:00:00.30 | Rendering 64 / 64 samples
Fra:31 Mem:63.06M (Peak 108.20M) | Time:00:00.32 | Compositing
Saved: 'I:\工作项目\BIGMANFIGHT\角色资产\美术资产\bigman_v001\previews\anim\throw06_three_quarter_f0031.png'
Time: 00:00.36 (Saving: 00:00.03)

Fra:50 Mem:95.11M (Peak 98.26M) | Time:00:00.23 | Rendering 1 / 64 samples
Fra:50 Mem:95.11M (Peak 98.26M) | Time:00:00.26 | Rendering 25 / 64 samples
Fra:50 Mem:95.11M (Peak 98.26M) | Time:00:00.30 | Rendering 50 / 64 samples
Fra:50 Mem:95.11M (Peak 98.26M) | Time:00:00.31 | Rendering 64 / 64 samples
Fra:50 Mem:63.06M (Peak 108.20M) | Time:00:00.33 | Compositing
Saved: 'I:\工作项目\BIGMANFIGHT\角色资产\美术资产\bigman_v001\previews\anim\throw06_three_quarter_f0050.png'
Time: 00:00.37 (Saving: 00:00.03)

Fra:60 Mem:95.11M (Peak 98.26M) | Time:00:00.22 | Rendering 1 / 64 samples
Fra:60 Mem:95.11M (Peak 98.26M) | Time:00:00.25 | Rendering 25 / 64 samples
Fra:60 Mem:95.11M (Peak 98.26M) | Time:00:00.29 | Rendering 50 / 64 samples
Fra:60 Mem:95.11M (Peak 98.26M) | Time:00:00.31 | Rendering 64 / 64 samples
Fra:60 Mem:63.06M (Peak 108.20M) | Time:00:00.33 | Compositing
Saved: 'I:\工作项目\BIGMANFIGHT\角色资产\美术资产\bigman_v001\previews\anim\throw06_three_quarter_f0060.png'
Time: 00:00.38 (Saving: 00:00.04)


Info: Saved as "bigman_anim_v001.blend"
INFO Draco mesh compression is available, use library at D:\Program Files\Blender Foundation\Blender 4.5\4.5\scripts\addons_core\io_scene_gltf2\extern_draco.dll
12:48:20 | INFO: Starting glTF 2.0 export
12:48:20 | INFO: Extracting primitive: Mesh
12:48:20 | INFO: Primitives created: 1
12:48:20 | INFO: Extracting primitive: Mesh
12:48:20 | INFO: Primitives created: 1
12:48:20 | INFO: Extracting primitive: Collar_Point_L
12:48:20 | INFO: Primitives created: 1
12:48:20 | INFO: Extracting primitive: Collar_Point_R
12:48:20 | INFO: Primitives created: 1
12:48:20 | INFO: Extracting primitive: Ear_Inner_L
12:48:20 | INFO: Primitives created: 1
12:48:20 | INFO: Extracting primitive: Ear_Inner_R
12:48:20 | INFO: Primitives created: 1
12:48:20 | INFO: Extracting primitive: Ear_L
12:48:20 | INFO: Primitives created: 1
12:48:20 | INFO: Extracting primitive: Ear_Lobe_L
12:48:20 | INFO: Primitives created: 1
12:48:20 | INFO: Extracting primitive: Ear_Lobe_R
12:48:20 | INFO: Primitives created: 1
12:48:20 | INFO: Extracting primitive: Ear_R
12:48:20 | INFO: Primitives created: 1
12:48:20 | INFO: Extracting primitive: Eye_Glint_L
12:48:20 | INFO: Primitives created: 1
12:48:20 | INFO: Extracting primitive: Eye_Glint_R
12:48:20 | INFO: Primitives created: 1
12:48:20 | INFO: Extracting primitive: Eye_Line_Upper_L
12:48:20 | INFO: Primitives created: 1
12:48:20 | INFO: Extracting primitive: Eye_Line_Upper_R
12:48:20 | INFO: Primitives created: 1
12:48:20 | INFO: Extracting primitive: Eye_White_L
12:48:20 | INFO: Primitives created: 1
12:48:20 | INFO: Extracting primitive: Eye_White_R
12:48:20 | INFO: Primitives created: 1
12:48:20 | INFO: Extracting primitive: Eyebrow_L
12:48:20 | INFO: Primitives created: 1
12:48:20 | INFO: Extracting primitive: Eyebrow_R
12:48:20 | INFO: Primitives created: 1
12:48:20 | INFO: Extracting primitive: Eyelid_Lower_L
12:48:20 | INFO: Primitives created: 1
12:48:20 | INFO: Extracting primitive: Eyelid_Lower_R
12:48:20 | INFO: Primitives created: 1
12:48:20 | INFO: Extracting primitive: Eyelid_Upper_L
12:48:20 | INFO: Primitives created: 1
12:48:20 | INFO: Extracting primitive: Eyelid_Upper_R
12:48:20 | INFO: Primitives created: 1
12:48:20 | INFO: Extracting primitive: Mesh
12:48:20 | INFO: Primitives created: 1
12:48:20 | INFO: Extracting primitive: Mesh
12:48:20 | INFO: Primitives created: 1
12:48:20 | INFO: Extracting primitive: Mesh
12:48:20 | INFO: Primitives created: 1
12:48:20 | INFO: Extracting primitive: Mesh
12:48:20 | INFO: Primitives created: 1
12:48:20 | INFO: Extracting primitive: Mesh
12:48:20 | INFO: Primitives created: 1
12:48:20 | INFO: Extracting primitive: Mesh
12:48:20 | INFO: Primitives created: 1
12:48:20 | INFO: Extracting primitive: Mesh
12:48:20 | INFO: Primitives created: 1
12:48:20 | INFO: Extracting primitive: Mesh
12:48:20 | INFO: Primitives created: 1
12:48:20 | INFO: Extracting primitive: Glasses_Bridge
12:48:20 | INFO: Primitives created: 1
12:48:20 | INFO: Extracting primitive: Glasses_Frame_L
12:48:20 | INFO: Primitives created: 1
12:48:20 | INFO: Extracting primitive: Glasses_Frame_R
12:48:20 | INFO: Primitives created: 1
12:48:20 | INFO: Extracting primitive: Glasses_Temple_L
12:48:20 | INFO: Primitives created: 1
12:48:20 | INFO: Extracting primitive: Glasses_Temple_R
12:48:20 | INFO: Primitives created: 1
12:48:20 | INFO: Extracting primitive: Mesh
12:48:20 | INFO: Primitives created: 1
12:48:20 | INFO: Extracting primitive: Mesh
12:48:20 | INFO: Primitives created: 1
12:48:20 | INFO: Extracting primitive: Mesh
12:48:20 | INFO: Primitives created: 1
12:48:20 | INFO: Extracting primitive: Mesh
12:48:20 | INFO: Primitives created: 1
12:48:20 | INFO: Extracting primitive: Mesh
12:48:20 | INFO: Primitives created: 1
12:48:20 | INFO: Extracting primitive: Iris_L
12:48:20 | INFO: Primitives created: 1
12:48:20 | INFO: Extracting primitive: Iris_R
12:48:20 | INFO: Primitives created: 1
12:48:20 | INFO: Extracting primitive: Iris_Ring_L
12:48:20 | INFO: Primitives created: 1
12:48:20 | INFO: Extracting primitive: Iris_Ring_R
12:48:20 | INFO: Primitives created: 1
12:48:20 | INFO: Extracting primitive: Jacket_Back_Seam
12:48:20 | INFO: Primitives created: 1
12:48:20 | INFO: Extracting primitive: Jacket_Button_1
12:48:20 | INFO: Primitives created: 1
12:48:20 | INFO: Extracting primitive: Jacket_Button_2
12:48:20 | INFO: Primitives created: 1
12:48:20 | INFO: Extracting primitive: Jacket_Collar
12:48:20 | INFO: Primitives created: 1
12:48:20 | INFO: Extracting primitive: Jacket_Lapel_L
12:48:20 | INFO: Primitives created: 1
12:48:20 | INFO: Extracting primitive: Jacket_Lapel_R
12:48:20 | INFO: Primitives created: 1
12:48:20 | INFO: Extracting primitive: Jacket_Vent
12:48:20 | INFO: Primitives created: 1
12:48:20 | INFO: Extracting primitive: Lapel_Fold_L
12:48:20 | INFO: Primitives created: 1
12:48:20 | INFO: Extracting primitive: Lapel_Fold_R
12:48:20 | INFO: Primitives created: 1
12:48:20 | INFO: Extracting primitive: Lapel_Notch_L
12:48:20 | INFO: Primitives created: 1
12:48:20 | INFO: Extracting primitive: Lapel_Notch_R
12:48:20 | INFO: Primitives created: 1
12:48:20 | INFO: Extracting primitive: Lower_Lip
12:48:20 | INFO: Primitives created: 1
12:48:20 | INFO: Extracting primitive: Mouth_Line
12:48:20 | INFO: Primitives created: 1
12:48:20 | INFO: Extracting primitive: Mesh
12:48:20 | INFO: Primitives created: 1
12:48:20 | INFO: Extracting primitive: Mesh
12:48:20 | INFO: Primitives created: 1
12:48:20 | INFO: Extracting primitive: Nose_Wing_L
12:48:20 | INFO: Primitives created: 1
12:48:20 | INFO: Extracting primitive: Nose_Wing_R
12:48:20 | INFO: Primitives created: 1
12:48:20 | INFO: Extracting primitive: Pocket_Flap_L
12:48:20 | INFO: Primitives created: 1
12:48:20 | INFO: Extracting primitive: Pocket_Flap_R
12:48:20 | INFO: Primitives created: 1
12:48:20 | INFO: Extracting primitive: Pupil_L
12:48:20 | INFO: Primitives created: 1
12:48:20 | INFO: Extracting primitive: Pupil_R
12:48:20 | INFO: Primitives created: 1
12:48:20 | INFO: Extracting primitive: Shirt_Collar
12:48:20 | INFO: Primitives created: 1
12:48:20 | INFO: Extracting primitive: Shirt_Cuff_L
12:48:20 | INFO: Primitives created: 1
12:48:20 | INFO: Extracting primitive: Shirt_Cuff_R
12:48:20 | INFO: Primitives created: 1
12:48:20 | INFO: Extracting primitive: Shirt_Front
12:48:20 | INFO: Primitives created: 1
12:48:20 | INFO: Extracting primitive: Mesh
12:48:20 | INFO: Primitives created: 1
12:48:20 | INFO: Extracting primitive: Mesh
12:48:20 | INFO: Primitives created: 1
12:48:20 | INFO: Extracting primitive: Mesh
12:48:20 | INFO: Primitives created: 1
12:48:20 | INFO: Extracting primitive: Mesh
12:48:20 | INFO: Primitives created: 1
12:48:20 | INFO: Extracting primitive: Shoe_Toe_Cap_L
12:48:20 | INFO: Primitives created: 1
12:48:20 | INFO: Extracting primitive: Shoe_Toe_Cap_R
12:48:20 | INFO: Primitives created: 1
12:48:20 | INFO: Extracting primitive: Mesh
12:48:20 | INFO: Primitives created: 1
12:48:20 | INFO: Extracting primitive: Mesh
12:48:20 | INFO: Primitives created: 1
12:48:20 | INFO: Extracting primitive: Sleeve_Button_1_L
12:48:20 | INFO: Primitives created: 1
12:48:20 | INFO: Extracting primitive: Sleeve_Button_1_R
12:48:20 | INFO: Primitives created: 1
12:48:20 | INFO: Extracting primitive: Sleeve_Button_2_L
12:48:20 | INFO: Primitives created: 1
12:48:20 | INFO: Extracting primitive: Sleeve_Button_2_R
12:48:20 | INFO: Primitives created: 1
12:48:20 | INFO: Extracting primitive: Sleeve_Button_3_L
12:48:20 | INFO: Primitives created: 1
12:48:20 | INFO: Extracting primitive: Sleeve_Button_3_R
12:48:20 | INFO: Primitives created: 1
12:48:20 | INFO: Extracting primitive: Mesh
12:48:20 | INFO: Primitives created: 1
12:48:20 | INFO: Extracting primitive: Mesh
12:48:20 | INFO: Primitives created: 1
12:48:20 | INFO: Extracting primitive: Mesh
12:48:20 | INFO: Primitives created: 1
12:48:20 | INFO: Extracting primitive: Mesh
12:48:20 | INFO: Primitives created: 1
12:48:20 | INFO: Extracting primitive: Mesh
12:48:20 | INFO: Primitives created: 1
12:48:20 | INFO: Extracting primitive: Mesh
12:48:20 | INFO: Primitives created: 1
12:48:20 | INFO: Extracting primitive: Mesh
12:48:20 | INFO: Primitives created: 1
12:48:20 | INFO: Extracting primitive: Upper_Lip
12:48:20 | INFO: Primitives created: 1
12:48:27 | WARNING: Baking animation because there are keyframes with different interpolation methods in one channel
12:48:27 | WARNING: Baking animation because there are keyframes with different interpolation methods in one channel
12:48:27 | WARNING: Baking animation because there are keyframes with different interpolation methods in one channel
12:48:27 | WARNING: Baking animation because there are keyframes with different interpolation methods in one channel
12:48:27 | WARNING: Baking animation because there are keyframes with different interpolation methods in one channel
12:48:27 | WARNING: Baking animation because there are keyframes with different interpolation methods in one channel
12:48:27 | WARNING: Baking animation because there are keyframes with different interpolation methods in one channel
12:48:27 | WARNING: Baking animation because there are keyframes with different interpolation methods in one channel
12:48:27 | WARNING: Baking animation because there are keyframes with different interpolation methods in one channel
12:48:27 | WARNING: Baking animation because there are keyframes with different interpolation methods in one channel
12:48:27 | WARNING: Baking animation because there are keyframes with different interpolation methods in one channel
12:48:27 | WARNING: Baking animation because there are keyframes with different interpolation methods in one channel
12:48:27 | WARNING: Baking animation because there are keyframes with different interpolation methods in one channel
12:48:27 | WARNING: Baking animation because there are keyframes with different interpolation methods in one channel
12:48:27 | WARNING: Baking animation because there are keyframes with different interpolation methods in one channel
12:48:27 | WARNING: Baking animation because there are keyframes with different interpolation methods in one channel
12:48:27 | WARNING: Baking animation because there are keyframes with different interpolation methods in one channel
12:48:27 | WARNING: Baking animation because there are keyframes with different interpolation methods in one channel
12:48:27 | WARNING: Baking animation because there are keyframes with different interpolation methods in one channel
12:48:27 | WARNING: Baking animation because there are keyframes with different interpolation methods in one channel
12:48:27 | WARNING: Baking animation because there are keyframes with different interpolation methods in one channel
12:48:27 | WARNING: Baking animation because there are keyframes with different interpolation methods in one channel
12:48:27 | WARNING: Baking animation because there are keyframes with different interpolation methods in one channel
12:48:27 | WARNING: Baking animation because there are keyframes with different interpolation methods in one channel
12:48:27 | WARNING: Baking animation because there are keyframes with different interpolation methods in one channel
12:48:27 | WARNING: Baking animation because there are keyframes with different interpolation methods in one channel
12:48:27 | WARNING: Baking animation because there are keyframes with different interpolation methods in one channel
12:48:27 | WARNING: Baking animation because there are keyframes with different interpolation methods in one channel
12:48:27 | WARNING: Baking animation because there are keyframes with different interpolation methods in one channel
12:48:27 | WARNING: Baking animation because there are keyframes with different interpolation methods in one channel
12:48:27 | WARNING: Baking animation because there are keyframes with different interpolation methods in one channel
12:48:27 | WARNING: Baking animation because there are keyframes with different interpolation methods in one channel
12:48:27 | WARNING: Baking animation because there are keyframes with different interpolation methods in one channel
12:48:27 | WARNING: Baking animation because there are keyframes with different interpolation methods in one channel
12:48:27 | WARNING: Baking animation because there are keyframes with different interpolation methods in one channel
12:48:27 | WARNING: Baking animation because there are keyframes with different interpolation methods in one channel
12:48:27 | WARNING: Baking animation because there are keyframes with different interpolation methods in one channel
12:48:27 | WARNING: Baking animation because there are keyframes with different interpolation methods in one channel
12:48:27 | WARNING: Baking animation because there are keyframes with different interpolation methods in one channel
12:48:27 | WARNING: Baking animation because there are keyframes with different interpolation methods in one channel
12:48:27 | WARNING: Baking animation because there are keyframes with different interpolation methods in one channel
12:48:27 | WARNING: Baking animation because there are keyframes with different interpolation methods in one channel
12:48:27 | WARNING: Baking animation because there are keyframes with different interpolation methods in one channel
12:48:27 | WARNING: Baking animation because there are keyframes with different interpolation methods in one channel
12:48:27 | WARNING: Baking animation because there are keyframes with different interpolation methods in one channel
12:48:27 | WARNING: Baking animation because there are keyframes with different interpolation methods in one channel
12:48:27 | WARNING: Baking animation because there are keyframes with different interpolation methods in one channel
12:48:27 | WARNING: Baking animation because there are keyframes with different interpolation methods in one channel
12:48:27 | WARNING: Baking animation because there are keyframes with different interpolation methods in one channel
12:48:27 | WARNING: Baking animation because there are keyframes with different interpolation methods in one channel
12:48:27 | WARNING: Baking animation because there are keyframes with different interpolation methods in one channel
12:48:27 | WARNING: Baking animation because there are keyframes with different interpolation methods in one channel
12:48:27 | WARNING: Baking animation because there are keyframes with different interpolation methods in one channel
12:48:28 | WARNING: Baking animation because there are keyframes with different interpolation methods in one channel
12:48:28 | WARNING: Baking animation because there are keyframes with different interpolation methods in one channel
12:48:28 | WARNING: Baking animation because there are keyframes with different interpolation methods in one channel
12:48:28 | WARNING: Baking animation because there are keyframes with different interpolation methods in one channel
12:48:28 | WARNING: Baking animation because there are keyframes with different interpolation methods in one channel
12:48:28 | WARNING: Baking animation because there are keyframes with different interpolation methods in one channel
12:48:28 | WARNING: Baking animation because there are keyframes with different interpolation methods in one channel
12:48:28 | WARNING: Baking animation because there are keyframes with different interpolation methods in one channel
12:48:28 | WARNING: Baking animation because there are keyframes with different interpolation methods in one channel
12:48:28 | WARNING: Baking animation because there are keyframes with different interpolation methods in one channel
12:48:28 | WARNING: Baking animation because there are keyframes with different interpolation methods in one channel
12:48:28 | WARNING: Baking animation because there are keyframes with different interpolation methods in one channel
12:48:28 | WARNING: Baking animation because there are keyframes with different interpolation methods in one channel
12:48:28 | WARNING: Baking animation because there are keyframes with different interpolation methods in one channel
12:48:28 | WARNING: Baking animation because there are keyframes with different interpolation methods in one channel
12:48:28 | WARNING: Baking animation because there are keyframes with different interpolation methods in one channel
12:48:28 | WARNING: Baking animation because there are keyframes with different interpolation methods in one channel
12:48:28 | WARNING: Baking animation because there are keyframes with different interpolation methods in one channel
12:48:28 | WARNING: Baking animation because there are keyframes with different interpolation methods in one channel
12:48:28 | WARNING: Baking animation because there are keyframes with different interpolation methods in one channel
12:48:28 | WARNING: Baking animation because there are keyframes with different interpolation methods in one channel
12:48:28 | WARNING: Baking animation because there are keyframes with different interpolation methods in one channel
12:48:28 | WARNING: Baking animation because there are keyframes with different interpolation methods in one channel
12:48:28 | WARNING: Baking animation because there are keyframes with different interpolation methods in one channel
12:48:28 | WARNING: Baking animation because there are keyframes with different interpolation methods in one channel
12:48:28 | WARNING: Baking animation because there are keyframes with different interpolation methods in one channel
12:48:28 | WARNING: Baking animation because there are keyframes with different interpolation methods in one channel
12:48:28 | WARNING: Baking animation because there are keyframes with different interpolation methods in one channel
12:48:28 | WARNING: Baking animation because there are keyframes with different interpolation methods in one channel
12:48:28 | WARNING: Baking animation because there are keyframes with different interpolation methods in one channel
12:48:28 | WARNING: Baking animation because there are keyframes with different interpolation methods in one channel
12:48:28 | WARNING: Baking animation because there are keyframes with different interpolation methods in one channel
12:48:28 | WARNING: Baking animation because there are keyframes with different interpolation methods in one channel
12:48:28 | WARNING: Baking animation because there are keyframes with different interpolation methods in one channel
12:48:28 | WARNING: Baking animation because there are keyframes with different interpolation methods in one channel
12:48:28 | WARNING: Baking animation because there are keyframes with different interpolation methods in one channel
12:48:28 | WARNING: Baking animation because there are keyframes with different interpolation methods in one channel
12:48:28 | WARNING: Baking animation because there are keyframes with different interpolation methods in one channel
12:48:28 | WARNING: Baking animation because there are keyframes with different interpolation methods in one channel
12:48:28 | WARNING: Baking animation because there are keyframes with different interpolation methods in one channel
12:48:28 | WARNING: Baking animation because there are keyframes with different interpolation methods in one channel
12:48:28 | WARNING: Baking animation because there are keyframes with different interpolation methods in one channel
12:48:28 | WARNING: Baking animation because there are keyframes with different interpolation methods in one channel
12:48:28 | WARNING: Baking animation because there are keyframes with different interpolation methods in one channel
12:48:28 | WARNING: Baking animation because there are keyframes with different interpolation methods in one channel
12:48:28 | WARNING: Baking animation because there are keyframes with different interpolation methods in one channel
12:48:28 | WARNING: Baking animation because there are keyframes with different interpolation methods in one channel
12:48:28 | WARNING: Baking animation because there are keyframes with different interpolation methods in one channel
12:48:28 | WARNING: Baking animation because there are keyframes with different interpolation methods in one channel
12:48:28 | WARNING: Baking animation because there are keyframes with different interpolation methods in one channel
12:48:28 | WARNING: Baking animation because there are keyframes with different interpolation methods in one channel
12:48:28 | WARNING: Baking animation because there are keyframes with different interpolation methods in one channel
12:48:28 | WARNING: Baking animation because there are keyframes with different interpolation methods in one channel
12:48:28 | WARNING: Baking animation because there are keyframes with different interpolation methods in one channel
12:48:28 | WARNING: Baking animation because there are keyframes with different interpolation methods in one channel
12:48:28 | WARNING: Baking animation because there are keyframes with different interpolation methods in one channel
12:48:28 | WARNING: Baking animation because there are keyframes with different interpolation methods in one channel
12:48:28 | WARNING: Baking animation because there are keyframes with different interpolation methods in one channel
12:48:28 | WARNING: Baking animation because there are keyframes with different interpolation methods in one channel
12:48:28 | WARNING: Baking animation because there are keyframes with different interpolation methods in one channel
12:48:28 | WARNING: Baking animation because there are keyframes with different interpolation methods in one channel
12:48:28 | WARNING: Baking animation because there are keyframes with different interpolation methods in one channel
12:48:28 | WARNING: Baking animation because there are keyframes with different interpolation methods in one channel
12:48:28 | WARNING: Baking animation because there are keyframes with different interpolation methods in one channel
12:48:28 | WARNING: Baking animation because there are keyframes with different interpolation methods in one channel
12:48:28 | WARNING: Baking animation because there are keyframes with different interpolation methods in one channel
12:48:28 | WARNING: Baking animation because there are keyframes with different interpolation methods in one channel
12:48:28 | WARNING: Baking animation because there are keyframes with different interpolation methods in one channel
12:48:28 | WARNING: Baking animation because there are keyframes with different interpolation methods in one channel
12:48:28 | WARNING: Baking animation because there are keyframes with different interpolation methods in one channel
12:48:28 | WARNING: Baking animation because there are keyframes with different interpolation methods in one channel
12:48:28 | WARNING: Baking animation because there are keyframes with different interpolation methods in one channel
12:48:28 | WARNING: Baking animation because there are keyframes with different interpolation methods in one channel
12:48:28 | WARNING: Baking animation because there are keyframes with different interpolation methods in one channel
12:48:28 | WARNING: Baking animation because there are keyframes with different interpolation methods in one channel
12:48:28 | WARNING: Baking animation because there are keyframes with different interpolation methods in one channel
12:48:28 | WARNING: Baking animation because there are keyframes with different interpolation methods in one channel
12:48:28 | WARNING: Baking animation because there are keyframes with different interpolation methods in one channel
12:48:28 | WARNING: Baking animation because there are keyframes with different interpolation methods in one channel
12:48:28 | WARNING: Baking animation because there are keyframes with different interpolation methods in one channel
12:48:28 | WARNING: Baking animation because there are keyframes with different interpolation methods in one channel
12:48:28 | WARNING: Baking animation because there are keyframes with different interpolation methods in one channel
12:48:28 | WARNING: Baking animation because there are keyframes with different interpolation methods in one channel
12:48:28 | WARNING: Baking animation because there are keyframes with different interpolation methods in one channel
12:48:28 | WARNING: Baking animation because there are keyframes with different interpolation methods in one channel
12:48:28 | WARNING: Baking animation because there are keyframes with different interpolation methods in one channel
12:48:28 | WARNING: Baking animation because there are keyframes with different interpolation methods in one channel
12:48:28 | WARNING: Baking animation because there are keyframes with different interpolation methods in one channel
12:48:28 | WARNING: Baking animation because there are keyframes with different interpolation methods in one channel
12:48:28 | WARNING: Baking animation because there are keyframes with different interpolation methods in one channel
12:48:28 | WARNING: Baking animation because there are keyframes with different interpolation methods in one channel
12:48:28 | WARNING: Baking animation because there are keyframes with different interpolation methods in one channel
12:48:28 | WARNING: Baking animation because there are keyframes with different interpolation methods in one channel
12:48:28 | WARNING: Baking animation because there are keyframes with different interpolation methods in one channel
12:48:28 | WARNING: Baking animation because there are keyframes with different interpolation methods in one channel
12:48:28 | WARNING: Baking animation because there are keyframes with different interpolation methods in one channel
12:48:28 | WARNING: Baking animation because there are keyframes with different interpolation methods in one channel
12:48:28 | WARNING: Baking animation because there are keyframes with different interpolation methods in one channel
12:48:28 | WARNING: Baking animation because there are keyframes with different interpolation methods in one channel
12:48:28 | WARNING: Baking animation because there are keyframes with different interpolation methods in one channel
12:48:28 | WARNING: Baking animation because there are keyframes with different interpolation methods in one channel
12:48:28 | WARNING: Baking animation because there are keyframes with different interpolation methods in one channel
12:48:28 | WARNING: Baking animation because there are keyframes with different interpolation methods in one channel
12:48:28 | WARNING: Baking animation because there are keyframes with different interpolation methods in one channel
12:48:28 | WARNING: Baking animation because there are keyframes with different interpolation methods in one channel
12:48:28 | WARNING: Baking animation because there are keyframes with different interpolation methods in one channel
12:48:29 | WARNING: Baking animation because there are keyframes with different interpolation methods in one channel
12:48:29 | WARNING: Baking animation because there are keyframes with different interpolation methods in one channel
12:48:29 | WARNING: Baking animation because there are keyframes with different interpolation methods in one channel
12:48:29 | WARNING: Baking animation because there are keyframes with different interpolation methods in one channel
12:48:29 | WARNING: Baking animation because there are keyframes with different interpolation methods in one channel
12:48:29 | WARNING: Baking animation because there are keyframes with different interpolation methods in one channel
12:48:29 | WARNING: Baking animation because there are keyframes with different interpolation methods in one channel
12:48:29 | WARNING: Baking animation because there are keyframes with different interpolation methods in one channel
12:48:29 | WARNING: Baking animation because there are keyframes with different interpolation methods in one channel
12:48:29 | WARNING: Baking animation because there are keyframes with different interpolation methods in one channel
12:48:29 | WARNING: Baking animation because there are keyframes with different interpolation methods in one channel
12:48:29 | WARNING: Baking animation because there are keyframes with different interpolation methods in one channel
12:48:29 | WARNING: Baking animation because there are keyframes with different interpolation methods in one channel
12:48:29 | WARNING: Baking animation because there are keyframes with different interpolation methods in one channel
12:48:29 | WARNING: Baking animation because there are keyframes with different interpolation methods in one channel
12:48:29 | WARNING: Baking animation because there are keyframes with different interpolation methods in one channel
12:48:29 | WARNING: Baking animation because there are keyframes with different interpolation methods in one channel
12:48:29 | WARNING: Baking animation because there are keyframes with different interpolation methods in one channel
12:48:29 | WARNING: Baking animation because there are keyframes with different interpolation methods in one channel
12:48:29 | WARNING: Baking animation because there are keyframes with different interpolation methods in one channel
12:48:29 | WARNING: Baking animation because there are keyframes with different interpolation methods in one channel
12:48:29 | WARNING: Baking animation because there are keyframes with different interpolation methods in one channel
12:48:29 | WARNING: Baking animation because there are keyframes with different interpolation methods in one channel
12:48:29 | WARNING: Baking animation because there are keyframes with different interpolation methods in one channel
12:48:29 | WARNING: Baking animation because there are keyframes with different interpolation methods in one channel
12:48:29 | WARNING: Baking animation because there are keyframes with different interpolation methods in one channel
12:48:29 | WARNING: Baking animation because there are keyframes with different interpolation methods in one channel
12:48:29 | WARNING: Baking animation because there are keyframes with different interpolation methods in one channel
12:48:29 | WARNING: Baking animation because there are keyframes with different interpolation methods in one channel
12:48:29 | WARNING: Baking animation because there are keyframes with different interpolation methods in one channel
12:48:29 | WARNING: Baking animation because there are keyframes with different interpolation methods in one channel
12:48:29 | WARNING: Baking animation because there are keyframes with different interpolation methods in one channel
12:48:29 | WARNING: Baking animation because there are keyframes with different interpolation methods in one channel
12:48:29 | WARNING: Baking animation because there are keyframes with different interpolation methods in one channel
12:48:29 | WARNING: Baking animation because there are keyframes with different interpolation methods in one channel
12:48:29 | WARNING: Baking animation because there are keyframes with different interpolation methods in one channel
12:48:29 | WARNING: Baking animation because there are keyframes with different interpolation methods in one channel
12:48:29 | WARNING: Baking animation because there are keyframes with different interpolation methods in one channel
12:48:29 | WARNING: Baking animation because there are keyframes with different interpolation methods in one channel
12:48:29 | WARNING: Baking animation because there are keyframes with different interpolation methods in one channel
12:48:29 | WARNING: Baking animation because there are keyframes with different interpolation methods in one channel
12:48:29 | WARNING: Baking animation because there are keyframes with different interpolation methods in one channel
12:48:29 | WARNING: Baking animation because there are keyframes with different interpolation methods in one channel
12:48:29 | WARNING: Baking animation because there are keyframes with different interpolation methods in one channel
12:48:29 | WARNING: Baking animation because there are keyframes with different interpolation methods in one channel
12:48:29 | WARNING: Baking animation because there are keyframes with different interpolation methods in one channel
12:48:29 | WARNING: Baking animation because there are keyframes with different interpolation methods in one channel
12:48:29 | WARNING: Baking animation because there are keyframes with different interpolation methods in one channel
12:48:29 | WARNING: Baking animation because there are keyframes with different interpolation methods in one channel
12:48:29 | WARNING: Baking animation because there are keyframes with different interpolation methods in one channel
12:48:29 | WARNING: Baking animation because there are keyframes with different interpolation methods in one channel
12:48:29 | WARNING: Baking animation because there are keyframes with different interpolation methods in one channel
12:48:29 | WARNING: Baking animation because there are keyframes with different interpolation methods in one channel
12:48:32 | WARNING: Baking animation because there are keyframes with different interpolation methods in one channel
12:48:32 | WARNING: Baking animation because there are keyframes with different interpolation methods in one channel
12:48:32 | WARNING: Baking animation because there are keyframes with different interpolation methods in one channel
12:48:32 | WARNING: Baking animation because there are keyframes with different interpolation methods in one channel
12:48:32 | WARNING: Baking animation because there are keyframes with different interpolation methods in one channel
12:48:32 | WARNING: Baking animation because there are keyframes with different interpolation methods in one channel
12:48:32 | WARNING: Baking animation because there are keyframes with different interpolation methods in one channel
12:48:32 | WARNING: Baking animation because there are keyframes with different interpolation methods in one channel
12:48:32 | WARNING: Baking animation because there are keyframes with different interpolation methods in one channel
12:48:32 | WARNING: Baking animation because there are keyframes with different interpolation methods in one channel
12:48:32 | WARNING: Baking animation because there are keyframes with different interpolation methods in one channel
12:48:32 | WARNING: Baking animation because there are keyframes with different interpolation methods in one channel
12:48:32 | WARNING: Baking animation because there are keyframes with different interpolation methods in one channel
12:48:32 | WARNING: Baking animation because there are keyframes with different interpolation methods in one channel
12:48:32 | WARNING: Baking animation because there are keyframes with different interpolation methods in one channel
12:48:32 | WARNING: Baking animation because there are keyframes with different interpolation methods in one channel
12:48:32 | WARNING: Baking animation because there are keyframes with different interpolation methods in one channel
12:48:32 | WARNING: Baking animation because there are keyframes with different interpolation methods in one channel
12:48:32 | WARNING: Baking animation because there are keyframes with different interpolation methods in one channel
12:48:32 | WARNING: Baking animation because there are keyframes with different interpolation methods in one channel
12:48:32 | WARNING: Baking animation because there are keyframes with different interpolation methods in one channel
12:48:32 | WARNING: Baking animation because there are keyframes with different interpolation methods in one channel
12:48:32 | WARNING: Baking animation because there are keyframes with different interpolation methods in one channel
12:48:32 | WARNING: Baking animation because there are keyframes with different interpolation methods in one channel
12:48:32 | WARNING: Baking animation because there are keyframes with different interpolation methods in one channel
12:48:32 | WARNING: Baking animation because there are keyframes with different interpolation methods in one channel
12:48:32 | WARNING: Baking animation because there are keyframes with different interpolation methods in one channel
12:48:32 | WARNING: Baking animation because there are keyframes with different interpolation methods in one channel
12:48:32 | WARNING: Baking animation because there are keyframes with different interpolation methods in one channel
12:48:32 | WARNING: Baking animation because there are keyframes with different interpolation methods in one channel
12:48:32 | WARNING: Baking animation because there are keyframes with different interpolation methods in one channel
12:48:32 | WARNING: Baking animation because there are keyframes with different interpolation methods in one channel
12:48:32 | WARNING: Baking animation because there are keyframes with different interpolation methods in one channel
12:48:32 | WARNING: Baking animation because there are keyframes with different interpolation methods in one channel
12:48:32 | WARNING: Baking animation because there are keyframes with different interpolation methods in one channel
12:48:32 | WARNING: Baking animation because there are keyframes with different interpolation methods in one channel
12:48:32 | WARNING: Baking animation because there are keyframes with different interpolation methods in one channel
12:48:32 | WARNING: Baking animation because there are keyframes with different interpolation methods in one channel
12:48:32 | WARNING: Baking animation because there are keyframes with different interpolation methods in one channel
12:48:32 | WARNING: Baking animation because there are keyframes with different interpolation methods in one channel
12:48:32 | WARNING: Baking animation because there are keyframes with different interpolation methods in one channel
12:48:32 | WARNING: Baking animation because there are keyframes with different interpolation methods in one channel
12:48:32 | WARNING: Baking animation because there are keyframes with different interpolation methods in one channel
12:48:32 | WARNING: Baking animation because there are keyframes with different interpolation methods in one channel
12:48:32 | WARNING: Baking animation because there are keyframes with different interpolation methods in one channel
12:48:32 | WARNING: Baking animation because there are keyframes with different interpolation methods in one channel
12:48:32 | WARNING: Baking animation because there are keyframes with different interpolation methods in one channel
12:48:32 | WARNING: Baking animation because there are keyframes with different interpolation methods in one channel
12:48:32 | WARNING: Baking animation because there are keyframes with different interpolation methods in one channel
12:48:32 | WARNING: Baking animation because there are keyframes with different interpolation methods in one channel
12:48:32 | WARNING: Baking animation because there are keyframes with different interpolation methods in one channel
12:48:32 | WARNING: Baking animation because there are keyframes with different interpolation methods in one channel
12:48:32 | WARNING: Baking animation because there are keyframes with different interpolation methods in one channel
12:48:33 | WARNING: Baking animation because there are keyframes with different interpolation methods in one channel
12:48:33 | WARNING: Baking animation because there are keyframes with different interpolation methods in one channel
12:48:33 | WARNING: Baking animation because there are keyframes with different interpolation methods in one channel
12:48:33 | WARNING: Baking animation because there are keyframes with different interpolation methods in one channel
12:48:33 | WARNING: Baking animation because there are keyframes with different interpolation methods in one channel
12:48:33 | WARNING: Baking animation because there are keyframes with different interpolation methods in one channel
12:48:33 | WARNING: Baking animation because there are keyframes with different interpolation methods in one channel
12:48:33 | WARNING: Baking animation because there are keyframes with different interpolation methods in one channel
12:48:33 | WARNING: Baking animation because there are keyframes with different interpolation methods in one channel
12:48:33 | WARNING: Baking animation because there are keyframes with different interpolation methods in one channel
12:48:33 | WARNING: Baking animation because there are keyframes with different interpolation methods in one channel
12:48:33 | WARNING: Baking animation because there are keyframes with different interpolation methods in one channel
12:48:33 | WARNING: Baking animation because there are keyframes with different interpolation methods in one channel
12:48:33 | WARNING: Baking animation because there are keyframes with different interpolation methods in one channel
12:48:33 | WARNING: Baking animation because there are keyframes with different interpolation methods in one channel
12:48:33 | WARNING: Baking animation because there are keyframes with different interpolation methods in one channel
12:48:33 | WARNING: Baking animation because there are keyframes with different interpolation methods in one channel
12:48:33 | WARNING: Baking animation because there are keyframes with different interpolation methods in one channel
12:48:33 | WARNING: Baking animation because there are keyframes with different interpolation methods in one channel
12:48:33 | WARNING: Baking animation because there are keyframes with different interpolation methods in one channel
12:48:33 | WARNING: Baking animation because there are keyframes with different interpolation methods in one channel
12:48:33 | WARNING: Baking animation because there are keyframes with different interpolation methods in one channel
12:48:33 | WARNING: Baking animation because there are keyframes with different interpolation methods in one channel
12:48:33 | WARNING: Baking animation because there are keyframes with different interpolation methods in one channel
12:48:33 | WARNING: Baking animation because there are keyframes with different interpolation methods in one channel
12:48:33 | WARNING: Baking animation because there are keyframes with different interpolation methods in one channel
12:48:33 | WARNING: Baking animation because there are keyframes with different interpolation methods in one channel
12:48:33 | WARNING: Baking animation because there are keyframes with different interpolation methods in one channel
12:48:33 | WARNING: Baking animation because there are keyframes with different interpolation methods in one channel
12:48:33 | WARNING: Baking animation because there are keyframes with different interpolation methods in one channel
12:48:33 | WARNING: Baking animation because there are keyframes with different interpolation methods in one channel
12:48:33 | WARNING: Baking animation because there are keyframes with different interpolation methods in one channel
12:48:33 | WARNING: Baking animation because there are keyframes with different interpolation methods in one channel
12:48:33 | WARNING: Baking animation because there are keyframes with different interpolation methods in one channel
12:48:33 | WARNING: Baking animation because there are keyframes with different interpolation methods in one channel
12:48:33 | WARNING: Baking animation because there are keyframes with different interpolation methods in one channel
12:48:33 | WARNING: Baking animation because there are keyframes with different interpolation methods in one channel
12:48:33 | WARNING: Baking animation because there are keyframes with different interpolation methods in one channel
12:48:33 | WARNING: Baking animation because there are keyframes with different interpolation methods in one channel
12:48:33 | WARNING: Baking animation because there are keyframes with different interpolation methods in one channel
12:48:33 | WARNING: Baking animation because there are keyframes with different interpolation methods in one channel
12:48:33 | WARNING: Baking animation because there are keyframes with different interpolation methods in one channel
12:48:33 | WARNING: Baking animation because there are keyframes with different interpolation methods in one channel
12:48:33 | WARNING: Baking animation because there are keyframes with different interpolation methods in one channel
12:48:33 | WARNING: Baking animation because there are keyframes with different interpolation methods in one channel
12:48:33 | WARNING: Baking animation because there are keyframes with different interpolation methods in one channel
12:48:33 | WARNING: Baking animation because there are keyframes with different interpolation methods in one channel
12:48:33 | WARNING: Baking animation because there are keyframes with different interpolation methods in one channel
12:48:33 | WARNING: Baking animation because there are keyframes with different interpolation methods in one channel
12:48:33 | WARNING: Baking animation because there are keyframes with different interpolation methods in one channel
12:48:33 | WARNING: Baking animation because there are keyframes with different interpolation methods in one channel
12:48:33 | WARNING: Baking animation because there are keyframes with different interpolation methods in one channel
12:48:33 | WARNING: Baking animation because there are keyframes with different interpolation methods in one channel
12:48:36 | WARNING: Baking animation because there are keyframes with different interpolation methods in one channel
12:48:36 | WARNING: Baking animation because there are keyframes with different interpolation methods in one channel
12:48:36 | WARNING: Baking animation because there are keyframes with different interpolation methods in one channel
12:48:36 | WARNING: Baking animation because there are keyframes with different interpolation methods in one channel
12:48:36 | WARNING: Baking animation because there are keyframes with different interpolation methods in one channel
12:48:36 | WARNING: Baking animation because there are keyframes with different interpolation methods in one channel
12:48:36 | WARNING: Baking animation because there are keyframes with different interpolation methods in one channel
12:48:36 | WARNING: Baking animation because there are keyframes with different interpolation methods in one channel
12:48:36 | WARNING: Baking animation because there are keyframes with different interpolation methods in one channel
12:48:36 | WARNING: Baking animation because there are keyframes with different interpolation methods in one channel
12:48:36 | WARNING: Baking animation because there are keyframes with different interpolation methods in one channel
12:48:36 | WARNING: Baking animation because there are keyframes with different interpolation methods in one channel
12:48:36 | WARNING: Baking animation because there are keyframes with different interpolation methods in one channel
12:48:36 | WARNING: Baking animation because there are keyframes with different interpolation methods in one channel
12:48:36 | WARNING: Baking animation because there are keyframes with different interpolation methods in one channel
12:48:36 | WARNING: Baking animation because there are keyframes with different interpolation methods in one channel
12:48:36 | WARNING: Baking animation because there are keyframes with different interpolation methods in one channel
12:48:36 | WARNING: Baking animation because there are keyframes with different interpolation methods in one channel
12:48:36 | WARNING: Baking animation because there are keyframes with different interpolation methods in one channel
12:48:36 | WARNING: Baking animation because there are keyframes with different interpolation methods in one channel
12:48:36 | WARNING: Baking animation because there are keyframes with different interpolation methods in one channel
12:48:36 | WARNING: Baking animation because there are keyframes with different interpolation methods in one channel
12:48:36 | WARNING: Baking animation because there are keyframes with different interpolation methods in one channel
12:48:36 | WARNING: Baking animation because there are keyframes with different interpolation methods in one channel
12:48:36 | WARNING: Baking animation because there are keyframes with different interpolation methods in one channel
12:48:36 | WARNING: Baking animation because there are keyframes with different interpolation methods in one channel
12:48:36 | WARNING: Baking animation because there are keyframes with different interpolation methods in one channel
12:48:36 | WARNING: Baking animation because there are keyframes with different interpolation methods in one channel
12:48:36 | WARNING: Baking animation because there are keyframes with different interpolation methods in one channel
12:48:36 | WARNING: Baking animation because there are keyframes with different interpolation methods in one channel
12:48:36 | WARNING: Baking animation because there are keyframes with different interpolation methods in one channel
12:48:36 | WARNING: Baking animation because there are keyframes with different interpolation methods in one channel
12:48:36 | WARNING: Baking animation because there are keyframes with different interpolation methods in one channel
12:48:36 | WARNING: Baking animation because there are keyframes with different interpolation methods in one channel
12:48:36 | WARNING: Baking animation because there are keyframes with different interpolation methods in one channel
12:48:36 | WARNING: Baking animation because there are keyframes with different interpolation methods in one channel
12:48:36 | WARNING: Baking animation because there are keyframes with different interpolation methods in one channel
12:48:36 | WARNING: Baking animation because there are keyframes with different interpolation methods in one channel
12:48:36 | WARNING: Baking animation because there are keyframes with different interpolation methods in one channel
12:48:36 | WARNING: Baking animation because there are keyframes with different interpolation methods in one channel
12:48:36 | WARNING: Baking animation because there are keyframes with different interpolation methods in one channel
12:48:36 | WARNING: Baking animation because there are keyframes with different interpolation methods in one channel
12:48:36 | WARNING: Baking animation because there are keyframes with different interpolation methods in one channel
12:48:36 | WARNING: Baking animation because there are keyframes with different interpolation methods in one channel
12:48:36 | WARNING: Baking animation because there are keyframes with different interpolation methods in one channel
12:48:36 | WARNING: Baking animation because there are keyframes with different interpolation methods in one channel
12:48:36 | WARNING: Baking animation because there are keyframes with different interpolation methods in one channel
12:48:36 | WARNING: Baking animation because there are keyframes with different interpolation methods in one channel
12:48:36 | WARNING: Baking animation because there are keyframes with different interpolation methods in one channel
12:48:36 | WARNING: Baking animation because there are keyframes with different interpolation methods in one channel
12:48:36 | WARNING: Baking animation because there are keyframes with different interpolation methods in one channel
12:48:36 | WARNING: Baking animation because there are keyframes with different interpolation methods in one channel
12:48:36 | WARNING: Baking animation because there are keyframes with different interpolation methods in one channel
12:48:37 | WARNING: Baking animation because there are keyframes with different interpolation methods in one channel
12:48:37 | WARNING: Baking animation because there are keyframes with different interpolation methods in one channel
12:48:37 | WARNING: Baking animation because there are keyframes with different interpolation methods in one channel
12:48:37 | WARNING: Baking animation because there are keyframes with different interpolation methods in one channel
12:48:37 | WARNING: Baking animation because there are keyframes with different interpolation methods in one channel
12:48:37 | WARNING: Baking animation because there are keyframes with different interpolation methods in one channel
12:48:37 | WARNING: Baking animation because there are keyframes with different interpolation methods in one channel
12:48:37 | WARNING: Baking animation because there are keyframes with different interpolation methods in one channel
12:48:37 | WARNING: Baking animation because there are keyframes with different interpolation methods in one channel
12:48:37 | WARNING: Baking animation because there are keyframes with different interpolation methods in one channel
12:48:37 | WARNING: Baking animation because there are keyframes with different interpolation methods in one channel
12:48:37 | WARNING: Baking animation because there are keyframes with different interpolation methods in one channel
12:48:37 | WARNING: Baking animation because there are keyframes with different interpolation methods in one channel
12:48:37 | WARNING: Baking animation because there are keyframes with different interpolation methods in one channel
12:48:37 | WARNING: Baking animation because there are keyframes with different interpolation methods in one channel
12:48:37 | WARNING: Baking animation because there are keyframes with different interpolation methods in one channel
12:48:37 | WARNING: Baking animation because there are keyframes with different interpolation methods in one channel
12:48:37 | WARNING: Baking animation because there are keyframes with different interpolation methods in one channel
12:48:37 | WARNING: Baking animation because there are keyframes with different interpolation methods in one channel
12:48:37 | WARNING: Baking animation because there are keyframes with different interpolation methods in one channel
12:48:37 | WARNING: Baking animation because there are keyframes with different interpolation methods in one channel
12:48:37 | WARNING: Baking animation because there are keyframes with different interpolation methods in one channel
12:48:37 | WARNING: Baking animation because there are keyframes with different interpolation methods in one channel
12:48:37 | WARNING: Baking animation because there are keyframes with different interpolation methods in one channel
12:48:37 | WARNING: Baking animation because there are keyframes with different interpolation methods in one channel
12:48:37 | WARNING: Baking animation because there are keyframes with different interpolation methods in one channel
12:48:37 | WARNING: Baking animation because there are keyframes with different interpolation methods in one channel
12:48:37 | WARNING: Baking animation because there are keyframes with different interpolation methods in one channel
12:48:37 | WARNING: Baking animation because there are keyframes with different interpolation methods in one channel
12:48:37 | WARNING: Baking animation because there are keyframes with different interpolation methods in one channel
12:48:37 | WARNING: Baking animation because there are keyframes with different interpolation methods in one channel
12:48:37 | WARNING: Baking animation because there are keyframes with different interpolation methods in one channel
12:48:37 | WARNING: Baking animation because there are keyframes with different interpolation methods in one channel
12:48:37 | WARNING: Baking animation because there are keyframes with different interpolation methods in one channel
12:48:37 | WARNING: Baking animation because there are keyframes with different interpolation methods in one channel
12:48:37 | WARNING: Baking animation because there are keyframes with different interpolation methods in one channel
12:48:37 | WARNING: Baking animation because there are keyframes with different interpolation methods in one channel
12:48:37 | WARNING: Baking animation because there are keyframes with different interpolation methods in one channel
12:48:37 | WARNING: Baking animation because there are keyframes with different interpolation methods in one channel
12:48:37 | WARNING: Baking animation because there are keyframes with different interpolation methods in one channel
12:48:37 | WARNING: Baking animation because there are keyframes with different interpolation methods in one channel
12:48:37 | WARNING: Baking animation because there are keyframes with different interpolation methods in one channel
12:48:37 | WARNING: Baking animation because there are keyframes with different interpolation methods in one channel
12:48:37 | WARNING: Baking animation because there are keyframes with different interpolation methods in one channel
12:48:37 | WARNING: Baking animation because there are keyframes with different interpolation methods in one channel
12:48:37 | WARNING: Baking animation because there are keyframes with different interpolation methods in one channel
12:48:37 | WARNING: Baking animation because there are keyframes with different interpolation methods in one channel
12:48:37 | WARNING: Baking animation because there are keyframes with different interpolation methods in one channel
12:48:37 | WARNING: Baking animation because there are keyframes with different interpolation methods in one channel
12:48:37 | WARNING: Baking animation because there are keyframes with different interpolation methods in one channel
12:48:37 | WARNING: Baking animation because there are keyframes with different interpolation methods in one channel
12:48:37 | WARNING: Baking animation because there are keyframes with different interpolation methods in one channel
12:48:37 | WARNING: Baking animation because there are keyframes with different interpolation methods in one channel
12:48:37 | WARNING: Baking animation because there are keyframes with different interpolation methods in one channel
12:48:37 | WARNING: Baking animation because there are keyframes with different interpolation methods in one channel
12:48:37 | WARNING: Baking animation because there are keyframes with different interpolation methods in one channel
12:48:37 | WARNING: Baking animation because there are keyframes with different interpolation methods in one channel
12:48:37 | WARNING: Baking animation because there are keyframes with different interpolation methods in one channel
12:48:37 | WARNING: Baking animation because there are keyframes with different interpolation methods in one channel
12:48:37 | WARNING: Baking animation because there are keyframes with different interpolation methods in one channel
12:48:37 | WARNING: Baking animation because there are keyframes with different interpolation methods in one channel
12:48:37 | WARNING: Baking animation because there are keyframes with different interpolation methods in one channel
12:48:37 | WARNING: Baking animation because there are keyframes with different interpolation methods in one channel
12:48:37 | WARNING: Baking animation because there are keyframes with different interpolation methods in one channel
12:48:37 | WARNING: Baking animation because there are keyframes with different interpolation methods in one channel
12:48:37 | WARNING: Baking animation because there are keyframes with different interpolation methods in one channel
12:48:37 | WARNING: Baking animation because there are keyframes with different interpolation methods in one channel
12:48:37 | WARNING: Baking animation because there are keyframes with different interpolation methods in one channel
12:48:37 | WARNING: Baking animation because there are keyframes with different interpolation methods in one channel
12:48:37 | WARNING: Baking animation because there are keyframes with different interpolation methods in one channel
12:48:37 | WARNING: Baking animation because there are keyframes with different interpolation methods in one channel
12:48:37 | WARNING: Baking animation because there are keyframes with different interpolation methods in one channel
12:48:37 | WARNING: Baking animation because there are keyframes with different interpolation methods in one channel
12:48:37 | WARNING: Baking animation because there are keyframes with different interpolation methods in one channel
12:48:37 | WARNING: Baking animation because there are keyframes with different interpolation methods in one channel
12:48:37 | WARNING: Baking animation because there are keyframes with different interpolation methods in one channel
12:48:37 | WARNING: Baking animation because there are keyframes with different interpolation methods in one channel
12:48:37 | WARNING: Baking animation because there are keyframes with different interpolation methods in one channel
12:48:37 | WARNING: Baking animation because there are keyframes with different interpolation methods in one channel
12:48:37 | WARNING: Baking animation because there are keyframes with different interpolation methods in one channel
12:48:37 | WARNING: Baking animation because there are keyframes with different interpolation methods in one channel
12:48:37 | WARNING: Baking animation because there are keyframes with different interpolation methods in one channel
12:48:37 | WARNING: Baking animation because there are keyframes with different interpolation methods in one channel
12:48:37 | WARNING: Baking animation because there are keyframes with different interpolation methods in one channel
12:48:37 | WARNING: Baking animation because there are keyframes with different interpolation methods in one channel
12:48:37 | WARNING: Baking animation because there are keyframes with different interpolation methods in one channel
12:48:37 | WARNING: Baking animation because there are keyframes with different interpolation methods in one channel
12:48:37 | WARNING: Baking animation because there are keyframes with different interpolation methods in one channel
12:48:37 | WARNING: Baking animation because there are keyframes with different interpolation methods in one channel
12:48:37 | WARNING: Baking animation because there are keyframes with different interpolation methods in one channel
12:48:37 | WARNING: Baking animation because there are keyframes with different interpolation methods in one channel
12:48:37 | WARNING: Baking animation because there are keyframes with different interpolation methods in one channel
12:48:37 | WARNING: Baking animation because there are keyframes with different interpolation methods in one channel
12:48:37 | WARNING: Baking animation because there are keyframes with different interpolation methods in one channel
12:48:37 | WARNING: Baking animation because there are keyframes with different interpolation methods in one channel
12:48:37 | WARNING: Baking animation because there are keyframes with different interpolation methods in one channel
12:48:37 | WARNING: Baking animation because there are keyframes with different interpolation methods in one channel
12:48:37 | WARNING: Baking animation because there are keyframes with different interpolation methods in one channel
12:48:37 | WARNING: Baking animation because there are keyframes with different interpolation methods in one channel
12:48:37 | WARNING: Baking animation because there are keyframes with different interpolation methods in one channel
12:48:37 | WARNING: Baking animation because there are keyframes with different interpolation methods in one channel
12:48:37 | WARNING: Baking animation because there are keyframes with different interpolation methods in one channel
12:48:37 | WARNING: Baking animation because there are keyframes with different interpolation methods in one channel
12:48:37 | WARNING: Baking animation because there are keyframes with different interpolation methods in one channel
12:48:37 | WARNING: Baking animation because there are keyframes with different interpolation methods in one channel
12:48:37 | WARNING: Baking animation because there are keyframes with different interpolation methods in one channel
12:48:38 | WARNING: Baking animation because there are keyframes with different interpolation methods in one channel
12:48:38 | WARNING: Baking animation because there are keyframes with different interpolation methods in one channel
12:48:38 | WARNING: Baking animation because there are keyframes with different interpolation methods in one channel
12:48:38 | WARNING: Baking animation because there are keyframes with different interpolation methods in one channel
12:48:38 | WARNING: Baking animation because there are keyframes with different interpolation methods in one channel
12:48:38 | WARNING: Baking animation because there are keyframes with different interpolation methods in one channel
12:48:38 | WARNING: Baking animation because there are keyframes with different interpolation methods in one channel
12:48:38 | WARNING: Baking animation because there are keyframes with different interpolation methods in one channel
12:48:38 | WARNING: Baking animation because there are keyframes with different interpolation methods in one channel
12:48:38 | WARNING: Baking animation because there are keyframes with different interpolation methods in one channel
12:48:38 | WARNING: Baking animation because there are keyframes with different interpolation methods in one channel
12:48:38 | WARNING: Baking animation because there are keyframes with different interpolation methods in one channel
12:48:38 | WARNING: Baking animation because there are keyframes with different interpolation methods in one channel
12:48:38 | WARNING: Baking animation because there are keyframes with different interpolation methods in one channel
12:48:38 | WARNING: Baking animation because there are keyframes with different interpolation methods in one channel
12:48:38 | WARNING: Baking animation because there are keyframes with different interpolation methods in one channel
12:48:38 | WARNING: Baking animation because there are keyframes with different interpolation methods in one channel
12:48:38 | WARNING: Baking animation because there are keyframes with different interpolation methods in one channel
12:48:38 | WARNING: Baking animation because there are keyframes with different interpolation methods in one channel
12:48:38 | WARNING: Baking animation because there are keyframes with different interpolation methods in one channel
12:48:38 | WARNING: Baking animation because there are keyframes with different interpolation methods in one channel
12:48:38 | WARNING: Baking animation because there are keyframes with different interpolation methods in one channel
12:48:38 | WARNING: Baking animation because there are keyframes with different interpolation methods in one channel
12:48:38 | WARNING: Baking animation because there are keyframes with different interpolation methods in one channel
12:48:38 | WARNING: Baking animation because there are keyframes with different interpolation methods in one channel
12:48:38 | WARNING: Baking animation because there are keyframes with different interpolation methods in one channel
12:48:38 | WARNING: Baking animation because there are keyframes with different interpolation methods in one channel
12:48:38 | WARNING: Baking animation because there are keyframes with different interpolation methods in one channel
12:48:38 | WARNING: Baking animation because there are keyframes with different interpolation methods in one channel
12:48:38 | WARNING: Baking animation because there are keyframes with different interpolation methods in one channel
12:48:38 | WARNING: Baking animation because there are keyframes with different interpolation methods in one channel
12:48:38 | WARNING: Baking animation because there are keyframes with different interpolation methods in one channel
12:48:38 | WARNING: Baking animation because there are keyframes with different interpolation methods in one channel
12:48:38 | WARNING: Baking animation because there are keyframes with different interpolation methods in one channel
12:48:38 | WARNING: Baking animation because there are keyframes with different interpolation methods in one channel
12:48:38 | WARNING: Baking animation because there are keyframes with different interpolation methods in one channel
12:48:38 | WARNING: Baking animation because there are keyframes with different interpolation methods in one channel
12:48:38 | WARNING: Baking animation because there are keyframes with different interpolation methods in one channel
12:48:38 | WARNING: Baking animation because there are keyframes with different interpolation methods in one channel
12:48:38 | WARNING: Baking animation because there are keyframes with different interpolation methods in one channel
12:48:38 | WARNING: Baking animation because there are keyframes with different interpolation methods in one channel
12:48:38 | WARNING: Baking animation because there are keyframes with different interpolation methods in one channel
12:48:38 | WARNING: Baking animation because there are keyframes with different interpolation methods in one channel
12:48:38 | WARNING: Baking animation because there are keyframes with different interpolation methods in one channel
12:48:38 | WARNING: Baking animation because there are keyframes with different interpolation methods in one channel
12:48:38 | WARNING: Baking animation because there are keyframes with different interpolation methods in one channel
12:48:38 | WARNING: Baking animation because there are keyframes with different interpolation methods in one channel
12:48:38 | WARNING: Baking animation because there are keyframes with different interpolation methods in one channel
12:48:38 | WARNING: Baking animation because there are keyframes with different interpolation methods in one channel
12:48:38 | WARNING: Baking animation because there are keyframes with different interpolation methods in one channel
12:48:38 | WARNING: Baking animation because there are keyframes with different interpolation methods in one channel
12:48:38 | WARNING: Baking animation because there are keyframes with different interpolation methods in one channel
12:48:38 | WARNING: Baking animation because there are keyframes with different interpolation methods in one channel
12:48:38 | WARNING: Baking animation because there are keyframes with different interpolation methods in one channel
12:48:38 | WARNING: Baking animation because there are keyframes with different interpolation methods in one channel
12:48:38 | WARNING: Baking animation because there are keyframes with different interpolation methods in one channel
12:48:38 | WARNING: Baking animation because there are keyframes with different interpolation methods in one channel
12:48:38 | WARNING: Baking animation because there are keyframes with different interpolation methods in one channel
12:48:38 | WARNING: Baking animation because there are keyframes with different interpolation methods in one channel
12:48:38 | WARNING: Baking animation because there are keyframes with different interpolation methods in one channel
12:48:38 | WARNING: Baking animation because there are keyframes with different interpolation methods in one channel
12:48:38 | WARNING: Baking animation because there are keyframes with different interpolation methods in one channel
12:48:38 | WARNING: Baking animation because there are keyframes with different interpolation methods in one channel
12:48:38 | WARNING: Baking animation because there are keyframes with different interpolation methods in one channel
12:48:38 | WARNING: Baking animation because there are keyframes with different interpolation methods in one channel
12:48:38 | WARNING: Baking animation because there are keyframes with different interpolation methods in one channel
12:48:38 | WARNING: Baking animation because there are keyframes with different interpolation methods in one channel
12:48:38 | WARNING: Baking animation because there are keyframes with different interpolation methods in one channel
12:48:38 | WARNING: Baking animation because there are keyframes with different interpolation methods in one channel
12:48:38 | WARNING: Baking animation because there are keyframes with different interpolation methods in one channel
12:48:38 | WARNING: Baking animation because there are keyframes with different interpolation methods in one channel
12:48:38 | WARNING: Baking animation because there are keyframes with different interpolation methods in one channel
12:48:38 | WARNING: Baking animation because there are keyframes with different interpolation methods in one channel
12:48:38 | WARNING: Baking animation because there are keyframes with different interpolation methods in one channel
12:48:38 | WARNING: Baking animation because there are keyframes with different interpolation methods in one channel
12:48:38 | WARNING: Baking animation because there are keyframes with different interpolation methods in one channel
12:48:38 | WARNING: Baking animation because there are keyframes with different interpolation methods in one channel
12:48:38 | WARNING: Baking animation because there are keyframes with different interpolation methods in one channel
12:48:38 | WARNING: Baking animation because there are keyframes with different interpolation methods in one channel
12:48:38 | WARNING: Baking animation because there are keyframes with different interpolation methods in one channel
12:48:38 | WARNING: Baking animation because there are keyframes with different interpolation methods in one channel
12:48:38 | WARNING: Baking animation because there are keyframes with different interpolation methods in one channel
12:48:38 | WARNING: Baking animation because there are keyframes with different interpolation methods in one channel
12:48:38 | WARNING: Baking animation because there are keyframes with different interpolation methods in one channel
12:48:38 | WARNING: Baking animation because there are keyframes with different interpolation methods in one channel
12:48:38 | WARNING: Baking animation because there are keyframes with different interpolation methods in one channel
12:48:38 | WARNING: Baking animation because there are keyframes with different interpolation methods in one channel
12:48:38 | WARNING: Baking animation because there are keyframes with different interpolation methods in one channel
12:48:38 | WARNING: Baking animation because there are keyframes with different interpolation methods in one channel
12:48:38 | WARNING: Baking animation because there are keyframes with different interpolation methods in one channel
12:48:38 | WARNING: Baking animation because there are keyframes with different interpolation methods in one channel
12:48:38 | WARNING: Baking animation because there are keyframes with different interpolation methods in one channel
12:48:38 | WARNING: Baking animation because there are keyframes with different interpolation methods in one channel
12:48:38 | WARNING: Baking animation because there are keyframes with different interpolation methods in one channel
12:48:38 | WARNING: Baking animation because there are keyframes with different interpolation methods in one channel
12:48:38 | WARNING: Baking animation because there are keyframes with different interpolation methods in one channel
12:48:38 | WARNING: Baking animation because there are keyframes with different interpolation methods in one channel
12:48:38 | WARNING: Baking animation because there are keyframes with different interpolation methods in one channel
12:48:38 | WARNING: Baking animation because there are keyframes with different interpolation methods in one channel
12:48:38 | WARNING: Baking animation because there are keyframes with different interpolation methods in one channel
12:48:38 | WARNING: Baking animation because there are keyframes with different interpolation methods in one channel
12:48:38 | WARNING: Baking animation because there are keyframes with different interpolation methods in one channel
12:48:38 | WARNING: Baking animation because there are keyframes with different interpolation methods in one channel
12:48:38 | WARNING: Baking animation because there are keyframes with different interpolation methods in one channel
12:48:38 | WARNING: Baking animation because there are keyframes with different interpolation methods in one channel
12:48:38 | WARNING: Baking animation because there are keyframes with different interpolation methods in one channel
12:48:39 | WARNING: Baking animation because there are keyframes with different interpolation methods in one channel
12:48:39 | WARNING: Baking animation because there are keyframes with different interpolation methods in one channel
12:48:39 | WARNING: Baking animation because there are keyframes with different interpolation methods in one channel
12:48:39 | WARNING: Baking animation because there are keyframes with different interpolation methods in one channel
12:48:39 | WARNING: Baking animation because there are keyframes with different interpolation methods in one channel
12:48:39 | WARNING: Baking animation because there are keyframes with different interpolation methods in one channel
12:48:39 | WARNING: Baking animation because there are keyframes with different interpolation methods in one channel
12:48:39 | WARNING: Baking animation because there are keyframes with different interpolation methods in one channel
12:48:39 | WARNING: Baking animation because there are keyframes with different interpolation methods in one channel
12:48:39 | WARNING: Baking animation because there are keyframes with different interpolation methods in one channel
12:48:39 | WARNING: Baking animation because there are keyframes with different interpolation methods in one channel
12:48:39 | WARNING: Baking animation because there are keyframes with different interpolation methods in one channel
12:48:39 | WARNING: Baking animation because there are keyframes with different interpolation methods in one channel
12:48:39 | WARNING: Baking animation because there are keyframes with different interpolation methods in one channel
12:48:39 | WARNING: Baking animation because there are keyframes with different interpolation methods in one channel
12:48:39 | WARNING: Baking animation because there are keyframes with different interpolation methods in one channel
12:48:39 | WARNING: Baking animation because there are keyframes with different interpolation methods in one channel
12:48:39 | WARNING: Baking animation because there are keyframes with different interpolation methods in one channel
12:48:39 | WARNING: Baking animation because there are keyframes with different interpolation methods in one channel
12:48:39 | WARNING: Baking animation because there are keyframes with different interpolation methods in one channel
12:48:39 | WARNING: Baking animation because there are keyframes with different interpolation methods in one channel
12:48:39 | WARNING: Baking animation because there are keyframes with different interpolation methods in one channel
12:48:39 | WARNING: Baking animation because there are keyframes with different interpolation methods in one channel
12:48:39 | WARNING: Baking animation because there are keyframes with different interpolation methods in one channel
12:48:39 | WARNING: Baking animation because there are keyframes with different interpolation methods in one channel
12:48:39 | WARNING: Baking animation because there are keyframes with different interpolation methods in one channel
12:48:39 | WARNING: Baking animation because there are keyframes with different interpolation methods in one channel
12:48:39 | WARNING: Baking animation because there are keyframes with different interpolation methods in one channel
12:48:39 | WARNING: Baking animation because there are keyframes with different interpolation methods in one channel
12:48:39 | WARNING: Baking animation because there are keyframes with different interpolation methods in one channel
12:48:39 | WARNING: Baking animation because there are keyframes with different interpolation methods in one channel
12:48:39 | WARNING: Baking animation because there are keyframes with different interpolation methods in one channel
12:48:39 | WARNING: Baking animation because there are keyframes with different interpolation methods in one channel
12:48:39 | WARNING: Baking animation because there are keyframes with different interpolation methods in one channel
12:48:39 | WARNING: Baking animation because there are keyframes with different interpolation methods in one channel
12:48:39 | WARNING: Baking animation because there are keyframes with different interpolation methods in one channel
12:48:39 | WARNING: Baking animation because there are keyframes with different interpolation methods in one channel
12:48:39 | WARNING: Baking animation because there are keyframes with different interpolation methods in one channel
12:48:39 | WARNING: Baking animation because there are keyframes with different interpolation methods in one channel
12:48:39 | WARNING: Baking animation because there are keyframes with different interpolation methods in one channel
12:48:39 | WARNING: Baking animation because there are keyframes with different interpolation methods in one channel
12:48:39 | WARNING: Baking animation because there are keyframes with different interpolation methods in one channel
12:48:39 | WARNING: Baking animation because there are keyframes with different interpolation methods in one channel
12:48:39 | WARNING: Baking animation because there are keyframes with different interpolation methods in one channel
12:48:39 | WARNING: Baking animation because there are keyframes with different interpolation methods in one channel
12:48:39 | WARNING: Baking animation because there are keyframes with different interpolation methods in one channel
12:48:39 | WARNING: Baking animation because there are keyframes with different interpolation methods in one channel
12:48:39 | WARNING: Baking animation because there are keyframes with different interpolation methods in one channel
12:48:39 | WARNING: Baking animation because there are keyframes with different interpolation methods in one channel
12:48:39 | WARNING: Baking animation because there are keyframes with different interpolation methods in one channel
12:48:39 | WARNING: Baking animation because there are keyframes with different interpolation methods in one channel
12:48:39 | WARNING: Baking animation because there are keyframes with different interpolation methods in one channel
12:48:39 | WARNING: Baking animation because there are keyframes with different interpolation methods in one channel
12:48:39 | WARNING: Baking animation because there are keyframes with different interpolation methods in one channel
12:48:39 | WARNING: Baking animation because there are keyframes with different interpolation methods in one channel
12:48:39 | WARNING: Baking animation because there are keyframes with different interpolation methods in one channel
12:48:39 | WARNING: Baking animation because there are keyframes with different interpolation methods in one channel
12:48:39 | WARNING: Baking animation because there are keyframes with different interpolation methods in one channel
12:48:39 | WARNING: Baking animation because there are keyframes with different interpolation methods in one channel
12:48:39 | WARNING: Baking animation because there are keyframes with different interpolation methods in one channel
12:48:39 | WARNING: Baking animation because there are keyframes with different interpolation methods in one channel
12:48:39 | WARNING: Baking animation because there are keyframes with different interpolation methods in one channel
12:48:39 | WARNING: Baking animation because there are keyframes with different interpolation methods in one channel
12:48:39 | WARNING: Baking animation because there are keyframes with different interpolation methods in one channel
12:48:39 | WARNING: Baking animation because there are keyframes with different interpolation methods in one channel
12:48:39 | WARNING: Baking animation because there are keyframes with different interpolation methods in one channel
12:48:39 | WARNING: Baking animation because there are keyframes with different interpolation methods in one channel
12:48:39 | WARNING: Baking animation because there are keyframes with different interpolation methods in one channel
12:48:39 | WARNING: Baking animation because there are keyframes with different interpolation methods in one channel
12:48:39 | WARNING: Baking animation because there are keyframes with different interpolation methods in one channel
12:48:39 | WARNING: Baking animation because there are keyframes with different interpolation methods in one channel
12:48:39 | WARNING: Baking animation because there are keyframes with different interpolation methods in one channel
12:48:39 | WARNING: Baking animation because there are keyframes with different interpolation methods in one channel
12:48:39 | WARNING: Baking animation because there are keyframes with different interpolation methods in one channel
12:48:39 | WARNING: Baking animation because there are keyframes with different interpolation methods in one channel
12:48:39 | WARNING: Baking animation because there are keyframes with different interpolation methods in one channel
12:48:39 | WARNING: Baking animation because there are keyframes with different interpolation methods in one channel
12:48:39 | WARNING: Baking animation because there are keyframes with different interpolation methods in one channel
12:48:39 | WARNING: Baking animation because there are keyframes with different interpolation methods in one channel
12:48:39 | WARNING: Baking animation because there are keyframes with different interpolation methods in one channel
12:48:39 | WARNING: Baking animation because there are keyframes with different interpolation methods in one channel
12:48:39 | WARNING: Baking animation because there are keyframes with different interpolation methods in one channel
12:48:39 | WARNING: Baking animation because there are keyframes with different interpolation methods in one channel
12:48:39 | WARNING: Baking animation because there are keyframes with different interpolation methods in one channel
12:48:39 | WARNING: Baking animation because there are keyframes with different interpolation methods in one channel
12:48:39 | WARNING: Baking animation because there are keyframes with different interpolation methods in one channel
12:48:39 | WARNING: Baking animation because there are keyframes with different interpolation methods in one channel
12:48:39 | WARNING: Baking animation because there are keyframes with different interpolation methods in one channel
12:48:39 | WARNING: Baking animation because there are keyframes with different interpolation methods in one channel
12:48:39 | WARNING: Baking animation because there are keyframes with different interpolation methods in one channel
12:48:39 | WARNING: Baking animation because there are keyframes with different interpolation methods in one channel
12:48:39 | WARNING: Baking animation because there are keyframes with different interpolation methods in one channel
12:48:39 | WARNING: Baking animation because there are keyframes with different interpolation methods in one channel
12:48:39 | WARNING: Baking animation because there are keyframes with different interpolation methods in one channel
12:48:39 | WARNING: Baking animation because there are keyframes with different interpolation methods in one channel
12:48:39 | WARNING: Baking animation because there are keyframes with different interpolation methods in one channel
12:48:39 | WARNING: Baking animation because there are keyframes with different interpolation methods in one channel
12:48:39 | WARNING: Baking animation because there are keyframes with different interpolation methods in one channel
12:48:39 | WARNING: Baking animation because there are keyframes with different interpolation methods in one channel
12:48:39 | WARNING: Baking animation because there are keyframes with different interpolation methods in one channel
12:48:39 | WARNING: Baking animation because there are keyframes with different interpolation methods in one channel
12:48:39 | WARNING: Baking animation because there are keyframes with different interpolation methods in one channel
12:48:39 | WARNING: Baking animation because there are keyframes with different interpolation methods in one channel
12:48:39 | WARNING: Baking animation because there are keyframes with different interpolation methods in one channel
12:48:39 | WARNING: Baking animation because there are keyframes with different interpolation methods in one channel
12:48:39 | WARNING: Baking animation because there are keyframes with different interpolation methods in one channel
12:48:40 | WARNING: Baking animation because there are keyframes with different interpolation methods in one channel
12:48:40 | WARNING: Baking animation because there are keyframes with different interpolation methods in one channel
12:48:40 | WARNING: Baking animation because there are keyframes with different interpolation methods in one channel
12:48:40 | WARNING: Baking animation because there are keyframes with different interpolation methods in one channel
12:48:40 | WARNING: Baking animation because there are keyframes with different interpolation methods in one channel
12:48:40 | WARNING: Baking animation because there are keyframes with different interpolation methods in one channel
12:48:40 | WARNING: Baking animation because there are keyframes with different interpolation methods in one channel
12:48:40 | WARNING: Baking animation because there are keyframes with different interpolation methods in one channel
12:48:40 | WARNING: Baking animation because there are keyframes with different interpolation methods in one channel
12:48:40 | WARNING: Baking animation because there are keyframes with different interpolation methods in one channel
12:48:40 | WARNING: Baking animation because there are keyframes with different interpolation methods in one channel
12:48:40 | WARNING: Baking animation because there are keyframes with different interpolation methods in one channel
12:48:40 | WARNING: Baking animation because there are keyframes with different interpolation methods in one channel
12:48:40 | WARNING: Baking animation because there are keyframes with different interpolation methods in one channel
12:48:40 | WARNING: Baking animation because there are keyframes with different interpolation methods in one channel
12:48:40 | WARNING: Baking animation because there are keyframes with different interpolation methods in one channel
12:48:40 | WARNING: Baking animation because there are keyframes with different interpolation methods in one channel
12:48:40 | WARNING: Baking animation because there are keyframes with different interpolation methods in one channel
12:48:40 | WARNING: Baking animation because there are keyframes with different interpolation methods in one channel
12:48:40 | WARNING: Baking animation because there are keyframes with different interpolation methods in one channel
12:48:40 | WARNING: Baking animation because there are keyframes with different interpolation methods in one channel
12:48:40 | WARNING: Baking animation because there are keyframes with different interpolation methods in one channel
12:48:40 | WARNING: Baking animation because there are keyframes with different interpolation methods in one channel
12:48:40 | WARNING: Baking animation because there are keyframes with different interpolation methods in one channel
12:48:40 | WARNING: Baking animation because there are keyframes with different interpolation methods in one channel
12:48:40 | WARNING: Baking animation because there are keyframes with different interpolation methods in one channel
12:48:40 | WARNING: Baking animation because there are keyframes with different interpolation methods in one channel
12:48:40 | WARNING: Baking animation because there are keyframes with different interpolation methods in one channel
12:48:40 | WARNING: Baking animation because there are keyframes with different interpolation methods in one channel
12:48:40 | WARNING: Baking animation because there are keyframes with different interpolation methods in one channel
12:48:40 | WARNING: Baking animation because there are keyframes with different interpolation methods in one channel
12:48:40 | WARNING: Baking animation because there are keyframes with different interpolation methods in one channel
12:48:40 | WARNING: Baking animation because there are keyframes with different interpolation methods in one channel
12:48:40 | WARNING: Baking animation because there are keyframes with different interpolation methods in one channel
12:48:40 | WARNING: Baking animation because there are keyframes with different interpolation methods in one channel
12:48:40 | WARNING: Baking animation because there are keyframes with different interpolation methods in one channel
12:48:40 | WARNING: Baking animation because there are keyframes with different interpolation methods in one channel
12:48:40 | WARNING: Baking animation because there are keyframes with different interpolation methods in one channel
12:48:40 | WARNING: Baking animation because there are keyframes with different interpolation methods in one channel
12:48:40 | WARNING: Baking animation because there are keyframes with different interpolation methods in one channel
12:48:40 | WARNING: Baking animation because there are keyframes with different interpolation methods in one channel
12:48:40 | WARNING: Baking animation because there are keyframes with different interpolation methods in one channel
12:48:40 | WARNING: Baking animation because there are keyframes with different interpolation methods in one channel
12:48:40 | WARNING: Baking animation because there are keyframes with different interpolation methods in one channel
12:48:40 | WARNING: Baking animation because there are keyframes with different interpolation methods in one channel
12:48:40 | WARNING: Baking animation because there are keyframes with different interpolation methods in one channel
12:48:40 | WARNING: Baking animation because there are keyframes with different interpolation methods in one channel
12:48:40 | WARNING: Baking animation because there are keyframes with different interpolation methods in one channel
12:48:40 | WARNING: Baking animation because there are keyframes with different interpolation methods in one channel
12:48:40 | WARNING: Baking animation because there are keyframes with different interpolation methods in one channel
12:48:40 | WARNING: Baking animation because there are keyframes with different interpolation methods in one channel
12:48:40 | WARNING: Baking animation because there are keyframes with different interpolation methods in one channel
12:48:40 | WARNING: Baking animation because there are keyframes with different interpolation methods in one channel
12:48:43 | WARNING: Baking animation because there are keyframes with different interpolation methods in one channel
12:48:43 | WARNING: Baking animation because there are keyframes with different interpolation methods in one channel
12:48:43 | WARNING: Baking animation because there are keyframes with different interpolation methods in one channel
12:48:43 | WARNING: Baking animation because there are keyframes with different interpolation methods in one channel
12:48:43 | WARNING: Baking animation because there are keyframes with different interpolation methods in one channel
12:48:43 | WARNING: Baking animation because there are keyframes with different interpolation methods in one channel
12:48:43 | WARNING: Baking animation because there are keyframes with different interpolation methods in one channel
12:48:43 | WARNING: Baking animation because there are keyframes with different interpolation methods in one channel
12:48:43 | WARNING: Baking animation because there are keyframes with different interpolation methods in one channel
12:48:43 | WARNING: Baking animation because there are keyframes with different interpolation methods in one channel
12:48:43 | WARNING: Baking animation because there are keyframes with different interpolation methods in one channel
12:48:43 | WARNING: Baking animation because there are keyframes with different interpolation methods in one channel
12:48:43 | WARNING: Baking animation because there are keyframes with different interpolation methods in one channel
12:48:43 | WARNING: Baking animation because there are keyframes with different interpolation methods in one channel
12:48:43 | WARNING: Baking animation because there are keyframes with different interpolation methods in one channel
12:48:43 | WARNING: Baking animation because there are keyframes with different interpolation methods in one channel
12:48:43 | WARNING: Baking animation because there are keyframes with different interpolation methods in one channel
12:48:43 | WARNING: Baking animation because there are keyframes with different interpolation methods in one channel
12:48:43 | WARNING: Baking animation because there are keyframes with different interpolation methods in one channel
12:48:43 | WARNING: Baking animation because there are keyframes with different interpolation methods in one channel
12:48:43 | WARNING: Baking animation because there are keyframes with different interpolation methods in one channel
12:48:43 | WARNING: Baking animation because there are keyframes with different interpolation methods in one channel
12:48:43 | WARNING: Baking animation because there are keyframes with different interpolation methods in one channel
12:48:43 | WARNING: Baking animation because there are keyframes with different interpolation methods in one channel
12:48:43 | WARNING: Baking animation because there are keyframes with different interpolation methods in one channel
12:48:43 | WARNING: Baking animation because there are keyframes with different interpolation methods in one channel
12:48:43 | WARNING: Baking animation because there are keyframes with different interpolation methods in one channel
12:48:43 | WARNING: Baking animation because there are keyframes with different interpolation methods in one channel
12:48:43 | WARNING: Baking animation because there are keyframes with different interpolation methods in one channel
12:48:43 | WARNING: Baking animation because there are keyframes with different interpolation methods in one channel
12:48:43 | WARNING: Baking animation because there are keyframes with different interpolation methods in one channel
12:48:43 | WARNING: Baking animation because there are keyframes with different interpolation methods in one channel
12:48:43 | WARNING: Baking animation because there are keyframes with different interpolation methods in one channel
12:48:43 | WARNING: Baking animation because there are keyframes with different interpolation methods in one channel
12:48:43 | WARNING: Baking animation because there are keyframes with different interpolation methods in one channel
12:48:43 | WARNING: Baking animation because there are keyframes with different interpolation methods in one channel
12:48:43 | WARNING: Baking animation because there are keyframes with different interpolation methods in one channel
12:48:43 | WARNING: Baking animation because there are keyframes with different interpolation methods in one channel
12:48:43 | WARNING: Baking animation because there are keyframes with different interpolation methods in one channel
12:48:43 | WARNING: Baking animation because there are keyframes with different interpolation methods in one channel
12:48:43 | WARNING: Baking animation because there are keyframes with different interpolation methods in one channel
12:48:43 | WARNING: Baking animation because there are keyframes with different interpolation methods in one channel
12:48:43 | WARNING: Baking animation because there are keyframes with different interpolation methods in one channel
12:48:43 | WARNING: Baking animation because there are keyframes with different interpolation methods in one channel
12:48:43 | WARNING: Baking animation because there are keyframes with different interpolation methods in one channel
12:48:43 | WARNING: Baking animation because there are keyframes with different interpolation methods in one channel
12:48:43 | WARNING: Baking animation because there are keyframes with different interpolation methods in one channel
12:48:43 | WARNING: Baking animation because there are keyframes with different interpolation methods in one channel
12:48:43 | WARNING: Baking animation because there are keyframes with different interpolation methods in one channel
12:48:43 | WARNING: Baking animation because there are keyframes with different interpolation methods in one channel
12:48:43 | WARNING: Baking animation because there are keyframes with different interpolation methods in one channel
12:48:43 | WARNING: Baking animation because there are keyframes with different interpolation methods in one channel
12:48:43 | WARNING: Baking animation because there are keyframes with different interpolation methods in one channel
12:48:44 | WARNING: Baking animation because there are keyframes with different interpolation methods in one channel
12:48:44 | WARNING: Baking animation because there are keyframes with different interpolation methods in one channel
12:48:44 | WARNING: Baking animation because there are keyframes with different interpolation methods in one channel
12:48:44 | WARNING: Baking animation because there are keyframes with different interpolation methods in one channel
12:48:44 | WARNING: Baking animation because there are keyframes with different interpolation methods in one channel
12:48:44 | WARNING: Baking animation because there are keyframes with different interpolation methods in one channel
12:48:44 | WARNING: Baking animation because there are keyframes with different interpolation methods in one channel
12:48:44 | WARNING: Baking animation because there are keyframes with different interpolation methods in one channel
12:48:44 | WARNING: Baking animation because there are keyframes with different interpolation methods in one channel
12:48:44 | WARNING: Baking animation because there are keyframes with different interpolation methods in one channel
12:48:44 | WARNING: Baking animation because there are keyframes with different interpolation methods in one channel
12:48:44 | WARNING: Baking animation because there are keyframes with different interpolation methods in one channel
12:48:44 | WARNING: Baking animation because there are keyframes with different interpolation methods in one channel
12:48:44 | WARNING: Baking animation because there are keyframes with different interpolation methods in one channel
12:48:44 | WARNING: Baking animation because there are keyframes with different interpolation methods in one channel
12:48:44 | WARNING: Baking animation because there are keyframes with different interpolation methods in one channel
12:48:44 | WARNING: Baking animation because there are keyframes with different interpolation methods in one channel
12:48:44 | WARNING: Baking animation because there are keyframes with different interpolation methods in one channel
12:48:44 | WARNING: Baking animation because there are keyframes with different interpolation methods in one channel
12:48:44 | WARNING: Baking animation because there are keyframes with different interpolation methods in one channel
12:48:44 | WARNING: Baking animation because there are keyframes with different interpolation methods in one channel
12:48:44 | WARNING: Baking animation because there are keyframes with different interpolation methods in one channel
12:48:44 | WARNING: Baking animation because there are keyframes with different interpolation methods in one channel
12:48:44 | WARNING: Baking animation because there are keyframes with different interpolation methods in one channel
12:48:44 | WARNING: Baking animation because there are keyframes with different interpolation methods in one channel
12:48:44 | WARNING: Baking animation because there are keyframes with different interpolation methods in one channel
12:48:44 | WARNING: Baking animation because there are keyframes with different interpolation methods in one channel
12:48:44 | WARNING: Baking animation because there are keyframes with different interpolation methods in one channel
12:48:44 | WARNING: Baking animation because there are keyframes with different interpolation methods in one channel
12:48:44 | WARNING: Baking animation because there are keyframes with different interpolation methods in one channel
12:48:44 | WARNING: Baking animation because there are keyframes with different interpolation methods in one channel
12:48:44 | WARNING: Baking animation because there are keyframes with different interpolation methods in one channel
12:48:44 | WARNING: Baking animation because there are keyframes with different interpolation methods in one channel
12:48:44 | WARNING: Baking animation because there are keyframes with different interpolation methods in one channel
12:48:44 | WARNING: Baking animation because there are keyframes with different interpolation methods in one channel
12:48:44 | WARNING: Baking animation because there are keyframes with different interpolation methods in one channel
12:48:44 | WARNING: Baking animation because there are keyframes with different interpolation methods in one channel
12:48:44 | WARNING: Baking animation because there are keyframes with different interpolation methods in one channel
12:48:44 | WARNING: Baking animation because there are keyframes with different interpolation methods in one channel
12:48:44 | WARNING: Baking animation because there are keyframes with different interpolation methods in one channel
12:48:44 | WARNING: Baking animation because there are keyframes with different interpolation methods in one channel
12:48:44 | WARNING: Baking animation because there are keyframes with different interpolation methods in one channel
12:48:44 | WARNING: Baking animation because there are keyframes with different interpolation methods in one channel
12:48:44 | WARNING: Baking animation because there are keyframes with different interpolation methods in one channel
12:48:44 | WARNING: Baking animation because there are keyframes with different interpolation methods in one channel
12:48:44 | WARNING: Baking animation because there are keyframes with different interpolation methods in one channel
12:48:44 | WARNING: Baking animation because there are keyframes with different interpolation methods in one channel
12:48:44 | WARNING: Baking animation because there are keyframes with different interpolation methods in one channel
12:48:44 | WARNING: Baking animation because there are keyframes with different interpolation methods in one channel
12:48:44 | WARNING: Baking animation because there are keyframes with different interpolation methods in one channel
12:48:44 | WARNING: Baking animation because there are keyframes with different interpolation methods in one channel
12:48:44 | WARNING: Baking animation because there are keyframes with different interpolation methods in one channel
12:48:44 | WARNING: Baking animation because there are keyframes with different interpolation methods in one channel
12:48:47 | INFO: Finished glTF 2.0 export in 27.041176319122314 s

C06_DONE failed=[]
C06_DONE non_ok_bools=['no_teleport']

Blender quit
Error: Not freed memory blocks: 7806, total unfreed memory 0.828075 MB
