C06_LAYOUT {"total_frames": 60, "seconds": 1.0, "antic": 20, "hit": 28, "hold": 3, "hold_end": 30, "release": 31, "return_start": 31, "settle": 50, "cancel": 52, "advance_mm": 300.0, "foot_schedule": {"L": [[0, 15], [26, 60]], "R": [[0, 5], [15, 60]]}, "seam_source": ["Grab_Hold", 120], "pelvis_y0_mm": -539.388, "pelvis_z0_mm": 756.0, "ankle0_mm": {"L": [143.18, -708.98, 79.62], "R": [-141.58, -398.96, 81.77]}, "ankle1_mm": {"L": [143.18, -1008.98, 79.62], "R": [-141.58, -698.96, 81.77]}, "grabbed_points_m": {"L": [0.33535, -1.373329, 1.136036], "R": [-0.314644, -1.374606, 1.134682]}, "end_rot_deg": {"pelvis": [25.0, 6.0, 0.0], "spine_01": [12.0, 3.0, 0.0], "spine_02": [12.0, 3.0, 0.0], "chest": [16.0, 4.0, 0.0], "neck": [-3.0, 0.0, 0.0], "head": [3.0, 0.0, 0.0], "shoulder.L": [-2.0, 0.0, -10.0], "shoulder.R": [-2.0, 0.0, 11.0]}, "note": "投掷：首帧 = `Grab_Hold@120`（逐位）；双手逆解钉死在世界抓取点到 f30，f31 释放；髋部 ry −20° → +26° 为发力主通道；收招 = 单向减速到「跟随姿」。"}
C06_CALIBRATION {"per_window": {"L_w0": {"pivot_mm": [149.18, -915.0, 12.172], "ankle_flat_mm": [143.18, -709.0, 79.67]}, "R_w0": {"pivot_mm": [-147.58, -604.97, 14.157], "ankle_flat_mm": [-141.58, -398.97, 81.66]}, "L_w1": {"pivot_mm": [149.18, -1215.0, 12.372], "ankle_flat_mm": [143.18, -1009.0, 79.87]}, "R_w1": {"pivot_mm": [-147.58, -904.97, 14.335], "ankle_flat_mm": [-141.58, -698.97, 81.83]}}, "arm_len_mm": {"L": {"upper": 328.0, "forearm": 224.0, "hand": 98.0}, "R": {"upper": 328.0, "forearm": 224.0, "hand": 98.0}}, "note": "本支不踮脚（tip ≡ 0）⟹ 踝目标完全由 FLAT_ANK 决定。"}
C06_FLY {"fly_dir": {"upperarm.L": [0.36, -0.895, -0.26], "forearm.L": [0.16, -0.975, -0.15], "hand.L": [0.16, -0.975, -0.15], "upperarm.R": [-0.36, -0.895, -0.26], "forearm.R": [-0.16, -0.975, -0.15], "hand.R": [-0.16, -0.975, -0.15]}, "fly_euler_deg": {"upperarm.L": [65.8786, -31.7012, -124.7225], "forearm.L": [-5.1993, -23.3471, -11.0077], "hand.L": [0.0, -0.5664, -0.0], "upperarm.R": [83.7306, 46.7099, 113.0023], "forearm.R": [-5.5458, 32.0001, 10.1531], "hand.R": [0.0, 2.8847, -0.0]}, "achieved_dir": {"upperarm.L": [0.36032, -0.895795, -0.260231], "forearm.L": [0.160102, -0.975622, -0.150096], "hand.L": [0.160102, -0.975622, -0.150096], "upperarm.R": [-0.36032, -0.895795, -0.260231], "forearm.R": [-0.160102, -0.975622, -0.150096], "hand.R": [-0.160102, -0.975622, -0.150096]}, "note": "跟随姿 = 双臂向前（−y）+ 微下（−z）伸展；收招终点逐位复现。"}
C06_REPORT {"loop_seamless": null, "ground_min_mm": -0.03, "ground_contact_ok": true, "max_frame_step_deg": 28.296, "max_frame_step_at": [24, "upperarm.L"], "no_teleport": false, "bone_travel_mm": {"pelvis": 301.5, "chest": 398.8, "head": 547.74, "hand.L": 431.83, "hand.R": 512.1}, "seam_source": ["Grab_Hold", 120], "throw_start_delta": 0.0, "throw_start_ok": true, "root_motion_m": [0.0, -0.3], "root_motion_ok": true, "advance_total_mm": 300.0, "grabbed_points_m": {"L": [0.33535, -1.373329, 1.136036], "R": [-0.314644, -1.374606, 1.134682]}, "grab_gap_mm": 650.0, "grab_z_mm": 1135.36, "grab_depth_mm": -834.58, "hold_drift_max_mm": 16.49457, "hold_drift_ok": false, "release_frame_found": 29, "release_frame_want": 31, "release_frame_ok": false, "release_drift_after_mm": 11.5845, "release_hand_L_m": [0.335622, -1.389329, 1.140036], "release_hand_R_m": [-0.314372, -1.390606, 1.138682], "release_pelvis_m": [0.012, -0.805388, 0.756], "arm_total_len_mm": {"L": 650.0, "R": 650.0}, "grab_reach_ratio": {"L": 0.96801, "R": 0.97106}, "grab_reach_ok": true, "arm_seat_clamped": {"L": false, "R": false}, "arm_seat_detail": {"L": {"any": false, "worst_frame": null, "worst_over_mm": 0.0, "worst_dist_mm": 0.0, "limit_mm": 649.675, "n_frames": 90}, "R": {"any": false, "worst_frame": null, "worst_over_mm": 0.0, "worst_dist_mm": 0.0, "limit_mm": 649.675, "n_frames": 90}}, "arm_seat_ok": true, "hand_reach_min_mm": {"L": 392.14, "R": 404.41}, "hip_peak_deg": 30.09, "hip_peak_frame": 18, "torso_peak_deg": 16.492, "hip_drive_ratio": 1.8245, "hip_drive_ok": true, "hip_spd_peak_deg": 8.017, "hip_spd_peak_frame": 25, "hand_spd_peak_mm": 46.037, "hand_spd_peak_frame": 31, "hip_lead_frames": 6, "hip_then_arm_ok": true, "throw_apex_frame": 50, "throw_arc_steps_mm": [43.023, 40.343, 37.476, 34.496, 31.465, 28.437, 25.458, 22.565, 19.791, 17.164, 14.707, 12.433, 10.356, 8.479, 6.802, 5.313, 3.989, 2.77, 1.4], "throw_arc_forward_mm": 366.468, "throw_arc_back_frames": 0, "throw_apex_span": 19, "throw_arc_ok": true, "pelvis_after_release_mm": 31.482, "settle_steps_mm": [2.5179, 2.4524, 2.3853, 2.3161, 2.2448, 2.1711, 2.0949, 2.0158, 1.9335, 1.8475, 1.7573, 1.6621, 1.5613, 1.4533, 1.3368, 1.2089, 1.0659, 0.9, 0.695, 0.3802, 0.0, 0.0, 0.0, 0.0, 0.0, 0.0, 0.0, 0.0, 0.0, 0.0], "settle_steps_monotone": true, "weight_settle_ok": true, "pivot_drift_mm": {"L_w0_mm": 0.0252, "L_w1_mm": 0.0017, "R_w0_mm": 0.0081, "R_w1_mm": 0.0105}, "stance_pivot_ok": true, "plant_sole_mm": {"L_w0": [-0.012, 0.0], "L_w1": [0.0, 0.014], "R_w0": [-0.002, -0.001], "R_w1": [-0.032, 0.001]}, "stance_sole_ok": true, "unsupported_frames": [], "always_supported_ok": true, "air_sole_min_mm": {"L": 14.013, "R": 17.906}, "swing_airborne_ok": true, "hitstop_frozen_steps": [0.0, 0.0], "hitstop_present_ok": true, "hitstop_momentum_mm": 16.0, "hitstop_keeps_momentum_ok": true, "hitstop_frames": 3, "hitstop_frames_ok": true, "antic_frames": 20, "antic_frames_ok": true, "pelvis_z_min_mm": 699.96, "pelvis_z_max_mm": 756.0, "pelvis_sink_mm": 56.0, "pelvis_sink_ok": true, "pelvis_rise_mm": 52.0, "pelvis_rise_ok": true, "power_chain_channels_deg": {"pelvis": 25.0, "spine_01": 12.0, "spine_02": 12.0, "chest": 16.0, "shoulder.L": 27.132, "shoulder.R": 28.132, "thigh.L": 87.805, "shin.L": 91.078, "thigh.R": 71.962, "shin.R": 95.323}, "power_chain_ok": true, "leg_reach_max_ratio": {"L": 0.87716, "R": 0.85789}, "ik_reach_ok": true, "return_tail": [9.4492, 9.2037, 8.9514, 8.6919, 8.4243, 8.148, 7.862, 7.5651, 7.2561, 6.9333, 6.5948, 6.2379, 5.8592, 5.4543, 5.0167, 4.537, 3.9999, 3.3778, 2.6084, 1.4266, 0.0, 0.0, 0.0, 0.0, 0.0, 0.0, 0.0, 0.0, 0.0, 0.0], "return_tail_bones": ["forearm.R", "forearm.R", "forearm.R", "forearm.R", "forearm.R", "forearm.R", "forearm.R", "forearm.R", "forearm.R", "forearm.R", "forearm.R", "forearm.R", "forearm.R", "forearm.R", "forearm.R", "forearm.R", "forearm.R", "forearm.R", "forearm.R", "forearm.R", null, null, null, null, null, null, null, null, null, null], "return_tail_head": [9.4492, 9.2037, 8.9514, 8.6919, 8.4243, 8.148, 7.862, 7.5651], "decel_smooth_ok": true, "no_snap_stop_ok": true, "return_tail_zero_frames": 10, "local_step_max_deg": 36.473, "local_step_max_at": [25, "forearm.R"], "end_pose_note": "收招 = 单向减速到「投掷跟随姿」（不许过冲 ⟹ 不回 Idle）；末帧姿态登记在 Action 自定义属性 end_pose_deg 里。", "end_hand_mid_m": [0.067383, -1.801866, 0.923157], "end_pelvis_m": [0.01, -0.839388, 0.726], "end_vs_idle_orient_delta": 0.0, "end_vs_start_orient_delta": 1.511, "end_vs_start_rel_delta": 0.2701, "low_bad_frames": {}, "world_step_max_deg": 27.96, "world_step_max_at": [25, "hand.R"], "world_step_ok": false, "meta": {"anim_id": "Throw", "loop": false, "category": "连招与特殊技", "note": "投掷：接 `Grab_Hold@120`（逐位）；双手位置逆解钉死在 C04 登记的世界抓取点到释放帧（f31）；髋部 ry −20° → +26° 为发力主通道；释放后双臂单向减速伸展到「跟随姿」（不许过冲，故不回 Idle）。Root Motion 前冲 0.300 m。", "antic_frame": 20, "hit_frame": 28, "cancel_frame": 52, "hitstop_frames": 3, "release_frame": 31, "root_motion_m": [0.0, -0.3], "inherit_from": "Grab_Hold@120", "grabbed_point_L_m": [0.33535, -1.373329, 1.136036], "grabbed_point_R_m": [-0.314644, -1.374606, 1.134682], "hit_point_m": null, "end_pose_deg": {"chest": [16.0, 4.0, 0.0], "head": [3.0, 0.0, 0.0], "neck": [-3.0, 0.0, 0.0], "pelvis": [25.0, 6.0, 0.0], "shoulder.L": [-2.0, 0.0, -10.0], "shoulder.R": [-2.0, 0.0, 11.0], "spine_01": [12.0, 3.0, 0.0], "spine_02": [12.0, 3.0, 0.0]}, "fps": 60, "frames": [0, 60]}, "failed": ["hold_drift_ok", "release_frame_ok", "world_step_ok"], "non_ok_bools": ["no_teleport"]}
Info: Saved as "bigman_anim_v001.blend"
INFO Draco mesh compression is available, use library at D:\Program Files\Blender Foundation\Blender 4.5\4.5\scripts\addons_core\io_scene_gltf2\extern_draco.dll
12:32:45 | INFO: Starting glTF 2.0 export
12:32:45 | INFO: Extracting primitive: Mesh
12:32:45 | INFO: Primitives created: 1
12:32:45 | INFO: Extracting primitive: Mesh
12:32:45 | INFO: Primitives created: 1
12:32:45 | INFO: Extracting primitive: Collar_Point_L
12:32:45 | INFO: Primitives created: 1
12:32:45 | INFO: Extracting primitive: Collar_Point_R
12:32:45 | INFO: Primitives created: 1
12:32:45 | INFO: Extracting primitive: Ear_Inner_L
12:32:45 | INFO: Primitives created: 1
12:32:45 | INFO: Extracting primitive: Ear_Inner_R
12:32:45 | INFO: Primitives created: 1
12:32:45 | INFO: Extracting primitive: Ear_L
12:32:45 | INFO: Primitives created: 1
12:32:45 | INFO: Extracting primitive: Ear_Lobe_L
12:32:45 | INFO: Primitives created: 1
12:32:45 | INFO: Extracting primitive: Ear_Lobe_R
12:32:45 | INFO: Primitives created: 1
12:32:45 | INFO: Extracting primitive: Ear_R
12:32:45 | INFO: Primitives created: 1
12:32:45 | INFO: Extracting primitive: Eye_Glint_L
12:32:45 | INFO: Primitives created: 1
12:32:45 | INFO: Extracting primitive: Eye_Glint_R
12:32:45 | INFO: Primitives created: 1
12:32:45 | INFO: Extracting primitive: Eye_Line_Upper_L
12:32:45 | INFO: Primitives created: 1
12:32:45 | INFO: Extracting primitive: Eye_Line_Upper_R
12:32:45 | INFO: Primitives created: 1
12:32:45 | INFO: Extracting primitive: Eye_White_L
12:32:45 | INFO: Primitives created: 1
12:32:45 | INFO: Extracting primitive: Eye_White_R
12:32:45 | INFO: Primitives created: 1
12:32:45 | INFO: Extracting primitive: Eyebrow_L
12:32:45 | INFO: Primitives created: 1
12:32:45 | INFO: Extracting primitive: Eyebrow_R
12:32:45 | INFO: Primitives created: 1
12:32:45 | INFO: Extracting primitive: Eyelid_Lower_L
12:32:45 | INFO: Primitives created: 1
12:32:45 | INFO: Extracting primitive: Eyelid_Lower_R
12:32:45 | INFO: Primitives created: 1
12:32:45 | INFO: Extracting primitive: Eyelid_Upper_L
12:32:45 | INFO: Primitives created: 1
12:32:45 | INFO: Extracting primitive: Eyelid_Upper_R
12:32:45 | INFO: Primitives created: 1
12:32:45 | INFO: Extracting primitive: Mesh
12:32:45 | INFO: Primitives created: 1
12:32:45 | INFO: Extracting primitive: Mesh
12:32:45 | INFO: Primitives created: 1
12:32:45 | INFO: Extracting primitive: Mesh
12:32:45 | INFO: Primitives created: 1
12:32:45 | INFO: Extracting primitive: Mesh
12:32:45 | INFO: Primitives created: 1
12:32:45 | INFO: Extracting primitive: Mesh
12:32:45 | INFO: Primitives created: 1
12:32:45 | INFO: Extracting primitive: Mesh
12:32:45 | INFO: Primitives created: 1
12:32:45 | INFO: Extracting primitive: Mesh
12:32:45 | INFO: Primitives created: 1
12:32:45 | INFO: Extracting primitive: Mesh
12:32:45 | INFO: Primitives created: 1
12:32:45 | INFO: Extracting primitive: Glasses_Bridge
12:32:45 | INFO: Primitives created: 1
12:32:45 | INFO: Extracting primitive: Glasses_Frame_L
12:32:45 | INFO: Primitives created: 1
12:32:45 | INFO: Extracting primitive: Glasses_Frame_R
12:32:45 | INFO: Primitives created: 1
12:32:45 | INFO: Extracting primitive: Glasses_Temple_L
12:32:45 | INFO: Primitives created: 1
12:32:45 | INFO: Extracting primitive: Glasses_Temple_R
12:32:45 | INFO: Primitives created: 1
12:32:45 | INFO: Extracting primitive: Mesh
12:32:45 | INFO: Primitives created: 1
12:32:45 | INFO: Extracting primitive: Mesh
12:32:45 | INFO: Primitives created: 1
12:32:45 | INFO: Extracting primitive: Mesh
12:32:45 | INFO: Primitives created: 1
12:32:45 | INFO: Extracting primitive: Mesh
12:32:45 | INFO: Primitives created: 1
12:32:45 | INFO: Extracting primitive: Mesh
12:32:45 | INFO: Primitives created: 1
12:32:45 | INFO: Extracting primitive: Iris_L
12:32:45 | INFO: Primitives created: 1
12:32:45 | INFO: Extracting primitive: Iris_R
12:32:45 | INFO: Primitives created: 1
12:32:45 | INFO: Extracting primitive: Iris_Ring_L
12:32:45 | INFO: Primitives created: 1
12:32:45 | INFO: Extracting primitive: Iris_Ring_R
12:32:45 | INFO: Primitives created: 1
12:32:45 | INFO: Extracting primitive: Jacket_Back_Seam
12:32:45 | INFO: Primitives created: 1
12:32:45 | INFO: Extracting primitive: Jacket_Button_1
12:32:45 | INFO: Primitives created: 1
12:32:45 | INFO: Extracting primitive: Jacket_Button_2
12:32:45 | INFO: Primitives created: 1
12:32:45 | INFO: Extracting primitive: Jacket_Collar
12:32:45 | INFO: Primitives created: 1
12:32:45 | INFO: Extracting primitive: Jacket_Lapel_L
12:32:45 | INFO: Primitives created: 1
12:32:45 | INFO: Extracting primitive: Jacket_Lapel_R
12:32:45 | INFO: Primitives created: 1
12:32:45 | INFO: Extracting primitive: Jacket_Vent
12:32:45 | INFO: Primitives created: 1
12:32:45 | INFO: Extracting primitive: Lapel_Fold_L
12:32:45 | INFO: Primitives created: 1
12:32:45 | INFO: Extracting primitive: Lapel_Fold_R
12:32:45 | INFO: Primitives created: 1
12:32:45 | INFO: Extracting primitive: Lapel_Notch_L
12:32:45 | INFO: Primitives created: 1
12:32:45 | INFO: Extracting primitive: Lapel_Notch_R
12:32:45 | INFO: Primitives created: 1
12:32:45 | INFO: Extracting primitive: Lower_Lip
12:32:45 | INFO: Primitives created: 1
12:32:45 | INFO: Extracting primitive: Mouth_Line
12:32:45 | INFO: Primitives created: 1
12:32:45 | INFO: Extracting primitive: Mesh
12:32:45 | INFO: Primitives created: 1
12:32:45 | INFO: Extracting primitive: Mesh
12:32:45 | INFO: Primitives created: 1
12:32:45 | INFO: Extracting primitive: Nose_Wing_L
12:32:45 | INFO: Primitives created: 1
12:32:45 | INFO: Extracting primitive: Nose_Wing_R
12:32:45 | INFO: Primitives created: 1
12:32:45 | INFO: Extracting primitive: Pocket_Flap_L
12:32:45 | INFO: Primitives created: 1
12:32:45 | INFO: Extracting primitive: Pocket_Flap_R
12:32:45 | INFO: Primitives created: 1
12:32:45 | INFO: Extracting primitive: Pupil_L
12:32:45 | INFO: Primitives created: 1
12:32:45 | INFO: Extracting primitive: Pupil_R
12:32:45 | INFO: Primitives created: 1
12:32:45 | INFO: Extracting primitive: Shirt_Collar
12:32:45 | INFO: Primitives created: 1
12:32:45 | INFO: Extracting primitive: Shirt_Cuff_L
12:32:45 | INFO: Primitives created: 1
12:32:45 | INFO: Extracting primitive: Shirt_Cuff_R
12:32:45 | INFO: Primitives created: 1
12:32:45 | INFO: Extracting primitive: Shirt_Front
12:32:45 | INFO: Primitives created: 1
12:32:45 | INFO: Extracting primitive: Mesh
12:32:45 | INFO: Primitives created: 1
12:32:45 | INFO: Extracting primitive: Mesh
12:32:45 | INFO: Primitives created: 1
12:32:45 | INFO: Extracting primitive: Mesh
12:32:45 | INFO: Primitives created: 1
12:32:45 | INFO: Extracting primitive: Mesh
12:32:45 | INFO: Primitives created: 1
12:32:45 | INFO: Extracting primitive: Shoe_Toe_Cap_L
12:32:45 | INFO: Primitives created: 1
12:32:45 | INFO: Extracting primitive: Shoe_Toe_Cap_R
12:32:45 | INFO: Primitives created: 1
12:32:45 | INFO: Extracting primitive: Mesh
12:32:45 | INFO: Primitives created: 1
12:32:45 | INFO: Extracting primitive: Mesh
12:32:45 | INFO: Primitives created: 1
12:32:45 | INFO: Extracting primitive: Sleeve_Button_1_L
12:32:45 | INFO: Primitives created: 1
12:32:45 | INFO: Extracting primitive: Sleeve_Button_1_R
12:32:45 | INFO: Primitives created: 1
12:32:45 | INFO: Extracting primitive: Sleeve_Button_2_L
12:32:45 | INFO: Primitives created: 1
12:32:45 | INFO: Extracting primitive: Sleeve_Button_2_R
12:32:45 | INFO: Primitives created: 1
12:32:45 | INFO: Extracting primitive: Sleeve_Button_3_L
12:32:45 | INFO: Primitives created: 1
12:32:45 | INFO: Extracting primitive: Sleeve_Button_3_R
12:32:45 | INFO: Primitives created: 1
12:32:45 | INFO: Extracting primitive: Mesh
12:32:45 | INFO: Primitives created: 1
12:32:45 | INFO: Extracting primitive: Mesh
12:32:45 | INFO: Primitives created: 1
12:32:45 | INFO: Extracting primitive: Mesh
12:32:45 | INFO: Primitives created: 1
12:32:45 | INFO: Extracting primitive: Mesh
12:32:45 | INFO: Primitives created: 1
12:32:45 | INFO: Extracting primitive: Mesh
12:32:45 | INFO: Primitives created: 1
12:32:45 | INFO: Extracting primitive: Mesh
12:32:45 | INFO: Primitives created: 1
12:32:45 | INFO: Extracting primitive: Mesh
12:32:45 | INFO: Primitives created: 1
12:32:45 | INFO: Extracting primitive: Upper_Lip
12:32:45 | INFO: Primitives created: 1
12:32:52 | WARNING: Baking animation because there are keyframes with different interpolation methods in one channel
12:32:52 | WARNING: Baking animation because there are keyframes with different interpolation methods in one channel
12:32:52 | WARNING: Baking animation because there are keyframes with different interpolation methods in one channel
12:32:52 | WARNING: Baking animation because there are keyframes with different interpolation methods in one channel
12:32:52 | WARNING: Baking animation because there are keyframes with different interpolation methods in one channel
12:32:52 | WARNING: Baking animation because there are keyframes with different interpolation methods in one channel
12:32:52 | WARNING: Baking animation because there are keyframes with different interpolation methods in one channel
12:32:52 | WARNING: Baking animation because there are keyframes with different interpolation methods in one channel
12:32:52 | WARNING: Baking animation because there are keyframes with different interpolation methods in one channel
12:32:52 | WARNING: Baking animation because there are keyframes with different interpolation methods in one channel
12:32:52 | WARNING: Baking animation because there are keyframes with different interpolation methods in one channel
12:32:52 | WARNING: Baking animation because there are keyframes with different interpolation methods in one channel
12:32:52 | WARNING: Baking animation because there are keyframes with different interpolation methods in one channel
12:32:52 | WARNING: Baking animation because there are keyframes with different interpolation methods in one channel
12:32:52 | WARNING: Baking animation because there are keyframes with different interpolation methods in one channel
12:32:52 | WARNING: Baking animation because there are keyframes with different interpolation methods in one channel
12:32:52 | WARNING: Baking animation because there are keyframes with different interpolation methods in one channel
12:32:52 | WARNING: Baking animation because there are keyframes with different interpolation methods in one channel
12:32:52 | WARNING: Baking animation because there are keyframes with different interpolation methods in one channel
12:32:52 | WARNING: Baking animation because there are keyframes with different interpolation methods in one channel
12:32:52 | WARNING: Baking animation because there are keyframes with different interpolation methods in one channel
12:32:52 | WARNING: Baking animation because there are keyframes with different interpolation methods in one channel
12:32:52 | WARNING: Baking animation because there are keyframes with different interpolation methods in one channel
12:32:52 | WARNING: Baking animation because there are keyframes with different interpolation methods in one channel
12:32:52 | WARNING: Baking animation because there are keyframes with different interpolation methods in one channel
12:32:52 | WARNING: Baking animation because there are keyframes with different interpolation methods in one channel
12:32:52 | WARNING: Baking animation because there are keyframes with different interpolation methods in one channel
12:32:52 | WARNING: Baking animation because there are keyframes with different interpolation methods in one channel
12:32:52 | WARNING: Baking animation because there are keyframes with different interpolation methods in one channel
12:32:52 | WARNING: Baking animation because there are keyframes with different interpolation methods in one channel
12:32:52 | WARNING: Baking animation because there are keyframes with different interpolation methods in one channel
12:32:52 | WARNING: Baking animation because there are keyframes with different interpolation methods in one channel
12:32:52 | WARNING: Baking animation because there are keyframes with different interpolation methods in one channel
12:32:52 | WARNING: Baking animation because there are keyframes with different interpolation methods in one channel
12:32:52 | WARNING: Baking animation because there are keyframes with different interpolation methods in one channel
12:32:52 | WARNING: Baking animation because there are keyframes with different interpolation methods in one channel
12:32:52 | WARNING: Baking animation because there are keyframes with different interpolation methods in one channel
12:32:52 | WARNING: Baking animation because there are keyframes with different interpolation methods in one channel
12:32:52 | WARNING: Baking animation because there are keyframes with different interpolation methods in one channel
12:32:52 | WARNING: Baking animation because there are keyframes with different interpolation methods in one channel
12:32:52 | WARNING: Baking animation because there are keyframes with different interpolation methods in one channel
12:32:52 | WARNING: Baking animation because there are keyframes with different interpolation methods in one channel
12:32:52 | WARNING: Baking animation because there are keyframes with different interpolation methods in one channel
12:32:52 | WARNING: Baking animation because there are keyframes with different interpolation methods in one channel
12:32:52 | WARNING: Baking animation because there are keyframes with different interpolation methods in one channel
12:32:52 | WARNING: Baking animation because there are keyframes with different interpolation methods in one channel
12:32:52 | WARNING: Baking animation because there are keyframes with different interpolation methods in one channel
12:32:52 | WARNING: Baking animation because there are keyframes with different interpolation methods in one channel
12:32:52 | WARNING: Baking animation because there are keyframes with different interpolation methods in one channel
12:32:52 | WARNING: Baking animation because there are keyframes with different interpolation methods in one channel
12:32:52 | WARNING: Baking animation because there are keyframes with different interpolation methods in one channel
12:32:52 | WARNING: Baking animation because there are keyframes with different interpolation methods in one channel
12:32:52 | WARNING: Baking animation because there are keyframes with different interpolation methods in one channel
12:32:53 | WARNING: Baking animation because there are keyframes with different interpolation methods in one channel
12:32:53 | WARNING: Baking animation because there are keyframes with different interpolation methods in one channel
12:32:53 | WARNING: Baking animation because there are keyframes with different interpolation methods in one channel
12:32:53 | WARNING: Baking animation because there are keyframes with different interpolation methods in one channel
12:32:53 | WARNING: Baking animation because there are keyframes with different interpolation methods in one channel
12:32:53 | WARNING: Baking animation because there are keyframes with different interpolation methods in one channel
12:32:53 | WARNING: Baking animation because there are keyframes with different interpolation methods in one channel
12:32:53 | WARNING: Baking animation because there are keyframes with different interpolation methods in one channel
12:32:53 | WARNING: Baking animation because there are keyframes with different interpolation methods in one channel
12:32:53 | WARNING: Baking animation because there are keyframes with different interpolation methods in one channel
12:32:53 | WARNING: Baking animation because there are keyframes with different interpolation methods in one channel
12:32:53 | WARNING: Baking animation because there are keyframes with different interpolation methods in one channel
12:32:53 | WARNING: Baking animation because there are keyframes with different interpolation methods in one channel
12:32:53 | WARNING: Baking animation because there are keyframes with different interpolation methods in one channel
12:32:53 | WARNING: Baking animation because there are keyframes with different interpolation methods in one channel
12:32:53 | WARNING: Baking animation because there are keyframes with different interpolation methods in one channel
12:32:53 | WARNING: Baking animation because there are keyframes with different interpolation methods in one channel
12:32:53 | WARNING: Baking animation because there are keyframes with different interpolation methods in one channel
12:32:53 | WARNING: Baking animation because there are keyframes with different interpolation methods in one channel
12:32:53 | WARNING: Baking animation because there are keyframes with different interpolation methods in one channel
12:32:53 | WARNING: Baking animation because there are keyframes with different interpolation methods in one channel
12:32:53 | WARNING: Baking animation because there are keyframes with different interpolation methods in one channel
12:32:53 | WARNING: Baking animation because there are keyframes with different interpolation methods in one channel
12:32:53 | WARNING: Baking animation because there are keyframes with different interpolation methods in one channel
12:32:53 | WARNING: Baking animation because there are keyframes with different interpolation methods in one channel
12:32:53 | WARNING: Baking animation because there are keyframes with different interpolation methods in one channel
12:32:53 | WARNING: Baking animation because there are keyframes with different interpolation methods in one channel
12:32:53 | WARNING: Baking animation because there are keyframes with different interpolation methods in one channel
12:32:53 | WARNING: Baking animation because there are keyframes with different interpolation methods in one channel
12:32:53 | WARNING: Baking animation because there are keyframes with different interpolation methods in one channel
12:32:53 | WARNING: Baking animation because there are keyframes with different interpolation methods in one channel
12:32:53 | WARNING: Baking animation because there are keyframes with different interpolation methods in one channel
12:32:53 | WARNING: Baking animation because there are keyframes with different interpolation methods in one channel
12:32:53 | WARNING: Baking animation because there are keyframes with different interpolation methods in one channel
12:32:53 | WARNING: Baking animation because there are keyframes with different interpolation methods in one channel
12:32:53 | WARNING: Baking animation because there are keyframes with different interpolation methods in one channel
12:32:53 | WARNING: Baking animation because there are keyframes with different interpolation methods in one channel
12:32:53 | WARNING: Baking animation because there are keyframes with different interpolation methods in one channel
12:32:53 | WARNING: Baking animation because there are keyframes with different interpolation methods in one channel
12:32:53 | WARNING: Baking animation because there are keyframes with different interpolation methods in one channel
12:32:53 | WARNING: Baking animation because there are keyframes with different interpolation methods in one channel
12:32:53 | WARNING: Baking animation because there are keyframes with different interpolation methods in one channel
12:32:53 | WARNING: Baking animation because there are keyframes with different interpolation methods in one channel
12:32:53 | WARNING: Baking animation because there are keyframes with different interpolation methods in one channel
12:32:53 | WARNING: Baking animation because there are keyframes with different interpolation methods in one channel
12:32:53 | WARNING: Baking animation because there are keyframes with different interpolation methods in one channel
12:32:53 | WARNING: Baking animation because there are keyframes with different interpolation methods in one channel
12:32:53 | WARNING: Baking animation because there are keyframes with different interpolation methods in one channel
12:32:53 | WARNING: Baking animation because there are keyframes with different interpolation methods in one channel
12:32:53 | WARNING: Baking animation because there are keyframes with different interpolation methods in one channel
12:32:53 | WARNING: Baking animation because there are keyframes with different interpolation methods in one channel
12:32:53 | WARNING: Baking animation because there are keyframes with different interpolation methods in one channel
12:32:53 | WARNING: Baking animation because there are keyframes with different interpolation methods in one channel
12:32:53 | WARNING: Baking animation because there are keyframes with different interpolation methods in one channel
12:32:53 | WARNING: Baking animation because there are keyframes with different interpolation methods in one channel
12:32:53 | WARNING: Baking animation because there are keyframes with different interpolation methods in one channel
12:32:53 | WARNING: Baking animation because there are keyframes with different interpolation methods in one channel
12:32:53 | WARNING: Baking animation because there are keyframes with different interpolation methods in one channel
12:32:53 | WARNING: Baking animation because there are keyframes with different interpolation methods in one channel
12:32:53 | WARNING: Baking animation because there are keyframes with different interpolation methods in one channel
12:32:53 | WARNING: Baking animation because there are keyframes with different interpolation methods in one channel
12:32:53 | WARNING: Baking animation because there are keyframes with different interpolation methods in one channel
12:32:53 | WARNING: Baking animation because there are keyframes with different interpolation methods in one channel
12:32:53 | WARNING: Baking animation because there are keyframes with different interpolation methods in one channel
12:32:53 | WARNING: Baking animation because there are keyframes with different interpolation methods in one channel
12:32:53 | WARNING: Baking animation because there are keyframes with different interpolation methods in one channel
12:32:53 | WARNING: Baking animation because there are keyframes with different interpolation methods in one channel
12:32:53 | WARNING: Baking animation because there are keyframes with different interpolation methods in one channel
12:32:53 | WARNING: Baking animation because there are keyframes with different interpolation methods in one channel
12:32:53 | WARNING: Baking animation because there are keyframes with different interpolation methods in one channel
12:32:53 | WARNING: Baking animation because there are keyframes with different interpolation methods in one channel
12:32:53 | WARNING: Baking animation because there are keyframes with different interpolation methods in one channel
12:32:53 | WARNING: Baking animation because there are keyframes with different interpolation methods in one channel
12:32:53 | WARNING: Baking animation because there are keyframes with different interpolation methods in one channel
12:32:53 | WARNING: Baking animation because there are keyframes with different interpolation methods in one channel
12:32:53 | WARNING: Baking animation because there are keyframes with different interpolation methods in one channel
12:32:53 | WARNING: Baking animation because there are keyframes with different interpolation methods in one channel
12:32:53 | WARNING: Baking animation because there are keyframes with different interpolation methods in one channel
12:32:53 | WARNING: Baking animation because there are keyframes with different interpolation methods in one channel
12:32:53 | WARNING: Baking animation because there are keyframes with different interpolation methods in one channel
12:32:53 | WARNING: Baking animation because there are keyframes with different interpolation methods in one channel
12:32:53 | WARNING: Baking animation because there are keyframes with different interpolation methods in one channel
12:32:53 | WARNING: Baking animation because there are keyframes with different interpolation methods in one channel
12:32:53 | WARNING: Baking animation because there are keyframes with different interpolation methods in one channel
12:32:53 | WARNING: Baking animation because there are keyframes with different interpolation methods in one channel
12:32:53 | WARNING: Baking animation because there are keyframes with different interpolation methods in one channel
12:32:53 | WARNING: Baking animation because there are keyframes with different interpolation methods in one channel
12:32:53 | WARNING: Baking animation because there are keyframes with different interpolation methods in one channel
12:32:53 | WARNING: Baking animation because there are keyframes with different interpolation methods in one channel
12:32:53 | WARNING: Baking animation because there are keyframes with different interpolation methods in one channel
12:32:53 | WARNING: Baking animation because there are keyframes with different interpolation methods in one channel
12:32:53 | WARNING: Baking animation because there are keyframes with different interpolation methods in one channel
12:32:53 | WARNING: Baking animation because there are keyframes with different interpolation methods in one channel
12:32:53 | WARNING: Baking animation because there are keyframes with different interpolation methods in one channel
12:32:53 | WARNING: Baking animation because there are keyframes with different interpolation methods in one channel
12:32:53 | WARNING: Baking animation because there are keyframes with different interpolation methods in one channel
12:32:53 | WARNING: Baking animation because there are keyframes with different interpolation methods in one channel
12:32:53 | WARNING: Baking animation because there are keyframes with different interpolation methods in one channel
12:32:53 | WARNING: Baking animation because there are keyframes with different interpolation methods in one channel
12:32:53 | WARNING: Baking animation because there are keyframes with different interpolation methods in one channel
12:32:53 | WARNING: Baking animation because there are keyframes with different interpolation methods in one channel
12:32:53 | WARNING: Baking animation because there are keyframes with different interpolation methods in one channel
12:32:53 | WARNING: Baking animation because there are keyframes with different interpolation methods in one channel
12:32:53 | WARNING: Baking animation because there are keyframes with different interpolation methods in one channel
12:32:53 | WARNING: Baking animation because there are keyframes with different interpolation methods in one channel
12:32:53 | WARNING: Baking animation because there are keyframes with different interpolation methods in one channel
12:32:54 | WARNING: Baking animation because there are keyframes with different interpolation methods in one channel
12:32:54 | WARNING: Baking animation because there are keyframes with different interpolation methods in one channel
12:32:54 | WARNING: Baking animation because there are keyframes with different interpolation methods in one channel
12:32:54 | WARNING: Baking animation because there are keyframes with different interpolation methods in one channel
12:32:54 | WARNING: Baking animation because there are keyframes with different interpolation methods in one channel
12:32:54 | WARNING: Baking animation because there are keyframes with different interpolation methods in one channel
12:32:54 | WARNING: Baking animation because there are keyframes with different interpolation methods in one channel
12:32:54 | WARNING: Baking animation because there are keyframes with different interpolation methods in one channel
12:32:54 | WARNING: Baking animation because there are keyframes with different interpolation methods in one channel
12:32:54 | WARNING: Baking animation because there are keyframes with different interpolation methods in one channel
12:32:54 | WARNING: Baking animation because there are keyframes with different interpolation methods in one channel
12:32:54 | WARNING: Baking animation because there are keyframes with different interpolation methods in one channel
12:32:54 | WARNING: Baking animation because there are keyframes with different interpolation methods in one channel
12:32:54 | WARNING: Baking animation because there are keyframes with different interpolation methods in one channel
12:32:54 | WARNING: Baking animation because there are keyframes with different interpolation methods in one channel
12:32:54 | WARNING: Baking animation because there are keyframes with different interpolation methods in one channel
12:32:54 | WARNING: Baking animation because there are keyframes with different interpolation methods in one channel
12:32:54 | WARNING: Baking animation because there are keyframes with different interpolation methods in one channel
12:32:54 | WARNING: Baking animation because there are keyframes with different interpolation methods in one channel
12:32:54 | WARNING: Baking animation because there are keyframes with different interpolation methods in one channel
12:32:54 | WARNING: Baking animation because there are keyframes with different interpolation methods in one channel
12:32:54 | WARNING: Baking animation because there are keyframes with different interpolation methods in one channel
12:32:54 | WARNING: Baking animation because there are keyframes with different interpolation methods in one channel
12:32:54 | WARNING: Baking animation because there are keyframes with different interpolation methods in one channel
12:32:54 | WARNING: Baking animation because there are keyframes with different interpolation methods in one channel
12:32:54 | WARNING: Baking animation because there are keyframes with different interpolation methods in one channel
12:32:54 | WARNING: Baking animation because there are keyframes with different interpolation methods in one channel
12:32:54 | WARNING: Baking animation because there are keyframes with different interpolation methods in one channel
12:32:54 | WARNING: Baking animation because there are keyframes with different interpolation methods in one channel
12:32:54 | WARNING: Baking animation because there are keyframes with different interpolation methods in one channel
12:32:54 | WARNING: Baking animation because there are keyframes with different interpolation methods in one channel
12:32:54 | WARNING: Baking animation because there are keyframes with different interpolation methods in one channel
12:32:54 | WARNING: Baking animation because there are keyframes with different interpolation methods in one channel
12:32:54 | WARNING: Baking animation because there are keyframes with different interpolation methods in one channel
12:32:54 | WARNING: Baking animation because there are keyframes with different interpolation methods in one channel
12:32:54 | WARNING: Baking animation because there are keyframes with different interpolation methods in one channel
12:32:54 | WARNING: Baking animation because there are keyframes with different interpolation methods in one channel
12:32:54 | WARNING: Baking animation because there are keyframes with different interpolation methods in one channel
12:32:54 | WARNING: Baking animation because there are keyframes with different interpolation methods in one channel
12:32:54 | WARNING: Baking animation because there are keyframes with different interpolation methods in one channel
12:32:54 | WARNING: Baking animation because there are keyframes with different interpolation methods in one channel
12:32:54 | WARNING: Baking animation because there are keyframes with different interpolation methods in one channel
12:32:54 | WARNING: Baking animation because there are keyframes with different interpolation methods in one channel
12:32:54 | WARNING: Baking animation because there are keyframes with different interpolation methods in one channel
12:32:54 | WARNING: Baking animation because there are keyframes with different interpolation methods in one channel
12:32:54 | WARNING: Baking animation because there are keyframes with different interpolation methods in one channel
12:32:54 | WARNING: Baking animation because there are keyframes with different interpolation methods in one channel
12:32:54 | WARNING: Baking animation because there are keyframes with different interpolation methods in one channel
12:32:54 | WARNING: Baking animation because there are keyframes with different interpolation methods in one channel
12:32:54 | WARNING: Baking animation because there are keyframes with different interpolation methods in one channel
12:32:54 | WARNING: Baking animation because there are keyframes with different interpolation methods in one channel
12:32:54 | WARNING: Baking animation because there are keyframes with different interpolation methods in one channel
12:32:54 | WARNING: Baking animation because there are keyframes with different interpolation methods in one channel
12:32:57 | WARNING: Baking animation because there are keyframes with different interpolation methods in one channel
12:32:57 | WARNING: Baking animation because there are keyframes with different interpolation methods in one channel
12:32:57 | WARNING: Baking animation because there are keyframes with different interpolation methods in one channel
12:32:57 | WARNING: Baking animation because there are keyframes with different interpolation methods in one channel
12:32:57 | WARNING: Baking animation because there are keyframes with different interpolation methods in one channel
12:32:57 | WARNING: Baking animation because there are keyframes with different interpolation methods in one channel
12:32:57 | WARNING: Baking animation because there are keyframes with different interpolation methods in one channel
12:32:57 | WARNING: Baking animation because there are keyframes with different interpolation methods in one channel
12:32:57 | WARNING: Baking animation because there are keyframes with different interpolation methods in one channel
12:32:57 | WARNING: Baking animation because there are keyframes with different interpolation methods in one channel
12:32:57 | WARNING: Baking animation because there are keyframes with different interpolation methods in one channel
12:32:57 | WARNING: Baking animation because there are keyframes with different interpolation methods in one channel
12:32:57 | WARNING: Baking animation because there are keyframes with different interpolation methods in one channel
12:32:57 | WARNING: Baking animation because there are keyframes with different interpolation methods in one channel
12:32:57 | WARNING: Baking animation because there are keyframes with different interpolation methods in one channel
12:32:57 | WARNING: Baking animation because there are keyframes with different interpolation methods in one channel
12:32:57 | WARNING: Baking animation because there are keyframes with different interpolation methods in one channel
12:32:57 | WARNING: Baking animation because there are keyframes with different interpolation methods in one channel
12:32:57 | WARNING: Baking animation because there are keyframes with different interpolation methods in one channel
12:32:57 | WARNING: Baking animation because there are keyframes with different interpolation methods in one channel
12:32:57 | WARNING: Baking animation because there are keyframes with different interpolation methods in one channel
12:32:57 | WARNING: Baking animation because there are keyframes with different interpolation methods in one channel
12:32:57 | WARNING: Baking animation because there are keyframes with different interpolation methods in one channel
12:32:57 | WARNING: Baking animation because there are keyframes with different interpolation methods in one channel
12:32:57 | WARNING: Baking animation because there are keyframes with different interpolation methods in one channel
12:32:57 | WARNING: Baking animation because there are keyframes with different interpolation methods in one channel
12:32:57 | WARNING: Baking animation because there are keyframes with different interpolation methods in one channel
12:32:57 | WARNING: Baking animation because there are keyframes with different interpolation methods in one channel
12:32:57 | WARNING: Baking animation because there are keyframes with different interpolation methods in one channel
12:32:57 | WARNING: Baking animation because there are keyframes with different interpolation methods in one channel
12:32:57 | WARNING: Baking animation because there are keyframes with different interpolation methods in one channel
12:32:57 | WARNING: Baking animation because there are keyframes with different interpolation methods in one channel
12:32:57 | WARNING: Baking animation because there are keyframes with different interpolation methods in one channel
12:32:57 | WARNING: Baking animation because there are keyframes with different interpolation methods in one channel
12:32:57 | WARNING: Baking animation because there are keyframes with different interpolation methods in one channel
12:32:57 | WARNING: Baking animation because there are keyframes with different interpolation methods in one channel
12:32:57 | WARNING: Baking animation because there are keyframes with different interpolation methods in one channel
12:32:57 | WARNING: Baking animation because there are keyframes with different interpolation methods in one channel
12:32:57 | WARNING: Baking animation because there are keyframes with different interpolation methods in one channel
12:32:57 | WARNING: Baking animation because there are keyframes with different interpolation methods in one channel
12:32:57 | WARNING: Baking animation because there are keyframes with different interpolation methods in one channel
12:32:57 | WARNING: Baking animation because there are keyframes with different interpolation methods in one channel
12:32:57 | WARNING: Baking animation because there are keyframes with different interpolation methods in one channel
12:32:57 | WARNING: Baking animation because there are keyframes with different interpolation methods in one channel
12:32:57 | WARNING: Baking animation because there are keyframes with different interpolation methods in one channel
12:32:57 | WARNING: Baking animation because there are keyframes with different interpolation methods in one channel
12:32:57 | WARNING: Baking animation because there are keyframes with different interpolation methods in one channel
12:32:57 | WARNING: Baking animation because there are keyframes with different interpolation methods in one channel
12:32:57 | WARNING: Baking animation because there are keyframes with different interpolation methods in one channel
12:32:57 | WARNING: Baking animation because there are keyframes with different interpolation methods in one channel
12:32:57 | WARNING: Baking animation because there are keyframes with different interpolation methods in one channel
12:32:57 | WARNING: Baking animation because there are keyframes with different interpolation methods in one channel
12:32:57 | WARNING: Baking animation because there are keyframes with different interpolation methods in one channel
12:32:58 | WARNING: Baking animation because there are keyframes with different interpolation methods in one channel
12:32:58 | WARNING: Baking animation because there are keyframes with different interpolation methods in one channel
12:32:58 | WARNING: Baking animation because there are keyframes with different interpolation methods in one channel
12:32:58 | WARNING: Baking animation because there are keyframes with different interpolation methods in one channel
12:32:58 | WARNING: Baking animation because there are keyframes with different interpolation methods in one channel
12:32:58 | WARNING: Baking animation because there are keyframes with different interpolation methods in one channel
12:32:58 | WARNING: Baking animation because there are keyframes with different interpolation methods in one channel
12:32:58 | WARNING: Baking animation because there are keyframes with different interpolation methods in one channel
12:32:58 | WARNING: Baking animation because there are keyframes with different interpolation methods in one channel
12:32:58 | WARNING: Baking animation because there are keyframes with different interpolation methods in one channel
12:32:58 | WARNING: Baking animation because there are keyframes with different interpolation methods in one channel
12:32:58 | WARNING: Baking animation because there are keyframes with different interpolation methods in one channel
12:32:58 | WARNING: Baking animation because there are keyframes with different interpolation methods in one channel
12:32:58 | WARNING: Baking animation because there are keyframes with different interpolation methods in one channel
12:32:58 | WARNING: Baking animation because there are keyframes with different interpolation methods in one channel
12:32:58 | WARNING: Baking animation because there are keyframes with different interpolation methods in one channel
12:32:58 | WARNING: Baking animation because there are keyframes with different interpolation methods in one channel
12:32:58 | WARNING: Baking animation because there are keyframes with different interpolation methods in one channel
12:32:58 | WARNING: Baking animation because there are keyframes with different interpolation methods in one channel
12:32:58 | WARNING: Baking animation because there are keyframes with different interpolation methods in one channel
12:32:58 | WARNING: Baking animation because there are keyframes with different interpolation methods in one channel
12:32:58 | WARNING: Baking animation because there are keyframes with different interpolation methods in one channel
12:32:58 | WARNING: Baking animation because there are keyframes with different interpolation methods in one channel
12:32:58 | WARNING: Baking animation because there are keyframes with different interpolation methods in one channel
12:32:58 | WARNING: Baking animation because there are keyframes with different interpolation methods in one channel
12:32:58 | WARNING: Baking animation because there are keyframes with different interpolation methods in one channel
12:32:58 | WARNING: Baking animation because there are keyframes with different interpolation methods in one channel
12:32:58 | WARNING: Baking animation because there are keyframes with different interpolation methods in one channel
12:32:58 | WARNING: Baking animation because there are keyframes with different interpolation methods in one channel
12:32:58 | WARNING: Baking animation because there are keyframes with different interpolation methods in one channel
12:32:58 | WARNING: Baking animation because there are keyframes with different interpolation methods in one channel
12:32:58 | WARNING: Baking animation because there are keyframes with different interpolation methods in one channel
12:32:58 | WARNING: Baking animation because there are keyframes with different interpolation methods in one channel
12:32:58 | WARNING: Baking animation because there are keyframes with different interpolation methods in one channel
12:32:58 | WARNING: Baking animation because there are keyframes with different interpolation methods in one channel
12:32:58 | WARNING: Baking animation because there are keyframes with different interpolation methods in one channel
12:32:58 | WARNING: Baking animation because there are keyframes with different interpolation methods in one channel
12:32:58 | WARNING: Baking animation because there are keyframes with different interpolation methods in one channel
12:32:58 | WARNING: Baking animation because there are keyframes with different interpolation methods in one channel
12:32:58 | WARNING: Baking animation because there are keyframes with different interpolation methods in one channel
12:32:58 | WARNING: Baking animation because there are keyframes with different interpolation methods in one channel
12:32:58 | WARNING: Baking animation because there are keyframes with different interpolation methods in one channel
12:32:58 | WARNING: Baking animation because there are keyframes with different interpolation methods in one channel
12:32:58 | WARNING: Baking animation because there are keyframes with different interpolation methods in one channel
12:32:58 | WARNING: Baking animation because there are keyframes with different interpolation methods in one channel
12:32:58 | WARNING: Baking animation because there are keyframes with different interpolation methods in one channel
12:32:58 | WARNING: Baking animation because there are keyframes with different interpolation methods in one channel
12:32:58 | WARNING: Baking animation because there are keyframes with different interpolation methods in one channel
12:32:58 | WARNING: Baking animation because there are keyframes with different interpolation methods in one channel
12:32:58 | WARNING: Baking animation because there are keyframes with different interpolation methods in one channel
12:32:58 | WARNING: Baking animation because there are keyframes with different interpolation methods in one channel
12:32:58 | WARNING: Baking animation because there are keyframes with different interpolation methods in one channel
12:32:58 | WARNING: Baking animation because there are keyframes with different interpolation methods in one channel
12:33:01 | WARNING: Baking animation because there are keyframes with different interpolation methods in one channel
12:33:01 | WARNING: Baking animation because there are keyframes with different interpolation methods in one channel
12:33:01 | WARNING: Baking animation because there are keyframes with different interpolation methods in one channel
12:33:01 | WARNING: Baking animation because there are keyframes with different interpolation methods in one channel
12:33:01 | WARNING: Baking animation because there are keyframes with different interpolation methods in one channel
12:33:01 | WARNING: Baking animation because there are keyframes with different interpolation methods in one channel
12:33:01 | WARNING: Baking animation because there are keyframes with different interpolation methods in one channel
12:33:01 | WARNING: Baking animation because there are keyframes with different interpolation methods in one channel
12:33:01 | WARNING: Baking animation because there are keyframes with different interpolation methods in one channel
12:33:01 | WARNING: Baking animation because there are keyframes with different interpolation methods in one channel
12:33:01 | WARNING: Baking animation because there are keyframes with different interpolation methods in one channel
12:33:01 | WARNING: Baking animation because there are keyframes with different interpolation methods in one channel
12:33:01 | WARNING: Baking animation because there are keyframes with different interpolation methods in one channel
12:33:01 | WARNING: Baking animation because there are keyframes with different interpolation methods in one channel
12:33:01 | WARNING: Baking animation because there are keyframes with different interpolation methods in one channel
12:33:01 | WARNING: Baking animation because there are keyframes with different interpolation methods in one channel
12:33:01 | WARNING: Baking animation because there are keyframes with different interpolation methods in one channel
12:33:01 | WARNING: Baking animation because there are keyframes with different interpolation methods in one channel
12:33:01 | WARNING: Baking animation because there are keyframes with different interpolation methods in one channel
12:33:01 | WARNING: Baking animation because there are keyframes with different interpolation methods in one channel
12:33:01 | WARNING: Baking animation because there are keyframes with different interpolation methods in one channel
12:33:01 | WARNING: Baking animation because there are keyframes with different interpolation methods in one channel
12:33:01 | WARNING: Baking animation because there are keyframes with different interpolation methods in one channel
12:33:01 | WARNING: Baking animation because there are keyframes with different interpolation methods in one channel
12:33:01 | WARNING: Baking animation because there are keyframes with different interpolation methods in one channel
12:33:01 | WARNING: Baking animation because there are keyframes with different interpolation methods in one channel
12:33:01 | WARNING: Baking animation because there are keyframes with different interpolation methods in one channel
12:33:01 | WARNING: Baking animation because there are keyframes with different interpolation methods in one channel
12:33:01 | WARNING: Baking animation because there are keyframes with different interpolation methods in one channel
12:33:01 | WARNING: Baking animation because there are keyframes with different interpolation methods in one channel
12:33:01 | WARNING: Baking animation because there are keyframes with different interpolation methods in one channel
12:33:01 | WARNING: Baking animation because there are keyframes with different interpolation methods in one channel
12:33:01 | WARNING: Baking animation because there are keyframes with different interpolation methods in one channel
12:33:01 | WARNING: Baking animation because there are keyframes with different interpolation methods in one channel
12:33:01 | WARNING: Baking animation because there are keyframes with different interpolation methods in one channel
12:33:01 | WARNING: Baking animation because there are keyframes with different interpolation methods in one channel
12:33:01 | WARNING: Baking animation because there are keyframes with different interpolation methods in one channel
12:33:01 | WARNING: Baking animation because there are keyframes with different interpolation methods in one channel
12:33:01 | WARNING: Baking animation because there are keyframes with different interpolation methods in one channel
12:33:01 | WARNING: Baking animation because there are keyframes with different interpolation methods in one channel
12:33:01 | WARNING: Baking animation because there are keyframes with different interpolation methods in one channel
12:33:01 | WARNING: Baking animation because there are keyframes with different interpolation methods in one channel
12:33:01 | WARNING: Baking animation because there are keyframes with different interpolation methods in one channel
12:33:01 | WARNING: Baking animation because there are keyframes with different interpolation methods in one channel
12:33:01 | WARNING: Baking animation because there are keyframes with different interpolation methods in one channel
12:33:01 | WARNING: Baking animation because there are keyframes with different interpolation methods in one channel
12:33:01 | WARNING: Baking animation because there are keyframes with different interpolation methods in one channel
12:33:01 | WARNING: Baking animation because there are keyframes with different interpolation methods in one channel
12:33:01 | WARNING: Baking animation because there are keyframes with different interpolation methods in one channel
12:33:01 | WARNING: Baking animation because there are keyframes with different interpolation methods in one channel
12:33:01 | WARNING: Baking animation because there are keyframes with different interpolation methods in one channel
12:33:01 | WARNING: Baking animation because there are keyframes with different interpolation methods in one channel
12:33:01 | WARNING: Baking animation because there are keyframes with different interpolation methods in one channel
12:33:02 | WARNING: Baking animation because there are keyframes with different interpolation methods in one channel
12:33:02 | WARNING: Baking animation because there are keyframes with different interpolation methods in one channel
12:33:02 | WARNING: Baking animation because there are keyframes with different interpolation methods in one channel
12:33:02 | WARNING: Baking animation because there are keyframes with different interpolation methods in one channel
12:33:02 | WARNING: Baking animation because there are keyframes with different interpolation methods in one channel
12:33:02 | WARNING: Baking animation because there are keyframes with different interpolation methods in one channel
12:33:02 | WARNING: Baking animation because there are keyframes with different interpolation methods in one channel
12:33:02 | WARNING: Baking animation because there are keyframes with different interpolation methods in one channel
12:33:02 | WARNING: Baking animation because there are keyframes with different interpolation methods in one channel
12:33:02 | WARNING: Baking animation because there are keyframes with different interpolation methods in one channel
12:33:02 | WARNING: Baking animation because there are keyframes with different interpolation methods in one channel
12:33:02 | WARNING: Baking animation because there are keyframes with different interpolation methods in one channel
12:33:02 | WARNING: Baking animation because there are keyframes with different interpolation methods in one channel
12:33:02 | WARNING: Baking animation because there are keyframes with different interpolation methods in one channel
12:33:02 | WARNING: Baking animation because there are keyframes with different interpolation methods in one channel
12:33:02 | WARNING: Baking animation because there are keyframes with different interpolation methods in one channel
12:33:02 | WARNING: Baking animation because there are keyframes with different interpolation methods in one channel
12:33:02 | WARNING: Baking animation because there are keyframes with different interpolation methods in one channel
12:33:02 | WARNING: Baking animation because there are keyframes with different interpolation methods in one channel
12:33:02 | WARNING: Baking animation because there are keyframes with different interpolation methods in one channel
12:33:02 | WARNING: Baking animation because there are keyframes with different interpolation methods in one channel
12:33:02 | WARNING: Baking animation because there are keyframes with different interpolation methods in one channel
12:33:02 | WARNING: Baking animation because there are keyframes with different interpolation methods in one channel
12:33:02 | WARNING: Baking animation because there are keyframes with different interpolation methods in one channel
12:33:02 | WARNING: Baking animation because there are keyframes with different interpolation methods in one channel
12:33:02 | WARNING: Baking animation because there are keyframes with different interpolation methods in one channel
12:33:02 | WARNING: Baking animation because there are keyframes with different interpolation methods in one channel
12:33:02 | WARNING: Baking animation because there are keyframes with different interpolation methods in one channel
12:33:02 | WARNING: Baking animation because there are keyframes with different interpolation methods in one channel
12:33:02 | WARNING: Baking animation because there are keyframes with different interpolation methods in one channel
12:33:02 | WARNING: Baking animation because there are keyframes with different interpolation methods in one channel
12:33:02 | WARNING: Baking animation because there are keyframes with different interpolation methods in one channel
12:33:02 | WARNING: Baking animation because there are keyframes with different interpolation methods in one channel
12:33:02 | WARNING: Baking animation because there are keyframes with different interpolation methods in one channel
12:33:02 | WARNING: Baking animation because there are keyframes with different interpolation methods in one channel
12:33:02 | WARNING: Baking animation because there are keyframes with different interpolation methods in one channel
12:33:02 | WARNING: Baking animation because there are keyframes with different interpolation methods in one channel
12:33:02 | WARNING: Baking animation because there are keyframes with different interpolation methods in one channel
12:33:02 | WARNING: Baking animation because there are keyframes with different interpolation methods in one channel
12:33:02 | WARNING: Baking animation because there are keyframes with different interpolation methods in one channel
12:33:02 | WARNING: Baking animation because there are keyframes with different interpolation methods in one channel
12:33:02 | WARNING: Baking animation because there are keyframes with different interpolation methods in one channel
12:33:02 | WARNING: Baking animation because there are keyframes with different interpolation methods in one channel
12:33:02 | WARNING: Baking animation because there are keyframes with different interpolation methods in one channel
12:33:02 | WARNING: Baking animation because there are keyframes with different interpolation methods in one channel
12:33:02 | WARNING: Baking animation because there are keyframes with different interpolation methods in one channel
12:33:02 | WARNING: Baking animation because there are keyframes with different interpolation methods in one channel
12:33:02 | WARNING: Baking animation because there are keyframes with different interpolation methods in one channel
12:33:02 | WARNING: Baking animation because there are keyframes with different interpolation methods in one channel
12:33:02 | WARNING: Baking animation because there are keyframes with different interpolation methods in one channel
12:33:02 | WARNING: Baking animation because there are keyframes with different interpolation methods in one channel
12:33:02 | WARNING: Baking animation because there are keyframes with different interpolation methods in one channel
12:33:02 | WARNING: Baking animation because there are keyframes with different interpolation methods in one channel
12:33:02 | WARNING: Baking animation because there are keyframes with different interpolation methods in one channel
12:33:02 | WARNING: Baking animation because there are keyframes with different interpolation methods in one channel
12:33:02 | WARNING: Baking animation because there are keyframes with different interpolation methods in one channel
12:33:02 | WARNING: Baking animation because there are keyframes with different interpolation methods in one channel
12:33:02 | WARNING: Baking animation because there are keyframes with different interpolation methods in one channel
12:33:02 | WARNING: Baking animation because there are keyframes with different interpolation methods in one channel
12:33:02 | WARNING: Baking animation because there are keyframes with different interpolation methods in one channel
12:33:02 | WARNING: Baking animation because there are keyframes with different interpolation methods in one channel
12:33:02 | WARNING: Baking animation because there are keyframes with different interpolation methods in one channel
12:33:02 | WARNING: Baking animation because there are keyframes with different interpolation methods in one channel
12:33:02 | WARNING: Baking animation because there are keyframes with different interpolation methods in one channel
12:33:02 | WARNING: Baking animation because there are keyframes with different interpolation methods in one channel
12:33:02 | WARNING: Baking animation because there are keyframes with different interpolation methods in one channel
12:33:02 | WARNING: Baking animation because there are keyframes with different interpolation methods in one channel
12:33:02 | WARNING: Baking animation because there are keyframes with different interpolation methods in one channel
12:33:02 | WARNING: Baking animation because there are keyframes with different interpolation methods in one channel
12:33:02 | WARNING: Baking animation because there are keyframes with different interpolation methods in one channel
12:33:02 | WARNING: Baking animation because there are keyframes with different interpolation methods in one channel
12:33:02 | WARNING: Baking animation because there are keyframes with different interpolation methods in one channel
12:33:02 | WARNING: Baking animation because there are keyframes with different interpolation methods in one channel
12:33:02 | WARNING: Baking animation because there are keyframes with different interpolation methods in one channel
12:33:02 | WARNING: Baking animation because there are keyframes with different interpolation methods in one channel
12:33:02 | WARNING: Baking animation because there are keyframes with different interpolation methods in one channel
12:33:02 | WARNING: Baking animation because there are keyframes with different interpolation methods in one channel
12:33:02 | WARNING: Baking animation because there are keyframes with different interpolation methods in one channel
12:33:02 | WARNING: Baking animation because there are keyframes with different interpolation methods in one channel
12:33:02 | WARNING: Baking animation because there are keyframes with different interpolation methods in one channel
12:33:02 | WARNING: Baking animation because there are keyframes with different interpolation methods in one channel
12:33:02 | WARNING: Baking animation because there are keyframes with different interpolation methods in one channel
12:33:02 | WARNING: Baking animation because there are keyframes with different interpolation methods in one channel
12:33:02 | WARNING: Baking animation because there are keyframes with different interpolation methods in one channel
12:33:02 | WARNING: Baking animation because there are keyframes with different interpolation methods in one channel
12:33:02 | WARNING: Baking animation because there are keyframes with different interpolation methods in one channel
12:33:02 | WARNING: Baking animation because there are keyframes with different interpolation methods in one channel
12:33:02 | WARNING: Baking animation because there are keyframes with different interpolation methods in one channel
12:33:02 | WARNING: Baking animation because there are keyframes with different interpolation methods in one channel
12:33:02 | WARNING: Baking animation because there are keyframes with different interpolation methods in one channel
12:33:02 | WARNING: Baking animation because there are keyframes with different interpolation methods in one channel
12:33:02 | WARNING: Baking animation because there are keyframes with different interpolation methods in one channel
12:33:02 | WARNING: Baking animation because there are keyframes with different interpolation methods in one channel
12:33:02 | WARNING: Baking animation because there are keyframes with different interpolation methods in one channel
12:33:02 | WARNING: Baking animation because there are keyframes with different interpolation methods in one channel
12:33:02 | WARNING: Baking animation because there are keyframes with different interpolation methods in one channel
12:33:02 | WARNING: Baking animation because there are keyframes with different interpolation methods in one channel
12:33:02 | WARNING: Baking animation because there are keyframes with different interpolation methods in one channel
12:33:02 | WARNING: Baking animation because there are keyframes with different interpolation methods in one channel
12:33:02 | WARNING: Baking animation because there are keyframes with different interpolation methods in one channel
12:33:02 | WARNING: Baking animation because there are keyframes with different interpolation methods in one channel
12:33:02 | WARNING: Baking animation because there are keyframes with different interpolation methods in one channel
12:33:02 | WARNING: Baking animation because there are keyframes with different interpolation methods in one channel
12:33:02 | WARNING: Baking animation because there are keyframes with different interpolation methods in one channel
12:33:02 | WARNING: Baking animation because there are keyframes with different interpolation methods in one channel
12:33:02 | WARNING: Baking animation because there are keyframes with different interpolation methods in one channel
12:33:03 | WARNING: Baking animation because there are keyframes with different interpolation methods in one channel
12:33:03 | WARNING: Baking animation because there are keyframes with different interpolation methods in one channel
12:33:03 | WARNING: Baking animation because there are keyframes with different interpolation methods in one channel
12:33:03 | WARNING: Baking animation because there are keyframes with different interpolation methods in one channel
12:33:03 | WARNING: Baking animation because there are keyframes with different interpolation methods in one channel
12:33:03 | WARNING: Baking animation because there are keyframes with different interpolation methods in one channel
12:33:03 | WARNING: Baking animation because there are keyframes with different interpolation methods in one channel
12:33:03 | WARNING: Baking animation because there are keyframes with different interpolation methods in one channel
12:33:03 | WARNING: Baking animation because there are keyframes with different interpolation methods in one channel
12:33:03 | WARNING: Baking animation because there are keyframes with different interpolation methods in one channel
12:33:03 | WARNING: Baking animation because there are keyframes with different interpolation methods in one channel
12:33:03 | WARNING: Baking animation because there are keyframes with different interpolation methods in one channel
12:33:03 | WARNING: Baking animation because there are keyframes with different interpolation methods in one channel
12:33:03 | WARNING: Baking animation because there are keyframes with different interpolation methods in one channel
12:33:03 | WARNING: Baking animation because there are keyframes with different interpolation methods in one channel
12:33:03 | WARNING: Baking animation because there are keyframes with different interpolation methods in one channel
12:33:03 | WARNING: Baking animation because there are keyframes with different interpolation methods in one channel
12:33:03 | WARNING: Baking animation because there are keyframes with different interpolation methods in one channel
12:33:03 | WARNING: Baking animation because there are keyframes with different interpolation methods in one channel
12:33:03 | WARNING: Baking animation because there are keyframes with different interpolation methods in one channel
12:33:03 | WARNING: Baking animation because there are keyframes with different interpolation methods in one channel
12:33:03 | WARNING: Baking animation because there are keyframes with different interpolation methods in one channel
12:33:03 | WARNING: Baking animation because there are keyframes with different interpolation methods in one channel
12:33:03 | WARNING: Baking animation because there are keyframes with different interpolation methods in one channel
12:33:03 | WARNING: Baking animation because there are keyframes with different interpolation methods in one channel
12:33:03 | WARNING: Baking animation because there are keyframes with different interpolation methods in one channel
12:33:03 | WARNING: Baking animation because there are keyframes with different interpolation methods in one channel
12:33:03 | WARNING: Baking animation because there are keyframes with different interpolation methods in one channel
12:33:03 | WARNING: Baking animation because there are keyframes with different interpolation methods in one channel
12:33:03 | WARNING: Baking animation because there are keyframes with different interpolation methods in one channel
12:33:03 | WARNING: Baking animation because there are keyframes with different interpolation methods in one channel
12:33:03 | WARNING: Baking animation because there are keyframes with different interpolation methods in one channel
12:33:03 | WARNING: Baking animation because there are keyframes with different interpolation methods in one channel
12:33:03 | WARNING: Baking animation because there are keyframes with different interpolation methods in one channel
12:33:03 | WARNING: Baking animation because there are keyframes with different interpolation methods in one channel
12:33:03 | WARNING: Baking animation because there are keyframes with different interpolation methods in one channel
12:33:03 | WARNING: Baking animation because there are keyframes with different interpolation methods in one channel
12:33:03 | WARNING: Baking animation because there are keyframes with different interpolation methods in one channel
12:33:03 | WARNING: Baking animation because there are keyframes with different interpolation methods in one channel
12:33:03 | WARNING: Baking animation because there are keyframes with different interpolation methods in one channel
12:33:03 | WARNING: Baking animation because there are keyframes with different interpolation methods in one channel
12:33:03 | WARNING: Baking animation because there are keyframes with different interpolation methods in one channel
12:33:03 | WARNING: Baking animation because there are keyframes with different interpolation methods in one channel
12:33:03 | WARNING: Baking animation because there are keyframes with different interpolation methods in one channel
12:33:03 | WARNING: Baking animation because there are keyframes with different interpolation methods in one channel
12:33:03 | WARNING: Baking animation because there are keyframes with different interpolation methods in one channel
12:33:03 | WARNING: Baking animation because there are keyframes with different interpolation methods in one channel
12:33:03 | WARNING: Baking animation because there are keyframes with different interpolation methods in one channel
12:33:03 | WARNING: Baking animation because there are keyframes with different interpolation methods in one channel
12:33:03 | WARNING: Baking animation because there are keyframes with different interpolation methods in one channel
12:33:03 | WARNING: Baking animation because there are keyframes with different interpolation methods in one channel
12:33:03 | WARNING: Baking animation because there are keyframes with different interpolation methods in one channel
12:33:03 | WARNING: Baking animation because there are keyframes with different interpolation methods in one channel
12:33:03 | WARNING: Baking animation because there are keyframes with different interpolation methods in one channel
12:33:03 | WARNING: Baking animation because there are keyframes with different interpolation methods in one channel
12:33:03 | WARNING: Baking animation because there are keyframes with different interpolation methods in one channel
12:33:03 | WARNING: Baking animation because there are keyframes with different interpolation methods in one channel
12:33:03 | WARNING: Baking animation because there are keyframes with different interpolation methods in one channel
12:33:03 | WARNING: Baking animation because there are keyframes with different interpolation methods in one channel
12:33:03 | WARNING: Baking animation because there are keyframes with different interpolation methods in one channel
12:33:03 | WARNING: Baking animation because there are keyframes with different interpolation methods in one channel
12:33:03 | WARNING: Baking animation because there are keyframes with different interpolation methods in one channel
12:33:03 | WARNING: Baking animation because there are keyframes with different interpolation methods in one channel
12:33:03 | WARNING: Baking animation because there are keyframes with different interpolation methods in one channel
12:33:03 | WARNING: Baking animation because there are keyframes with different interpolation methods in one channel
12:33:03 | WARNING: Baking animation because there are keyframes with different interpolation methods in one channel
12:33:03 | WARNING: Baking animation because there are keyframes with different interpolation methods in one channel
12:33:03 | WARNING: Baking animation because there are keyframes with different interpolation methods in one channel
12:33:03 | WARNING: Baking animation because there are keyframes with different interpolation methods in one channel
12:33:03 | WARNING: Baking animation because there are keyframes with different interpolation methods in one channel
12:33:03 | WARNING: Baking animation because there are keyframes with different interpolation methods in one channel
12:33:03 | WARNING: Baking animation because there are keyframes with different interpolation methods in one channel
12:33:03 | WARNING: Baking animation because there are keyframes with different interpolation methods in one channel
12:33:03 | WARNING: Baking animation because there are keyframes with different interpolation methods in one channel
12:33:03 | WARNING: Baking animation because there are keyframes with different interpolation methods in one channel
12:33:03 | WARNING: Baking animation because there are keyframes with different interpolation methods in one channel
12:33:03 | WARNING: Baking animation because there are keyframes with different interpolation methods in one channel
12:33:03 | WARNING: Baking animation because there are keyframes with different interpolation methods in one channel
12:33:03 | WARNING: Baking animation because there are keyframes with different interpolation methods in one channel
12:33:03 | WARNING: Baking animation because there are keyframes with different interpolation methods in one channel
12:33:03 | WARNING: Baking animation because there are keyframes with different interpolation methods in one channel
12:33:03 | WARNING: Baking animation because there are keyframes with different interpolation methods in one channel
12:33:03 | WARNING: Baking animation because there are keyframes with different interpolation methods in one channel
12:33:03 | WARNING: Baking animation because there are keyframes with different interpolation methods in one channel
12:33:03 | WARNING: Baking animation because there are keyframes with different interpolation methods in one channel
12:33:03 | WARNING: Baking animation because there are keyframes with different interpolation methods in one channel
12:33:03 | WARNING: Baking animation because there are keyframes with different interpolation methods in one channel
12:33:03 | WARNING: Baking animation because there are keyframes with different interpolation methods in one channel
12:33:03 | WARNING: Baking animation because there are keyframes with different interpolation methods in one channel
12:33:03 | WARNING: Baking animation because there are keyframes with different interpolation methods in one channel
12:33:03 | WARNING: Baking animation because there are keyframes with different interpolation methods in one channel
12:33:03 | WARNING: Baking animation because there are keyframes with different interpolation methods in one channel
12:33:03 | WARNING: Baking animation because there are keyframes with different interpolation methods in one channel
12:33:03 | WARNING: Baking animation because there are keyframes with different interpolation methods in one channel
12:33:03 | WARNING: Baking animation because there are keyframes with different interpolation methods in one channel
12:33:03 | WARNING: Baking animation because there are keyframes with different interpolation methods in one channel
12:33:03 | WARNING: Baking animation because there are keyframes with different interpolation methods in one channel
12:33:03 | WARNING: Baking animation because there are keyframes with different interpolation methods in one channel
12:33:03 | WARNING: Baking animation because there are keyframes with different interpolation methods in one channel
12:33:03 | WARNING: Baking animation because there are keyframes with different interpolation methods in one channel
12:33:03 | WARNING: Baking animation because there are keyframes with different interpolation methods in one channel
12:33:03 | WARNING: Baking animation because there are keyframes with different interpolation methods in one channel
12:33:03 | WARNING: Baking animation because there are keyframes with different interpolation methods in one channel
12:33:03 | WARNING: Baking animation because there are keyframes with different interpolation methods in one channel
12:33:03 | WARNING: Baking animation because there are keyframes with different interpolation methods in one channel
12:33:03 | WARNING: Baking animation because there are keyframes with different interpolation methods in one channel
12:33:04 | WARNING: Baking animation because there are keyframes with different interpolation methods in one channel
12:33:04 | WARNING: Baking animation because there are keyframes with different interpolation methods in one channel
12:33:04 | WARNING: Baking animation because there are keyframes with different interpolation methods in one channel
12:33:04 | WARNING: Baking animation because there are keyframes with different interpolation methods in one channel
12:33:04 | WARNING: Baking animation because there are keyframes with different interpolation methods in one channel
12:33:04 | WARNING: Baking animation because there are keyframes with different interpolation methods in one channel
12:33:04 | WARNING: Baking animation because there are keyframes with different interpolation methods in one channel
12:33:04 | WARNING: Baking animation because there are keyframes with different interpolation methods in one channel
12:33:04 | WARNING: Baking animation because there are keyframes with different interpolation methods in one channel
12:33:04 | WARNING: Baking animation because there are keyframes with different interpolation methods in one channel
12:33:04 | WARNING: Baking animation because there are keyframes with different interpolation methods in one channel
12:33:04 | WARNING: Baking animation because there are keyframes with different interpolation methods in one channel
12:33:04 | WARNING: Baking animation because there are keyframes with different interpolation methods in one channel
12:33:04 | WARNING: Baking animation because there are keyframes with different interpolation methods in one channel
12:33:04 | WARNING: Baking animation because there are keyframes with different interpolation methods in one channel
12:33:04 | WARNING: Baking animation because there are keyframes with different interpolation methods in one channel
12:33:04 | WARNING: Baking animation because there are keyframes with different interpolation methods in one channel
12:33:04 | WARNING: Baking animation because there are keyframes with different interpolation methods in one channel
12:33:04 | WARNING: Baking animation because there are keyframes with different interpolation methods in one channel
12:33:04 | WARNING: Baking animation because there are keyframes with different interpolation methods in one channel
12:33:04 | WARNING: Baking animation because there are keyframes with different interpolation methods in one channel
12:33:04 | WARNING: Baking animation because there are keyframes with different interpolation methods in one channel
12:33:04 | WARNING: Baking animation because there are keyframes with different interpolation methods in one channel
12:33:04 | WARNING: Baking animation because there are keyframes with different interpolation methods in one channel
12:33:04 | WARNING: Baking animation because there are keyframes with different interpolation methods in one channel
12:33:04 | WARNING: Baking animation because there are keyframes with different interpolation methods in one channel
12:33:04 | WARNING: Baking animation because there are keyframes with different interpolation methods in one channel
12:33:04 | WARNING: Baking animation because there are keyframes with different interpolation methods in one channel
12:33:04 | WARNING: Baking animation because there are keyframes with different interpolation methods in one channel
12:33:04 | WARNING: Baking animation because there are keyframes with different interpolation methods in one channel
12:33:04 | WARNING: Baking animation because there are keyframes with different interpolation methods in one channel
12:33:04 | WARNING: Baking animation because there are keyframes with different interpolation methods in one channel
12:33:04 | WARNING: Baking animation because there are keyframes with different interpolation methods in one channel
12:33:04 | WARNING: Baking animation because there are keyframes with different interpolation methods in one channel
12:33:04 | WARNING: Baking animation because there are keyframes with different interpolation methods in one channel
12:33:04 | WARNING: Baking animation because there are keyframes with different interpolation methods in one channel
12:33:04 | WARNING: Baking animation because there are keyframes with different interpolation methods in one channel
12:33:04 | WARNING: Baking animation because there are keyframes with different interpolation methods in one channel
12:33:04 | WARNING: Baking animation because there are keyframes with different interpolation methods in one channel
12:33:04 | WARNING: Baking animation because there are keyframes with different interpolation methods in one channel
12:33:04 | WARNING: Baking animation because there are keyframes with different interpolation methods in one channel
12:33:04 | WARNING: Baking animation because there are keyframes with different interpolation methods in one channel
12:33:04 | WARNING: Baking animation because there are keyframes with different interpolation methods in one channel
12:33:04 | WARNING: Baking animation because there are keyframes with different interpolation methods in one channel
12:33:04 | WARNING: Baking animation because there are keyframes with different interpolation methods in one channel
12:33:04 | WARNING: Baking animation because there are keyframes with different interpolation methods in one channel
12:33:04 | WARNING: Baking animation because there are keyframes with different interpolation methods in one channel
12:33:04 | WARNING: Baking animation because there are keyframes with different interpolation methods in one channel
12:33:04 | WARNING: Baking animation because there are keyframes with different interpolation methods in one channel
12:33:04 | WARNING: Baking animation because there are keyframes with different interpolation methods in one channel
12:33:04 | WARNING: Baking animation because there are keyframes with different interpolation methods in one channel
12:33:04 | WARNING: Baking animation because there are keyframes with different interpolation methods in one channel
12:33:04 | WARNING: Baking animation because there are keyframes with different interpolation methods in one channel
12:33:04 | WARNING: Baking animation because there are keyframes with different interpolation methods in one channel
12:33:04 | WARNING: Baking animation because there are keyframes with different interpolation methods in one channel
12:33:04 | WARNING: Baking animation because there are keyframes with different interpolation methods in one channel
12:33:04 | WARNING: Baking animation because there are keyframes with different interpolation methods in one channel
12:33:04 | WARNING: Baking animation because there are keyframes with different interpolation methods in one channel
12:33:04 | WARNING: Baking animation because there are keyframes with different interpolation methods in one channel
12:33:04 | WARNING: Baking animation because there are keyframes with different interpolation methods in one channel
12:33:04 | WARNING: Baking animation because there are keyframes with different interpolation methods in one channel
12:33:04 | WARNING: Baking animation because there are keyframes with different interpolation methods in one channel
12:33:04 | WARNING: Baking animation because there are keyframes with different interpolation methods in one channel
12:33:04 | WARNING: Baking animation because there are keyframes with different interpolation methods in one channel
12:33:04 | WARNING: Baking animation because there are keyframes with different interpolation methods in one channel
12:33:04 | WARNING: Baking animation because there are keyframes with different interpolation methods in one channel
12:33:04 | WARNING: Baking animation because there are keyframes with different interpolation methods in one channel
12:33:04 | WARNING: Baking animation because there are keyframes with different interpolation methods in one channel
12:33:04 | WARNING: Baking animation because there are keyframes with different interpolation methods in one channel
12:33:04 | WARNING: Baking animation because there are keyframes with different interpolation methods in one channel
12:33:04 | WARNING: Baking animation because there are keyframes with different interpolation methods in one channel
12:33:04 | WARNING: Baking animation because there are keyframes with different interpolation methods in one channel
12:33:04 | WARNING: Baking animation because there are keyframes with different interpolation methods in one channel
12:33:04 | WARNING: Baking animation because there are keyframes with different interpolation methods in one channel
12:33:04 | WARNING: Baking animation because there are keyframes with different interpolation methods in one channel
12:33:04 | WARNING: Baking animation because there are keyframes with different interpolation methods in one channel
12:33:04 | WARNING: Baking animation because there are keyframes with different interpolation methods in one channel
12:33:04 | WARNING: Baking animation because there are keyframes with different interpolation methods in one channel
12:33:04 | WARNING: Baking animation because there are keyframes with different interpolation methods in one channel
12:33:04 | WARNING: Baking animation because there are keyframes with different interpolation methods in one channel
12:33:04 | WARNING: Baking animation because there are keyframes with different interpolation methods in one channel
12:33:04 | WARNING: Baking animation because there are keyframes with different interpolation methods in one channel
12:33:04 | WARNING: Baking animation because there are keyframes with different interpolation methods in one channel
12:33:04 | WARNING: Baking animation because there are keyframes with different interpolation methods in one channel
12:33:04 | WARNING: Baking animation because there are keyframes with different interpolation methods in one channel
12:33:04 | WARNING: Baking animation because there are keyframes with different interpolation methods in one channel
12:33:04 | WARNING: Baking animation because there are keyframes with different interpolation methods in one channel
12:33:04 | WARNING: Baking animation because there are keyframes with different interpolation methods in one channel
12:33:04 | WARNING: Baking animation because there are keyframes with different interpolation methods in one channel
12:33:04 | WARNING: Baking animation because there are keyframes with different interpolation methods in one channel
12:33:04 | WARNING: Baking animation because there are keyframes with different interpolation methods in one channel
12:33:04 | WARNING: Baking animation because there are keyframes with different interpolation methods in one channel
12:33:04 | WARNING: Baking animation because there are keyframes with different interpolation methods in one channel
12:33:04 | WARNING: Baking animation because there are keyframes with different interpolation methods in one channel
12:33:04 | WARNING: Baking animation because there are keyframes with different interpolation methods in one channel
12:33:04 | WARNING: Baking animation because there are keyframes with different interpolation methods in one channel
12:33:04 | WARNING: Baking animation because there are keyframes with different interpolation methods in one channel
12:33:04 | WARNING: Baking animation because there are keyframes with different interpolation methods in one channel
12:33:04 | WARNING: Baking animation because there are keyframes with different interpolation methods in one channel
12:33:04 | WARNING: Baking animation because there are keyframes with different interpolation methods in one channel
12:33:04 | WARNING: Baking animation because there are keyframes with different interpolation methods in one channel
12:33:04 | WARNING: Baking animation because there are keyframes with different interpolation methods in one channel
12:33:04 | WARNING: Baking animation because there are keyframes with different interpolation methods in one channel
12:33:04 | WARNING: Baking animation because there are keyframes with different interpolation methods in one channel
12:33:04 | WARNING: Baking animation because there are keyframes with different interpolation methods in one channel
12:33:04 | WARNING: Baking animation because there are keyframes with different interpolation methods in one channel
12:33:05 | WARNING: Baking animation because there are keyframes with different interpolation methods in one channel
12:33:05 | WARNING: Baking animation because there are keyframes with different interpolation methods in one channel
12:33:05 | WARNING: Baking animation because there are keyframes with different interpolation methods in one channel
12:33:05 | WARNING: Baking animation because there are keyframes with different interpolation methods in one channel
12:33:05 | WARNING: Baking animation because there are keyframes with different interpolation methods in one channel
12:33:05 | WARNING: Baking animation because there are keyframes with different interpolation methods in one channel
12:33:05 | WARNING: Baking animation because there are keyframes with different interpolation methods in one channel
12:33:05 | WARNING: Baking animation because there are keyframes with different interpolation methods in one channel
12:33:05 | WARNING: Baking animation because there are keyframes with different interpolation methods in one channel
12:33:05 | WARNING: Baking animation because there are keyframes with different interpolation methods in one channel
12:33:05 | WARNING: Baking animation because there are keyframes with different interpolation methods in one channel
12:33:05 | WARNING: Baking animation because there are keyframes with different interpolation methods in one channel
12:33:05 | WARNING: Baking animation because there are keyframes with different interpolation methods in one channel
12:33:05 | WARNING: Baking animation because there are keyframes with different interpolation methods in one channel
12:33:05 | WARNING: Baking animation because there are keyframes with different interpolation methods in one channel
12:33:05 | WARNING: Baking animation because there are keyframes with different interpolation methods in one channel
12:33:05 | WARNING: Baking animation because there are keyframes with different interpolation methods in one channel
12:33:05 | WARNING: Baking animation because there are keyframes with different interpolation methods in one channel
12:33:05 | WARNING: Baking animation because there are keyframes with different interpolation methods in one channel
12:33:05 | WARNING: Baking animation because there are keyframes with different interpolation methods in one channel
12:33:05 | WARNING: Baking animation because there are keyframes with different interpolation methods in one channel
12:33:05 | WARNING: Baking animation because there are keyframes with different interpolation methods in one channel
12:33:05 | WARNING: Baking animation because there are keyframes with different interpolation methods in one channel
12:33:05 | WARNING: Baking animation because there are keyframes with different interpolation methods in one channel
12:33:05 | WARNING: Baking animation because there are keyframes with different interpolation methods in one channel
12:33:05 | WARNING: Baking animation because there are keyframes with different interpolation methods in one channel
12:33:05 | WARNING: Baking animation because there are keyframes with different interpolation methods in one channel
12:33:05 | WARNING: Baking animation because there are keyframes with different interpolation methods in one channel
12:33:05 | WARNING: Baking animation because there are keyframes with different interpolation methods in one channel
12:33:05 | WARNING: Baking animation because there are keyframes with different interpolation methods in one channel
12:33:05 | WARNING: Baking animation because there are keyframes with different interpolation methods in one channel
12:33:05 | WARNING: Baking animation because there are keyframes with different interpolation methods in one channel
12:33:05 | WARNING: Baking animation because there are keyframes with different interpolation methods in one channel
12:33:05 | WARNING: Baking animation because there are keyframes with different interpolation methods in one channel
12:33:05 | WARNING: Baking animation because there are keyframes with different interpolation methods in one channel
12:33:05 | WARNING: Baking animation because there are keyframes with different interpolation methods in one channel
12:33:05 | WARNING: Baking animation because there are keyframes with different interpolation methods in one channel
12:33:05 | WARNING: Baking animation because there are keyframes with different interpolation methods in one channel
12:33:05 | WARNING: Baking animation because there are keyframes with different interpolation methods in one channel
12:33:05 | WARNING: Baking animation because there are keyframes with different interpolation methods in one channel
12:33:05 | WARNING: Baking animation because there are keyframes with different interpolation methods in one channel
12:33:05 | WARNING: Baking animation because there are keyframes with different interpolation methods in one channel
12:33:05 | WARNING: Baking animation because there are keyframes with different interpolation methods in one channel
12:33:05 | WARNING: Baking animation because there are keyframes with different interpolation methods in one channel
12:33:05 | WARNING: Baking animation because there are keyframes with different interpolation methods in one channel
12:33:05 | WARNING: Baking animation because there are keyframes with different interpolation methods in one channel
12:33:05 | WARNING: Baking animation because there are keyframes with different interpolation methods in one channel
12:33:05 | WARNING: Baking animation because there are keyframes with different interpolation methods in one channel
12:33:05 | WARNING: Baking animation because there are keyframes with different interpolation methods in one channel
12:33:05 | WARNING: Baking animation because there are keyframes with different interpolation methods in one channel
12:33:05 | WARNING: Baking animation because there are keyframes with different interpolation methods in one channel
12:33:05 | WARNING: Baking animation because there are keyframes with different interpolation methods in one channel
12:33:05 | WARNING: Baking animation because there are keyframes with different interpolation methods in one channel
12:33:08 | WARNING: Baking animation because there are keyframes with different interpolation methods in one channel
12:33:08 | WARNING: Baking animation because there are keyframes with different interpolation methods in one channel
12:33:08 | WARNING: Baking animation because there are keyframes with different interpolation methods in one channel
12:33:08 | WARNING: Baking animation because there are keyframes with different interpolation methods in one channel
12:33:08 | WARNING: Baking animation because there are keyframes with different interpolation methods in one channel
12:33:08 | WARNING: Baking animation because there are keyframes with different interpolation methods in one channel
12:33:08 | WARNING: Baking animation because there are keyframes with different interpolation methods in one channel
12:33:08 | WARNING: Baking animation because there are keyframes with different interpolation methods in one channel
12:33:08 | WARNING: Baking animation because there are keyframes with different interpolation methods in one channel
12:33:08 | WARNING: Baking animation because there are keyframes with different interpolation methods in one channel
12:33:08 | WARNING: Baking animation because there are keyframes with different interpolation methods in one channel
12:33:08 | WARNING: Baking animation because there are keyframes with different interpolation methods in one channel
12:33:08 | WARNING: Baking animation because there are keyframes with different interpolation methods in one channel
12:33:08 | WARNING: Baking animation because there are keyframes with different interpolation methods in one channel
12:33:08 | WARNING: Baking animation because there are keyframes with different interpolation methods in one channel
12:33:08 | WARNING: Baking animation because there are keyframes with different interpolation methods in one channel
12:33:08 | WARNING: Baking animation because there are keyframes with different interpolation methods in one channel
12:33:08 | WARNING: Baking animation because there are keyframes with different interpolation methods in one channel
12:33:08 | WARNING: Baking animation because there are keyframes with different interpolation methods in one channel
12:33:08 | WARNING: Baking animation because there are keyframes with different interpolation methods in one channel
12:33:08 | WARNING: Baking animation because there are keyframes with different interpolation methods in one channel
12:33:08 | WARNING: Baking animation because there are keyframes with different interpolation methods in one channel
12:33:08 | WARNING: Baking animation because there are keyframes with different interpolation methods in one channel
12:33:08 | WARNING: Baking animation because there are keyframes with different interpolation methods in one channel
12:33:08 | WARNING: Baking animation because there are keyframes with different interpolation methods in one channel
12:33:08 | WARNING: Baking animation because there are keyframes with different interpolation methods in one channel
12:33:08 | WARNING: Baking animation because there are keyframes with different interpolation methods in one channel
12:33:08 | WARNING: Baking animation because there are keyframes with different interpolation methods in one channel
12:33:08 | WARNING: Baking animation because there are keyframes with different interpolation methods in one channel
12:33:08 | WARNING: Baking animation because there are keyframes with different interpolation methods in one channel
12:33:08 | WARNING: Baking animation because there are keyframes with different interpolation methods in one channel
12:33:08 | WARNING: Baking animation because there are keyframes with different interpolation methods in one channel
12:33:08 | WARNING: Baking animation because there are keyframes with different interpolation methods in one channel
12:33:08 | WARNING: Baking animation because there are keyframes with different interpolation methods in one channel
12:33:08 | WARNING: Baking animation because there are keyframes with different interpolation methods in one channel
12:33:08 | WARNING: Baking animation because there are keyframes with different interpolation methods in one channel
12:33:08 | WARNING: Baking animation because there are keyframes with different interpolation methods in one channel
12:33:08 | WARNING: Baking animation because there are keyframes with different interpolation methods in one channel
12:33:08 | WARNING: Baking animation because there are keyframes with different interpolation methods in one channel
12:33:08 | WARNING: Baking animation because there are keyframes with different interpolation methods in one channel
12:33:08 | WARNING: Baking animation because there are keyframes with different interpolation methods in one channel
12:33:08 | WARNING: Baking animation because there are keyframes with different interpolation methods in one channel
12:33:08 | WARNING: Baking animation because there are keyframes with different interpolation methods in one channel
12:33:08 | WARNING: Baking animation because there are keyframes with different interpolation methods in one channel
12:33:08 | WARNING: Baking animation because there are keyframes with different interpolation methods in one channel
12:33:08 | WARNING: Baking animation because there are keyframes with different interpolation methods in one channel
12:33:08 | WARNING: Baking animation because there are keyframes with different interpolation methods in one channel
12:33:08 | WARNING: Baking animation because there are keyframes with different interpolation methods in one channel
12:33:08 | WARNING: Baking animation because there are keyframes with different interpolation methods in one channel
12:33:08 | WARNING: Baking animation because there are keyframes with different interpolation methods in one channel
12:33:08 | WARNING: Baking animation because there are keyframes with different interpolation methods in one channel
12:33:08 | WARNING: Baking animation because there are keyframes with different interpolation methods in one channel
12:33:08 | WARNING: Baking animation because there are keyframes with different interpolation methods in one channel
12:33:09 | WARNING: Baking animation because there are keyframes with different interpolation methods in one channel
12:33:09 | WARNING: Baking animation because there are keyframes with different interpolation methods in one channel
12:33:09 | WARNING: Baking animation because there are keyframes with different interpolation methods in one channel
12:33:09 | WARNING: Baking animation because there are keyframes with different interpolation methods in one channel
12:33:09 | WARNING: Baking animation because there are keyframes with different interpolation methods in one channel
12:33:09 | WARNING: Baking animation because there are keyframes with different interpolation methods in one channel
12:33:09 | WARNING: Baking animation because there are keyframes with different interpolation methods in one channel
12:33:09 | WARNING: Baking animation because there are keyframes with different interpolation methods in one channel
12:33:09 | WARNING: Baking animation because there are keyframes with different interpolation methods in one channel
12:33:09 | WARNING: Baking animation because there are keyframes with different interpolation methods in one channel
12:33:09 | WARNING: Baking animation because there are keyframes with different interpolation methods in one channel
12:33:09 | WARNING: Baking animation because there are keyframes with different interpolation methods in one channel
12:33:09 | WARNING: Baking animation because there are keyframes with different interpolation methods in one channel
12:33:09 | WARNING: Baking animation because there are keyframes with different interpolation methods in one channel
12:33:09 | WARNING: Baking animation because there are keyframes with different interpolation methods in one channel
12:33:09 | WARNING: Baking animation because there are keyframes with different interpolation methods in one channel
12:33:09 | WARNING: Baking animation because there are keyframes with different interpolation methods in one channel
12:33:09 | WARNING: Baking animation because there are keyframes with different interpolation methods in one channel
12:33:09 | WARNING: Baking animation because there are keyframes with different interpolation methods in one channel
12:33:09 | WARNING: Baking animation because there are keyframes with different interpolation methods in one channel
12:33:09 | WARNING: Baking animation because there are keyframes with different interpolation methods in one channel
12:33:09 | WARNING: Baking animation because there are keyframes with different interpolation methods in one channel
12:33:09 | WARNING: Baking animation because there are keyframes with different interpolation methods in one channel
12:33:09 | WARNING: Baking animation because there are keyframes with different interpolation methods in one channel
12:33:09 | WARNING: Baking animation because there are keyframes with different interpolation methods in one channel
12:33:09 | WARNING: Baking animation because there are keyframes with different interpolation methods in one channel
12:33:09 | WARNING: Baking animation because there are keyframes with different interpolation methods in one channel
12:33:09 | WARNING: Baking animation because there are keyframes with different interpolation methods in one channel
12:33:09 | WARNING: Baking animation because there are keyframes with different interpolation methods in one channel
12:33:09 | WARNING: Baking animation because there are keyframes with different interpolation methods in one channel
12:33:09 | WARNING: Baking animation because there are keyframes with different interpolation methods in one channel
12:33:09 | WARNING: Baking animation because there are keyframes with different interpolation methods in one channel
12:33:09 | WARNING: Baking animation because there are keyframes with different interpolation methods in one channel
12:33:09 | WARNING: Baking animation because there are keyframes with different interpolation methods in one channel
12:33:09 | WARNING: Baking animation because there are keyframes with different interpolation methods in one channel
12:33:09 | WARNING: Baking animation because there are keyframes with different interpolation methods in one channel
12:33:09 | WARNING: Baking animation because there are keyframes with different interpolation methods in one channel
12:33:09 | WARNING: Baking animation because there are keyframes with different interpolation methods in one channel
12:33:09 | WARNING: Baking animation because there are keyframes with different interpolation methods in one channel
12:33:09 | WARNING: Baking animation because there are keyframes with different interpolation methods in one channel
12:33:09 | WARNING: Baking animation because there are keyframes with different interpolation methods in one channel
12:33:09 | WARNING: Baking animation because there are keyframes with different interpolation methods in one channel
12:33:09 | WARNING: Baking animation because there are keyframes with different interpolation methods in one channel
12:33:09 | WARNING: Baking animation because there are keyframes with different interpolation methods in one channel
12:33:09 | WARNING: Baking animation because there are keyframes with different interpolation methods in one channel
12:33:09 | WARNING: Baking animation because there are keyframes with different interpolation methods in one channel
12:33:09 | WARNING: Baking animation because there are keyframes with different interpolation methods in one channel
12:33:09 | WARNING: Baking animation because there are keyframes with different interpolation methods in one channel
12:33:09 | WARNING: Baking animation because there are keyframes with different interpolation methods in one channel
12:33:09 | WARNING: Baking animation because there are keyframes with different interpolation methods in one channel
12:33:09 | WARNING: Baking animation because there are keyframes with different interpolation methods in one channel
12:33:09 | WARNING: Baking animation because there are keyframes with different interpolation methods in one channel
12:33:09 | WARNING: Baking animation because there are keyframes with different interpolation methods in one channel
12:33:12 | INFO: Finished glTF 2.0 export in 26.993141174316406 s

C06_DONE failed=['hold_drift_ok', 'release_frame_ok', 'world_step_ok']
C06_DONE non_ok_bools=['no_teleport']
Blender 4.5.0 (hash 8cb6b388974a built 2025-07-15 01:36:24)
Read blend: "I:\工作项目\BIGMANFIGHT\角色资产\美术资产\bigman_v001\bigman_anim_v001.blend"

Blender quit
Error: Not freed memory blocks: 7796, total unfreed memory 0.814014 MB
