Blender 4.5.0 (hash 8cb6b388974a built 2025-07-15 01:36:24)
Read blend: "I:\工作项目\BIGMANFIGHT\角色资产\美术资产\bigman_v001\bigman_anim_v001.blend"
Fra:0 Mem:91.69M (Peak 94.88M) | Time:00:00.57 | Rendering 1 / 64 samples
Fra:0 Mem:91.69M (Peak 94.88M) | Time:00:00.61 | Rendering 25 / 64 samples
Fra:0 Mem:91.69M (Peak 94.88M) | Time:00:00.65 | Rendering 50 / 64 samples
Fra:0 Mem:91.69M (Peak 94.88M) | Time:00:00.67 | Rendering 64 / 64 samples
Fra:0 Mem:59.65M (Peak 104.79M) | Time:00:00.69 | Compositing
Saved: 'I:\工作项目\BIGMANFIGHT\角色资产\美术资产\bigman_v001\previews\anim\idle01_side_f0000.png'
Time: 00:00.74 (Saving: 00:00.04)

Fra:0 Mem:93.76M (Peak 96.92M) | Time:00:00.26 | Rendering 1 / 64 samples
Fra:0 Mem:93.76M (Peak 96.92M) | Time:00:00.30 | Rendering 25 / 64 samples
Fra:0 Mem:93.76M (Peak 96.92M) | Time:00:00.34 | Rendering 50 / 64 samples
Fra:0 Mem:93.76M (Peak 96.92M) | Time:00:00.36 | Rendering 64 / 64 samples
Fra:0 Mem:61.72M (Peak 106.85M) | Time:00:00.38 | Compositing
Saved: 'I:\工作项目\BIGMANFIGHT\角色资产\美术资产\bigman_v001\previews\anim\idle01_front_f0000.png'
Time: 00:00.42 (Saving: 00:00.03)

Fra:72 Mem:93.77M (Peak 96.92M) | Time:00:00.23 | Rendering 1 / 64 samples
Fra:72 Mem:93.77M (Peak 96.92M) | Time:00:00.27 | Rendering 25 / 64 samples
Fra:72 Mem:93.77M (Peak 96.92M) | Time:00:00.30 | Rendering 50 / 64 samples
Fra:72 Mem:93.77M (Peak 96.92M) | Time:00:00.32 | Rendering 64 / 64 samples
Fra:72 Mem:61.72M (Peak 106.86M) | Time:00:00.35 | Compositing
Saved: 'I:\工作项目\BIGMANFIGHT\角色资产\美术资产\bigman_v001\previews\anim\idle01_side_f0072.png'
Time: 00:00.38 (Saving: 00:00.03)

Fra:72 Mem:93.77M (Peak 96.92M) | Time:00:00.22 | Rendering 1 / 64 samples
Fra:72 Mem:93.77M (Peak 96.92M) | Time:00:00.25 | Rendering 25 / 64 samples
Fra:72 Mem:93.77M (Peak 96.92M) | Time:00:00.29 | Rendering 50 / 64 samples
Fra:72 Mem:93.77M (Peak 96.92M) | Time:00:00.31 | Rendering 64 / 64 samples
Fra:72 Mem:61.72M (Peak 106.86M) | Time:00:00.33 | Compositing
Saved: 'I:\工作项目\BIGMANFIGHT\角色资产\美术资产\bigman_v001\previews\anim\idle01_front_f0072.png'
Time: 00:00.37 (Saving: 00:00.03)

Fra:132 Mem:93.77M (Peak 96.92M) | Time:00:00.20 | Rendering 1 / 64 samples
Fra:132 Mem:93.77M (Peak 96.92M) | Time:00:00.24 | Rendering 25 / 64 samples
Fra:132 Mem:93.77M (Peak 96.92M) | Time:00:00.27 | Rendering 50 / 64 samples
Fra:132 Mem:93.77M (Peak 96.92M) | Time:00:00.29 | Rendering 64 / 64 samples
Fra:132 Mem:61.72M (Peak 106.86M) | Time:00:00.31 | Compositing
Saved: 'I:\工作项目\BIGMANFIGHT\角色资产\美术资产\bigman_v001\previews\anim\idle01_side_f0132.png'
Time: 00:00.36 (Saving: 00:00.03)

Fra:132 Mem:93.77M (Peak 93.77M) | Time:00:00.23 | Rendering 1 / 64 samples
Fra:132 Mem:93.77M (Peak 93.77M) | Time:00:00.26 | Rendering 25 / 64 samples
Fra:132 Mem:93.77M (Peak 93.77M) | Time:00:00.30 | Rendering 50 / 64 samples
Fra:132 Mem:93.77M (Peak 93.77M) | Time:00:00.32 | Rendering 64 / 64 samples
Fra:132 Mem:61.72M (Peak 106.86M) | Time:00:00.34 | Compositing
Saved: 'I:\工作项目\BIGMANFIGHT\角色资产\美术资产\bigman_v001\previews\anim\idle01_front_f0132.png'
Time: 00:00.39 (Saving: 00:00.03)

C07PROBE_BOOTSTRAP 缺 Idle_01，先补跑 A01
IDLE01_REPORT {"loop_seamless": true, "loop_angle_deg": 0.0, "loop_move_mm": 0.0, "foot_travel_mm_toe.L": 0.19, "no_foot_slide_toe.L": true, "foot_travel_mm_toe.R": 0.19, "no_foot_slide_toe.R": true, "ground_min_mm": -0.96, "ground_contact_ok": true, "max_frame_step_deg": 0.136, "max_frame_step_at": [123, "upperarm.R"], "no_teleport": true, "bone_travel_mm": {"pelvis": 3.0, "chest": 3.0, "head": 19.81, "hand.L": 13.94, "hand.R": 13.94}, "chest_breath_mm": 11.76, "breath_visible_ok": true, "shoulder_rise_mm": 12.95, "shoulder_rise_ok": true, "head_travel_abs_mm": 19.81, "head_orientation_deg": 2.5, "head_settled_ok": true, "pelvis_sway_mm": 0.0, "pelvis_steady_ok": true, "guard_shift_mm": 13.94, "guard_steady_ok": true, "fist_L_mm": [145.4, -302.7, 1284.0], "fist_R_mm": [-130.5, -268.4, 1311.1], "guard_height_ok": true, "guard_in_front_ok": true, "guard_stagger_ok": true, "meta": {"anim_id": "Idle_01", "loop": true, "category": "基础移动", "note": "战斗待机：宽站低重心，拳护胸前，胸腹呼吸，脚不动", "root_motion_m": [0.0, 0.0], "fps": 60, "frames": [0, 180]}, "failed": []}
Info: Saved as "bigman_anim_v001.blend"
INFO Draco mesh compression is available, use library at D:\Program Files\Blender Foundation\Blender 4.5\4.5\scripts\addons_core\io_scene_gltf2\extern_draco.dll
12:59:02 | INFO: Starting glTF 2.0 export
12:59:02 | INFO: Extracting primitive: Mesh
12:59:02 | INFO: Primitives created: 1
12:59:02 | INFO: Extracting primitive: Mesh
12:59:02 | INFO: Primitives created: 1
12:59:02 | INFO: Extracting primitive: Collar_Point_L
12:59:02 | INFO: Primitives created: 1
12:59:02 | INFO: Extracting primitive: Collar_Point_R
12:59:02 | INFO: Primitives created: 1
12:59:02 | INFO: Extracting primitive: Ear_Inner_L
12:59:02 | INFO: Primitives created: 1
12:59:02 | INFO: Extracting primitive: Ear_Inner_R
12:59:02 | INFO: Primitives created: 1
12:59:02 | INFO: Extracting primitive: Ear_L
12:59:02 | INFO: Primitives created: 1
12:59:02 | INFO: Extracting primitive: Ear_Lobe_L
12:59:02 | INFO: Primitives created: 1
12:59:02 | INFO: Extracting primitive: Ear_Lobe_R
12:59:02 | INFO: Primitives created: 1
12:59:02 | INFO: Extracting primitive: Ear_R
12:59:02 | INFO: Primitives created: 1
12:59:02 | INFO: Extracting primitive: Eye_Glint_L
12:59:02 | INFO: Primitives created: 1
12:59:02 | INFO: Extracting primitive: Eye_Glint_R
12:59:02 | INFO: Primitives created: 1
12:59:02 | INFO: Extracting primitive: Eye_Line_Upper_L
12:59:02 | INFO: Primitives created: 1
12:59:02 | INFO: Extracting primitive: Eye_Line_Upper_R
12:59:02 | INFO: Primitives created: 1
12:59:02 | INFO: Extracting primitive: Eye_White_L
12:59:02 | INFO: Primitives created: 1
12:59:02 | INFO: Extracting primitive: Eye_White_R
12:59:02 | INFO: Primitives created: 1
12:59:02 | INFO: Extracting primitive: Eyebrow_L
12:59:02 | INFO: Primitives created: 1
12:59:02 | INFO: Extracting primitive: Eyebrow_R
12:59:02 | INFO: Primitives created: 1
12:59:02 | INFO: Extracting primitive: Eyelid_Lower_L
12:59:02 | INFO: Primitives created: 1
12:59:02 | INFO: Extracting primitive: Eyelid_Lower_R
12:59:02 | INFO: Primitives created: 1
12:59:02 | INFO: Extracting primitive: Eyelid_Upper_L
12:59:02 | INFO: Primitives created: 1
12:59:02 | INFO: Extracting primitive: Eyelid_Upper_R
12:59:02 | INFO: Primitives created: 1
12:59:02 | INFO: Extracting primitive: Mesh
12:59:02 | INFO: Primitives created: 1
12:59:02 | INFO: Extracting primitive: Mesh
12:59:02 | INFO: Primitives created: 1
12:59:02 | INFO: Extracting primitive: Mesh
12:59:02 | INFO: Primitives created: 1
12:59:02 | INFO: Extracting primitive: Mesh
12:59:02 | INFO: Primitives created: 1
12:59:02 | INFO: Extracting primitive: Mesh
12:59:02 | INFO: Primitives created: 1
12:59:02 | INFO: Extracting primitive: Mesh
12:59:02 | INFO: Primitives created: 1
12:59:02 | INFO: Extracting primitive: Mesh
12:59:02 | INFO: Primitives created: 1
12:59:02 | INFO: Extracting primitive: Mesh
12:59:02 | INFO: Primitives created: 1
12:59:02 | INFO: Extracting primitive: Glasses_Bridge
12:59:02 | INFO: Primitives created: 1
12:59:02 | INFO: Extracting primitive: Glasses_Frame_L
12:59:02 | INFO: Primitives created: 1
12:59:02 | INFO: Extracting primitive: Glasses_Frame_R
12:59:02 | INFO: Primitives created: 1
12:59:02 | INFO: Extracting primitive: Glasses_Temple_L
12:59:02 | INFO: Primitives created: 1
12:59:02 | INFO: Extracting primitive: Glasses_Temple_R
12:59:02 | INFO: Primitives created: 1
12:59:02 | INFO: Extracting primitive: Mesh
12:59:02 | INFO: Primitives created: 1
12:59:02 | INFO: Extracting primitive: Mesh
12:59:02 | INFO: Primitives created: 1
12:59:02 | INFO: Extracting primitive: Mesh
12:59:02 | INFO: Primitives created: 1
12:59:02 | INFO: Extracting primitive: Mesh
12:59:02 | INFO: Primitives created: 1
12:59:02 | INFO: Extracting primitive: Mesh
12:59:02 | INFO: Primitives created: 1
12:59:02 | INFO: Extracting primitive: Iris_L
12:59:02 | INFO: Primitives created: 1
12:59:02 | INFO: Extracting primitive: Iris_R
12:59:02 | INFO: Primitives created: 1
12:59:02 | INFO: Extracting primitive: Iris_Ring_L
12:59:02 | INFO: Primitives created: 1
12:59:02 | INFO: Extracting primitive: Iris_Ring_R
12:59:02 | INFO: Primitives created: 1
12:59:02 | INFO: Extracting primitive: Jacket_Back_Seam
12:59:02 | INFO: Primitives created: 1
12:59:02 | INFO: Extracting primitive: Jacket_Button_1
12:59:02 | INFO: Primitives created: 1
12:59:02 | INFO: Extracting primitive: Jacket_Button_2
12:59:02 | INFO: Primitives created: 1
12:59:02 | INFO: Extracting primitive: Jacket_Collar
12:59:02 | INFO: Primitives created: 1
12:59:02 | INFO: Extracting primitive: Jacket_Lapel_L
12:59:02 | INFO: Primitives created: 1
12:59:02 | INFO: Extracting primitive: Jacket_Lapel_R
12:59:02 | INFO: Primitives created: 1
12:59:02 | INFO: Extracting primitive: Jacket_Vent
12:59:02 | INFO: Primitives created: 1
12:59:02 | INFO: Extracting primitive: Lapel_Fold_L
12:59:02 | INFO: Primitives created: 1
12:59:02 | INFO: Extracting primitive: Lapel_Fold_R
12:59:02 | INFO: Primitives created: 1
12:59:02 | INFO: Extracting primitive: Lapel_Notch_L
12:59:02 | INFO: Primitives created: 1
12:59:02 | INFO: Extracting primitive: Lapel_Notch_R
12:59:02 | INFO: Primitives created: 1
12:59:02 | INFO: Extracting primitive: Lower_Lip
12:59:02 | INFO: Primitives created: 1
12:59:02 | INFO: Extracting primitive: Mouth_Line
12:59:02 | INFO: Primitives created: 1
12:59:02 | INFO: Extracting primitive: Mesh
12:59:02 | INFO: Primitives created: 1
12:59:02 | INFO: Extracting primitive: Mesh
12:59:02 | INFO: Primitives created: 1
12:59:02 | INFO: Extracting primitive: Nose_Wing_L
12:59:02 | INFO: Primitives created: 1
12:59:02 | INFO: Extracting primitive: Nose_Wing_R
12:59:02 | INFO: Primitives created: 1
12:59:02 | INFO: Extracting primitive: Pocket_Flap_L
12:59:02 | INFO: Primitives created: 1
12:59:02 | INFO: Extracting primitive: Pocket_Flap_R
12:59:02 | INFO: Primitives created: 1
12:59:02 | INFO: Extracting primitive: Pupil_L
12:59:02 | INFO: Primitives created: 1
12:59:02 | INFO: Extracting primitive: Pupil_R
12:59:02 | INFO: Primitives created: 1
12:59:02 | INFO: Extracting primitive: Shirt_Collar
12:59:02 | INFO: Primitives created: 1
12:59:02 | INFO: Extracting primitive: Shirt_Cuff_L
12:59:02 | INFO: Primitives created: 1
12:59:02 | INFO: Extracting primitive: Shirt_Cuff_R
12:59:02 | INFO: Primitives created: 1
12:59:02 | INFO: Extracting primitive: Shirt_Front
12:59:02 | INFO: Primitives created: 1
12:59:02 | INFO: Extracting primitive: Mesh
12:59:02 | INFO: Primitives created: 1
12:59:02 | INFO: Extracting primitive: Mesh
12:59:02 | INFO: Primitives created: 1
12:59:02 | INFO: Extracting primitive: Mesh
12:59:02 | INFO: Primitives created: 1
12:59:02 | INFO: Extracting primitive: Mesh
12:59:02 | INFO: Primitives created: 1
12:59:03 | INFO: Extracting primitive: Shoe_Toe_Cap_L
12:59:03 | INFO: Primitives created: 1
12:59:03 | INFO: Extracting primitive: Shoe_Toe_Cap_R
12:59:03 | INFO: Primitives created: 1
12:59:03 | INFO: Extracting primitive: Mesh
12:59:03 | INFO: Primitives created: 1
12:59:03 | INFO: Extracting primitive: Mesh
12:59:03 | INFO: Primitives created: 1
12:59:03 | INFO: Extracting primitive: Sleeve_Button_1_L
12:59:03 | INFO: Primitives created: 1
12:59:03 | INFO: Extracting primitive: Sleeve_Button_1_R
12:59:03 | INFO: Primitives created: 1
12:59:03 | INFO: Extracting primitive: Sleeve_Button_2_L
12:59:03 | INFO: Primitives created: 1
12:59:03 | INFO: Extracting primitive: Sleeve_Button_2_R
12:59:03 | INFO: Primitives created: 1
12:59:03 | INFO: Extracting primitive: Sleeve_Button_3_L
12:59:03 | INFO: Primitives created: 1
12:59:03 | INFO: Extracting primitive: Sleeve_Button_3_R
12:59:03 | INFO: Primitives created: 1
12:59:03 | INFO: Extracting primitive: Mesh
12:59:03 | INFO: Primitives created: 1
12:59:03 | INFO: Extracting primitive: Mesh
12:59:03 | INFO: Primitives created: 1
12:59:03 | INFO: Extracting primitive: Mesh
12:59:03 | INFO: Primitives created: 1
12:59:03 | INFO: Extracting primitive: Mesh
12:59:03 | INFO: Primitives created: 1
12:59:03 | INFO: Extracting primitive: Mesh
12:59:03 | INFO: Primitives created: 1
12:59:03 | INFO: Extracting primitive: Mesh
12:59:03 | INFO: Primitives created: 1
12:59:03 | INFO: Extracting primitive: Mesh
12:59:03 | INFO: Primitives created: 1
12:59:03 | INFO: Extracting primitive: Upper_Lip
12:59:03 | INFO: Primitives created: 1
12:59:10 | WARNING: Baking animation because there are keyframes with different interpolation methods in one channel
12:59:10 | WARNING: Baking animation because there are keyframes with different interpolation methods in one channel
12:59:10 | WARNING: Baking animation because there are keyframes with different interpolation methods in one channel
12:59:10 | WARNING: Baking animation because there are keyframes with different interpolation methods in one channel
12:59:10 | WARNING: Baking animation because there are keyframes with different interpolation methods in one channel
12:59:10 | WARNING: Baking animation because there are keyframes with different interpolation methods in one channel
12:59:10 | WARNING: Baking animation because there are keyframes with different interpolation methods in one channel
12:59:10 | WARNING: Baking animation because there are keyframes with different interpolation methods in one channel
12:59:10 | WARNING: Baking animation because there are keyframes with different interpolation methods in one channel
12:59:10 | WARNING: Baking animation because there are keyframes with different interpolation methods in one channel
12:59:10 | WARNING: Baking animation because there are keyframes with different interpolation methods in one channel
12:59:10 | WARNING: Baking animation because there are keyframes with different interpolation methods in one channel
12:59:10 | WARNING: Baking animation because there are keyframes with different interpolation methods in one channel
12:59:10 | WARNING: Baking animation because there are keyframes with different interpolation methods in one channel
12:59:10 | WARNING: Baking animation because there are keyframes with different interpolation methods in one channel
12:59:10 | WARNING: Baking animation because there are keyframes with different interpolation methods in one channel
12:59:10 | WARNING: Baking animation because there are keyframes with different interpolation methods in one channel
12:59:10 | WARNING: Baking animation because there are keyframes with different interpolation methods in one channel
12:59:10 | WARNING: Baking animation because there are keyframes with different interpolation methods in one channel
12:59:10 | WARNING: Baking animation because there are keyframes with different interpolation methods in one channel
12:59:10 | WARNING: Baking animation because there are keyframes with different interpolation methods in one channel
12:59:10 | WARNING: Baking animation because there are keyframes with different interpolation methods in one channel
12:59:10 | WARNING: Baking animation because there are keyframes with different interpolation methods in one channel
12:59:10 | WARNING: Baking animation because there are keyframes with different interpolation methods in one channel
12:59:10 | WARNING: Baking animation because there are keyframes with different interpolation methods in one channel
12:59:10 | WARNING: Baking animation because there are keyframes with different interpolation methods in one channel
12:59:10 | WARNING: Baking animation because there are keyframes with different interpolation methods in one channel
12:59:10 | WARNING: Baking animation because there are keyframes with different interpolation methods in one channel
12:59:10 | WARNING: Baking animation because there are keyframes with different interpolation methods in one channel
12:59:10 | WARNING: Baking animation because there are keyframes with different interpolation methods in one channel
12:59:10 | WARNING: Baking animation because there are keyframes with different interpolation methods in one channel
12:59:10 | WARNING: Baking animation because there are keyframes with different interpolation methods in one channel
12:59:10 | WARNING: Baking animation because there are keyframes with different interpolation methods in one channel
12:59:10 | WARNING: Baking animation because there are keyframes with different interpolation methods in one channel
12:59:10 | WARNING: Baking animation because there are keyframes with different interpolation methods in one channel
12:59:10 | WARNING: Baking animation because there are keyframes with different interpolation methods in one channel
12:59:10 | WARNING: Baking animation because there are keyframes with different interpolation methods in one channel
12:59:10 | WARNING: Baking animation because there are keyframes with different interpolation methods in one channel
12:59:10 | WARNING: Baking animation because there are keyframes with different interpolation methods in one channel
12:59:10 | WARNING: Baking animation because there are keyframes with different interpolation methods in one channel
12:59:10 | WARNING: Baking animation because there are keyframes with different interpolation methods in one channel
12:59:10 | WARNING: Baking animation because there are keyframes with different interpolation methods in one channel
12:59:10 | WARNING: Baking animation because there are keyframes with different interpolation methods in one channel
12:59:10 | WARNING: Baking animation because there are keyframes with different interpolation methods in one channel
12:59:10 | WARNING: Baking animation because there are keyframes with different interpolation methods in one channel
12:59:10 | WARNING: Baking animation because there are keyframes with different interpolation methods in one channel
12:59:10 | WARNING: Baking animation because there are keyframes with different interpolation methods in one channel
12:59:10 | WARNING: Baking animation because there are keyframes with different interpolation methods in one channel
12:59:10 | WARNING: Baking animation because there are keyframes with different interpolation methods in one channel
12:59:10 | WARNING: Baking animation because there are keyframes with different interpolation methods in one channel
12:59:10 | WARNING: Baking animation because there are keyframes with different interpolation methods in one channel
12:59:10 | WARNING: Baking animation because there are keyframes with different interpolation methods in one channel
12:59:10 | WARNING: Baking animation because there are keyframes with different interpolation methods in one channel
12:59:11 | WARNING: Baking animation because there are keyframes with different interpolation methods in one channel
12:59:11 | WARNING: Baking animation because there are keyframes with different interpolation methods in one channel
12:59:11 | WARNING: Baking animation because there are keyframes with different interpolation methods in one channel
12:59:11 | WARNING: Baking animation because there are keyframes with different interpolation methods in one channel
12:59:11 | WARNING: Baking animation because there are keyframes with different interpolation methods in one channel
12:59:11 | WARNING: Baking animation because there are keyframes with different interpolation methods in one channel
12:59:11 | WARNING: Baking animation because there are keyframes with different interpolation methods in one channel
12:59:11 | WARNING: Baking animation because there are keyframes with different interpolation methods in one channel
12:59:11 | WARNING: Baking animation because there are keyframes with different interpolation methods in one channel
12:59:11 | WARNING: Baking animation because there are keyframes with different interpolation methods in one channel
12:59:11 | WARNING: Baking animation because there are keyframes with different interpolation methods in one channel
12:59:11 | WARNING: Baking animation because there are keyframes with different interpolation methods in one channel
12:59:11 | WARNING: Baking animation because there are keyframes with different interpolation methods in one channel
12:59:11 | WARNING: Baking animation because there are keyframes with different interpolation methods in one channel
12:59:11 | WARNING: Baking animation because there are keyframes with different interpolation methods in one channel
12:59:11 | WARNING: Baking animation because there are keyframes with different interpolation methods in one channel
12:59:11 | WARNING: Baking animation because there are keyframes with different interpolation methods in one channel
12:59:11 | WARNING: Baking animation because there are keyframes with different interpolation methods in one channel
12:59:11 | WARNING: Baking animation because there are keyframes with different interpolation methods in one channel
12:59:11 | WARNING: Baking animation because there are keyframes with different interpolation methods in one channel
12:59:11 | WARNING: Baking animation because there are keyframes with different interpolation methods in one channel
12:59:11 | WARNING: Baking animation because there are keyframes with different interpolation methods in one channel
12:59:11 | WARNING: Baking animation because there are keyframes with different interpolation methods in one channel
12:59:11 | WARNING: Baking animation because there are keyframes with different interpolation methods in one channel
12:59:11 | WARNING: Baking animation because there are keyframes with different interpolation methods in one channel
12:59:11 | WARNING: Baking animation because there are keyframes with different interpolation methods in one channel
12:59:11 | WARNING: Baking animation because there are keyframes with different interpolation methods in one channel
12:59:11 | WARNING: Baking animation because there are keyframes with different interpolation methods in one channel
12:59:11 | WARNING: Baking animation because there are keyframes with different interpolation methods in one channel
12:59:11 | WARNING: Baking animation because there are keyframes with different interpolation methods in one channel
12:59:11 | WARNING: Baking animation because there are keyframes with different interpolation methods in one channel
12:59:11 | WARNING: Baking animation because there are keyframes with different interpolation methods in one channel
12:59:11 | WARNING: Baking animation because there are keyframes with different interpolation methods in one channel
12:59:11 | WARNING: Baking animation because there are keyframes with different interpolation methods in one channel
12:59:11 | WARNING: Baking animation because there are keyframes with different interpolation methods in one channel
12:59:11 | WARNING: Baking animation because there are keyframes with different interpolation methods in one channel
12:59:11 | WARNING: Baking animation because there are keyframes with different interpolation methods in one channel
12:59:11 | WARNING: Baking animation because there are keyframes with different interpolation methods in one channel
12:59:11 | WARNING: Baking animation because there are keyframes with different interpolation methods in one channel
12:59:11 | WARNING: Baking animation because there are keyframes with different interpolation methods in one channel
12:59:11 | WARNING: Baking animation because there are keyframes with different interpolation methods in one channel
12:59:11 | WARNING: Baking animation because there are keyframes with different interpolation methods in one channel
12:59:11 | WARNING: Baking animation because there are keyframes with different interpolation methods in one channel
12:59:11 | WARNING: Baking animation because there are keyframes with different interpolation methods in one channel
12:59:11 | WARNING: Baking animation because there are keyframes with different interpolation methods in one channel
12:59:11 | WARNING: Baking animation because there are keyframes with different interpolation methods in one channel
12:59:11 | WARNING: Baking animation because there are keyframes with different interpolation methods in one channel
12:59:11 | WARNING: Baking animation because there are keyframes with different interpolation methods in one channel
12:59:11 | WARNING: Baking animation because there are keyframes with different interpolation methods in one channel
12:59:11 | WARNING: Baking animation because there are keyframes with different interpolation methods in one channel
12:59:11 | WARNING: Baking animation because there are keyframes with different interpolation methods in one channel
12:59:11 | WARNING: Baking animation because there are keyframes with different interpolation methods in one channel
12:59:11 | WARNING: Baking animation because there are keyframes with different interpolation methods in one channel
12:59:11 | WARNING: Baking animation because there are keyframes with different interpolation methods in one channel
12:59:11 | WARNING: Baking animation because there are keyframes with different interpolation methods in one channel
12:59:11 | WARNING: Baking animation because there are keyframes with different interpolation methods in one channel
12:59:11 | WARNING: Baking animation because there are keyframes with different interpolation methods in one channel
12:59:11 | WARNING: Baking animation because there are keyframes with different interpolation methods in one channel
12:59:11 | WARNING: Baking animation because there are keyframes with different interpolation methods in one channel
12:59:11 | WARNING: Baking animation because there are keyframes with different interpolation methods in one channel
12:59:11 | WARNING: Baking animation because there are keyframes with different interpolation methods in one channel
12:59:11 | WARNING: Baking animation because there are keyframes with different interpolation methods in one channel
12:59:11 | WARNING: Baking animation because there are keyframes with different interpolation methods in one channel
12:59:11 | WARNING: Baking animation because there are keyframes with different interpolation methods in one channel
12:59:11 | WARNING: Baking animation because there are keyframes with different interpolation methods in one channel
12:59:11 | WARNING: Baking animation because there are keyframes with different interpolation methods in one channel
12:59:11 | WARNING: Baking animation because there are keyframes with different interpolation methods in one channel
12:59:11 | WARNING: Baking animation because there are keyframes with different interpolation methods in one channel
12:59:11 | WARNING: Baking animation because there are keyframes with different interpolation methods in one channel
12:59:11 | WARNING: Baking animation because there are keyframes with different interpolation methods in one channel
12:59:11 | WARNING: Baking animation because there are keyframes with different interpolation methods in one channel
12:59:11 | WARNING: Baking animation because there are keyframes with different interpolation methods in one channel
12:59:11 | WARNING: Baking animation because there are keyframes with different interpolation methods in one channel
12:59:11 | WARNING: Baking animation because there are keyframes with different interpolation methods in one channel
12:59:11 | WARNING: Baking animation because there are keyframes with different interpolation methods in one channel
12:59:11 | WARNING: Baking animation because there are keyframes with different interpolation methods in one channel
12:59:11 | WARNING: Baking animation because there are keyframes with different interpolation methods in one channel
12:59:11 | WARNING: Baking animation because there are keyframes with different interpolation methods in one channel
12:59:11 | WARNING: Baking animation because there are keyframes with different interpolation methods in one channel
12:59:11 | WARNING: Baking animation because there are keyframes with different interpolation methods in one channel
12:59:11 | WARNING: Baking animation because there are keyframes with different interpolation methods in one channel
12:59:11 | WARNING: Baking animation because there are keyframes with different interpolation methods in one channel
12:59:11 | WARNING: Baking animation because there are keyframes with different interpolation methods in one channel
12:59:11 | WARNING: Baking animation because there are keyframes with different interpolation methods in one channel
12:59:11 | WARNING: Baking animation because there are keyframes with different interpolation methods in one channel
12:59:11 | WARNING: Baking animation because there are keyframes with different interpolation methods in one channel
12:59:11 | WARNING: Baking animation because there are keyframes with different interpolation methods in one channel
12:59:11 | WARNING: Baking animation because there are keyframes with different interpolation methods in one channel
12:59:11 | WARNING: Baking animation because there are keyframes with different interpolation methods in one channel
12:59:11 | WARNING: Baking animation because there are keyframes with different interpolation methods in one channel
12:59:11 | WARNING: Baking animation because there are keyframes with different interpolation methods in one channel
12:59:11 | WARNING: Baking animation because there are keyframes with different interpolation methods in one channel
12:59:11 | WARNING: Baking animation because there are keyframes with different interpolation methods in one channel
12:59:11 | WARNING: Baking animation because there are keyframes with different interpolation methods in one channel
12:59:11 | WARNING: Baking animation because there are keyframes with different interpolation methods in one channel
12:59:11 | WARNING: Baking animation because there are keyframes with different interpolation methods in one channel
12:59:11 | WARNING: Baking animation because there are keyframes with different interpolation methods in one channel
12:59:11 | WARNING: Baking animation because there are keyframes with different interpolation methods in one channel
12:59:11 | WARNING: Baking animation because there are keyframes with different interpolation methods in one channel
12:59:11 | WARNING: Baking animation because there are keyframes with different interpolation methods in one channel
12:59:11 | WARNING: Baking animation because there are keyframes with different interpolation methods in one channel
12:59:11 | WARNING: Baking animation because there are keyframes with different interpolation methods in one channel
12:59:11 | WARNING: Baking animation because there are keyframes with different interpolation methods in one channel
12:59:11 | WARNING: Baking animation because there are keyframes with different interpolation methods in one channel
12:59:11 | WARNING: Baking animation because there are keyframes with different interpolation methods in one channel
12:59:11 | WARNING: Baking animation because there are keyframes with different interpolation methods in one channel
12:59:11 | WARNING: Baking animation because there are keyframes with different interpolation methods in one channel
12:59:11 | WARNING: Baking animation because there are keyframes with different interpolation methods in one channel
12:59:11 | WARNING: Baking animation because there are keyframes with different interpolation methods in one channel
12:59:11 | WARNING: Baking animation because there are keyframes with different interpolation methods in one channel
12:59:11 | WARNING: Baking animation because there are keyframes with different interpolation methods in one channel
12:59:11 | WARNING: Baking animation because there are keyframes with different interpolation methods in one channel
12:59:11 | WARNING: Baking animation because there are keyframes with different interpolation methods in one channel
12:59:11 | WARNING: Baking animation because there are keyframes with different interpolation methods in one channel
12:59:11 | WARNING: Baking animation because there are keyframes with different interpolation methods in one channel
12:59:11 | WARNING: Baking animation because there are keyframes with different interpolation methods in one channel
12:59:11 | WARNING: Baking animation because there are keyframes with different interpolation methods in one channel
12:59:11 | WARNING: Baking animation because there are keyframes with different interpolation methods in one channel
12:59:11 | WARNING: Baking animation because there are keyframes with different interpolation methods in one channel
12:59:11 | WARNING: Baking animation because there are keyframes with different interpolation methods in one channel
12:59:11 | WARNING: Baking animation because there are keyframes with different interpolation methods in one channel
12:59:11 | WARNING: Baking animation because there are keyframes with different interpolation methods in one channel
12:59:11 | WARNING: Baking animation because there are keyframes with different interpolation methods in one channel
12:59:11 | WARNING: Baking animation because there are keyframes with different interpolation methods in one channel
12:59:11 | WARNING: Baking animation because there are keyframes with different interpolation methods in one channel
12:59:11 | WARNING: Baking animation because there are keyframes with different interpolation methods in one channel
12:59:11 | WARNING: Baking animation because there are keyframes with different interpolation methods in one channel
12:59:11 | WARNING: Baking animation because there are keyframes with different interpolation methods in one channel
12:59:11 | WARNING: Baking animation because there are keyframes with different interpolation methods in one channel
12:59:11 | WARNING: Baking animation because there are keyframes with different interpolation methods in one channel
12:59:11 | WARNING: Baking animation because there are keyframes with different interpolation methods in one channel
12:59:11 | WARNING: Baking animation because there are keyframes with different interpolation methods in one channel
12:59:11 | WARNING: Baking animation because there are keyframes with different interpolation methods in one channel
12:59:11 | WARNING: Baking animation because there are keyframes with different interpolation methods in one channel
12:59:11 | WARNING: Baking animation because there are keyframes with different interpolation methods in one channel
12:59:11 | WARNING: Baking animation because there are keyframes with different interpolation methods in one channel
12:59:11 | WARNING: Baking animation because there are keyframes with different interpolation methods in one channel
12:59:11 | WARNING: Baking animation because there are keyframes with different interpolation methods in one channel
12:59:11 | WARNING: Baking animation because there are keyframes with different interpolation methods in one channel
12:59:11 | WARNING: Baking animation because there are keyframes with different interpolation methods in one channel
12:59:11 | WARNING: Baking animation because there are keyframes with different interpolation methods in one channel
12:59:11 | WARNING: Baking animation because there are keyframes with different interpolation methods in one channel
12:59:11 | WARNING: Baking animation because there are keyframes with different interpolation methods in one channel
12:59:11 | WARNING: Baking animation because there are keyframes with different interpolation methods in one channel
12:59:11 | WARNING: Baking animation because there are keyframes with different interpolation methods in one channel
12:59:11 | WARNING: Baking animation because there are keyframes with different interpolation methods in one channel
12:59:11 | WARNING: Baking animation because there are keyframes with different interpolation methods in one channel
12:59:11 | WARNING: Baking animation because there are keyframes with different interpolation methods in one channel
12:59:11 | WARNING: Baking animation because there are keyframes with different interpolation methods in one channel
12:59:11 | WARNING: Baking animation because there are keyframes with different interpolation methods in one channel
12:59:11 | WARNING: Baking animation because there are keyframes with different interpolation methods in one channel
12:59:11 | WARNING: Baking animation because there are keyframes with different interpolation methods in one channel
12:59:11 | WARNING: Baking animation because there are keyframes with different interpolation methods in one channel
12:59:11 | WARNING: Baking animation because there are keyframes with different interpolation methods in one channel
12:59:11 | WARNING: Baking animation because there are keyframes with different interpolation methods in one channel
12:59:11 | WARNING: Baking animation because there are keyframes with different interpolation methods in one channel
12:59:11 | WARNING: Baking animation because there are keyframes with different interpolation methods in one channel
12:59:11 | WARNING: Baking animation because there are keyframes with different interpolation methods in one channel
12:59:11 | WARNING: Baking animation because there are keyframes with different interpolation methods in one channel
12:59:14 | WARNING: Baking animation because there are keyframes with different interpolation methods in one channel
12:59:14 | WARNING: Baking animation because there are keyframes with different interpolation methods in one channel
12:59:14 | WARNING: Baking animation because there are keyframes with different interpolation methods in one channel
12:59:14 | WARNING: Baking animation because there are keyframes with different interpolation methods in one channel
12:59:14 | WARNING: Baking animation because there are keyframes with different interpolation methods in one channel
12:59:14 | WARNING: Baking animation because there are keyframes with different interpolation methods in one channel
12:59:14 | WARNING: Baking animation because there are keyframes with different interpolation methods in one channel
12:59:14 | WARNING: Baking animation because there are keyframes with different interpolation methods in one channel
12:59:14 | WARNING: Baking animation because there are keyframes with different interpolation methods in one channel
12:59:14 | WARNING: Baking animation because there are keyframes with different interpolation methods in one channel
12:59:14 | WARNING: Baking animation because there are keyframes with different interpolation methods in one channel
12:59:14 | WARNING: Baking animation because there are keyframes with different interpolation methods in one channel
12:59:14 | WARNING: Baking animation because there are keyframes with different interpolation methods in one channel
12:59:14 | WARNING: Baking animation because there are keyframes with different interpolation methods in one channel
12:59:14 | WARNING: Baking animation because there are keyframes with different interpolation methods in one channel
12:59:14 | WARNING: Baking animation because there are keyframes with different interpolation methods in one channel
12:59:14 | WARNING: Baking animation because there are keyframes with different interpolation methods in one channel
12:59:14 | WARNING: Baking animation because there are keyframes with different interpolation methods in one channel
12:59:14 | WARNING: Baking animation because there are keyframes with different interpolation methods in one channel
12:59:14 | WARNING: Baking animation because there are keyframes with different interpolation methods in one channel
12:59:14 | WARNING: Baking animation because there are keyframes with different interpolation methods in one channel
12:59:14 | WARNING: Baking animation because there are keyframes with different interpolation methods in one channel
12:59:14 | WARNING: Baking animation because there are keyframes with different interpolation methods in one channel
12:59:14 | WARNING: Baking animation because there are keyframes with different interpolation methods in one channel
12:59:14 | WARNING: Baking animation because there are keyframes with different interpolation methods in one channel
12:59:14 | WARNING: Baking animation because there are keyframes with different interpolation methods in one channel
12:59:14 | WARNING: Baking animation because there are keyframes with different interpolation methods in one channel
12:59:14 | WARNING: Baking animation because there are keyframes with different interpolation methods in one channel
12:59:14 | WARNING: Baking animation because there are keyframes with different interpolation methods in one channel
12:59:14 | WARNING: Baking animation because there are keyframes with different interpolation methods in one channel
12:59:14 | WARNING: Baking animation because there are keyframes with different interpolation methods in one channel
12:59:14 | WARNING: Baking animation because there are keyframes with different interpolation methods in one channel
12:59:14 | WARNING: Baking animation because there are keyframes with different interpolation methods in one channel
12:59:14 | WARNING: Baking animation because there are keyframes with different interpolation methods in one channel
12:59:14 | WARNING: Baking animation because there are keyframes with different interpolation methods in one channel
12:59:14 | WARNING: Baking animation because there are keyframes with different interpolation methods in one channel
12:59:14 | WARNING: Baking animation because there are keyframes with different interpolation methods in one channel
12:59:14 | WARNING: Baking animation because there are keyframes with different interpolation methods in one channel
12:59:14 | WARNING: Baking animation because there are keyframes with different interpolation methods in one channel
12:59:14 | WARNING: Baking animation because there are keyframes with different interpolation methods in one channel
12:59:14 | WARNING: Baking animation because there are keyframes with different interpolation methods in one channel
12:59:14 | WARNING: Baking animation because there are keyframes with different interpolation methods in one channel
12:59:14 | WARNING: Baking animation because there are keyframes with different interpolation methods in one channel
12:59:14 | WARNING: Baking animation because there are keyframes with different interpolation methods in one channel
12:59:14 | WARNING: Baking animation because there are keyframes with different interpolation methods in one channel
12:59:14 | WARNING: Baking animation because there are keyframes with different interpolation methods in one channel
12:59:14 | WARNING: Baking animation because there are keyframes with different interpolation methods in one channel
12:59:14 | WARNING: Baking animation because there are keyframes with different interpolation methods in one channel
12:59:14 | WARNING: Baking animation because there are keyframes with different interpolation methods in one channel
12:59:14 | WARNING: Baking animation because there are keyframes with different interpolation methods in one channel
12:59:14 | WARNING: Baking animation because there are keyframes with different interpolation methods in one channel
12:59:14 | WARNING: Baking animation because there are keyframes with different interpolation methods in one channel
12:59:14 | WARNING: Baking animation because there are keyframes with different interpolation methods in one channel
12:59:15 | WARNING: Baking animation because there are keyframes with different interpolation methods in one channel
12:59:15 | WARNING: Baking animation because there are keyframes with different interpolation methods in one channel
12:59:15 | WARNING: Baking animation because there are keyframes with different interpolation methods in one channel
12:59:15 | WARNING: Baking animation because there are keyframes with different interpolation methods in one channel
12:59:15 | WARNING: Baking animation because there are keyframes with different interpolation methods in one channel
12:59:15 | WARNING: Baking animation because there are keyframes with different interpolation methods in one channel
12:59:15 | WARNING: Baking animation because there are keyframes with different interpolation methods in one channel
12:59:15 | WARNING: Baking animation because there are keyframes with different interpolation methods in one channel
12:59:15 | WARNING: Baking animation because there are keyframes with different interpolation methods in one channel
12:59:15 | WARNING: Baking animation because there are keyframes with different interpolation methods in one channel
12:59:15 | WARNING: Baking animation because there are keyframes with different interpolation methods in one channel
12:59:15 | WARNING: Baking animation because there are keyframes with different interpolation methods in one channel
12:59:15 | WARNING: Baking animation because there are keyframes with different interpolation methods in one channel
12:59:15 | WARNING: Baking animation because there are keyframes with different interpolation methods in one channel
12:59:15 | WARNING: Baking animation because there are keyframes with different interpolation methods in one channel
12:59:15 | WARNING: Baking animation because there are keyframes with different interpolation methods in one channel
12:59:15 | WARNING: Baking animation because there are keyframes with different interpolation methods in one channel
12:59:15 | WARNING: Baking animation because there are keyframes with different interpolation methods in one channel
12:59:15 | WARNING: Baking animation because there are keyframes with different interpolation methods in one channel
12:59:15 | WARNING: Baking animation because there are keyframes with different interpolation methods in one channel
12:59:15 | WARNING: Baking animation because there are keyframes with different interpolation methods in one channel
12:59:15 | WARNING: Baking animation because there are keyframes with different interpolation methods in one channel
12:59:15 | WARNING: Baking animation because there are keyframes with different interpolation methods in one channel
12:59:15 | WARNING: Baking animation because there are keyframes with different interpolation methods in one channel
12:59:15 | WARNING: Baking animation because there are keyframes with different interpolation methods in one channel
12:59:15 | WARNING: Baking animation because there are keyframes with different interpolation methods in one channel
12:59:15 | WARNING: Baking animation because there are keyframes with different interpolation methods in one channel
12:59:15 | WARNING: Baking animation because there are keyframes with different interpolation methods in one channel
12:59:15 | WARNING: Baking animation because there are keyframes with different interpolation methods in one channel
12:59:15 | WARNING: Baking animation because there are keyframes with different interpolation methods in one channel
12:59:15 | WARNING: Baking animation because there are keyframes with different interpolation methods in one channel
12:59:15 | WARNING: Baking animation because there are keyframes with different interpolation methods in one channel
12:59:15 | WARNING: Baking animation because there are keyframes with different interpolation methods in one channel
12:59:15 | WARNING: Baking animation because there are keyframes with different interpolation methods in one channel
12:59:15 | WARNING: Baking animation because there are keyframes with different interpolation methods in one channel
12:59:15 | WARNING: Baking animation because there are keyframes with different interpolation methods in one channel
12:59:15 | WARNING: Baking animation because there are keyframes with different interpolation methods in one channel
12:59:15 | WARNING: Baking animation because there are keyframes with different interpolation methods in one channel
12:59:15 | WARNING: Baking animation because there are keyframes with different interpolation methods in one channel
12:59:15 | WARNING: Baking animation because there are keyframes with different interpolation methods in one channel
12:59:15 | WARNING: Baking animation because there are keyframes with different interpolation methods in one channel
12:59:15 | WARNING: Baking animation because there are keyframes with different interpolation methods in one channel
12:59:15 | WARNING: Baking animation because there are keyframes with different interpolation methods in one channel
12:59:15 | WARNING: Baking animation because there are keyframes with different interpolation methods in one channel
12:59:15 | WARNING: Baking animation because there are keyframes with different interpolation methods in one channel
12:59:15 | WARNING: Baking animation because there are keyframes with different interpolation methods in one channel
12:59:15 | WARNING: Baking animation because there are keyframes with different interpolation methods in one channel
12:59:15 | WARNING: Baking animation because there are keyframes with different interpolation methods in one channel
12:59:15 | WARNING: Baking animation because there are keyframes with different interpolation methods in one channel
12:59:15 | WARNING: Baking animation because there are keyframes with different interpolation methods in one channel
12:59:15 | WARNING: Baking animation because there are keyframes with different interpolation methods in one channel
12:59:15 | WARNING: Baking animation because there are keyframes with different interpolation methods in one channel
12:59:15 | WARNING: Baking animation because there are keyframes with different interpolation methods in one channel
12:59:19 | WARNING: Baking animation because there are keyframes with different interpolation methods in one channel
12:59:19 | WARNING: Baking animation because there are keyframes with different interpolation methods in one channel
12:59:19 | WARNING: Baking animation because there are keyframes with different interpolation methods in one channel
12:59:19 | WARNING: Baking animation because there are keyframes with different interpolation methods in one channel
12:59:19 | WARNING: Baking animation because there are keyframes with different interpolation methods in one channel
12:59:19 | WARNING: Baking animation because there are keyframes with different interpolation methods in one channel
12:59:19 | WARNING: Baking animation because there are keyframes with different interpolation methods in one channel
12:59:19 | WARNING: Baking animation because there are keyframes with different interpolation methods in one channel
12:59:19 | WARNING: Baking animation because there are keyframes with different interpolation methods in one channel
12:59:19 | WARNING: Baking animation because there are keyframes with different interpolation methods in one channel
12:59:19 | WARNING: Baking animation because there are keyframes with different interpolation methods in one channel
12:59:19 | WARNING: Baking animation because there are keyframes with different interpolation methods in one channel
12:59:19 | WARNING: Baking animation because there are keyframes with different interpolation methods in one channel
12:59:19 | WARNING: Baking animation because there are keyframes with different interpolation methods in one channel
12:59:19 | WARNING: Baking animation because there are keyframes with different interpolation methods in one channel
12:59:19 | WARNING: Baking animation because there are keyframes with different interpolation methods in one channel
12:59:19 | WARNING: Baking animation because there are keyframes with different interpolation methods in one channel
12:59:19 | WARNING: Baking animation because there are keyframes with different interpolation methods in one channel
12:59:19 | WARNING: Baking animation because there are keyframes with different interpolation methods in one channel
12:59:19 | WARNING: Baking animation because there are keyframes with different interpolation methods in one channel
12:59:19 | WARNING: Baking animation because there are keyframes with different interpolation methods in one channel
12:59:19 | WARNING: Baking animation because there are keyframes with different interpolation methods in one channel
12:59:19 | WARNING: Baking animation because there are keyframes with different interpolation methods in one channel
12:59:19 | WARNING: Baking animation because there are keyframes with different interpolation methods in one channel
12:59:19 | WARNING: Baking animation because there are keyframes with different interpolation methods in one channel
12:59:19 | WARNING: Baking animation because there are keyframes with different interpolation methods in one channel
12:59:19 | WARNING: Baking animation because there are keyframes with different interpolation methods in one channel
12:59:19 | WARNING: Baking animation because there are keyframes with different interpolation methods in one channel
12:59:19 | WARNING: Baking animation because there are keyframes with different interpolation methods in one channel
12:59:19 | WARNING: Baking animation because there are keyframes with different interpolation methods in one channel
12:59:19 | WARNING: Baking animation because there are keyframes with different interpolation methods in one channel
12:59:19 | WARNING: Baking animation because there are keyframes with different interpolation methods in one channel
12:59:19 | WARNING: Baking animation because there are keyframes with different interpolation methods in one channel
12:59:19 | WARNING: Baking animation because there are keyframes with different interpolation methods in one channel
12:59:19 | WARNING: Baking animation because there are keyframes with different interpolation methods in one channel
12:59:19 | WARNING: Baking animation because there are keyframes with different interpolation methods in one channel
12:59:19 | WARNING: Baking animation because there are keyframes with different interpolation methods in one channel
12:59:19 | WARNING: Baking animation because there are keyframes with different interpolation methods in one channel
12:59:19 | WARNING: Baking animation because there are keyframes with different interpolation methods in one channel
12:59:19 | WARNING: Baking animation because there are keyframes with different interpolation methods in one channel
12:59:19 | WARNING: Baking animation because there are keyframes with different interpolation methods in one channel
12:59:19 | WARNING: Baking animation because there are keyframes with different interpolation methods in one channel
12:59:19 | WARNING: Baking animation because there are keyframes with different interpolation methods in one channel
12:59:19 | WARNING: Baking animation because there are keyframes with different interpolation methods in one channel
12:59:19 | WARNING: Baking animation because there are keyframes with different interpolation methods in one channel
12:59:19 | WARNING: Baking animation because there are keyframes with different interpolation methods in one channel
12:59:19 | WARNING: Baking animation because there are keyframes with different interpolation methods in one channel
12:59:19 | WARNING: Baking animation because there are keyframes with different interpolation methods in one channel
12:59:19 | WARNING: Baking animation because there are keyframes with different interpolation methods in one channel
12:59:19 | WARNING: Baking animation because there are keyframes with different interpolation methods in one channel
12:59:19 | WARNING: Baking animation because there are keyframes with different interpolation methods in one channel
12:59:19 | WARNING: Baking animation because there are keyframes with different interpolation methods in one channel
12:59:19 | WARNING: Baking animation because there are keyframes with different interpolation methods in one channel
12:59:19 | WARNING: Baking animation because there are keyframes with different interpolation methods in one channel
12:59:19 | WARNING: Baking animation because there are keyframes with different interpolation methods in one channel
12:59:19 | WARNING: Baking animation because there are keyframes with different interpolation methods in one channel
12:59:19 | WARNING: Baking animation because there are keyframes with different interpolation methods in one channel
12:59:19 | WARNING: Baking animation because there are keyframes with different interpolation methods in one channel
12:59:19 | WARNING: Baking animation because there are keyframes with different interpolation methods in one channel
12:59:19 | WARNING: Baking animation because there are keyframes with different interpolation methods in one channel
12:59:19 | WARNING: Baking animation because there are keyframes with different interpolation methods in one channel
12:59:19 | WARNING: Baking animation because there are keyframes with different interpolation methods in one channel
12:59:19 | WARNING: Baking animation because there are keyframes with different interpolation methods in one channel
12:59:19 | WARNING: Baking animation because there are keyframes with different interpolation methods in one channel
12:59:19 | WARNING: Baking animation because there are keyframes with different interpolation methods in one channel
12:59:19 | WARNING: Baking animation because there are keyframes with different interpolation methods in one channel
12:59:19 | WARNING: Baking animation because there are keyframes with different interpolation methods in one channel
12:59:19 | WARNING: Baking animation because there are keyframes with different interpolation methods in one channel
12:59:19 | WARNING: Baking animation because there are keyframes with different interpolation methods in one channel
12:59:19 | WARNING: Baking animation because there are keyframes with different interpolation methods in one channel
12:59:19 | WARNING: Baking animation because there are keyframes with different interpolation methods in one channel
12:59:19 | WARNING: Baking animation because there are keyframes with different interpolation methods in one channel
12:59:19 | WARNING: Baking animation because there are keyframes with different interpolation methods in one channel
12:59:19 | WARNING: Baking animation because there are keyframes with different interpolation methods in one channel
12:59:19 | WARNING: Baking animation because there are keyframes with different interpolation methods in one channel
12:59:19 | WARNING: Baking animation because there are keyframes with different interpolation methods in one channel
12:59:19 | WARNING: Baking animation because there are keyframes with different interpolation methods in one channel
12:59:19 | WARNING: Baking animation because there are keyframes with different interpolation methods in one channel
12:59:19 | WARNING: Baking animation because there are keyframes with different interpolation methods in one channel
12:59:19 | WARNING: Baking animation because there are keyframes with different interpolation methods in one channel
12:59:19 | WARNING: Baking animation because there are keyframes with different interpolation methods in one channel
12:59:19 | WARNING: Baking animation because there are keyframes with different interpolation methods in one channel
12:59:19 | WARNING: Baking animation because there are keyframes with different interpolation methods in one channel
12:59:19 | WARNING: Baking animation because there are keyframes with different interpolation methods in one channel
12:59:19 | WARNING: Baking animation because there are keyframes with different interpolation methods in one channel
12:59:19 | WARNING: Baking animation because there are keyframes with different interpolation methods in one channel
12:59:19 | WARNING: Baking animation because there are keyframes with different interpolation methods in one channel
12:59:19 | WARNING: Baking animation because there are keyframes with different interpolation methods in one channel
12:59:19 | WARNING: Baking animation because there are keyframes with different interpolation methods in one channel
12:59:19 | WARNING: Baking animation because there are keyframes with different interpolation methods in one channel
12:59:19 | WARNING: Baking animation because there are keyframes with different interpolation methods in one channel
12:59:19 | WARNING: Baking animation because there are keyframes with different interpolation methods in one channel
12:59:19 | WARNING: Baking animation because there are keyframes with different interpolation methods in one channel
12:59:19 | WARNING: Baking animation because there are keyframes with different interpolation methods in one channel
12:59:19 | WARNING: Baking animation because there are keyframes with different interpolation methods in one channel
12:59:19 | WARNING: Baking animation because there are keyframes with different interpolation methods in one channel
12:59:19 | WARNING: Baking animation because there are keyframes with different interpolation methods in one channel
12:59:19 | WARNING: Baking animation because there are keyframes with different interpolation methods in one channel
12:59:19 | WARNING: Baking animation because there are keyframes with different interpolation methods in one channel
12:59:19 | WARNING: Baking animation because there are keyframes with different interpolation methods in one channel
12:59:19 | WARNING: Baking animation because there are keyframes with different interpolation methods in one channel
12:59:19 | WARNING: Baking animation because there are keyframes with different interpolation methods in one channel
12:59:19 | WARNING: Baking animation because there are keyframes with different interpolation methods in one channel
12:59:19 | WARNING: Baking animation because there are keyframes with different interpolation methods in one channel
12:59:19 | WARNING: Baking animation because there are keyframes with different interpolation methods in one channel
12:59:19 | WARNING: Baking animation because there are keyframes with different interpolation methods in one channel
12:59:19 | WARNING: Baking animation because there are keyframes with different interpolation methods in one channel
12:59:19 | WARNING: Baking animation because there are keyframes with different interpolation methods in one channel
12:59:19 | WARNING: Baking animation because there are keyframes with different interpolation methods in one channel
12:59:19 | WARNING: Baking animation because there are keyframes with different interpolation methods in one channel
12:59:19 | WARNING: Baking animation because there are keyframes with different interpolation methods in one channel
12:59:19 | WARNING: Baking animation because there are keyframes with different interpolation methods in one channel
12:59:19 | WARNING: Baking animation because there are keyframes with different interpolation methods in one channel
12:59:19 | WARNING: Baking animation because there are keyframes with different interpolation methods in one channel
12:59:19 | WARNING: Baking animation because there are keyframes with different interpolation methods in one channel
12:59:19 | WARNING: Baking animation because there are keyframes with different interpolation methods in one channel
12:59:19 | WARNING: Baking animation because there are keyframes with different interpolation methods in one channel
12:59:19 | WARNING: Baking animation because there are keyframes with different interpolation methods in one channel
12:59:19 | WARNING: Baking animation because there are keyframes with different interpolation methods in one channel
12:59:19 | WARNING: Baking animation because there are keyframes with different interpolation methods in one channel
12:59:19 | WARNING: Baking animation because there are keyframes with different interpolation methods in one channel
12:59:19 | WARNING: Baking animation because there are keyframes with different interpolation methods in one channel
12:59:19 | WARNING: Baking animation because there are keyframes with different interpolation methods in one channel
12:59:19 | WARNING: Baking animation because there are keyframes with different interpolation methods in one channel
12:59:19 | WARNING: Baking animation because there are keyframes with different interpolation methods in one channel
12:59:19 | WARNING: Baking animation because there are keyframes with different interpolation methods in one channel
12:59:19 | WARNING: Baking animation because there are keyframes with different interpolation methods in one channel
12:59:19 | WARNING: Baking animation because there are keyframes with different interpolation methods in one channel
12:59:19 | WARNING: Baking animation because there are keyframes with different interpolation methods in one channel
12:59:19 | WARNING: Baking animation because there are keyframes with different interpolation methods in one channel
12:59:19 | WARNING: Baking animation because there are keyframes with different interpolation methods in one channel
12:59:19 | WARNING: Baking animation because there are keyframes with different interpolation methods in one channel
12:59:19 | WARNING: Baking animation because there are keyframes with different interpolation methods in one channel
12:59:19 | WARNING: Baking animation because there are keyframes with different interpolation methods in one channel
12:59:19 | WARNING: Baking animation because there are keyframes with different interpolation methods in one channel
12:59:19 | WARNING: Baking animation because there are keyframes with different interpolation methods in one channel
12:59:19 | WARNING: Baking animation because there are keyframes with different interpolation methods in one channel
12:59:19 | WARNING: Baking animation because there are keyframes with different interpolation methods in one channel
12:59:19 | WARNING: Baking animation because there are keyframes with different interpolation methods in one channel
12:59:19 | WARNING: Baking animation because there are keyframes with different interpolation methods in one channel
12:59:19 | WARNING: Baking animation because there are keyframes with different interpolation methods in one channel
12:59:19 | WARNING: Baking animation because there are keyframes with different interpolation methods in one channel
12:59:19 | WARNING: Baking animation because there are keyframes with different interpolation methods in one channel
12:59:19 | WARNING: Baking animation because there are keyframes with different interpolation methods in one channel
12:59:19 | WARNING: Baking animation because there are keyframes with different interpolation methods in one channel
12:59:19 | WARNING: Baking animation because there are keyframes with different interpolation methods in one channel
12:59:19 | WARNING: Baking animation because there are keyframes with different interpolation methods in one channel
12:59:19 | WARNING: Baking animation because there are keyframes with different interpolation methods in one channel
12:59:19 | WARNING: Baking animation because there are keyframes with different interpolation methods in one channel
12:59:19 | WARNING: Baking animation because there are keyframes with different interpolation methods in one channel
12:59:19 | WARNING: Baking animation because there are keyframes with different interpolation methods in one channel
12:59:19 | WARNING: Baking animation because there are keyframes with different interpolation methods in one channel
12:59:19 | WARNING: Baking animation because there are keyframes with different interpolation methods in one channel
12:59:19 | WARNING: Baking animation because there are keyframes with different interpolation methods in one channel
12:59:19 | WARNING: Baking animation because there are keyframes with different interpolation methods in one channel
12:59:19 | WARNING: Baking animation because there are keyframes with different interpolation methods in one channel
12:59:19 | WARNING: Baking animation because there are keyframes with different interpolation methods in one channel
12:59:19 | WARNING: Baking animation because there are keyframes with different interpolation methods in one channel
12:59:19 | WARNING: Baking animation because there are keyframes with different interpolation methods in one channel
12:59:20 | WARNING: Baking animation because there are keyframes with different interpolation methods in one channel
12:59:20 | WARNING: Baking animation because there are keyframes with different interpolation methods in one channel
12:59:20 | WARNING: Baking animation because there are keyframes with different interpolation methods in one channel
12:59:20 | WARNING: Baking animation because there are keyframes with different interpolation methods in one channel
12:59:20 | WARNING: Baking animation because there are keyframes with different interpolation methods in one channel
12:59:20 | WARNING: Baking animation because there are keyframes with different interpolation methods in one channel
12:59:20 | WARNING: Baking animation because there are keyframes with different interpolation methods in one channel
12:59:20 | WARNING: Baking animation because there are keyframes with different interpolation methods in one channel
12:59:20 | WARNING: Baking animation because there are keyframes with different interpolation methods in one channel
12:59:20 | WARNING: Baking animation because there are keyframes with different interpolation methods in one channel
12:59:20 | WARNING: Baking animation because there are keyframes with different interpolation methods in one channel
12:59:20 | WARNING: Baking animation because there are keyframes with different interpolation methods in one channel
12:59:20 | WARNING: Baking animation because there are keyframes with different interpolation methods in one channel
12:59:20 | WARNING: Baking animation because there are keyframes with different interpolation methods in one channel
12:59:20 | WARNING: Baking animation because there are keyframes with different interpolation methods in one channel
12:59:20 | WARNING: Baking animation because there are keyframes with different interpolation methods in one channel
12:59:20 | WARNING: Baking animation because there are keyframes with different interpolation methods in one channel
12:59:20 | WARNING: Baking animation because there are keyframes with different interpolation methods in one channel
12:59:20 | WARNING: Baking animation because there are keyframes with different interpolation methods in one channel
12:59:20 | WARNING: Baking animation because there are keyframes with different interpolation methods in one channel
12:59:20 | WARNING: Baking animation because there are keyframes with different interpolation methods in one channel
12:59:20 | WARNING: Baking animation because there are keyframes with different interpolation methods in one channel
12:59:20 | WARNING: Baking animation because there are keyframes with different interpolation methods in one channel
12:59:20 | WARNING: Baking animation because there are keyframes with different interpolation methods in one channel
12:59:20 | WARNING: Baking animation because there are keyframes with different interpolation methods in one channel
12:59:20 | WARNING: Baking animation because there are keyframes with different interpolation methods in one channel
12:59:20 | WARNING: Baking animation because there are keyframes with different interpolation methods in one channel
12:59:20 | WARNING: Baking animation because there are keyframes with different interpolation methods in one channel
12:59:20 | WARNING: Baking animation because there are keyframes with different interpolation methods in one channel
12:59:20 | WARNING: Baking animation because there are keyframes with different interpolation methods in one channel
12:59:20 | WARNING: Baking animation because there are keyframes with different interpolation methods in one channel
12:59:20 | WARNING: Baking animation because there are keyframes with different interpolation methods in one channel
12:59:20 | WARNING: Baking animation because there are keyframes with different interpolation methods in one channel
12:59:20 | WARNING: Baking animation because there are keyframes with different interpolation methods in one channel
12:59:20 | WARNING: Baking animation because there are keyframes with different interpolation methods in one channel
12:59:20 | WARNING: Baking animation because there are keyframes with different interpolation methods in one channel
12:59:20 | WARNING: Baking animation because there are keyframes with different interpolation methods in one channel
12:59:20 | WARNING: Baking animation because there are keyframes with different interpolation methods in one channel
12:59:20 | WARNING: Baking animation because there are keyframes with different interpolation methods in one channel
12:59:20 | WARNING: Baking animation because there are keyframes with different interpolation methods in one channel
12:59:20 | WARNING: Baking animation because there are keyframes with different interpolation methods in one channel
12:59:20 | WARNING: Baking animation because there are keyframes with different interpolation methods in one channel
12:59:20 | WARNING: Baking animation because there are keyframes with different interpolation methods in one channel
12:59:20 | WARNING: Baking animation because there are keyframes with different interpolation methods in one channel
12:59:20 | WARNING: Baking animation because there are keyframes with different interpolation methods in one channel
12:59:20 | WARNING: Baking animation because there are keyframes with different interpolation methods in one channel
12:59:20 | WARNING: Baking animation because there are keyframes with different interpolation methods in one channel
12:59:20 | WARNING: Baking animation because there are keyframes with different interpolation methods in one channel
12:59:20 | WARNING: Baking animation because there are keyframes with different interpolation methods in one channel
12:59:20 | WARNING: Baking animation because there are keyframes with different interpolation methods in one channel
12:59:20 | WARNING: Baking animation because there are keyframes with different interpolation methods in one channel
12:59:20 | WARNING: Baking animation because there are keyframes with different interpolation methods in one channel
12:59:20 | WARNING: Baking animation because there are keyframes with different interpolation methods in one channel
12:59:20 | WARNING: Baking animation because there are keyframes with different interpolation methods in one channel
12:59:20 | WARNING: Baking animation because there are keyframes with different interpolation methods in one channel
12:59:20 | WARNING: Baking animation because there are keyframes with different interpolation methods in one channel
12:59:20 | WARNING: Baking animation because there are keyframes with different interpolation methods in one channel
12:59:20 | WARNING: Baking animation because there are keyframes with different interpolation methods in one channel
12:59:20 | WARNING: Baking animation because there are keyframes with different interpolation methods in one channel
12:59:20 | WARNING: Baking animation because there are keyframes with different interpolation methods in one channel
12:59:20 | WARNING: Baking animation because there are keyframes with different interpolation methods in one channel
12:59:20 | WARNING: Baking animation because there are keyframes with different interpolation methods in one channel
12:59:20 | WARNING: Baking animation because there are keyframes with different interpolation methods in one channel
12:59:20 | WARNING: Baking animation because there are keyframes with different interpolation methods in one channel
12:59:20 | WARNING: Baking animation because there are keyframes with different interpolation methods in one channel
12:59:20 | WARNING: Baking animation because there are keyframes with different interpolation methods in one channel
12:59:20 | WARNING: Baking animation because there are keyframes with different interpolation methods in one channel
12:59:20 | WARNING: Baking animation because there are keyframes with different interpolation methods in one channel
12:59:20 | WARNING: Baking animation because there are keyframes with different interpolation methods in one channel
12:59:20 | WARNING: Baking animation because there are keyframes with different interpolation methods in one channel
12:59:20 | WARNING: Baking animation because there are keyframes with different interpolation methods in one channel
12:59:20 | WARNING: Baking animation because there are keyframes with different interpolation methods in one channel
12:59:20 | WARNING: Baking animation because there are keyframes with different interpolation methods in one channel
12:59:20 | WARNING: Baking animation because there are keyframes with different interpolation methods in one channel
12:59:20 | WARNING: Baking animation because there are keyframes with different interpolation methods in one channel
12:59:20 | WARNING: Baking animation because there are keyframes with different interpolation methods in one channel
12:59:20 | WARNING: Baking animation because there are keyframes with different interpolation methods in one channel
12:59:20 | WARNING: Baking animation because there are keyframes with different interpolation methods in one channel
12:59:20 | WARNING: Baking animation because there are keyframes with different interpolation methods in one channel
12:59:20 | WARNING: Baking animation because there are keyframes with different interpolation methods in one channel
12:59:20 | WARNING: Baking animation because there are keyframes with different interpolation methods in one channel
12:59:20 | WARNING: Baking animation because there are keyframes with different interpolation methods in one channel
12:59:20 | WARNING: Baking animation because there are keyframes with different interpolation methods in one channel
12:59:20 | WARNING: Baking animation because there are keyframes with different interpolation methods in one channel
12:59:20 | WARNING: Baking animation because there are keyframes with different interpolation methods in one channel
12:59:20 | WARNING: Baking animation because there are keyframes with different interpolation methods in one channel
12:59:20 | WARNING: Baking animation because there are keyframes with different interpolation methods in one channel
12:59:20 | WARNING: Baking animation because there are keyframes with different interpolation methods in one channel
12:59:20 | WARNING: Baking animation because there are keyframes with different interpolation methods in one channel
12:59:20 | WARNING: Baking animation because there are keyframes with different interpolation methods in one channel
12:59:20 | WARNING: Baking animation because there are keyframes with different interpolation methods in one channel
12:59:20 | WARNING: Baking animation because there are keyframes with different interpolation methods in one channel
12:59:20 | WARNING: Baking animation because there are keyframes with different interpolation methods in one channel
12:59:20 | WARNING: Baking animation because there are keyframes with different interpolation methods in one channel
12:59:20 | WARNING: Baking animation because there are keyframes with different interpolation methods in one channel
12:59:20 | WARNING: Baking animation because there are keyframes with different interpolation methods in one channel
12:59:20 | WARNING: Baking animation because there are keyframes with different interpolation methods in one channel
12:59:20 | WARNING: Baking animation because there are keyframes with different interpolation methods in one channel
12:59:20 | WARNING: Baking animation because there are keyframes with different interpolation methods in one channel
12:59:20 | WARNING: Baking animation because there are keyframes with different interpolation methods in one channel
12:59:20 | WARNING: Baking animation because there are keyframes with different interpolation methods in one channel
12:59:20 | WARNING: Baking animation because there are keyframes with different interpolation methods in one channel
12:59:20 | WARNING: Baking animation because there are keyframes with different interpolation methods in one channel
12:59:20 | WARNING: Baking animation because there are keyframes with different interpolation methods in one channel
12:59:20 | WARNING: Baking animation because there are keyframes with different interpolation methods in one channel
12:59:20 | WARNING: Baking animation because there are keyframes with different interpolation methods in one channel
12:59:21 | WARNING: Baking animation because there are keyframes with different interpolation methods in one channel
12:59:21 | WARNING: Baking animation because there are keyframes with different interpolation methods in one channel
12:59:21 | WARNING: Baking animation because there are keyframes with different interpolation methods in one channel
12:59:21 | WARNING: Baking animation because there are keyframes with different interpolation methods in one channel
12:59:21 | WARNING: Baking animation because there are keyframes with different interpolation methods in one channel
12:59:21 | WARNING: Baking animation because there are keyframes with different interpolation methods in one channel
12:59:21 | WARNING: Baking animation because there are keyframes with different interpolation methods in one channel
12:59:21 | WARNING: Baking animation because there are keyframes with different interpolation methods in one channel
12:59:21 | WARNING: Baking animation because there are keyframes with different interpolation methods in one channel
12:59:21 | WARNING: Baking animation because there are keyframes with different interpolation methods in one channel
12:59:21 | WARNING: Baking animation because there are keyframes with different interpolation methods in one channel
12:59:21 | WARNING: Baking animation because there are keyframes with different interpolation methods in one channel
12:59:21 | WARNING: Baking animation because there are keyframes with different interpolation methods in one channel
12:59:21 | WARNING: Baking animation because there are keyframes with different interpolation methods in one channel
12:59:21 | WARNING: Baking animation because there are keyframes with different interpolation methods in one channel
12:59:21 | WARNING: Baking animation because there are keyframes with different interpolation methods in one channel
12:59:21 | WARNING: Baking animation because there are keyframes with different interpolation methods in one channel
12:59:21 | WARNING: Baking animation because there are keyframes with different interpolation methods in one channel
12:59:21 | WARNING: Baking animation because there are keyframes with different interpolation methods in one channel
12:59:21 | WARNING: Baking animation because there are keyframes with different interpolation methods in one channel
12:59:21 | WARNING: Baking animation because there are keyframes with different interpolation methods in one channel
12:59:21 | WARNING: Baking animation because there are keyframes with different interpolation methods in one channel
12:59:21 | WARNING: Baking animation because there are keyframes with different interpolation methods in one channel
12:59:21 | WARNING: Baking animation because there are keyframes with different interpolation methods in one channel
12:59:21 | WARNING: Baking animation because there are keyframes with different interpolation methods in one channel
12:59:21 | WARNING: Baking animation because there are keyframes with different interpolation methods in one channel
12:59:21 | WARNING: Baking animation because there are keyframes with different interpolation methods in one channel
12:59:21 | WARNING: Baking animation because there are keyframes with different interpolation methods in one channel
12:59:21 | WARNING: Baking animation because there are keyframes with different interpolation methods in one channel
12:59:21 | WARNING: Baking animation because there are keyframes with different interpolation methods in one channel
12:59:21 | WARNING: Baking animation because there are keyframes with different interpolation methods in one channel
12:59:21 | WARNING: Baking animation because there are keyframes with different interpolation methods in one channel
12:59:21 | WARNING: Baking animation because there are keyframes with different interpolation methods in one channel
12:59:21 | WARNING: Baking animation because there are keyframes with different interpolation methods in one channel
12:59:21 | WARNING: Baking animation because there are keyframes with different interpolation methods in one channel
12:59:21 | WARNING: Baking animation because there are keyframes with different interpolation methods in one channel
12:59:21 | WARNING: Baking animation because there are keyframes with different interpolation methods in one channel
12:59:21 | WARNING: Baking animation because there are keyframes with different interpolation methods in one channel
12:59:21 | WARNING: Baking animation because there are keyframes with different interpolation methods in one channel
12:59:21 | WARNING: Baking animation because there are keyframes with different interpolation methods in one channel
12:59:21 | WARNING: Baking animation because there are keyframes with different interpolation methods in one channel
12:59:21 | WARNING: Baking animation because there are keyframes with different interpolation methods in one channel
12:59:21 | WARNING: Baking animation because there are keyframes with different interpolation methods in one channel
12:59:21 | WARNING: Baking animation because there are keyframes with different interpolation methods in one channel
12:59:21 | WARNING: Baking animation because there are keyframes with different interpolation methods in one channel
12:59:21 | WARNING: Baking animation because there are keyframes with different interpolation methods in one channel
12:59:21 | WARNING: Baking animation because there are keyframes with different interpolation methods in one channel
12:59:21 | WARNING: Baking animation because there are keyframes with different interpolation methods in one channel
12:59:21 | WARNING: Baking animation because there are keyframes with different interpolation methods in one channel
12:59:21 | WARNING: Baking animation because there are keyframes with different interpolation methods in one channel
12:59:21 | WARNING: Baking animation because there are keyframes with different interpolation methods in one channel
12:59:21 | WARNING: Baking animation because there are keyframes with different interpolation methods in one channel
12:59:21 | WARNING: Baking animation because there are keyframes with different interpolation methods in one channel
12:59:21 | WARNING: Baking animation because there are keyframes with different interpolation methods in one channel
12:59:21 | WARNING: Baking animation because there are keyframes with different interpolation methods in one channel
12:59:21 | WARNING: Baking animation because there are keyframes with different interpolation methods in one channel
12:59:21 | WARNING: Baking animation because there are keyframes with different interpolation methods in one channel
12:59:21 | WARNING: Baking animation because there are keyframes with different interpolation methods in one channel
12:59:21 | WARNING: Baking animation because there are keyframes with different interpolation methods in one channel
12:59:21 | WARNING: Baking animation because there are keyframes with different interpolation methods in one channel
12:59:21 | WARNING: Baking animation because there are keyframes with different interpolation methods in one channel
12:59:21 | WARNING: Baking animation because there are keyframes with different interpolation methods in one channel
12:59:21 | WARNING: Baking animation because there are keyframes with different interpolation methods in one channel
12:59:21 | WARNING: Baking animation because there are keyframes with different interpolation methods in one channel
12:59:21 | WARNING: Baking animation because there are keyframes with different interpolation methods in one channel
12:59:21 | WARNING: Baking animation because there are keyframes with different interpolation methods in one channel
12:59:21 | WARNING: Baking animation because there are keyframes with different interpolation methods in one channel
12:59:21 | WARNING: Baking animation because there are keyframes with different interpolation methods in one channel
12:59:21 | WARNING: Baking animation because there are keyframes with different interpolation methods in one channel
12:59:21 | WARNING: Baking animation because there are keyframes with different interpolation methods in one channel
12:59:21 | WARNING: Baking animation because there are keyframes with different interpolation methods in one channel
12:59:21 | WARNING: Baking animation because there are keyframes with different interpolation methods in one channel
12:59:21 | WARNING: Baking animation because there are keyframes with different interpolation methods in one channel
12:59:21 | WARNING: Baking animation because there are keyframes with different interpolation methods in one channel
12:59:21 | WARNING: Baking animation because there are keyframes with different interpolation methods in one channel
12:59:21 | WARNING: Baking animation because there are keyframes with different interpolation methods in one channel
12:59:21 | WARNING: Baking animation because there are keyframes with different interpolation methods in one channel
12:59:21 | WARNING: Baking animation because there are keyframes with different interpolation methods in one channel
12:59:21 | WARNING: Baking animation because there are keyframes with different interpolation methods in one channel
12:59:21 | WARNING: Baking animation because there are keyframes with different interpolation methods in one channel
12:59:21 | WARNING: Baking animation because there are keyframes with different interpolation methods in one channel
12:59:21 | WARNING: Baking animation because there are keyframes with different interpolation methods in one channel
12:59:21 | WARNING: Baking animation because there are keyframes with different interpolation methods in one channel
12:59:21 | WARNING: Baking animation because there are keyframes with different interpolation methods in one channel
12:59:21 | WARNING: Baking animation because there are keyframes with different interpolation methods in one channel
12:59:21 | WARNING: Baking animation because there are keyframes with different interpolation methods in one channel
12:59:21 | WARNING: Baking animation because there are keyframes with different interpolation methods in one channel
12:59:21 | WARNING: Baking animation because there are keyframes with different interpolation methods in one channel
12:59:21 | WARNING: Baking animation because there are keyframes with different interpolation methods in one channel
12:59:21 | WARNING: Baking animation because there are keyframes with different interpolation methods in one channel
12:59:21 | WARNING: Baking animation because there are keyframes with different interpolation methods in one channel
12:59:21 | WARNING: Baking animation because there are keyframes with different interpolation methods in one channel
12:59:21 | WARNING: Baking animation because there are keyframes with different interpolation methods in one channel
12:59:21 | WARNING: Baking animation because there are keyframes with different interpolation methods in one channel
12:59:21 | WARNING: Baking animation because there are keyframes with different interpolation methods in one channel
12:59:21 | WARNING: Baking animation because there are keyframes with different interpolation methods in one channel
12:59:21 | WARNING: Baking animation because there are keyframes with different interpolation methods in one channel
12:59:21 | WARNING: Baking animation because there are keyframes with different interpolation methods in one channel
12:59:21 | WARNING: Baking animation because there are keyframes with different interpolation methods in one channel
12:59:21 | WARNING: Baking animation because there are keyframes with different interpolation methods in one channel
12:59:21 | WARNING: Baking animation because there are keyframes with different interpolation methods in one channel
12:59:21 | WARNING: Baking animation because there are keyframes with different interpolation methods in one channel
12:59:21 | WARNING: Baking animation because there are keyframes with different interpolation methods in one channel
12:59:21 | WARNING: Baking animation because there are keyframes with different interpolation methods in one channel
12:59:21 | WARNING: Baking animation because there are keyframes with different interpolation methods in one channel
12:59:21 | WARNING: Baking animation because there are keyframes with different interpolation methods in one channel
12:59:22 | WARNING: Baking animation because there are keyframes with different interpolation methods in one channel
12:59:22 | WARNING: Baking animation because there are keyframes with different interpolation methods in one channel
12:59:22 | WARNING: Baking animation because there are keyframes with different interpolation methods in one channel
12:59:22 | WARNING: Baking animation because there are keyframes with different interpolation methods in one channel
12:59:22 | WARNING: Baking animation because there are keyframes with different interpolation methods in one channel
12:59:22 | WARNING: Baking animation because there are keyframes with different interpolation methods in one channel
12:59:22 | WARNING: Baking animation because there are keyframes with different interpolation methods in one channel
12:59:22 | WARNING: Baking animation because there are keyframes with different interpolation methods in one channel
12:59:22 | WARNING: Baking animation because there are keyframes with different interpolation methods in one channel
12:59:22 | WARNING: Baking animation because there are keyframes with different interpolation methods in one channel
12:59:22 | WARNING: Baking animation because there are keyframes with different interpolation methods in one channel
12:59:22 | WARNING: Baking animation because there are keyframes with different interpolation methods in one channel
12:59:22 | WARNING: Baking animation because there are keyframes with different interpolation methods in one channel
12:59:22 | WARNING: Baking animation because there are keyframes with different interpolation methods in one channel
12:59:22 | WARNING: Baking animation because there are keyframes with different interpolation methods in one channel
12:59:22 | WARNING: Baking animation because there are keyframes with different interpolation methods in one channel
12:59:22 | WARNING: Baking animation because there are keyframes with different interpolation methods in one channel
12:59:22 | WARNING: Baking animation because there are keyframes with different interpolation methods in one channel
12:59:22 | WARNING: Baking animation because there are keyframes with different interpolation methods in one channel
12:59:22 | WARNING: Baking animation because there are keyframes with different interpolation methods in one channel
12:59:22 | WARNING: Baking animation because there are keyframes with different interpolation methods in one channel
12:59:22 | WARNING: Baking animation because there are keyframes with different interpolation methods in one channel
12:59:22 | WARNING: Baking animation because there are keyframes with different interpolation methods in one channel
12:59:22 | WARNING: Baking animation because there are keyframes with different interpolation methods in one channel
12:59:22 | WARNING: Baking animation because there are keyframes with different interpolation methods in one channel
12:59:22 | WARNING: Baking animation because there are keyframes with different interpolation methods in one channel
12:59:22 | WARNING: Baking animation because there are keyframes with different interpolation methods in one channel
12:59:22 | WARNING: Baking animation because there are keyframes with different interpolation methods in one channel
12:59:22 | WARNING: Baking animation because there are keyframes with different interpolation methods in one channel
12:59:22 | WARNING: Baking animation because there are keyframes with different interpolation methods in one channel
12:59:22 | WARNING: Baking animation because there are keyframes with different interpolation methods in one channel
12:59:22 | WARNING: Baking animation because there are keyframes with different interpolation methods in one channel
12:59:22 | WARNING: Baking animation because there are keyframes with different interpolation methods in one channel
12:59:22 | WARNING: Baking animation because there are keyframes with different interpolation methods in one channel
12:59:22 | WARNING: Baking animation because there are keyframes with different interpolation methods in one channel
12:59:22 | WARNING: Baking animation because there are keyframes with different interpolation methods in one channel
12:59:22 | WARNING: Baking animation because there are keyframes with different interpolation methods in one channel
12:59:22 | WARNING: Baking animation because there are keyframes with different interpolation methods in one channel
12:59:22 | WARNING: Baking animation because there are keyframes with different interpolation methods in one channel
12:59:22 | WARNING: Baking animation because there are keyframes with different interpolation methods in one channel
12:59:22 | WARNING: Baking animation because there are keyframes with different interpolation methods in one channel
12:59:22 | WARNING: Baking animation because there are keyframes with different interpolation methods in one channel
12:59:22 | WARNING: Baking animation because there are keyframes with different interpolation methods in one channel
12:59:22 | WARNING: Baking animation because there are keyframes with different interpolation methods in one channel
12:59:22 | WARNING: Baking animation because there are keyframes with different interpolation methods in one channel
12:59:22 | WARNING: Baking animation because there are keyframes with different interpolation methods in one channel
12:59:22 | WARNING: Baking animation because there are keyframes with different interpolation methods in one channel
12:59:22 | WARNING: Baking animation because there are keyframes with different interpolation methods in one channel
12:59:22 | WARNING: Baking animation because there are keyframes with different interpolation methods in one channel
12:59:22 | WARNING: Baking animation because there are keyframes with different interpolation methods in one channel
12:59:22 | WARNING: Baking animation because there are keyframes with different interpolation methods in one channel
12:59:22 | WARNING: Baking animation because there are keyframes with different interpolation methods in one channel
12:59:22 | WARNING: Baking animation because there are keyframes with different interpolation methods in one channel
12:59:26 | WARNING: Baking animation because there are keyframes with different interpolation methods in one channel
12:59:26 | WARNING: Baking animation because there are keyframes with different interpolation methods in one channel
12:59:26 | WARNING: Baking animation because there are keyframes with different interpolation methods in one channel
12:59:26 | WARNING: Baking animation because there are keyframes with different interpolation methods in one channel
12:59:26 | WARNING: Baking animation because there are keyframes with different interpolation methods in one channel
12:59:26 | WARNING: Baking animation because there are keyframes with different interpolation methods in one channel
12:59:26 | WARNING: Baking animation because there are keyframes with different interpolation methods in one channel
12:59:26 | WARNING: Baking animation because there are keyframes with different interpolation methods in one channel
12:59:26 | WARNING: Baking animation because there are keyframes with different interpolation methods in one channel
12:59:26 | WARNING: Baking animation because there are keyframes with different interpolation methods in one channel
12:59:26 | WARNING: Baking animation because there are keyframes with different interpolation methods in one channel
12:59:26 | WARNING: Baking animation because there are keyframes with different interpolation methods in one channel
12:59:26 | WARNING: Baking animation because there are keyframes with different interpolation methods in one channel
12:59:26 | WARNING: Baking animation because there are keyframes with different interpolation methods in one channel
12:59:26 | WARNING: Baking animation because there are keyframes with different interpolation methods in one channel
12:59:26 | WARNING: Baking animation because there are keyframes with different interpolation methods in one channel
12:59:26 | WARNING: Baking animation because there are keyframes with different interpolation methods in one channel
12:59:26 | WARNING: Baking animation because there are keyframes with different interpolation methods in one channel
12:59:26 | WARNING: Baking animation because there are keyframes with different interpolation methods in one channel
12:59:26 | WARNING: Baking animation because there are keyframes with different interpolation methods in one channel
12:59:26 | WARNING: Baking animation because there are keyframes with different interpolation methods in one channel
12:59:26 | WARNING: Baking animation because there are keyframes with different interpolation methods in one channel
12:59:26 | WARNING: Baking animation because there are keyframes with different interpolation methods in one channel
12:59:26 | WARNING: Baking animation because there are keyframes with different interpolation methods in one channel
12:59:26 | WARNING: Baking animation because there are keyframes with different interpolation methods in one channel
12:59:26 | WARNING: Baking animation because there are keyframes with different interpolation methods in one channel
12:59:26 | WARNING: Baking animation because there are keyframes with different interpolation methods in one channel
12:59:26 | WARNING: Baking animation because there are keyframes with different interpolation methods in one channel
12:59:26 | WARNING: Baking animation because there are keyframes with different interpolation methods in one channel
12:59:26 | WARNING: Baking animation because there are keyframes with different interpolation methods in one channel
12:59:26 | WARNING: Baking animation because there are keyframes with different interpolation methods in one channel
12:59:26 | WARNING: Baking animation because there are keyframes with different interpolation methods in one channel
12:59:26 | WARNING: Baking animation because there are keyframes with different interpolation methods in one channel
12:59:26 | WARNING: Baking animation because there are keyframes with different interpolation methods in one channel
12:59:26 | WARNING: Baking animation because there are keyframes with different interpolation methods in one channel
12:59:26 | WARNING: Baking animation because there are keyframes with different interpolation methods in one channel
12:59:26 | WARNING: Baking animation because there are keyframes with different interpolation methods in one channel
12:59:26 | WARNING: Baking animation because there are keyframes with different interpolation methods in one channel
12:59:26 | WARNING: Baking animation because there are keyframes with different interpolation methods in one channel
12:59:26 | WARNING: Baking animation because there are keyframes with different interpolation methods in one channel
12:59:26 | WARNING: Baking animation because there are keyframes with different interpolation methods in one channel
12:59:26 | WARNING: Baking animation because there are keyframes with different interpolation methods in one channel
12:59:26 | WARNING: Baking animation because there are keyframes with different interpolation methods in one channel
12:59:26 | WARNING: Baking animation because there are keyframes with different interpolation methods in one channel
12:59:26 | WARNING: Baking animation because there are keyframes with different interpolation methods in one channel
12:59:26 | WARNING: Baking animation because there are keyframes with different interpolation methods in one channel
12:59:26 | WARNING: Baking animation because there are keyframes with different interpolation methods in one channel
12:59:26 | WARNING: Baking animation because there are keyframes with different interpolation methods in one channel
12:59:26 | WARNING: Baking animation because there are keyframes with different interpolation methods in one channel
12:59:26 | WARNING: Baking animation because there are keyframes with different interpolation methods in one channel
12:59:26 | WARNING: Baking animation because there are keyframes with different interpolation methods in one channel
12:59:26 | WARNING: Baking animation because there are keyframes with different interpolation methods in one channel
12:59:26 | WARNING: Baking animation because there are keyframes with different interpolation methods in one channel
12:59:26 | WARNING: Baking animation because there are keyframes with different interpolation methods in one channel
12:59:26 | WARNING: Baking animation because there are keyframes with different interpolation methods in one channel
12:59:26 | WARNING: Baking animation because there are keyframes with different interpolation methods in one channel
12:59:26 | WARNING: Baking animation because there are keyframes with different interpolation methods in one channel
12:59:26 | WARNING: Baking animation because there are keyframes with different interpolation methods in one channel
12:59:26 | WARNING: Baking animation because there are keyframes with different interpolation methods in one channel
12:59:26 | WARNING: Baking animation because there are keyframes with different interpolation methods in one channel
12:59:26 | WARNING: Baking animation because there are keyframes with different interpolation methods in one channel
12:59:26 | WARNING: Baking animation because there are keyframes with different interpolation methods in one channel
12:59:26 | WARNING: Baking animation because there are keyframes with different interpolation methods in one channel
12:59:26 | WARNING: Baking animation because there are keyframes with different interpolation methods in one channel
12:59:26 | WARNING: Baking animation because there are keyframes with different interpolation methods in one channel
12:59:26 | WARNING: Baking animation because there are keyframes with different interpolation methods in one channel
12:59:26 | WARNING: Baking animation because there are keyframes with different interpolation methods in one channel
12:59:26 | WARNING: Baking animation because there are keyframes with different interpolation methods in one channel
12:59:26 | WARNING: Baking animation because there are keyframes with different interpolation methods in one channel
12:59:26 | WARNING: Baking animation because there are keyframes with different interpolation methods in one channel
12:59:26 | WARNING: Baking animation because there are keyframes with different interpolation methods in one channel
12:59:26 | WARNING: Baking animation because there are keyframes with different interpolation methods in one channel
12:59:26 | WARNING: Baking animation because there are keyframes with different interpolation methods in one channel
12:59:26 | WARNING: Baking animation because there are keyframes with different interpolation methods in one channel
12:59:26 | WARNING: Baking animation because there are keyframes with different interpolation methods in one channel
12:59:26 | WARNING: Baking animation because there are keyframes with different interpolation methods in one channel
12:59:26 | WARNING: Baking animation because there are keyframes with different interpolation methods in one channel
12:59:26 | WARNING: Baking animation because there are keyframes with different interpolation methods in one channel
12:59:26 | WARNING: Baking animation because there are keyframes with different interpolation methods in one channel
12:59:26 | WARNING: Baking animation because there are keyframes with different interpolation methods in one channel
12:59:26 | WARNING: Baking animation because there are keyframes with different interpolation methods in one channel
12:59:26 | WARNING: Baking animation because there are keyframes with different interpolation methods in one channel
12:59:26 | WARNING: Baking animation because there are keyframes with different interpolation methods in one channel
12:59:26 | WARNING: Baking animation because there are keyframes with different interpolation methods in one channel
12:59:26 | WARNING: Baking animation because there are keyframes with different interpolation methods in one channel
12:59:26 | WARNING: Baking animation because there are keyframes with different interpolation methods in one channel
12:59:26 | WARNING: Baking animation because there are keyframes with different interpolation methods in one channel
12:59:26 | WARNING: Baking animation because there are keyframes with different interpolation methods in one channel
12:59:26 | WARNING: Baking animation because there are keyframes with different interpolation methods in one channel
12:59:26 | WARNING: Baking animation because there are keyframes with different interpolation methods in one channel
12:59:26 | WARNING: Baking animation because there are keyframes with different interpolation methods in one channel
12:59:26 | WARNING: Baking animation because there are keyframes with different interpolation methods in one channel
12:59:26 | WARNING: Baking animation because there are keyframes with different interpolation methods in one channel
12:59:26 | WARNING: Baking animation because there are keyframes with different interpolation methods in one channel
12:59:26 | WARNING: Baking animation because there are keyframes with different interpolation methods in one channel
12:59:26 | WARNING: Baking animation because there are keyframes with different interpolation methods in one channel
12:59:26 | WARNING: Baking animation because there are keyframes with different interpolation methods in one channel
12:59:26 | WARNING: Baking animation because there are keyframes with different interpolation methods in one channel
12:59:26 | WARNING: Baking animation because there are keyframes with different interpolation methods in one channel
12:59:26 | WARNING: Baking animation because there are keyframes with different interpolation methods in one channel
12:59:26 | WARNING: Baking animation because there are keyframes with different interpolation methods in one channel
12:59:26 | WARNING: Baking animation because there are keyframes with different interpolation methods in one channel
12:59:26 | WARNING: Baking animation because there are keyframes with different interpolation methods in one channel
12:59:26 | WARNING: Baking animation because there are keyframes with different interpolation methods in one channel
12:59:26 | WARNING: Baking animation because there are keyframes with different interpolation methods in one channel
12:59:26 | WARNING: Baking animation because there are keyframes with different interpolation methods in one channel
12:59:29 | INFO: Finished glTF 2.0 export in 26.85903763771057 s

IDLE01_DONE failed=[]
C07PROBE_SMASH2 {"rows": [{"pelvis_z_mm": 520.0, "shoulder_z_mm": {"L": 905.2, "R": 905.2}, "fist_mm": {"L": [177.7, -347.8, 257.5], "R": [-177.7, -347.8, 257.5]}, "fist_mid_mm": [-0.0, -347.8, 257.5], "fist_gap_mm": 355.4, "leg_ratio": {"L": 0.57758, "R": 0.56559}, "torso_sum_rx_deg": 55.0, "chest_z_mm": 921.5, "sole_mm": {"L": -2.01, "R": -3.46}, "pelvis_z_arg": 0.52, "alpha_deg": 0.0}, {"pelvis_z_mm": 520.0, "shoulder_z_mm": {"L": 905.2, "R": 905.2}, "fist_mm": {"L": [177.7, -437.6, 268.5], "R": [-177.7, -437.6, 268.5]}, "fist_mid_mm": [0.0, -437.6, 268.5], "fist_gap_mm": 355.4, "leg_ratio": {"L": 0.57758, "R": 0.56559}, "torso_sum_rx_deg": 55.0, "chest_z_mm": 921.5, "sole_mm": {"L": -2.01, "R": -3.46}, "pelvis_z_arg": 0.52, "alpha_deg": 8.0}, {"pelvis_z_mm": 520.0, "shoulder_z_mm": {"L": 905.2, "R": 905.2}, "fist_mm": {"L": [177.7, -525.0, 291.9], "R": [-177.7, -525.0, 291.9]}, "fist_mid_mm": [0.0, -525.0, 291.9], "fist_gap_mm": 355.4, "leg_ratio": {"L": 0.57758, "R": 0.56559}, "torso_sum_rx_deg": 55.0, "chest_z_mm": 921.5, "sole_mm": {"L": -2.01, "R": -3.46}, "pelvis_z_arg": 0.52, "alpha_deg": 16.0}, {"pelvis_z_mm": 520.0, "shoulder_z_mm": {"L": 905.2, "R": 905.2}, "fist_mm": {"L": [177.7, -608.3, 327.2], "R": [-177.7, -608.3, 327.2]}, "fist_mid_mm": [0.0, -608.3, 327.2], "fist_gap_mm": 355.4, "leg_ratio": {"L": 0.57758, "R": 0.56559}, "torso_sum_rx_deg": 55.0, "chest_z_mm": 921.5, "sole_mm": {"L": -2.01, "R": -3.46}, "pelvis_z_arg": 0.52, "alpha_deg": 24.0}, {"pelvis_z_mm": 520.0, "shoulder_z_mm": {"L": 905.2, "R": 905.2}, "fist_mm": {"L": [177.7, -685.9, 373.7], "R": [-177.7, -685.9, 373.7]}, "fist_mid_mm": [-0.0, -685.9, 373.7], "fist_gap_mm": 355.4, "leg_ratio": {"L": 0.57758, "R": 0.56559}, "torso_sum_rx_deg": 55.0, "chest_z_mm": 921.5, "sole_mm": {"L": -2.01, "R": -3.46}, "pelvis_z_arg": 0.52, "alpha_deg": 32.0}, {"pelvis_z_mm": 560.0, "shoulder_z_mm": {"L": 945.2, "R": 945.2}, "fist_mm": {"L": [177.7, -347.8, 297.5], "R": [-177.7, -347.8, 297.5]}, "fist_mid_mm": [-0.0, -347.8, 297.5], "fist_gap_mm": 355.4, "leg_ratio": {"L": 0.62297, "R": 0.61187}, "torso_sum_rx_deg": 55.0, "chest_z_mm": 961.5, "sole_mm": {"L": -1.63, "R": -3.22}, "pelvis_z_arg": 0.56, "alpha_deg": 0.0}, {"pelvis_z_mm": 560.0, "shoulder_z_mm": {"L": 945.2, "R": 945.2}, "fist_mm": {"L": [177.7, -437.6, 308.5], "R": [-177.7, -437.6, 308.5]}, "fist_mid_mm": [0.0, -437.6, 308.5], "fist_gap_mm": 355.4, "leg_ratio": {"L": 0.62297, "R": 0.61187}, "torso_sum_rx_deg": 55.0, "chest_z_mm": 961.5, "sole_mm": {"L": -1.63, "R": -3.22}, "pelvis_z_arg": 0.56, "alpha_deg": 8.0}, {"pelvis_z_mm": 560.0, "shoulder_z_mm": {"L": 945.2, "R": 945.2}, "fist_mm": {"L": [177.7, -525.0, 331.9], "R": [-177.7, -525.0, 331.9]}, "fist_mid_mm": [0.0, -525.0, 331.9], "fist_gap_mm": 355.4, "leg_ratio": {"L": 0.62297, "R": 0.61187}, "torso_sum_rx_deg": 55.0, "chest_z_mm": 961.5, "sole_mm": {"L": -1.63, "R": -3.22}, "pelvis_z_arg": 0.56, "alpha_deg": 16.0}, {"pelvis_z_mm": 560.0, "shoulder_z_mm": {"L": 945.2, "R": 945.2}, "fist_mm": {"L": [177.7, -608.3, 367.2], "R": [-177.7, -608.3, 367.2]}, "fist_mid_mm": [0.0, -608.3, 367.2], "fist_gap_mm": 355.4, "leg_ratio": {"L": 0.62297, "R": 0.61187}, "torso_sum_rx_deg": 55.0, "chest_z_mm": 961.5, "sole_mm": {"L": -1.63, "R": -3.22}, "pelvis_z_arg": 0.56, "alpha_deg": 24.0}, {"pelvis_z_mm": 560.0, "shoulder_z_mm": {"L": 945.2, "R": 945.2}, "fist_mm": {"L": [177.7, -685.9, 413.7], "R": [-177.7, -685.9, 413.7]}, "fist_mid_mm": [-0.0, -685.9, 413.7], "fist_gap_mm": 355.4, "leg_ratio": {"L": 0.62297, "R": 0.61187}, "torso_sum_rx_deg": 55.0, "chest_z_mm": 961.5, "sole_mm": {"L": -1.63, "R": -3.22}, "pelvis_z_arg": 0.56, "alpha_deg": 32.0}, {"pelvis_z_mm": 600.0, "shoulder_z_mm": {"L": 985.2, "R": 985.2}, "fist_mm": {"L": [177.7, -347.8, 337.5], "R": [-177.7, -347.8, 337.5]}, "fist_mid_mm": [-0.0, -347.8, 337.5], "fist_gap_mm": 355.4, "leg_ratio": {"L": 0.66882, "R": 0.65849}, "torso_sum_rx_deg": 55.0, "chest_z_mm": 1001.5, "sole_mm": {"L": -1.28, "R": -3.0}, "pelvis_z_arg": 0.6, "alpha_deg": 0.0}, {"pelvis_z_mm": 600.0, "shoulder_z_mm": {"L": 985.2, "R": 985.2}, "fist_mm": {"L": [177.7, -437.6, 348.5], "R": [-177.7, -437.6, 348.5]}, "fist_mid_mm": [0.0, -437.6, 348.5], "fist_gap_mm": 355.4, "leg_ratio": {"L": 0.66882, "R": 0.65849}, "torso_sum_rx_deg": 55.0, "chest_z_mm": 1001.5, "sole_mm": {"L": -1.28, "R": -3.0}, "pelvis_z_arg": 0.6, "alpha_deg": 8.0}, {"pelvis_z_mm": 600.0, "shoulder_z_mm": {"L": 985.2, "R": 985.2}, "fist_mm": {"L": [177.7, -525.0, 371.9], "R": [-177.7, -525.0, 371.9]}, "fist_mid_mm": [0.0, -525.0, 371.9], "fist_gap_mm": 355.4, "leg_ratio": {"L": 0.66882, "R": 0.65849}, "torso_sum_rx_deg": 55.0, "chest_z_mm": 1001.5, "sole_mm": {"L": -1.28, "R": -3.0}, "pelvis_z_arg": 0.6, "alpha_deg": 16.0}, {"pelvis_z_mm": 600.0, "shoulder_z_mm": {"L": 985.2, "R": 985.2}, "fist_mm": {"L": [177.7, -608.3, 407.2], "R": [-177.7, -608.3, 407.2]}, "fist_mid_mm": [0.0, -608.3, 407.2], "fist_gap_mm": 355.4, "leg_ratio": {"L": 0.66882, "R": 0.65849}, "torso_sum_rx_deg": 55.0, "chest_z_mm": 1001.5, "sole_mm": {"L": -1.28, "R": -3.0}, "pelvis_z_arg": 0.6, "alpha_deg": 24.0}, {"pelvis_z_mm": 600.0, "shoulder_z_mm": {"L": 985.2, "R": 985.2}, "fist_mm": {"L": [177.7, -685.9, 453.7], "R": [-177.7, -685.9, 453.7]}, "fist_mid_mm": [-0.0, -685.9, 453.7], "fist_gap_mm": 355.4, "leg_ratio": {"L": 0.66882, "R": 0.65849}, "torso_sum_rx_deg": 55.0, "chest_z_mm": 1001.5, "sole_mm": {"L": -1.28, "R": -3.0}, "pelvis_z_arg": 0.6, "alpha_deg": 32.0}, {"pelvis_z_mm": 640.0, "shoulder_z_mm": {"L": 1025.2, "R": 1025.2}, "fist_mm": {"L": [177.7, -347.8, 377.5], "R": [-177.7, -347.8, 377.5]}, "fist_mid_mm": [-0.0, -347.8, 377.5], "fist_gap_mm": 355.4, "leg_ratio": {"L": 0.71505, "R": 0.70538}, "torso_sum_rx_deg": 55.0, "chest_z_mm": 1041.5, "sole_mm": {"L": -0.96, "R": -2.75}, "pelvis_z_arg": 0.64, "alpha_deg": 0.0}, {"pelvis_z_mm": 640.0, "shoulder_z_mm": {"L": 1025.2, "R": 1025.2}, "fist_mm": {"L": [177.7, -437.6, 388.5], "R": [-177.7, -437.6, 388.5]}, "fist_mid_mm": [0.0, -437.6, 388.5], "fist_gap_mm": 355.4, "leg_ratio": {"L": 0.71505, "R": 0.70538}, "torso_sum_rx_deg": 55.0, "chest_z_mm": 1041.5, "sole_mm": {"L": -0.96, "R": -2.75}, "pelvis_z_arg": 0.64, "alpha_deg": 8.0}, {"pelvis_z_mm": 640.0, "shoulder_z_mm": {"L": 1025.2, "R": 1025.2}, "fist_mm": {"L": [177.7, -525.0, 411.9], "R": [-177.7, -525.0, 411.9]}, "fist_mid_mm": [0.0, -525.0, 411.9], "fist_gap_mm": 355.4, "leg_ratio": {"L": 0.71505, "R": 0.70538}, "torso_sum_rx_deg": 55.0, "chest_z_mm": 1041.5, "sole_mm": {"L": -0.96, "R": -2.75}, "pelvis_z_arg": 0.64, "alpha_deg": 16.0}, {"pelvis_z_mm": 640.0, "shoulder_z_mm": {"L": 1025.2, "R": 1025.2}, "fist_mm": {"L": [177.7, -608.3, 447.2], "R": [-177.7, -608.3, 447.2]}, "fist_mid_mm": [0.0, -608.3, 447.2], "fist_gap_mm": 355.4, "leg_ratio": {"L": 0.71505, "R": 0.70538}, "torso_sum_rx_deg": 55.0, "chest_z_mm": 1041.5, "sole_mm": {"L": -0.96, "R": -2.75}, "pelvis_z_arg": 0.64, "alpha_deg": 24.0}, {"pelvis_z_mm": 640.0, "shoulder_z_mm": {"L": 1025.2, "R": 1025.2}, "fist_mm": {"L": [177.7, -685.9, 493.7], "R": [-177.7, -685.9, 493.7]}, "fist_mid_mm": [-0.0, -685.9, 493.7], "fist_gap_mm": 355.4, "leg_ratio": {"L": 0.71505, "R": 0.70538}, "torso_sum_rx_deg": 55.0, "chest_z_mm": 1041.5, "sole_mm": {"L": -0.96, "R": -2.75}, "pelvis_z_arg": 0.64, "alpha_deg": 32.0}], "note": "门禁：fist_mid_mm[2] <= 320（越陡 α 越小）；pelvis_z <= 640；fist_gap 目标 <= 300；leg_ratio 越低越安全（<0.95）"}
C07PROBE_SMASH2_DONE
Read blend: "I:\工作项目\BIGMANFIGHT\角色资产\美术资产\bigman_v001\bigman_anim_v001.blend"

Blender quit
Error: Not freed memory blocks: 7807, total unfreed memory 0.828083 MB
