C09_LAYOUT {"total_frames": 96, "seconds": 1.6, "start_end": 8, "hit": 36, "hold": 4, "hold_end": 39, "return_start": 40, "settle": 90, "cancel": 92, "seam_source": ["Idle_01", 0], "hit_side": "L", "pelvis_z0_mm": 830.0, "pelvis_y0_mm": 0.0, "ankle0_mm": {"L": [143.18, -169.57, 79.76], "R": [-141.58, 140.43, 79.83]}, "py_coil_mm": 30.0, "py_hit_mm": -560.0, "py_end_mm": -545.0, "dash_pow": 2.0, "lag": {"L": 1.04, "R": 0.94}, "momentum_mm": 25.0, "hitstop_bones": ["pelvis", "spine_01", "spine_02", "chest", "neck", "head", "shoulder.L", "shoulder.R", "upperarm.L", "forearm.L", "hand.L", "upperarm.R", "forearm.R", "hand.R"], "note": "肩撞：首帧 = `Idle_01@0`（逐位）；起步 8f 微沉反拉 → 冲刺 28f 骨盆加速前冲 560 mm（双脚贴地拖行）→ 命中帧左肩为最前点 → 命停 4 帧 14 骨全冻、骨盆继续前压 25 mm → 收招单向减速回「战斗待机」。允许 Root Motion，净前冲 545 mm。"}
C09_ARM_BASIS {"phases": ["COIL", "DASH", "HIT", "SEAM"], "dirs": {"COIL": {"upperarm.L": [0.3, 0.42, -0.85], "forearm.L": [0.12, 0.52, -0.85], "hand.L": [0.06, 0.56, -0.83], "upperarm.R": [-0.3, 0.42, -0.85], "forearm.R": [-0.12, 0.52, -0.85], "hand.R": [-0.06, 0.56, -0.83]}, "DASH": {"upperarm.L": [0.26, 0.62, -0.74], "forearm.L": [0.12, 0.74, -0.66], "hand.L": [0.06, 0.8, -0.6], "upperarm.R": [-0.26, 0.62, -0.74], "forearm.R": [-0.12, 0.74, -0.66], "hand.R": [-0.06, 0.8, -0.6]}, "HIT": {"upperarm.L": [0.24, 0.8, -0.55], "forearm.L": [0.1, 0.88, -0.46], "hand.L": [0.05, 0.92, -0.39], "upperarm.R": [-0.24, 0.8, -0.55], "forearm.R": [-0.1, 0.88, -0.46], "hand.R": [-0.05, 0.92, -0.39]}, "SEAM": {"upperarm.L": [0.2595, -0.2994, -0.9182], "forearm.L": [-0.3197, -0.3996, 0.8591], "hand.L": [-0.2008, -0.7027, 0.6826], "upperarm.R": [-0.2213, -0.3622, -0.9054], "forearm.R": [0.3397, -0.1998, 0.9191], "hand.R": [0.1799, -0.5998, 0.7797]}}, "end_dirs": {"upperarm.L": [0.26, -0.3, -0.92], "forearm.L": [-0.32, -0.4, 0.86], "hand.L": [-0.2, -0.7, 0.68], "upperarm.R": [-0.22, -0.36, -0.9], "forearm.R": [0.34, -0.2, 0.92], "hand.R": [0.18, -0.6, 0.78]}}
C09_END_ARM {"end_dirs": {"upperarm.L": [0.26, -0.3, -0.92], "forearm.L": [-0.32, -0.4, 0.86], "hand.L": [-0.2, -0.7, 0.68], "upperarm.R": [-0.22, -0.36, -0.9], "forearm.R": [0.34, -0.2, 0.92], "hand.R": [0.18, -0.6, 0.78]}, "end_euler_deg": {"upperarm.L": [-50.2361, -13.165, -27.6556], "forearm.L": [5.1333, 13.2682, -137.8453], "hand.L": [2.5403, -0.475, 21.1772], "upperarm.R": [-50.0546, 15.1944, 31.8868], "forearm.R": [2.7012, -8.9001, 146.2917], "hand.R": [8.5064, 1.8547, -24.5583]}}
C09_REPORT {"loop_seamless": null, "ground_min_mm": -2.06, "ground_contact_ok": false, "max_frame_step_deg": 85.963, "max_frame_step_at": [16, "hand.R"], "no_teleport": false, "bone_travel_mm": {"pelvis": 593.15, "chest": 714.43, "head": 875.82, "hand.L": 700.69, "hand.R": 707.42}, "seam_source": ["Idle_01", 0], "skill_start_delta": 0.0, "skill_start_ok": true, "root_motion_m": [0.0, -0.545], "dash_forward_mm": 560.0, "root_motion_net_mm": 545.0, "root_motion_ok": true, "root_motion_range_mm": [400.0, 900.0], "dash_speed_mm": [0.753, 2.258, 3.763, 5.268, 6.773, 8.278, 9.783, 11.288, 12.793, 14.298, 15.804, 17.309, 18.814, 20.319, 21.824, 23.329, 24.834, 26.339, 27.844, 29.349, 30.855, 32.36, 33.865, 35.37, 36.875, 38.38, 39.885, 41.39], "dash_speed_ok": true, "start_frames": 8, "start_short_ok": true, "shoulder_lead_mm": 550.02, "shoulder_y_mm": -860.22, "front_fist_y_mm": -310.2, "shoulder_hit_ok": true, "shoulder_lead_min_mm": 150.0, "shoulder_asym_mm": 104.89, "hit_lean_sum_deg": 45.0, "lean_ok": true, "lean_min_deg": 35.0, "drag_speed_mm": {"L": [0.783, 2.348, 3.913, 5.479, 7.044, 8.609, 10.175, 11.74, 13.305, 14.87, 16.436, 18.001, 19.566, 21.132, 22.697, 24.262, 25.828, 27.393, 28.958, 30.524, 32.089, 33.654, 35.22, 36.785, 38.35, 39.915, 41.481, 43.046, 8.667, 8.667, 8.667], "R": [0.708, 2.122, 3.537, 4.952, 6.367, 7.781, 9.196, 10.611, 12.026, 13.441, 14.855, 16.27, 17.685, 19.1, 20.515, 21.929, 23.344, 24.759, 26.174, 27.589, 29.003, 30.418, 31.833, 33.248, 34.662, 36.077, 37.492, 38.907, 7.833, 7.833, 7.833]}, "drag_speed_ok": false, "drag_total_mm": {"L": 639.6, "R": 578.1}, "stance_sole_mm": {"L": [0.238, 1.543], "R": [-2.063, -0.962]}, "stance_sole_ok": false, "unsupported_frames": [], "always_supported_ok": true, "swing_windows": null, "swing_airborne_ok": true, "hitstop_frozen_steps": [0.0, 0.0, 0.0], "hitstop_present_ok": true, "hitstop_momentum_mm": 25.0, "hitstop_keeps_momentum_ok": true, "hitstop_frames": 4, "hitstop_frames_ok": true, "antic_frames": 8, "dash_frames": 28, "recover_frames": 57, "power_chain_channels_deg": {"pelvis": 15.0, "spine_01": 11.0, "spine_02": 11.0, "chest": 8.0, "shoulder.L": 18.0, "shoulder.R": 18.0, "thigh.L": 66.047, "shin.L": 66.097, "thigh.R": 39.222, "shin.R": 71.115, "upperarm.L": 75.753, "forearm.L": 497.845, "hand.L": 216.867, "upperarm.R": 62.812, "forearm.R": 506.292, "hand.R": 360.03}, "power_chain_ok": true, "leg_reach_max_ratio": {"L": 0.96785, "R": 0.94535}, "leg_reach_peak": {"L": [96, 795.57], "R": [96, 777.07]}, "ik_reach_ok": true, "return_tail": [3.8638, 3.8445, 3.825, 3.8051, 3.7849, 3.7644, 3.7435, 3.7223, 3.7007, 3.6788, 3.6564, 3.6336, 3.6104, 3.5867, 3.5626, 3.5379, 3.5128, 3.487, 3.4607, 3.4338, 3.4062, 3.3779, 3.3489, 3.3191, 3.2885, 3.2571, 3.2246, 3.1912, 3.1567, 3.121, 3.0841, 3.0458, 3.0059, 2.9644, 2.9211, 2.8758, 2.8283, 2.7782, 2.7252, 2.669, 2.6089, 2.5444, 2.4746, 2.3983, 2.3139, 2.2191, 2.1102, 1.9812, 1.8202, 1.5983, 1.1595, 0.0, 0.0, 0.0, 0.0, 0.0, 0.0], "return_tail_bones": ["forearm.R", "forearm.R", "forearm.R", "forearm.R", "forearm.R", "forearm.R", "forearm.R", "forearm.R", "forearm.R", "forearm.R", "forearm.R", "forearm.R", "forearm.R", "forearm.R", "forearm.R", "forearm.R", "forearm.R", "forearm.R", "forearm.R", "forearm.R", "forearm.R", "forearm.R", "forearm.R", "forearm.R", "forearm.R", "forearm.R", "forearm.R", "forearm.R", "forearm.R", "forearm.R", "forearm.R", "forearm.R", "forearm.R", "forearm.R", "forearm.R", "forearm.R", "forearm.R", "forearm.R", "forearm.R", "forearm.R", "forearm.R", "forearm.R", "forearm.R", "forearm.R", "forearm.R", "forearm.R", "forearm.R", "forearm.R", "forearm.R", "forearm.R", "forearm.R", null, null, null, null, null, null], "decel_smooth_ok": true, "no_snap_stop_ok": true, "local_step_max_deg": 3.864, "end_pose_measured_deg": {"pelvis": [4.0, 0.0, 0.0], "spine_01": [2.0, 0.0, 0.0], "spine_02": [2.0, 0.0, 0.0], "chest": [1.0, 0.0, 0.0], "neck": [-6.0, 0.0, 0.0], "head": [5.0, 0.0, 0.0], "shoulder.L": [-18.0, 0.0, 0.0], "shoulder.R": [-18.0, 0.0, 0.0]}, "end_pose_delta_deg": {"pelvis": 0.0, "spine_01": 0.0, "spine_02": 0.0, "chest": 0.0, "neck": 0.0, "head": 0.0, "shoulder.L": 0.0, "shoulder.R": 0.0}, "tail_settle_ok": true, "tail_settle_tol_deg": 0.05, "low_bad_frames": {"37": [0.29, -2.01], "38": [0.26, -2.04], "39": [0.24, -2.06], "40": [0.26, -2.04], "41": [0.29, -2.02], "42": [0.32, -2.0]}, "world_step_max_deg": 31.618, "world_step_max_at": [4, "hand.R"], "world_step_ok": false, "hit_point_m": {"frame": 36, "side": "L", "shoulder_m": [0.0943, -0.8602, 1.1442], "fist_L_m": [0.2003, -0.3102, 0.8223], "fist_R_m": [-0.2943, -0.2053, 0.8585], "shoulder_lead_mm": 550.02, "pelvis_m": [0.0, -0.56, 0.74], "head_m": [-0.0994, -0.9923, 1.4976]}, "meta": {"anim_id": "Skill_01", "loop": false, "category": "连招与特殊技", "note": "肩撞：起步 8f → 加速前冲 28f（Root Motion 560 mm）→ 命中（左肩为命中点）→ 命停 4 帧 14 骨全冻、骨盆继续前压 → 收招单向减速回「战斗待机」。", "antic_frame": 8, "hit_frame": 36, "cancel_frame": 92, "hitstop_frames": 4, "root_motion_m": [0.0, -0.545], "inherit_from": null, "segments": {"start": [0, 8], "dash": [8, 36], "hold": [36, 39], "recover": [39, 96]}, "hit_side": "L", "hit_point_m": {"frame": 36, "side": "L", "shoulder_m": [0.0943, -0.8602, 1.1442], "fist_L_m": [0.2003, -0.3102, 0.8223], "fist_R_m": [-0.2943, -0.2053, 0.8585], "shoulder_lead_mm": 550.02, "pelvis_m": [0.0, -0.56, 0.74], "head_m": [-0.0994, -0.9923, 1.4976]}, "end_pose_deg": {"chest": [1.0, 0.0, 0.0], "head": [5.0, 0.0, 0.0], "neck": [-6.0, 0.0, 0.0], "pelvis": [4.0, 0.0, 0.0], "shoulder.L": [-18.0, 0.0, 0.0], "shoulder.R": [-18.0, 0.0, 0.0], "spine_01": [2.0, 0.0, 0.0], "spine_02": [2.0, 0.0, 0.0]}, "end_arm_dirs": {"upperarm.L": [0.26, -0.3, -0.92], "forearm.L": [-0.32, -0.4, 0.86], "hand.L": [-0.2, -0.7, 0.68], "upperarm.R": [-0.22, -0.36, -0.9], "forearm.R": [0.34, -0.2, 0.92], "hand.R": [0.18, -0.6, 0.78]}, "fps": 60, "frames": [0, 96]}, "failed": ["drag_speed_ok", "ground_contact_ok", "stance_sole_ok", "world_step_ok"], "non_ok_bools": ["no_teleport"]}
Info: Saved as "bigman_anim_v001.blend"
INFO Draco mesh compression is available, use library at D:\Program Files\Blender Foundation\Blender 4.5\4.5\scripts\addons_core\io_scene_gltf2\extern_draco.dll
14:12:26 | INFO: Starting glTF 2.0 export
14:12:26 | INFO: Extracting primitive: Mesh
14:12:26 | INFO: Primitives created: 1
14:12:26 | INFO: Extracting primitive: Mesh
14:12:26 | INFO: Primitives created: 1
14:12:26 | INFO: Extracting primitive: Collar_Point_L
14:12:26 | INFO: Primitives created: 1
14:12:26 | INFO: Extracting primitive: Collar_Point_R
14:12:26 | INFO: Primitives created: 1
14:12:26 | INFO: Extracting primitive: Ear_Inner_L
14:12:26 | INFO: Primitives created: 1
14:12:26 | INFO: Extracting primitive: Ear_Inner_R
14:12:26 | INFO: Primitives created: 1
14:12:26 | INFO: Extracting primitive: Ear_L
14:12:26 | INFO: Primitives created: 1
14:12:26 | INFO: Extracting primitive: Ear_Lobe_L
14:12:26 | INFO: Primitives created: 1
14:12:26 | INFO: Extracting primitive: Ear_Lobe_R
14:12:26 | INFO: Primitives created: 1
14:12:26 | INFO: Extracting primitive: Ear_R
14:12:26 | INFO: Primitives created: 1
14:12:26 | INFO: Extracting primitive: Eye_Glint_L
14:12:26 | INFO: Primitives created: 1
14:12:26 | INFO: Extracting primitive: Eye_Glint_R
14:12:26 | INFO: Primitives created: 1
14:12:26 | INFO: Extracting primitive: Eye_Line_Upper_L
14:12:26 | INFO: Primitives created: 1
14:12:26 | INFO: Extracting primitive: Eye_Line_Upper_R
14:12:26 | INFO: Primitives created: 1
14:12:26 | INFO: Extracting primitive: Eye_White_L
14:12:26 | INFO: Primitives created: 1
14:12:26 | INFO: Extracting primitive: Eye_White_R
14:12:26 | INFO: Primitives created: 1
14:12:26 | INFO: Extracting primitive: Eyebrow_L
14:12:26 | INFO: Primitives created: 1
14:12:26 | INFO: Extracting primitive: Eyebrow_R
14:12:26 | INFO: Primitives created: 1
14:12:26 | INFO: Extracting primitive: Eyelid_Lower_L
14:12:26 | INFO: Primitives created: 1
14:12:26 | INFO: Extracting primitive: Eyelid_Lower_R
14:12:26 | INFO: Primitives created: 1
14:12:26 | INFO: Extracting primitive: Eyelid_Upper_L
14:12:26 | INFO: Primitives created: 1
14:12:26 | INFO: Extracting primitive: Eyelid_Upper_R
14:12:26 | INFO: Primitives created: 1
14:12:26 | INFO: Extracting primitive: Mesh
14:12:26 | INFO: Primitives created: 1
14:12:26 | INFO: Extracting primitive: Mesh
14:12:26 | INFO: Primitives created: 1
14:12:26 | INFO: Extracting primitive: Mesh
14:12:26 | INFO: Primitives created: 1
14:12:26 | INFO: Extracting primitive: Mesh
14:12:26 | INFO: Primitives created: 1
14:12:26 | INFO: Extracting primitive: Mesh
14:12:26 | INFO: Primitives created: 1
14:12:26 | INFO: Extracting primitive: Mesh
14:12:26 | INFO: Primitives created: 1
14:12:26 | INFO: Extracting primitive: Mesh
14:12:26 | INFO: Primitives created: 1
14:12:26 | INFO: Extracting primitive: Mesh
14:12:26 | INFO: Primitives created: 1
14:12:26 | INFO: Extracting primitive: Glasses_Bridge
14:12:26 | INFO: Primitives created: 1
14:12:26 | INFO: Extracting primitive: Glasses_Frame_L
14:12:26 | INFO: Primitives created: 1
14:12:26 | INFO: Extracting primitive: Glasses_Frame_R
14:12:26 | INFO: Primitives created: 1
14:12:26 | INFO: Extracting primitive: Glasses_Temple_L
14:12:26 | INFO: Primitives created: 1
14:12:26 | INFO: Extracting primitive: Glasses_Temple_R
14:12:26 | INFO: Primitives created: 1
14:12:26 | INFO: Extracting primitive: Mesh
14:12:26 | INFO: Primitives created: 1
14:12:26 | INFO: Extracting primitive: Mesh
14:12:26 | INFO: Primitives created: 1
14:12:26 | INFO: Extracting primitive: Mesh
14:12:26 | INFO: Primitives created: 1
14:12:26 | INFO: Extracting primitive: Mesh
14:12:26 | INFO: Primitives created: 1
14:12:26 | INFO: Extracting primitive: Mesh
14:12:26 | INFO: Primitives created: 1
14:12:26 | INFO: Extracting primitive: Iris_L
14:12:26 | INFO: Primitives created: 1
14:12:26 | INFO: Extracting primitive: Iris_R
14:12:26 | INFO: Primitives created: 1
14:12:26 | INFO: Extracting primitive: Iris_Ring_L
14:12:26 | INFO: Primitives created: 1
14:12:26 | INFO: Extracting primitive: Iris_Ring_R
14:12:26 | INFO: Primitives created: 1
14:12:26 | INFO: Extracting primitive: Jacket_Back_Seam
14:12:26 | INFO: Primitives created: 1
14:12:26 | INFO: Extracting primitive: Jacket_Button_1
14:12:26 | INFO: Primitives created: 1
14:12:26 | INFO: Extracting primitive: Jacket_Button_2
14:12:26 | INFO: Primitives created: 1
14:12:26 | INFO: Extracting primitive: Jacket_Collar
14:12:26 | INFO: Primitives created: 1
14:12:26 | INFO: Extracting primitive: Jacket_Lapel_L
14:12:26 | INFO: Primitives created: 1
14:12:26 | INFO: Extracting primitive: Jacket_Lapel_R
14:12:26 | INFO: Primitives created: 1
14:12:26 | INFO: Extracting primitive: Jacket_Vent
14:12:26 | INFO: Primitives created: 1
14:12:26 | INFO: Extracting primitive: Lapel_Fold_L
14:12:26 | INFO: Primitives created: 1
14:12:26 | INFO: Extracting primitive: Lapel_Fold_R
14:12:26 | INFO: Primitives created: 1
14:12:26 | INFO: Extracting primitive: Lapel_Notch_L
14:12:26 | INFO: Primitives created: 1
14:12:26 | INFO: Extracting primitive: Lapel_Notch_R
14:12:26 | INFO: Primitives created: 1
14:12:26 | INFO: Extracting primitive: Lower_Lip
14:12:26 | INFO: Primitives created: 1
14:12:26 | INFO: Extracting primitive: Mouth_Line
14:12:26 | INFO: Primitives created: 1
14:12:26 | INFO: Extracting primitive: Mesh
14:12:26 | INFO: Primitives created: 1
14:12:26 | INFO: Extracting primitive: Mesh
14:12:26 | INFO: Primitives created: 1
14:12:26 | INFO: Extracting primitive: Nose_Wing_L
14:12:26 | INFO: Primitives created: 1
14:12:26 | INFO: Extracting primitive: Nose_Wing_R
14:12:26 | INFO: Primitives created: 1
14:12:26 | INFO: Extracting primitive: Pocket_Flap_L
14:12:26 | INFO: Primitives created: 1
14:12:26 | INFO: Extracting primitive: Pocket_Flap_R
14:12:26 | INFO: Primitives created: 1
14:12:26 | INFO: Extracting primitive: Pupil_L
14:12:26 | INFO: Primitives created: 1
14:12:26 | INFO: Extracting primitive: Pupil_R
14:12:26 | INFO: Primitives created: 1
14:12:26 | INFO: Extracting primitive: Shirt_Collar
14:12:26 | INFO: Primitives created: 1
14:12:26 | INFO: Extracting primitive: Shirt_Cuff_L
14:12:26 | INFO: Primitives created: 1
14:12:26 | INFO: Extracting primitive: Shirt_Cuff_R
14:12:26 | INFO: Primitives created: 1
14:12:26 | INFO: Extracting primitive: Shirt_Front
14:12:26 | INFO: Primitives created: 1
14:12:26 | INFO: Extracting primitive: Mesh
14:12:26 | INFO: Primitives created: 1
14:12:26 | INFO: Extracting primitive: Mesh
14:12:26 | INFO: Primitives created: 1
14:12:26 | INFO: Extracting primitive: Mesh
14:12:26 | INFO: Primitives created: 1
14:12:26 | INFO: Extracting primitive: Mesh
14:12:26 | INFO: Primitives created: 1
14:12:26 | INFO: Extracting primitive: Shoe_Toe_Cap_L
14:12:26 | INFO: Primitives created: 1
14:12:26 | INFO: Extracting primitive: Shoe_Toe_Cap_R
14:12:26 | INFO: Primitives created: 1
14:12:26 | INFO: Extracting primitive: Mesh
14:12:26 | INFO: Primitives created: 1
14:12:26 | INFO: Extracting primitive: Mesh
14:12:26 | INFO: Primitives created: 1
14:12:26 | INFO: Extracting primitive: Sleeve_Button_1_L
14:12:26 | INFO: Primitives created: 1
14:12:26 | INFO: Extracting primitive: Sleeve_Button_1_R
14:12:26 | INFO: Primitives created: 1
14:12:26 | INFO: Extracting primitive: Sleeve_Button_2_L
14:12:26 | INFO: Primitives created: 1
14:12:26 | INFO: Extracting primitive: Sleeve_Button_2_R
14:12:26 | INFO: Primitives created: 1
14:12:26 | INFO: Extracting primitive: Sleeve_Button_3_L
14:12:26 | INFO: Primitives created: 1
14:12:26 | INFO: Extracting primitive: Sleeve_Button_3_R
14:12:26 | INFO: Primitives created: 1
14:12:26 | INFO: Extracting primitive: Mesh
14:12:26 | INFO: Primitives created: 1
14:12:26 | INFO: Extracting primitive: Mesh
14:12:26 | INFO: Primitives created: 1
14:12:26 | INFO: Extracting primitive: Mesh
14:12:26 | INFO: Primitives created: 1
14:12:26 | INFO: Extracting primitive: Mesh
14:12:26 | INFO: Primitives created: 1
14:12:26 | INFO: Extracting primitive: Mesh
14:12:26 | INFO: Primitives created: 1
14:12:26 | INFO: Extracting primitive: Mesh
14:12:26 | INFO: Primitives created: 1
14:12:26 | INFO: Extracting primitive: Mesh
14:12:26 | INFO: Primitives created: 1
14:12:26 | INFO: Extracting primitive: Upper_Lip
14:12:26 | INFO: Primitives created: 1
14:12:43 | WARNING: Baking animation because there are keyframes with different interpolation methods in one channel
14:12:43 | WARNING: Baking animation because there are keyframes with different interpolation methods in one channel
14:12:43 | WARNING: Baking animation because there are keyframes with different interpolation methods in one channel
14:12:43 | WARNING: Baking animation because there are keyframes with different interpolation methods in one channel
14:12:43 | WARNING: Baking animation because there are keyframes with different interpolation methods in one channel
14:12:43 | WARNING: Baking animation because there are keyframes with different interpolation methods in one channel
14:12:43 | WARNING: Baking animation because there are keyframes with different interpolation methods in one channel
14:12:43 | WARNING: Baking animation because there are keyframes with different interpolation methods in one channel
14:12:43 | WARNING: Baking animation because there are keyframes with different interpolation methods in one channel
14:12:43 | WARNING: Baking animation because there are keyframes with different interpolation methods in one channel
14:12:43 | WARNING: Baking animation because there are keyframes with different interpolation methods in one channel
14:12:43 | WARNING: Baking animation because there are keyframes with different interpolation methods in one channel
14:12:43 | WARNING: Baking animation because there are keyframes with different interpolation methods in one channel
14:12:43 | WARNING: Baking animation because there are keyframes with different interpolation methods in one channel
14:12:43 | WARNING: Baking animation because there are keyframes with different interpolation methods in one channel
14:12:43 | WARNING: Baking animation because there are keyframes with different interpolation methods in one channel
14:12:43 | WARNING: Baking animation because there are keyframes with different interpolation methods in one channel
14:12:43 | WARNING: Baking animation because there are keyframes with different interpolation methods in one channel
14:12:43 | WARNING: Baking animation because there are keyframes with different interpolation methods in one channel
14:12:43 | WARNING: Baking animation because there are keyframes with different interpolation methods in one channel
14:12:43 | WARNING: Baking animation because there are keyframes with different interpolation methods in one channel
14:12:43 | WARNING: Baking animation because there are keyframes with different interpolation methods in one channel
14:12:43 | WARNING: Baking animation because there are keyframes with different interpolation methods in one channel
14:12:43 | WARNING: Baking animation because there are keyframes with different interpolation methods in one channel
14:12:43 | WARNING: Baking animation because there are keyframes with different interpolation methods in one channel
14:12:43 | WARNING: Baking animation because there are keyframes with different interpolation methods in one channel
14:12:43 | WARNING: Baking animation because there are keyframes with different interpolation methods in one channel
14:12:43 | WARNING: Baking animation because there are keyframes with different interpolation methods in one channel
14:12:43 | WARNING: Baking animation because there are keyframes with different interpolation methods in one channel
14:12:43 | WARNING: Baking animation because there are keyframes with different interpolation methods in one channel
14:12:43 | WARNING: Baking animation because there are keyframes with different interpolation methods in one channel
14:12:43 | WARNING: Baking animation because there are keyframes with different interpolation methods in one channel
14:12:43 | WARNING: Baking animation because there are keyframes with different interpolation methods in one channel
14:12:43 | WARNING: Baking animation because there are keyframes with different interpolation methods in one channel
14:12:43 | WARNING: Baking animation because there are keyframes with different interpolation methods in one channel
14:12:43 | WARNING: Baking animation because there are keyframes with different interpolation methods in one channel
14:12:43 | WARNING: Baking animation because there are keyframes with different interpolation methods in one channel
14:12:43 | WARNING: Baking animation because there are keyframes with different interpolation methods in one channel
14:12:43 | WARNING: Baking animation because there are keyframes with different interpolation methods in one channel
14:12:43 | WARNING: Baking animation because there are keyframes with different interpolation methods in one channel
14:12:43 | WARNING: Baking animation because there are keyframes with different interpolation methods in one channel
14:12:43 | WARNING: Baking animation because there are keyframes with different interpolation methods in one channel
14:12:43 | WARNING: Baking animation because there are keyframes with different interpolation methods in one channel
14:12:43 | WARNING: Baking animation because there are keyframes with different interpolation methods in one channel
14:12:43 | WARNING: Baking animation because there are keyframes with different interpolation methods in one channel
14:12:43 | WARNING: Baking animation because there are keyframes with different interpolation methods in one channel
14:12:43 | WARNING: Baking animation because there are keyframes with different interpolation methods in one channel
14:12:43 | WARNING: Baking animation because there are keyframes with different interpolation methods in one channel
14:12:43 | WARNING: Baking animation because there are keyframes with different interpolation methods in one channel
14:12:43 | WARNING: Baking animation because there are keyframes with different interpolation methods in one channel
14:12:43 | WARNING: Baking animation because there are keyframes with different interpolation methods in one channel
14:12:43 | WARNING: Baking animation because there are keyframes with different interpolation methods in one channel
14:12:43 | WARNING: Baking animation because there are keyframes with different interpolation methods in one channel
14:12:44 | WARNING: Baking animation because there are keyframes with different interpolation methods in one channel
14:12:44 | WARNING: Baking animation because there are keyframes with different interpolation methods in one channel
14:12:44 | WARNING: Baking animation because there are keyframes with different interpolation methods in one channel
14:12:44 | WARNING: Baking animation because there are keyframes with different interpolation methods in one channel
14:12:44 | WARNING: Baking animation because there are keyframes with different interpolation methods in one channel
14:12:44 | WARNING: Baking animation because there are keyframes with different interpolation methods in one channel
14:12:44 | WARNING: Baking animation because there are keyframes with different interpolation methods in one channel
14:12:44 | WARNING: Baking animation because there are keyframes with different interpolation methods in one channel
14:12:44 | WARNING: Baking animation because there are keyframes with different interpolation methods in one channel
14:12:44 | WARNING: Baking animation because there are keyframes with different interpolation methods in one channel
14:12:44 | WARNING: Baking animation because there are keyframes with different interpolation methods in one channel
14:12:44 | WARNING: Baking animation because there are keyframes with different interpolation methods in one channel
14:12:44 | WARNING: Baking animation because there are keyframes with different interpolation methods in one channel
14:12:44 | WARNING: Baking animation because there are keyframes with different interpolation methods in one channel
14:12:44 | WARNING: Baking animation because there are keyframes with different interpolation methods in one channel
14:12:44 | WARNING: Baking animation because there are keyframes with different interpolation methods in one channel
14:12:44 | WARNING: Baking animation because there are keyframes with different interpolation methods in one channel
14:12:44 | WARNING: Baking animation because there are keyframes with different interpolation methods in one channel
14:12:44 | WARNING: Baking animation because there are keyframes with different interpolation methods in one channel
14:12:44 | WARNING: Baking animation because there are keyframes with different interpolation methods in one channel
14:12:44 | WARNING: Baking animation because there are keyframes with different interpolation methods in one channel
14:12:44 | WARNING: Baking animation because there are keyframes with different interpolation methods in one channel
14:12:44 | WARNING: Baking animation because there are keyframes with different interpolation methods in one channel
14:12:44 | WARNING: Baking animation because there are keyframes with different interpolation methods in one channel
14:12:44 | WARNING: Baking animation because there are keyframes with different interpolation methods in one channel
14:12:44 | WARNING: Baking animation because there are keyframes with different interpolation methods in one channel
14:12:44 | WARNING: Baking animation because there are keyframes with different interpolation methods in one channel
14:12:44 | WARNING: Baking animation because there are keyframes with different interpolation methods in one channel
14:12:44 | WARNING: Baking animation because there are keyframes with different interpolation methods in one channel
14:12:44 | WARNING: Baking animation because there are keyframes with different interpolation methods in one channel
14:12:44 | WARNING: Baking animation because there are keyframes with different interpolation methods in one channel
14:12:44 | WARNING: Baking animation because there are keyframes with different interpolation methods in one channel
14:12:44 | WARNING: Baking animation because there are keyframes with different interpolation methods in one channel
14:12:44 | WARNING: Baking animation because there are keyframes with different interpolation methods in one channel
14:12:44 | WARNING: Baking animation because there are keyframes with different interpolation methods in one channel
14:12:44 | WARNING: Baking animation because there are keyframes with different interpolation methods in one channel
14:12:44 | WARNING: Baking animation because there are keyframes with different interpolation methods in one channel
14:12:44 | WARNING: Baking animation because there are keyframes with different interpolation methods in one channel
14:12:44 | WARNING: Baking animation because there are keyframes with different interpolation methods in one channel
14:12:44 | WARNING: Baking animation because there are keyframes with different interpolation methods in one channel
14:12:44 | WARNING: Baking animation because there are keyframes with different interpolation methods in one channel
14:12:44 | WARNING: Baking animation because there are keyframes with different interpolation methods in one channel
14:12:44 | WARNING: Baking animation because there are keyframes with different interpolation methods in one channel
14:12:44 | WARNING: Baking animation because there are keyframes with different interpolation methods in one channel
14:12:44 | WARNING: Baking animation because there are keyframes with different interpolation methods in one channel
14:12:44 | WARNING: Baking animation because there are keyframes with different interpolation methods in one channel
14:12:44 | WARNING: Baking animation because there are keyframes with different interpolation methods in one channel
14:12:44 | WARNING: Baking animation because there are keyframes with different interpolation methods in one channel
14:12:44 | WARNING: Baking animation because there are keyframes with different interpolation methods in one channel
14:12:44 | WARNING: Baking animation because there are keyframes with different interpolation methods in one channel
14:12:44 | WARNING: Baking animation because there are keyframes with different interpolation methods in one channel
14:12:44 | WARNING: Baking animation because there are keyframes with different interpolation methods in one channel
14:12:44 | WARNING: Baking animation because there are keyframes with different interpolation methods in one channel
14:12:44 | WARNING: Baking animation because there are keyframes with different interpolation methods in one channel
14:12:44 | WARNING: Baking animation because there are keyframes with different interpolation methods in one channel
14:12:44 | WARNING: Baking animation because there are keyframes with different interpolation methods in one channel
14:12:44 | WARNING: Baking animation because there are keyframes with different interpolation methods in one channel
14:12:44 | WARNING: Baking animation because there are keyframes with different interpolation methods in one channel
14:12:44 | WARNING: Baking animation because there are keyframes with different interpolation methods in one channel
14:12:44 | WARNING: Baking animation because there are keyframes with different interpolation methods in one channel
14:12:44 | WARNING: Baking animation because there are keyframes with different interpolation methods in one channel
14:12:44 | WARNING: Baking animation because there are keyframes with different interpolation methods in one channel
14:12:44 | WARNING: Baking animation because there are keyframes with different interpolation methods in one channel
14:12:44 | WARNING: Baking animation because there are keyframes with different interpolation methods in one channel
14:12:44 | WARNING: Baking animation because there are keyframes with different interpolation methods in one channel
14:12:44 | WARNING: Baking animation because there are keyframes with different interpolation methods in one channel
14:12:44 | WARNING: Baking animation because there are keyframes with different interpolation methods in one channel
14:12:44 | WARNING: Baking animation because there are keyframes with different interpolation methods in one channel
14:12:44 | WARNING: Baking animation because there are keyframes with different interpolation methods in one channel
14:12:44 | WARNING: Baking animation because there are keyframes with different interpolation methods in one channel
14:12:44 | WARNING: Baking animation because there are keyframes with different interpolation methods in one channel
14:12:44 | WARNING: Baking animation because there are keyframes with different interpolation methods in one channel
14:12:44 | WARNING: Baking animation because there are keyframes with different interpolation methods in one channel
14:12:44 | WARNING: Baking animation because there are keyframes with different interpolation methods in one channel
14:12:44 | WARNING: Baking animation because there are keyframes with different interpolation methods in one channel
14:12:44 | WARNING: Baking animation because there are keyframes with different interpolation methods in one channel
14:12:44 | WARNING: Baking animation because there are keyframes with different interpolation methods in one channel
14:12:44 | WARNING: Baking animation because there are keyframes with different interpolation methods in one channel
14:12:44 | WARNING: Baking animation because there are keyframes with different interpolation methods in one channel
14:12:44 | WARNING: Baking animation because there are keyframes with different interpolation methods in one channel
14:12:44 | WARNING: Baking animation because there are keyframes with different interpolation methods in one channel
14:12:44 | WARNING: Baking animation because there are keyframes with different interpolation methods in one channel
14:12:44 | WARNING: Baking animation because there are keyframes with different interpolation methods in one channel
14:12:44 | WARNING: Baking animation because there are keyframes with different interpolation methods in one channel
14:12:44 | WARNING: Baking animation because there are keyframes with different interpolation methods in one channel
14:12:44 | WARNING: Baking animation because there are keyframes with different interpolation methods in one channel
14:12:44 | WARNING: Baking animation because there are keyframes with different interpolation methods in one channel
14:12:44 | WARNING: Baking animation because there are keyframes with different interpolation methods in one channel
14:12:44 | WARNING: Baking animation because there are keyframes with different interpolation methods in one channel
14:12:44 | WARNING: Baking animation because there are keyframes with different interpolation methods in one channel
14:12:44 | WARNING: Baking animation because there are keyframes with different interpolation methods in one channel
14:12:44 | WARNING: Baking animation because there are keyframes with different interpolation methods in one channel
14:12:44 | WARNING: Baking animation because there are keyframes with different interpolation methods in one channel
14:12:44 | WARNING: Baking animation because there are keyframes with different interpolation methods in one channel
14:12:44 | WARNING: Baking animation because there are keyframes with different interpolation methods in one channel
14:12:44 | WARNING: Baking animation because there are keyframes with different interpolation methods in one channel
14:12:44 | WARNING: Baking animation because there are keyframes with different interpolation methods in one channel
14:12:44 | WARNING: Baking animation because there are keyframes with different interpolation methods in one channel
14:12:44 | WARNING: Baking animation because there are keyframes with different interpolation methods in one channel
14:12:44 | WARNING: Baking animation because there are keyframes with different interpolation methods in one channel
14:12:44 | WARNING: Baking animation because there are keyframes with different interpolation methods in one channel
14:12:44 | WARNING: Baking animation because there are keyframes with different interpolation methods in one channel
14:12:44 | WARNING: Baking animation because there are keyframes with different interpolation methods in one channel
14:12:44 | WARNING: Baking animation because there are keyframes with different interpolation methods in one channel
14:12:44 | WARNING: Baking animation because there are keyframes with different interpolation methods in one channel
14:12:44 | WARNING: Baking animation because there are keyframes with different interpolation methods in one channel
14:12:46 | WARNING: Baking animation because there are keyframes with different interpolation methods in one channel
14:12:46 | WARNING: Baking animation because there are keyframes with different interpolation methods in one channel
14:12:46 | WARNING: Baking animation because there are keyframes with different interpolation methods in one channel
14:12:46 | WARNING: Baking animation because there are keyframes with different interpolation methods in one channel
14:12:46 | WARNING: Baking animation because there are keyframes with different interpolation methods in one channel
14:12:46 | WARNING: Baking animation because there are keyframes with different interpolation methods in one channel
14:12:46 | WARNING: Baking animation because there are keyframes with different interpolation methods in one channel
14:12:46 | WARNING: Baking animation because there are keyframes with different interpolation methods in one channel
14:12:46 | WARNING: Baking animation because there are keyframes with different interpolation methods in one channel
14:12:46 | WARNING: Baking animation because there are keyframes with different interpolation methods in one channel
14:12:46 | WARNING: Baking animation because there are keyframes with different interpolation methods in one channel
14:12:46 | WARNING: Baking animation because there are keyframes with different interpolation methods in one channel
14:12:46 | WARNING: Baking animation because there are keyframes with different interpolation methods in one channel
14:12:46 | WARNING: Baking animation because there are keyframes with different interpolation methods in one channel
14:12:46 | WARNING: Baking animation because there are keyframes with different interpolation methods in one channel
14:12:46 | WARNING: Baking animation because there are keyframes with different interpolation methods in one channel
14:12:46 | WARNING: Baking animation because there are keyframes with different interpolation methods in one channel
14:12:46 | WARNING: Baking animation because there are keyframes with different interpolation methods in one channel
14:12:46 | WARNING: Baking animation because there are keyframes with different interpolation methods in one channel
14:12:46 | WARNING: Baking animation because there are keyframes with different interpolation methods in one channel
14:12:46 | WARNING: Baking animation because there are keyframes with different interpolation methods in one channel
14:12:46 | WARNING: Baking animation because there are keyframes with different interpolation methods in one channel
14:12:46 | WARNING: Baking animation because there are keyframes with different interpolation methods in one channel
14:12:46 | WARNING: Baking animation because there are keyframes with different interpolation methods in one channel
14:12:46 | WARNING: Baking animation because there are keyframes with different interpolation methods in one channel
14:12:46 | WARNING: Baking animation because there are keyframes with different interpolation methods in one channel
14:12:46 | WARNING: Baking animation because there are keyframes with different interpolation methods in one channel
14:12:46 | WARNING: Baking animation because there are keyframes with different interpolation methods in one channel
14:12:46 | WARNING: Baking animation because there are keyframes with different interpolation methods in one channel
14:12:46 | WARNING: Baking animation because there are keyframes with different interpolation methods in one channel
14:12:46 | WARNING: Baking animation because there are keyframes with different interpolation methods in one channel
14:12:46 | WARNING: Baking animation because there are keyframes with different interpolation methods in one channel
14:12:46 | WARNING: Baking animation because there are keyframes with different interpolation methods in one channel
14:12:46 | WARNING: Baking animation because there are keyframes with different interpolation methods in one channel
14:12:46 | WARNING: Baking animation because there are keyframes with different interpolation methods in one channel
14:12:46 | WARNING: Baking animation because there are keyframes with different interpolation methods in one channel
14:12:46 | WARNING: Baking animation because there are keyframes with different interpolation methods in one channel
14:12:46 | WARNING: Baking animation because there are keyframes with different interpolation methods in one channel
14:12:46 | WARNING: Baking animation because there are keyframes with different interpolation methods in one channel
14:12:46 | WARNING: Baking animation because there are keyframes with different interpolation methods in one channel
14:12:46 | WARNING: Baking animation because there are keyframes with different interpolation methods in one channel
14:12:46 | WARNING: Baking animation because there are keyframes with different interpolation methods in one channel
14:12:46 | WARNING: Baking animation because there are keyframes with different interpolation methods in one channel
14:12:46 | WARNING: Baking animation because there are keyframes with different interpolation methods in one channel
14:12:46 | WARNING: Baking animation because there are keyframes with different interpolation methods in one channel
14:12:46 | WARNING: Baking animation because there are keyframes with different interpolation methods in one channel
14:12:46 | WARNING: Baking animation because there are keyframes with different interpolation methods in one channel
14:12:46 | WARNING: Baking animation because there are keyframes with different interpolation methods in one channel
14:12:46 | WARNING: Baking animation because there are keyframes with different interpolation methods in one channel
14:12:46 | WARNING: Baking animation because there are keyframes with different interpolation methods in one channel
14:12:46 | WARNING: Baking animation because there are keyframes with different interpolation methods in one channel
14:12:46 | WARNING: Baking animation because there are keyframes with different interpolation methods in one channel
14:12:46 | WARNING: Baking animation because there are keyframes with different interpolation methods in one channel
14:12:50 | WARNING: Baking animation because there are keyframes with different interpolation methods in one channel
14:12:50 | WARNING: Baking animation because there are keyframes with different interpolation methods in one channel
14:12:50 | WARNING: Baking animation because there are keyframes with different interpolation methods in one channel
14:12:50 | WARNING: Baking animation because there are keyframes with different interpolation methods in one channel
14:12:50 | WARNING: Baking animation because there are keyframes with different interpolation methods in one channel
14:12:50 | WARNING: Baking animation because there are keyframes with different interpolation methods in one channel
14:12:50 | WARNING: Baking animation because there are keyframes with different interpolation methods in one channel
14:12:50 | WARNING: Baking animation because there are keyframes with different interpolation methods in one channel
14:12:50 | WARNING: Baking animation because there are keyframes with different interpolation methods in one channel
14:12:50 | WARNING: Baking animation because there are keyframes with different interpolation methods in one channel
14:12:50 | WARNING: Baking animation because there are keyframes with different interpolation methods in one channel
14:12:50 | WARNING: Baking animation because there are keyframes with different interpolation methods in one channel
14:12:50 | WARNING: Baking animation because there are keyframes with different interpolation methods in one channel
14:12:50 | WARNING: Baking animation because there are keyframes with different interpolation methods in one channel
14:12:50 | WARNING: Baking animation because there are keyframes with different interpolation methods in one channel
14:12:50 | WARNING: Baking animation because there are keyframes with different interpolation methods in one channel
14:12:50 | WARNING: Baking animation because there are keyframes with different interpolation methods in one channel
14:12:50 | WARNING: Baking animation because there are keyframes with different interpolation methods in one channel
14:12:50 | WARNING: Baking animation because there are keyframes with different interpolation methods in one channel
14:12:50 | WARNING: Baking animation because there are keyframes with different interpolation methods in one channel
14:12:50 | WARNING: Baking animation because there are keyframes with different interpolation methods in one channel
14:12:50 | WARNING: Baking animation because there are keyframes with different interpolation methods in one channel
14:12:50 | WARNING: Baking animation because there are keyframes with different interpolation methods in one channel
14:12:50 | WARNING: Baking animation because there are keyframes with different interpolation methods in one channel
14:12:50 | WARNING: Baking animation because there are keyframes with different interpolation methods in one channel
14:12:50 | WARNING: Baking animation because there are keyframes with different interpolation methods in one channel
14:12:50 | WARNING: Baking animation because there are keyframes with different interpolation methods in one channel
14:12:50 | WARNING: Baking animation because there are keyframes with different interpolation methods in one channel
14:12:50 | WARNING: Baking animation because there are keyframes with different interpolation methods in one channel
14:12:50 | WARNING: Baking animation because there are keyframes with different interpolation methods in one channel
14:12:50 | WARNING: Baking animation because there are keyframes with different interpolation methods in one channel
14:12:50 | WARNING: Baking animation because there are keyframes with different interpolation methods in one channel
14:12:50 | WARNING: Baking animation because there are keyframes with different interpolation methods in one channel
14:12:50 | WARNING: Baking animation because there are keyframes with different interpolation methods in one channel
14:12:50 | WARNING: Baking animation because there are keyframes with different interpolation methods in one channel
14:12:50 | WARNING: Baking animation because there are keyframes with different interpolation methods in one channel
14:12:50 | WARNING: Baking animation because there are keyframes with different interpolation methods in one channel
14:12:50 | WARNING: Baking animation because there are keyframes with different interpolation methods in one channel
14:12:50 | WARNING: Baking animation because there are keyframes with different interpolation methods in one channel
14:12:50 | WARNING: Baking animation because there are keyframes with different interpolation methods in one channel
14:12:50 | WARNING: Baking animation because there are keyframes with different interpolation methods in one channel
14:12:50 | WARNING: Baking animation because there are keyframes with different interpolation methods in one channel
14:12:50 | WARNING: Baking animation because there are keyframes with different interpolation methods in one channel
14:12:50 | WARNING: Baking animation because there are keyframes with different interpolation methods in one channel
14:12:50 | WARNING: Baking animation because there are keyframes with different interpolation methods in one channel
14:12:50 | WARNING: Baking animation because there are keyframes with different interpolation methods in one channel
14:12:50 | WARNING: Baking animation because there are keyframes with different interpolation methods in one channel
14:12:50 | WARNING: Baking animation because there are keyframes with different interpolation methods in one channel
14:12:50 | WARNING: Baking animation because there are keyframes with different interpolation methods in one channel
14:12:50 | WARNING: Baking animation because there are keyframes with different interpolation methods in one channel
14:12:50 | WARNING: Baking animation because there are keyframes with different interpolation methods in one channel
14:12:50 | WARNING: Baking animation because there are keyframes with different interpolation methods in one channel
14:12:50 | WARNING: Baking animation because there are keyframes with different interpolation methods in one channel
14:12:52 | WARNING: Baking animation because there are keyframes with different interpolation methods in one channel
14:12:52 | WARNING: Baking animation because there are keyframes with different interpolation methods in one channel
14:12:52 | WARNING: Baking animation because there are keyframes with different interpolation methods in one channel
14:12:52 | WARNING: Baking animation because there are keyframes with different interpolation methods in one channel
14:12:52 | WARNING: Baking animation because there are keyframes with different interpolation methods in one channel
14:12:52 | WARNING: Baking animation because there are keyframes with different interpolation methods in one channel
14:12:52 | WARNING: Baking animation because there are keyframes with different interpolation methods in one channel
14:12:52 | WARNING: Baking animation because there are keyframes with different interpolation methods in one channel
14:12:52 | WARNING: Baking animation because there are keyframes with different interpolation methods in one channel
14:12:52 | WARNING: Baking animation because there are keyframes with different interpolation methods in one channel
14:12:52 | WARNING: Baking animation because there are keyframes with different interpolation methods in one channel
14:12:52 | WARNING: Baking animation because there are keyframes with different interpolation methods in one channel
14:12:52 | WARNING: Baking animation because there are keyframes with different interpolation methods in one channel
14:12:52 | WARNING: Baking animation because there are keyframes with different interpolation methods in one channel
14:12:52 | WARNING: Baking animation because there are keyframes with different interpolation methods in one channel
14:12:52 | WARNING: Baking animation because there are keyframes with different interpolation methods in one channel
14:12:52 | WARNING: Baking animation because there are keyframes with different interpolation methods in one channel
14:12:52 | WARNING: Baking animation because there are keyframes with different interpolation methods in one channel
14:12:52 | WARNING: Baking animation because there are keyframes with different interpolation methods in one channel
14:12:52 | WARNING: Baking animation because there are keyframes with different interpolation methods in one channel
14:12:52 | WARNING: Baking animation because there are keyframes with different interpolation methods in one channel
14:12:52 | WARNING: Baking animation because there are keyframes with different interpolation methods in one channel
14:12:52 | WARNING: Baking animation because there are keyframes with different interpolation methods in one channel
14:12:52 | WARNING: Baking animation because there are keyframes with different interpolation methods in one channel
14:12:52 | WARNING: Baking animation because there are keyframes with different interpolation methods in one channel
14:12:52 | WARNING: Baking animation because there are keyframes with different interpolation methods in one channel
14:12:52 | WARNING: Baking animation because there are keyframes with different interpolation methods in one channel
14:12:52 | WARNING: Baking animation because there are keyframes with different interpolation methods in one channel
14:12:52 | WARNING: Baking animation because there are keyframes with different interpolation methods in one channel
14:12:52 | WARNING: Baking animation because there are keyframes with different interpolation methods in one channel
14:12:52 | WARNING: Baking animation because there are keyframes with different interpolation methods in one channel
14:12:52 | WARNING: Baking animation because there are keyframes with different interpolation methods in one channel
14:12:52 | WARNING: Baking animation because there are keyframes with different interpolation methods in one channel
14:12:52 | WARNING: Baking animation because there are keyframes with different interpolation methods in one channel
14:12:52 | WARNING: Baking animation because there are keyframes with different interpolation methods in one channel
14:12:52 | WARNING: Baking animation because there are keyframes with different interpolation methods in one channel
14:12:52 | WARNING: Baking animation because there are keyframes with different interpolation methods in one channel
14:12:52 | WARNING: Baking animation because there are keyframes with different interpolation methods in one channel
14:12:52 | WARNING: Baking animation because there are keyframes with different interpolation methods in one channel
14:12:52 | WARNING: Baking animation because there are keyframes with different interpolation methods in one channel
14:12:52 | WARNING: Baking animation because there are keyframes with different interpolation methods in one channel
14:12:52 | WARNING: Baking animation because there are keyframes with different interpolation methods in one channel
14:12:52 | WARNING: Baking animation because there are keyframes with different interpolation methods in one channel
14:12:52 | WARNING: Baking animation because there are keyframes with different interpolation methods in one channel
14:12:52 | WARNING: Baking animation because there are keyframes with different interpolation methods in one channel
14:12:52 | WARNING: Baking animation because there are keyframes with different interpolation methods in one channel
14:12:52 | WARNING: Baking animation because there are keyframes with different interpolation methods in one channel
14:12:52 | WARNING: Baking animation because there are keyframes with different interpolation methods in one channel
14:12:52 | WARNING: Baking animation because there are keyframes with different interpolation methods in one channel
14:12:52 | WARNING: Baking animation because there are keyframes with different interpolation methods in one channel
14:12:52 | WARNING: Baking animation because there are keyframes with different interpolation methods in one channel
14:12:52 | WARNING: Baking animation because there are keyframes with different interpolation methods in one channel
14:12:52 | WARNING: Baking animation because there are keyframes with different interpolation methods in one channel
14:12:58 | WARNING: Baking animation because there are keyframes with different interpolation methods in one channel
14:12:58 | WARNING: Baking animation because there are keyframes with different interpolation methods in one channel
14:12:58 | WARNING: Baking animation because there are keyframes with different interpolation methods in one channel
14:12:58 | WARNING: Baking animation because there are keyframes with different interpolation methods in one channel
14:12:58 | WARNING: Baking animation because there are keyframes with different interpolation methods in one channel
14:12:58 | WARNING: Baking animation because there are keyframes with different interpolation methods in one channel
14:12:58 | WARNING: Baking animation because there are keyframes with different interpolation methods in one channel
14:12:58 | WARNING: Baking animation because there are keyframes with different interpolation methods in one channel
14:12:58 | WARNING: Baking animation because there are keyframes with different interpolation methods in one channel
14:12:58 | WARNING: Baking animation because there are keyframes with different interpolation methods in one channel
14:12:58 | WARNING: Baking animation because there are keyframes with different interpolation methods in one channel
14:12:58 | WARNING: Baking animation because there are keyframes with different interpolation methods in one channel
14:12:58 | WARNING: Baking animation because there are keyframes with different interpolation methods in one channel
14:12:58 | WARNING: Baking animation because there are keyframes with different interpolation methods in one channel
14:12:58 | WARNING: Baking animation because there are keyframes with different interpolation methods in one channel
14:12:58 | WARNING: Baking animation because there are keyframes with different interpolation methods in one channel
14:12:58 | WARNING: Baking animation because there are keyframes with different interpolation methods in one channel
14:12:58 | WARNING: Baking animation because there are keyframes with different interpolation methods in one channel
14:12:58 | WARNING: Baking animation because there are keyframes with different interpolation methods in one channel
14:12:58 | WARNING: Baking animation because there are keyframes with different interpolation methods in one channel
14:12:58 | WARNING: Baking animation because there are keyframes with different interpolation methods in one channel
14:12:58 | WARNING: Baking animation because there are keyframes with different interpolation methods in one channel
14:12:58 | WARNING: Baking animation because there are keyframes with different interpolation methods in one channel
14:12:58 | WARNING: Baking animation because there are keyframes with different interpolation methods in one channel
14:12:58 | WARNING: Baking animation because there are keyframes with different interpolation methods in one channel
14:12:58 | WARNING: Baking animation because there are keyframes with different interpolation methods in one channel
14:12:58 | WARNING: Baking animation because there are keyframes with different interpolation methods in one channel
14:12:58 | WARNING: Baking animation because there are keyframes with different interpolation methods in one channel
14:12:58 | WARNING: Baking animation because there are keyframes with different interpolation methods in one channel
14:12:58 | WARNING: Baking animation because there are keyframes with different interpolation methods in one channel
14:12:58 | WARNING: Baking animation because there are keyframes with different interpolation methods in one channel
14:12:58 | WARNING: Baking animation because there are keyframes with different interpolation methods in one channel
14:12:58 | WARNING: Baking animation because there are keyframes with different interpolation methods in one channel
14:12:58 | WARNING: Baking animation because there are keyframes with different interpolation methods in one channel
14:12:58 | WARNING: Baking animation because there are keyframes with different interpolation methods in one channel
14:12:58 | WARNING: Baking animation because there are keyframes with different interpolation methods in one channel
14:12:58 | WARNING: Baking animation because there are keyframes with different interpolation methods in one channel
14:12:58 | WARNING: Baking animation because there are keyframes with different interpolation methods in one channel
14:12:58 | WARNING: Baking animation because there are keyframes with different interpolation methods in one channel
14:12:58 | WARNING: Baking animation because there are keyframes with different interpolation methods in one channel
14:12:58 | WARNING: Baking animation because there are keyframes with different interpolation methods in one channel
14:12:58 | WARNING: Baking animation because there are keyframes with different interpolation methods in one channel
14:12:58 | WARNING: Baking animation because there are keyframes with different interpolation methods in one channel
14:12:58 | WARNING: Baking animation because there are keyframes with different interpolation methods in one channel
14:12:58 | WARNING: Baking animation because there are keyframes with different interpolation methods in one channel
14:12:58 | WARNING: Baking animation because there are keyframes with different interpolation methods in one channel
14:12:58 | WARNING: Baking animation because there are keyframes with different interpolation methods in one channel
14:12:58 | WARNING: Baking animation because there are keyframes with different interpolation methods in one channel
14:12:58 | WARNING: Baking animation because there are keyframes with different interpolation methods in one channel
14:12:58 | WARNING: Baking animation because there are keyframes with different interpolation methods in one channel
14:12:58 | WARNING: Baking animation because there are keyframes with different interpolation methods in one channel
14:12:58 | WARNING: Baking animation because there are keyframes with different interpolation methods in one channel
14:12:58 | WARNING: Baking animation because there are keyframes with different interpolation methods in one channel
14:12:59 | WARNING: Baking animation because there are keyframes with different interpolation methods in one channel
14:12:59 | WARNING: Baking animation because there are keyframes with different interpolation methods in one channel
14:12:59 | WARNING: Baking animation because there are keyframes with different interpolation methods in one channel
14:12:59 | WARNING: Baking animation because there are keyframes with different interpolation methods in one channel
14:12:59 | WARNING: Baking animation because there are keyframes with different interpolation methods in one channel
14:12:59 | WARNING: Baking animation because there are keyframes with different interpolation methods in one channel
14:12:59 | WARNING: Baking animation because there are keyframes with different interpolation methods in one channel
14:12:59 | WARNING: Baking animation because there are keyframes with different interpolation methods in one channel
14:12:59 | WARNING: Baking animation because there are keyframes with different interpolation methods in one channel
14:12:59 | WARNING: Baking animation because there are keyframes with different interpolation methods in one channel
14:12:59 | WARNING: Baking animation because there are keyframes with different interpolation methods in one channel
14:12:59 | WARNING: Baking animation because there are keyframes with different interpolation methods in one channel
14:12:59 | WARNING: Baking animation because there are keyframes with different interpolation methods in one channel
14:12:59 | WARNING: Baking animation because there are keyframes with different interpolation methods in one channel
14:12:59 | WARNING: Baking animation because there are keyframes with different interpolation methods in one channel
14:12:59 | WARNING: Baking animation because there are keyframes with different interpolation methods in one channel
14:12:59 | WARNING: Baking animation because there are keyframes with different interpolation methods in one channel
14:12:59 | WARNING: Baking animation because there are keyframes with different interpolation methods in one channel
14:12:59 | WARNING: Baking animation because there are keyframes with different interpolation methods in one channel
14:12:59 | WARNING: Baking animation because there are keyframes with different interpolation methods in one channel
14:12:59 | WARNING: Baking animation because there are keyframes with different interpolation methods in one channel
14:12:59 | WARNING: Baking animation because there are keyframes with different interpolation methods in one channel
14:12:59 | WARNING: Baking animation because there are keyframes with different interpolation methods in one channel
14:12:59 | WARNING: Baking animation because there are keyframes with different interpolation methods in one channel
14:12:59 | WARNING: Baking animation because there are keyframes with different interpolation methods in one channel
14:12:59 | WARNING: Baking animation because there are keyframes with different interpolation methods in one channel
14:12:59 | WARNING: Baking animation because there are keyframes with different interpolation methods in one channel
14:12:59 | WARNING: Baking animation because there are keyframes with different interpolation methods in one channel
14:12:59 | WARNING: Baking animation because there are keyframes with different interpolation methods in one channel
14:12:59 | WARNING: Baking animation because there are keyframes with different interpolation methods in one channel
14:12:59 | WARNING: Baking animation because there are keyframes with different interpolation methods in one channel
14:12:59 | WARNING: Baking animation because there are keyframes with different interpolation methods in one channel
14:12:59 | WARNING: Baking animation because there are keyframes with different interpolation methods in one channel
14:12:59 | WARNING: Baking animation because there are keyframes with different interpolation methods in one channel
14:12:59 | WARNING: Baking animation because there are keyframes with different interpolation methods in one channel
14:12:59 | WARNING: Baking animation because there are keyframes with different interpolation methods in one channel
14:12:59 | WARNING: Baking animation because there are keyframes with different interpolation methods in one channel
14:12:59 | WARNING: Baking animation because there are keyframes with different interpolation methods in one channel
14:12:59 | WARNING: Baking animation because there are keyframes with different interpolation methods in one channel
14:12:59 | WARNING: Baking animation because there are keyframes with different interpolation methods in one channel
14:12:59 | WARNING: Baking animation because there are keyframes with different interpolation methods in one channel
14:12:59 | WARNING: Baking animation because there are keyframes with different interpolation methods in one channel
14:12:59 | WARNING: Baking animation because there are keyframes with different interpolation methods in one channel
14:12:59 | WARNING: Baking animation because there are keyframes with different interpolation methods in one channel
14:12:59 | WARNING: Baking animation because there are keyframes with different interpolation methods in one channel
14:12:59 | WARNING: Baking animation because there are keyframes with different interpolation methods in one channel
14:12:59 | WARNING: Baking animation because there are keyframes with different interpolation methods in one channel
14:12:59 | WARNING: Baking animation because there are keyframes with different interpolation methods in one channel
14:12:59 | WARNING: Baking animation because there are keyframes with different interpolation methods in one channel
14:12:59 | WARNING: Baking animation because there are keyframes with different interpolation methods in one channel
14:12:59 | WARNING: Baking animation because there are keyframes with different interpolation methods in one channel
14:12:59 | WARNING: Baking animation because there are keyframes with different interpolation methods in one channel
14:12:59 | WARNING: Baking animation because there are keyframes with different interpolation methods in one channel
14:12:59 | WARNING: Baking animation because there are keyframes with different interpolation methods in one channel
14:12:59 | WARNING: Baking animation because there are keyframes with different interpolation methods in one channel
14:12:59 | WARNING: Baking animation because there are keyframes with different interpolation methods in one channel
14:12:59 | WARNING: Baking animation because there are keyframes with different interpolation methods in one channel
14:12:59 | WARNING: Baking animation because there are keyframes with different interpolation methods in one channel
14:12:59 | WARNING: Baking animation because there are keyframes with different interpolation methods in one channel
14:12:59 | WARNING: Baking animation because there are keyframes with different interpolation methods in one channel
14:12:59 | WARNING: Baking animation because there are keyframes with different interpolation methods in one channel
14:12:59 | WARNING: Baking animation because there are keyframes with different interpolation methods in one channel
14:12:59 | WARNING: Baking animation because there are keyframes with different interpolation methods in one channel
14:12:59 | WARNING: Baking animation because there are keyframes with different interpolation methods in one channel
14:12:59 | WARNING: Baking animation because there are keyframes with different interpolation methods in one channel
14:12:59 | WARNING: Baking animation because there are keyframes with different interpolation methods in one channel
14:12:59 | WARNING: Baking animation because there are keyframes with different interpolation methods in one channel
14:12:59 | WARNING: Baking animation because there are keyframes with different interpolation methods in one channel
14:12:59 | WARNING: Baking animation because there are keyframes with different interpolation methods in one channel
14:12:59 | WARNING: Baking animation because there are keyframes with different interpolation methods in one channel
14:12:59 | WARNING: Baking animation because there are keyframes with different interpolation methods in one channel
14:12:59 | WARNING: Baking animation because there are keyframes with different interpolation methods in one channel
14:12:59 | WARNING: Baking animation because there are keyframes with different interpolation methods in one channel
14:12:59 | WARNING: Baking animation because there are keyframes with different interpolation methods in one channel
14:12:59 | WARNING: Baking animation because there are keyframes with different interpolation methods in one channel
14:12:59 | WARNING: Baking animation because there are keyframes with different interpolation methods in one channel
14:12:59 | WARNING: Baking animation because there are keyframes with different interpolation methods in one channel
14:12:59 | WARNING: Baking animation because there are keyframes with different interpolation methods in one channel
14:12:59 | WARNING: Baking animation because there are keyframes with different interpolation methods in one channel
14:12:59 | WARNING: Baking animation because there are keyframes with different interpolation methods in one channel
14:12:59 | WARNING: Baking animation because there are keyframes with different interpolation methods in one channel
14:12:59 | WARNING: Baking animation because there are keyframes with different interpolation methods in one channel
14:12:59 | WARNING: Baking animation because there are keyframes with different interpolation methods in one channel
14:12:59 | WARNING: Baking animation because there are keyframes with different interpolation methods in one channel
14:12:59 | WARNING: Baking animation because there are keyframes with different interpolation methods in one channel
14:12:59 | WARNING: Baking animation because there are keyframes with different interpolation methods in one channel
14:12:59 | WARNING: Baking animation because there are keyframes with different interpolation methods in one channel
14:12:59 | WARNING: Baking animation because there are keyframes with different interpolation methods in one channel
14:12:59 | WARNING: Baking animation because there are keyframes with different interpolation methods in one channel
14:12:59 | WARNING: Baking animation because there are keyframes with different interpolation methods in one channel
14:12:59 | WARNING: Baking animation because there are keyframes with different interpolation methods in one channel
14:12:59 | WARNING: Baking animation because there are keyframes with different interpolation methods in one channel
14:12:59 | WARNING: Baking animation because there are keyframes with different interpolation methods in one channel
14:12:59 | WARNING: Baking animation because there are keyframes with different interpolation methods in one channel
14:12:59 | WARNING: Baking animation because there are keyframes with different interpolation methods in one channel
14:12:59 | WARNING: Baking animation because there are keyframes with different interpolation methods in one channel
14:12:59 | WARNING: Baking animation because there are keyframes with different interpolation methods in one channel
14:12:59 | WARNING: Baking animation because there are keyframes with different interpolation methods in one channel
14:12:59 | WARNING: Baking animation because there are keyframes with different interpolation methods in one channel
14:12:59 | WARNING: Baking animation because there are keyframes with different interpolation methods in one channel
14:12:59 | WARNING: Baking animation because there are keyframes with different interpolation methods in one channel
14:12:59 | WARNING: Baking animation because there are keyframes with different interpolation methods in one channel
14:12:59 | WARNING: Baking animation because there are keyframes with different interpolation methods in one channel
14:12:59 | WARNING: Baking animation because there are keyframes with different interpolation methods in one channel
14:12:59 | WARNING: Baking animation because there are keyframes with different interpolation methods in one channel
14:12:59 | WARNING: Baking animation because there are keyframes with different interpolation methods in one channel
14:13:00 | WARNING: Baking animation because there are keyframes with different interpolation methods in one channel
14:13:00 | WARNING: Baking animation because there are keyframes with different interpolation methods in one channel
14:13:00 | WARNING: Baking animation because there are keyframes with different interpolation methods in one channel
14:13:00 | WARNING: Baking animation because there are keyframes with different interpolation methods in one channel
14:13:00 | WARNING: Baking animation because there are keyframes with different interpolation methods in one channel
14:13:00 | WARNING: Baking animation because there are keyframes with different interpolation methods in one channel
14:13:00 | WARNING: Baking animation because there are keyframes with different interpolation methods in one channel
14:13:00 | WARNING: Baking animation because there are keyframes with different interpolation methods in one channel
14:13:00 | WARNING: Baking animation because there are keyframes with different interpolation methods in one channel
14:13:00 | WARNING: Baking animation because there are keyframes with different interpolation methods in one channel
14:13:00 | WARNING: Baking animation because there are keyframes with different interpolation methods in one channel
14:13:00 | WARNING: Baking animation because there are keyframes with different interpolation methods in one channel
14:13:00 | WARNING: Baking animation because there are keyframes with different interpolation methods in one channel
14:13:00 | WARNING: Baking animation because there are keyframes with different interpolation methods in one channel
14:13:00 | WARNING: Baking animation because there are keyframes with different interpolation methods in one channel
14:13:00 | WARNING: Baking animation because there are keyframes with different interpolation methods in one channel
14:13:00 | WARNING: Baking animation because there are keyframes with different interpolation methods in one channel
14:13:00 | WARNING: Baking animation because there are keyframes with different interpolation methods in one channel
14:13:00 | WARNING: Baking animation because there are keyframes with different interpolation methods in one channel
14:13:00 | WARNING: Baking animation because there are keyframes with different interpolation methods in one channel
14:13:00 | WARNING: Baking animation because there are keyframes with different interpolation methods in one channel
14:13:00 | WARNING: Baking animation because there are keyframes with different interpolation methods in one channel
14:13:00 | WARNING: Baking animation because there are keyframes with different interpolation methods in one channel
14:13:00 | WARNING: Baking animation because there are keyframes with different interpolation methods in one channel
14:13:00 | WARNING: Baking animation because there are keyframes with different interpolation methods in one channel
14:13:00 | WARNING: Baking animation because there are keyframes with different interpolation methods in one channel
14:13:00 | WARNING: Baking animation because there are keyframes with different interpolation methods in one channel
14:13:00 | WARNING: Baking animation because there are keyframes with different interpolation methods in one channel
14:13:00 | WARNING: Baking animation because there are keyframes with different interpolation methods in one channel
14:13:00 | WARNING: Baking animation because there are keyframes with different interpolation methods in one channel
14:13:00 | WARNING: Baking animation because there are keyframes with different interpolation methods in one channel
14:13:00 | WARNING: Baking animation because there are keyframes with different interpolation methods in one channel
14:13:00 | WARNING: Baking animation because there are keyframes with different interpolation methods in one channel
14:13:00 | WARNING: Baking animation because there are keyframes with different interpolation methods in one channel
14:13:00 | WARNING: Baking animation because there are keyframes with different interpolation methods in one channel
14:13:00 | WARNING: Baking animation because there are keyframes with different interpolation methods in one channel
14:13:00 | WARNING: Baking animation because there are keyframes with different interpolation methods in one channel
14:13:00 | WARNING: Baking animation because there are keyframes with different interpolation methods in one channel
14:13:00 | WARNING: Baking animation because there are keyframes with different interpolation methods in one channel
14:13:00 | WARNING: Baking animation because there are keyframes with different interpolation methods in one channel
14:13:00 | WARNING: Baking animation because there are keyframes with different interpolation methods in one channel
14:13:00 | WARNING: Baking animation because there are keyframes with different interpolation methods in one channel
14:13:00 | WARNING: Baking animation because there are keyframes with different interpolation methods in one channel
14:13:00 | WARNING: Baking animation because there are keyframes with different interpolation methods in one channel
14:13:00 | WARNING: Baking animation because there are keyframes with different interpolation methods in one channel
14:13:00 | WARNING: Baking animation because there are keyframes with different interpolation methods in one channel
14:13:00 | WARNING: Baking animation because there are keyframes with different interpolation methods in one channel
14:13:00 | WARNING: Baking animation because there are keyframes with different interpolation methods in one channel
14:13:00 | WARNING: Baking animation because there are keyframes with different interpolation methods in one channel
14:13:00 | WARNING: Baking animation because there are keyframes with different interpolation methods in one channel
14:13:00 | WARNING: Baking animation because there are keyframes with different interpolation methods in one channel
14:13:00 | WARNING: Baking animation because there are keyframes with different interpolation methods in one channel
14:13:00 | WARNING: Baking animation because there are keyframes with different interpolation methods in one channel
14:13:00 | WARNING: Baking animation because there are keyframes with different interpolation methods in one channel
14:13:00 | WARNING: Baking animation because there are keyframes with different interpolation methods in one channel
14:13:00 | WARNING: Baking animation because there are keyframes with different interpolation methods in one channel
14:13:00 | WARNING: Baking animation because there are keyframes with different interpolation methods in one channel
14:13:00 | WARNING: Baking animation because there are keyframes with different interpolation methods in one channel
14:13:00 | WARNING: Baking animation because there are keyframes with different interpolation methods in one channel
14:13:00 | WARNING: Baking animation because there are keyframes with different interpolation methods in one channel
14:13:00 | WARNING: Baking animation because there are keyframes with different interpolation methods in one channel
14:13:00 | WARNING: Baking animation because there are keyframes with different interpolation methods in one channel
14:13:00 | WARNING: Baking animation because there are keyframes with different interpolation methods in one channel
14:13:00 | WARNING: Baking animation because there are keyframes with different interpolation methods in one channel
14:13:00 | WARNING: Baking animation because there are keyframes with different interpolation methods in one channel
14:13:00 | WARNING: Baking animation because there are keyframes with different interpolation methods in one channel
14:13:00 | WARNING: Baking animation because there are keyframes with different interpolation methods in one channel
14:13:00 | WARNING: Baking animation because there are keyframes with different interpolation methods in one channel
14:13:00 | WARNING: Baking animation because there are keyframes with different interpolation methods in one channel
14:13:00 | WARNING: Baking animation because there are keyframes with different interpolation methods in one channel
14:13:00 | WARNING: Baking animation because there are keyframes with different interpolation methods in one channel
14:13:00 | WARNING: Baking animation because there are keyframes with different interpolation methods in one channel
14:13:00 | WARNING: Baking animation because there are keyframes with different interpolation methods in one channel
14:13:00 | WARNING: Baking animation because there are keyframes with different interpolation methods in one channel
14:13:00 | WARNING: Baking animation because there are keyframes with different interpolation methods in one channel
14:13:00 | WARNING: Baking animation because there are keyframes with different interpolation methods in one channel
14:13:00 | WARNING: Baking animation because there are keyframes with different interpolation methods in one channel
14:13:00 | WARNING: Baking animation because there are keyframes with different interpolation methods in one channel
14:13:00 | WARNING: Baking animation because there are keyframes with different interpolation methods in one channel
14:13:00 | WARNING: Baking animation because there are keyframes with different interpolation methods in one channel
14:13:00 | WARNING: Baking animation because there are keyframes with different interpolation methods in one channel
14:13:00 | WARNING: Baking animation because there are keyframes with different interpolation methods in one channel
14:13:00 | WARNING: Baking animation because there are keyframes with different interpolation methods in one channel
14:13:00 | WARNING: Baking animation because there are keyframes with different interpolation methods in one channel
14:13:00 | WARNING: Baking animation because there are keyframes with different interpolation methods in one channel
14:13:00 | WARNING: Baking animation because there are keyframes with different interpolation methods in one channel
14:13:00 | WARNING: Baking animation because there are keyframes with different interpolation methods in one channel
14:13:00 | WARNING: Baking animation because there are keyframes with different interpolation methods in one channel
14:13:00 | WARNING: Baking animation because there are keyframes with different interpolation methods in one channel
14:13:00 | WARNING: Baking animation because there are keyframes with different interpolation methods in one channel
14:13:00 | WARNING: Baking animation because there are keyframes with different interpolation methods in one channel
14:13:00 | WARNING: Baking animation because there are keyframes with different interpolation methods in one channel
14:13:00 | WARNING: Baking animation because there are keyframes with different interpolation methods in one channel
14:13:00 | WARNING: Baking animation because there are keyframes with different interpolation methods in one channel
14:13:00 | WARNING: Baking animation because there are keyframes with different interpolation methods in one channel
14:13:00 | WARNING: Baking animation because there are keyframes with different interpolation methods in one channel
14:13:00 | WARNING: Baking animation because there are keyframes with different interpolation methods in one channel
14:13:00 | WARNING: Baking animation because there are keyframes with different interpolation methods in one channel
14:13:00 | WARNING: Baking animation because there are keyframes with different interpolation methods in one channel
14:13:00 | WARNING: Baking animation because there are keyframes with different interpolation methods in one channel
14:13:00 | WARNING: Baking animation because there are keyframes with different interpolation methods in one channel
14:13:00 | WARNING: Baking animation because there are keyframes with different interpolation methods in one channel
14:13:00 | WARNING: Baking animation because there are keyframes with different interpolation methods in one channel
14:13:00 | WARNING: Baking animation because there are keyframes with different interpolation methods in one channel
14:13:00 | WARNING: Baking animation because there are keyframes with different interpolation methods in one channel
14:13:00 | WARNING: Baking animation because there are keyframes with different interpolation methods in one channel
14:13:02 | WARNING: Baking animation because there are keyframes with different interpolation methods in one channel
14:13:02 | WARNING: Baking animation because there are keyframes with different interpolation methods in one channel
14:13:02 | WARNING: Baking animation because there are keyframes with different interpolation methods in one channel
14:13:02 | WARNING: Baking animation because there are keyframes with different interpolation methods in one channel
14:13:02 | WARNING: Baking animation because there are keyframes with different interpolation methods in one channel
14:13:02 | WARNING: Baking animation because there are keyframes with different interpolation methods in one channel
14:13:02 | WARNING: Baking animation because there are keyframes with different interpolation methods in one channel
14:13:02 | WARNING: Baking animation because there are keyframes with different interpolation methods in one channel
14:13:02 | WARNING: Baking animation because there are keyframes with different interpolation methods in one channel
14:13:02 | WARNING: Baking animation because there are keyframes with different interpolation methods in one channel
14:13:02 | WARNING: Baking animation because there are keyframes with different interpolation methods in one channel
14:13:02 | WARNING: Baking animation because there are keyframes with different interpolation methods in one channel
14:13:02 | WARNING: Baking animation because there are keyframes with different interpolation methods in one channel
14:13:02 | WARNING: Baking animation because there are keyframes with different interpolation methods in one channel
14:13:02 | WARNING: Baking animation because there are keyframes with different interpolation methods in one channel
14:13:02 | WARNING: Baking animation because there are keyframes with different interpolation methods in one channel
14:13:02 | WARNING: Baking animation because there are keyframes with different interpolation methods in one channel
14:13:02 | WARNING: Baking animation because there are keyframes with different interpolation methods in one channel
14:13:02 | WARNING: Baking animation because there are keyframes with different interpolation methods in one channel
14:13:02 | WARNING: Baking animation because there are keyframes with different interpolation methods in one channel
14:13:02 | WARNING: Baking animation because there are keyframes with different interpolation methods in one channel
14:13:02 | WARNING: Baking animation because there are keyframes with different interpolation methods in one channel
14:13:02 | WARNING: Baking animation because there are keyframes with different interpolation methods in one channel
14:13:02 | WARNING: Baking animation because there are keyframes with different interpolation methods in one channel
14:13:02 | WARNING: Baking animation because there are keyframes with different interpolation methods in one channel
14:13:02 | WARNING: Baking animation because there are keyframes with different interpolation methods in one channel
14:13:02 | WARNING: Baking animation because there are keyframes with different interpolation methods in one channel
14:13:02 | WARNING: Baking animation because there are keyframes with different interpolation methods in one channel
14:13:02 | WARNING: Baking animation because there are keyframes with different interpolation methods in one channel
14:13:02 | WARNING: Baking animation because there are keyframes with different interpolation methods in one channel
14:13:02 | WARNING: Baking animation because there are keyframes with different interpolation methods in one channel
14:13:02 | WARNING: Baking animation because there are keyframes with different interpolation methods in one channel
14:13:02 | WARNING: Baking animation because there are keyframes with different interpolation methods in one channel
14:13:02 | WARNING: Baking animation because there are keyframes with different interpolation methods in one channel
14:13:02 | WARNING: Baking animation because there are keyframes with different interpolation methods in one channel
14:13:02 | WARNING: Baking animation because there are keyframes with different interpolation methods in one channel
14:13:02 | WARNING: Baking animation because there are keyframes with different interpolation methods in one channel
14:13:02 | WARNING: Baking animation because there are keyframes with different interpolation methods in one channel
14:13:02 | WARNING: Baking animation because there are keyframes with different interpolation methods in one channel
14:13:02 | WARNING: Baking animation because there are keyframes with different interpolation methods in one channel
14:13:02 | WARNING: Baking animation because there are keyframes with different interpolation methods in one channel
14:13:02 | WARNING: Baking animation because there are keyframes with different interpolation methods in one channel
14:13:02 | WARNING: Baking animation because there are keyframes with different interpolation methods in one channel
14:13:02 | WARNING: Baking animation because there are keyframes with different interpolation methods in one channel
14:13:02 | WARNING: Baking animation because there are keyframes with different interpolation methods in one channel
14:13:02 | WARNING: Baking animation because there are keyframes with different interpolation methods in one channel
14:13:02 | WARNING: Baking animation because there are keyframes with different interpolation methods in one channel
14:13:02 | WARNING: Baking animation because there are keyframes with different interpolation methods in one channel
14:13:02 | WARNING: Baking animation because there are keyframes with different interpolation methods in one channel
14:13:02 | WARNING: Baking animation because there are keyframes with different interpolation methods in one channel
14:13:02 | WARNING: Baking animation because there are keyframes with different interpolation methods in one channel
14:13:02 | WARNING: Baking animation because there are keyframes with different interpolation methods in one channel
14:13:02 | WARNING: Baking animation because there are keyframes with different interpolation methods in one channel
14:13:02 | WARNING: Baking animation because there are keyframes with different interpolation methods in one channel
14:13:02 | WARNING: Baking animation because there are keyframes with different interpolation methods in one channel
14:13:02 | WARNING: Baking animation because there are keyframes with different interpolation methods in one channel
14:13:02 | WARNING: Baking animation because there are keyframes with different interpolation methods in one channel
14:13:02 | WARNING: Baking animation because there are keyframes with different interpolation methods in one channel
14:13:02 | WARNING: Baking animation because there are keyframes with different interpolation methods in one channel
14:13:02 | WARNING: Baking animation because there are keyframes with different interpolation methods in one channel
14:13:02 | WARNING: Baking animation because there are keyframes with different interpolation methods in one channel
14:13:02 | WARNING: Baking animation because there are keyframes with different interpolation methods in one channel
14:13:02 | WARNING: Baking animation because there are keyframes with different interpolation methods in one channel
14:13:02 | WARNING: Baking animation because there are keyframes with different interpolation methods in one channel
14:13:02 | WARNING: Baking animation because there are keyframes with different interpolation methods in one channel
14:13:02 | WARNING: Baking animation because there are keyframes with different interpolation methods in one channel
14:13:02 | WARNING: Baking animation because there are keyframes with different interpolation methods in one channel
14:13:02 | WARNING: Baking animation because there are keyframes with different interpolation methods in one channel
14:13:02 | WARNING: Baking animation because there are keyframes with different interpolation methods in one channel
14:13:02 | WARNING: Baking animation because there are keyframes with different interpolation methods in one channel
14:13:02 | WARNING: Baking animation because there are keyframes with different interpolation methods in one channel
14:13:02 | WARNING: Baking animation because there are keyframes with different interpolation methods in one channel
14:13:02 | WARNING: Baking animation because there are keyframes with different interpolation methods in one channel
14:13:02 | WARNING: Baking animation because there are keyframes with different interpolation methods in one channel
14:13:02 | WARNING: Baking animation because there are keyframes with different interpolation methods in one channel
14:13:02 | WARNING: Baking animation because there are keyframes with different interpolation methods in one channel
14:13:02 | WARNING: Baking animation because there are keyframes with different interpolation methods in one channel
14:13:02 | WARNING: Baking animation because there are keyframes with different interpolation methods in one channel
14:13:02 | WARNING: Baking animation because there are keyframes with different interpolation methods in one channel
14:13:02 | WARNING: Baking animation because there are keyframes with different interpolation methods in one channel
14:13:02 | WARNING: Baking animation because there are keyframes with different interpolation methods in one channel
14:13:02 | WARNING: Baking animation because there are keyframes with different interpolation methods in one channel
14:13:02 | WARNING: Baking animation because there are keyframes with different interpolation methods in one channel
14:13:02 | WARNING: Baking animation because there are keyframes with different interpolation methods in one channel
14:13:02 | WARNING: Baking animation because there are keyframes with different interpolation methods in one channel
14:13:02 | WARNING: Baking animation because there are keyframes with different interpolation methods in one channel
14:13:02 | WARNING: Baking animation because there are keyframes with different interpolation methods in one channel
14:13:02 | WARNING: Baking animation because there are keyframes with different interpolation methods in one channel
14:13:02 | WARNING: Baking animation because there are keyframes with different interpolation methods in one channel
14:13:02 | WARNING: Baking animation because there are keyframes with different interpolation methods in one channel
14:13:02 | WARNING: Baking animation because there are keyframes with different interpolation methods in one channel
14:13:02 | WARNING: Baking animation because there are keyframes with different interpolation methods in one channel
14:13:02 | WARNING: Baking animation because there are keyframes with different interpolation methods in one channel
14:13:02 | WARNING: Baking animation because there are keyframes with different interpolation methods in one channel
14:13:02 | WARNING: Baking animation because there are keyframes with different interpolation methods in one channel
14:13:02 | WARNING: Baking animation because there are keyframes with different interpolation methods in one channel
14:13:02 | WARNING: Baking animation because there are keyframes with different interpolation methods in one channel
14:13:02 | WARNING: Baking animation because there are keyframes with different interpolation methods in one channel
14:13:02 | WARNING: Baking animation because there are keyframes with different interpolation methods in one channel
14:13:02 | WARNING: Baking animation because there are keyframes with different interpolation methods in one channel
14:13:02 | WARNING: Baking animation because there are keyframes with different interpolation methods in one channel
14:13:02 | WARNING: Baking animation because there are keyframes with different interpolation methods in one channel
14:13:02 | WARNING: Baking animation because there are keyframes with different interpolation methods in one channel
14:13:02 | WARNING: Baking animation because there are keyframes with different interpolation methods in one channel
14:13:02 | WARNING: Baking animation because there are keyframes with different interpolation methods in one channel
14:13:02 | WARNING: Baking animation because there are keyframes with different interpolation methods in one channel
14:13:03 | WARNING: Baking animation because there are keyframes with different interpolation methods in one channel
14:13:03 | WARNING: Baking animation because there are keyframes with different interpolation methods in one channel
14:13:03 | WARNING: Baking animation because there are keyframes with different interpolation methods in one channel
14:13:03 | WARNING: Baking animation because there are keyframes with different interpolation methods in one channel
14:13:03 | WARNING: Baking animation because there are keyframes with different interpolation methods in one channel
14:13:03 | WARNING: Baking animation because there are keyframes with different interpolation methods in one channel
14:13:03 | WARNING: Baking animation because there are keyframes with different interpolation methods in one channel
14:13:03 | WARNING: Baking animation because there are keyframes with different interpolation methods in one channel
14:13:03 | WARNING: Baking animation because there are keyframes with different interpolation methods in one channel
14:13:03 | WARNING: Baking animation because there are keyframes with different interpolation methods in one channel
14:13:03 | WARNING: Baking animation because there are keyframes with different interpolation methods in one channel
14:13:03 | WARNING: Baking animation because there are keyframes with different interpolation methods in one channel
14:13:03 | WARNING: Baking animation because there are keyframes with different interpolation methods in one channel
14:13:03 | WARNING: Baking animation because there are keyframes with different interpolation methods in one channel
14:13:03 | WARNING: Baking animation because there are keyframes with different interpolation methods in one channel
14:13:03 | WARNING: Baking animation because there are keyframes with different interpolation methods in one channel
14:13:03 | WARNING: Baking animation because there are keyframes with different interpolation methods in one channel
14:13:03 | WARNING: Baking animation because there are keyframes with different interpolation methods in one channel
14:13:03 | WARNING: Baking animation because there are keyframes with different interpolation methods in one channel
14:13:03 | WARNING: Baking animation because there are keyframes with different interpolation methods in one channel
14:13:03 | WARNING: Baking animation because there are keyframes with different interpolation methods in one channel
14:13:03 | WARNING: Baking animation because there are keyframes with different interpolation methods in one channel
14:13:03 | WARNING: Baking animation because there are keyframes with different interpolation methods in one channel
14:13:03 | WARNING: Baking animation because there are keyframes with different interpolation methods in one channel
14:13:03 | WARNING: Baking animation because there are keyframes with different interpolation methods in one channel
14:13:03 | WARNING: Baking animation because there are keyframes with different interpolation methods in one channel
14:13:03 | WARNING: Baking animation because there are keyframes with different interpolation methods in one channel
14:13:03 | WARNING: Baking animation because there are keyframes with different interpolation methods in one channel
14:13:03 | WARNING: Baking animation because there are keyframes with different interpolation methods in one channel
14:13:03 | WARNING: Baking animation because there are keyframes with different interpolation methods in one channel
14:13:03 | WARNING: Baking animation because there are keyframes with different interpolation methods in one channel
14:13:03 | WARNING: Baking animation because there are keyframes with different interpolation methods in one channel
14:13:03 | WARNING: Baking animation because there are keyframes with different interpolation methods in one channel
14:13:03 | WARNING: Baking animation because there are keyframes with different interpolation methods in one channel
14:13:03 | WARNING: Baking animation because there are keyframes with different interpolation methods in one channel
14:13:03 | WARNING: Baking animation because there are keyframes with different interpolation methods in one channel
14:13:03 | WARNING: Baking animation because there are keyframes with different interpolation methods in one channel
14:13:03 | WARNING: Baking animation because there are keyframes with different interpolation methods in one channel
14:13:03 | WARNING: Baking animation because there are keyframes with different interpolation methods in one channel
14:13:03 | WARNING: Baking animation because there are keyframes with different interpolation methods in one channel
14:13:03 | WARNING: Baking animation because there are keyframes with different interpolation methods in one channel
14:13:03 | WARNING: Baking animation because there are keyframes with different interpolation methods in one channel
14:13:03 | WARNING: Baking animation because there are keyframes with different interpolation methods in one channel
14:13:03 | WARNING: Baking animation because there are keyframes with different interpolation methods in one channel
14:13:03 | WARNING: Baking animation because there are keyframes with different interpolation methods in one channel
14:13:03 | WARNING: Baking animation because there are keyframes with different interpolation methods in one channel
14:13:03 | WARNING: Baking animation because there are keyframes with different interpolation methods in one channel
14:13:03 | WARNING: Baking animation because there are keyframes with different interpolation methods in one channel
14:13:03 | WARNING: Baking animation because there are keyframes with different interpolation methods in one channel
14:13:03 | WARNING: Baking animation because there are keyframes with different interpolation methods in one channel
14:13:03 | WARNING: Baking animation because there are keyframes with different interpolation methods in one channel
14:13:03 | WARNING: Baking animation because there are keyframes with different interpolation methods in one channel
14:13:03 | WARNING: Baking animation because there are keyframes with different interpolation methods in one channel
14:13:11 | WARNING: Baking animation because there are keyframes with different interpolation methods in one channel
14:13:11 | WARNING: Baking animation because there are keyframes with different interpolation methods in one channel
14:13:11 | WARNING: Baking animation because there are keyframes with different interpolation methods in one channel
14:13:11 | WARNING: Baking animation because there are keyframes with different interpolation methods in one channel
14:13:11 | WARNING: Baking animation because there are keyframes with different interpolation methods in one channel
14:13:11 | WARNING: Baking animation because there are keyframes with different interpolation methods in one channel
14:13:11 | WARNING: Baking animation because there are keyframes with different interpolation methods in one channel
14:13:11 | WARNING: Baking animation because there are keyframes with different interpolation methods in one channel
14:13:11 | WARNING: Baking animation because there are keyframes with different interpolation methods in one channel
14:13:11 | WARNING: Baking animation because there are keyframes with different interpolation methods in one channel
14:13:11 | WARNING: Baking animation because there are keyframes with different interpolation methods in one channel
14:13:11 | WARNING: Baking animation because there are keyframes with different interpolation methods in one channel
14:13:11 | WARNING: Baking animation because there are keyframes with different interpolation methods in one channel
14:13:11 | WARNING: Baking animation because there are keyframes with different interpolation methods in one channel
14:13:11 | WARNING: Baking animation because there are keyframes with different interpolation methods in one channel
14:13:11 | WARNING: Baking animation because there are keyframes with different interpolation methods in one channel
14:13:11 | WARNING: Baking animation because there are keyframes with different interpolation methods in one channel
14:13:11 | WARNING: Baking animation because there are keyframes with different interpolation methods in one channel
14:13:11 | WARNING: Baking animation because there are keyframes with different interpolation methods in one channel
14:13:11 | WARNING: Baking animation because there are keyframes with different interpolation methods in one channel
14:13:11 | WARNING: Baking animation because there are keyframes with different interpolation methods in one channel
14:13:11 | WARNING: Baking animation because there are keyframes with different interpolation methods in one channel
14:13:11 | WARNING: Baking animation because there are keyframes with different interpolation methods in one channel
14:13:11 | WARNING: Baking animation because there are keyframes with different interpolation methods in one channel
14:13:11 | WARNING: Baking animation because there are keyframes with different interpolation methods in one channel
14:13:11 | WARNING: Baking animation because there are keyframes with different interpolation methods in one channel
14:13:11 | WARNING: Baking animation because there are keyframes with different interpolation methods in one channel
14:13:11 | WARNING: Baking animation because there are keyframes with different interpolation methods in one channel
14:13:11 | WARNING: Baking animation because there are keyframes with different interpolation methods in one channel
14:13:11 | WARNING: Baking animation because there are keyframes with different interpolation methods in one channel
14:13:11 | WARNING: Baking animation because there are keyframes with different interpolation methods in one channel
14:13:11 | WARNING: Baking animation because there are keyframes with different interpolation methods in one channel
14:13:11 | WARNING: Baking animation because there are keyframes with different interpolation methods in one channel
14:13:11 | WARNING: Baking animation because there are keyframes with different interpolation methods in one channel
14:13:11 | WARNING: Baking animation because there are keyframes with different interpolation methods in one channel
14:13:11 | WARNING: Baking animation because there are keyframes with different interpolation methods in one channel
14:13:11 | WARNING: Baking animation because there are keyframes with different interpolation methods in one channel
14:13:11 | WARNING: Baking animation because there are keyframes with different interpolation methods in one channel
14:13:11 | WARNING: Baking animation because there are keyframes with different interpolation methods in one channel
14:13:11 | WARNING: Baking animation because there are keyframes with different interpolation methods in one channel
14:13:11 | WARNING: Baking animation because there are keyframes with different interpolation methods in one channel
14:13:11 | WARNING: Baking animation because there are keyframes with different interpolation methods in one channel
14:13:11 | WARNING: Baking animation because there are keyframes with different interpolation methods in one channel
14:13:11 | WARNING: Baking animation because there are keyframes with different interpolation methods in one channel
14:13:11 | WARNING: Baking animation because there are keyframes with different interpolation methods in one channel
14:13:11 | WARNING: Baking animation because there are keyframes with different interpolation methods in one channel
14:13:11 | WARNING: Baking animation because there are keyframes with different interpolation methods in one channel
14:13:11 | WARNING: Baking animation because there are keyframes with different interpolation methods in one channel
14:13:11 | WARNING: Baking animation because there are keyframes with different interpolation methods in one channel
14:13:11 | WARNING: Baking animation because there are keyframes with different interpolation methods in one channel
14:13:11 | WARNING: Baking animation because there are keyframes with different interpolation methods in one channel
14:13:11 | WARNING: Baking animation because there are keyframes with different interpolation methods in one channel
14:13:11 | WARNING: Baking animation because there are keyframes with different interpolation methods in one channel
14:13:12 | WARNING: Baking animation because there are keyframes with different interpolation methods in one channel
14:13:12 | WARNING: Baking animation because there are keyframes with different interpolation methods in one channel
14:13:12 | WARNING: Baking animation because there are keyframes with different interpolation methods in one channel
14:13:12 | WARNING: Baking animation because there are keyframes with different interpolation methods in one channel
14:13:12 | WARNING: Baking animation because there are keyframes with different interpolation methods in one channel
14:13:12 | WARNING: Baking animation because there are keyframes with different interpolation methods in one channel
14:13:12 | WARNING: Baking animation because there are keyframes with different interpolation methods in one channel
14:13:12 | WARNING: Baking animation because there are keyframes with different interpolation methods in one channel
14:13:12 | WARNING: Baking animation because there are keyframes with different interpolation methods in one channel
14:13:12 | WARNING: Baking animation because there are keyframes with different interpolation methods in one channel
14:13:12 | WARNING: Baking animation because there are keyframes with different interpolation methods in one channel
14:13:12 | WARNING: Baking animation because there are keyframes with different interpolation methods in one channel
14:13:12 | WARNING: Baking animation because there are keyframes with different interpolation methods in one channel
14:13:12 | WARNING: Baking animation because there are keyframes with different interpolation methods in one channel
14:13:12 | WARNING: Baking animation because there are keyframes with different interpolation methods in one channel
14:13:12 | WARNING: Baking animation because there are keyframes with different interpolation methods in one channel
14:13:12 | WARNING: Baking animation because there are keyframes with different interpolation methods in one channel
14:13:12 | WARNING: Baking animation because there are keyframes with different interpolation methods in one channel
14:13:12 | WARNING: Baking animation because there are keyframes with different interpolation methods in one channel
14:13:12 | WARNING: Baking animation because there are keyframes with different interpolation methods in one channel
14:13:12 | WARNING: Baking animation because there are keyframes with different interpolation methods in one channel
14:13:12 | WARNING: Baking animation because there are keyframes with different interpolation methods in one channel
14:13:12 | WARNING: Baking animation because there are keyframes with different interpolation methods in one channel
14:13:12 | WARNING: Baking animation because there are keyframes with different interpolation methods in one channel
14:13:12 | WARNING: Baking animation because there are keyframes with different interpolation methods in one channel
14:13:12 | WARNING: Baking animation because there are keyframes with different interpolation methods in one channel
14:13:12 | WARNING: Baking animation because there are keyframes with different interpolation methods in one channel
14:13:12 | WARNING: Baking animation because there are keyframes with different interpolation methods in one channel
14:13:12 | WARNING: Baking animation because there are keyframes with different interpolation methods in one channel
14:13:12 | WARNING: Baking animation because there are keyframes with different interpolation methods in one channel
14:13:12 | WARNING: Baking animation because there are keyframes with different interpolation methods in one channel
14:13:12 | WARNING: Baking animation because there are keyframes with different interpolation methods in one channel
14:13:12 | WARNING: Baking animation because there are keyframes with different interpolation methods in one channel
14:13:12 | WARNING: Baking animation because there are keyframes with different interpolation methods in one channel
14:13:12 | WARNING: Baking animation because there are keyframes with different interpolation methods in one channel
14:13:12 | WARNING: Baking animation because there are keyframes with different interpolation methods in one channel
14:13:12 | WARNING: Baking animation because there are keyframes with different interpolation methods in one channel
14:13:12 | WARNING: Baking animation because there are keyframes with different interpolation methods in one channel
14:13:12 | WARNING: Baking animation because there are keyframes with different interpolation methods in one channel
14:13:12 | WARNING: Baking animation because there are keyframes with different interpolation methods in one channel
14:13:12 | WARNING: Baking animation because there are keyframes with different interpolation methods in one channel
14:13:12 | WARNING: Baking animation because there are keyframes with different interpolation methods in one channel
14:13:12 | WARNING: Baking animation because there are keyframes with different interpolation methods in one channel
14:13:12 | WARNING: Baking animation because there are keyframes with different interpolation methods in one channel
14:13:12 | WARNING: Baking animation because there are keyframes with different interpolation methods in one channel
14:13:12 | WARNING: Baking animation because there are keyframes with different interpolation methods in one channel
14:13:12 | WARNING: Baking animation because there are keyframes with different interpolation methods in one channel
14:13:12 | WARNING: Baking animation because there are keyframes with different interpolation methods in one channel
14:13:12 | WARNING: Baking animation because there are keyframes with different interpolation methods in one channel
14:13:12 | WARNING: Baking animation because there are keyframes with different interpolation methods in one channel
14:13:12 | WARNING: Baking animation because there are keyframes with different interpolation methods in one channel
14:13:12 | WARNING: Baking animation because there are keyframes with different interpolation methods in one channel
14:13:12 | WARNING: Baking animation because there are keyframes with different interpolation methods in one channel
14:13:17 | INFO: Finished glTF 2.0 export in 51.4120774269104 s

C09_DONE failed=['drag_speed_ok', 'ground_contact_ok', 'stance_sole_ok', 'world_step_ok']
C09_DONE non_ok_bools=['no_teleport']
Blender 4.5.0 (hash 8cb6b388974a built 2025-07-15 01:36:24)
Read blend: "I:\工作项目\BIGMANFIGHT\角色资产\美术资产\bigman_v001\bigman_anim_v001.blend"

Blender quit
Error: Not freed memory blocks: 7796, total unfreed memory 0.814014 MB
