C10_LAYOUT {"total_frames": 114, "seconds": 1.9, "antic": 3, "grab_end": 6, "lift_top": 32, "carry_end": 50, "hit": 68, "hold": 3, "hold_end": 70, "return_start": 71, "settle": 108, "cancel": 110, "seam_source": ["Idle_01", 0], "pelvis_z0_mm": 830.0, "py_grab_mm": -180.0, "py_hit_mm": -400.0, "py_end_mm": -380.0, "pz_grab_mm": 770.0, "pz_carry_mm": 855.0, "pz_hit_mm": 500.0, "ankle_lag": 0.9, "arm_ref_max_deg": 75.0, "anchors_m": {"grab": [0.0, -0.64, 0.9], "carry": [0.0, -0.46, 1.58], "slam": [0.0, -0.78, 0.35]}, "note": "抱摔：6f 抓取（双手钉到 0.98 m）→ 26f 抱起（指尖抬到 1.70 m，本体骨盆升 85 mm）→ 18f 顶住（双手世界漂移 ≤ 3 mm、双脚钉住）→ 18f 砸地（加速下落 + 触地瞬间停，对手落点 0.35 m）→ 命停 3 帧 → 38f 单向减速回「战斗待机」。受招方锚点三相位登记供引擎摆第二角色。"}
C10_END_ARM {"end_euler_deg": {"upperarm.L": [-50.2361, -13.165, -27.6556], "forearm.L": [5.1333, 13.2682, -137.8453], "hand.L": [2.5403, -0.475, 21.1772], "upperarm.R": [-50.0546, 15.1944, 31.8868], "forearm.R": [2.7012, -8.9001, 146.2917], "hand.R": [8.5064, 1.8547, -24.5583]}}
C10_REPORT {"loop_seamless": null, "ground_min_mm": -0.96, "ground_contact_ok": true, "max_frame_step_deg": 21.228, "max_frame_step_at": [6, "forearm.R"], "no_teleport": true, "bone_travel_mm": {"pelvis": 538.53, "chest": 630.87, "head": 824.35, "hand.L": 937.59, "hand.R": 966.2}, "seam_source": ["Idle_01", 0], "skill_start_delta": 0.0, "skill_start_ok": true, "grab_frames": 6, "grab_time_ok": true, "anchor": {"grab": {"frame": 6, "mid_m": [-0.0, -0.64, 0.9], "hand_L_m": [0.16, -0.64, 0.9], "hand_R_m": [-0.16, -0.64, 0.9]}, "carry": {"frame": 32, "mid_m": [0.0, -0.46, 1.58], "hand_L_m": [0.2, -0.46, 1.58], "hand_R_m": [-0.2, -0.46, 1.58]}, "slam": {"frame": 68, "mid_m": [0.0, -0.78, 0.35], "hand_L_m": [0.16, -0.78, 0.35], "hand_R_m": [-0.16, -0.78, 0.35]}}, "lift_height_mm": 680.0, "lift_min_mm": 600.0, "lift_height_ok": true, "lift_pelvis_z_mm": 85.0, "hip_drive_lift_ok": true, "hip_drive_min_mm": 60.0, "carry_drift_mm": {"L": 0.0003, "R": 0.0002}, "carry_drift_at": {"L": 34, "R": 33}, "carry_window": [32, 50], "carry_steady_ok": true, "carry_drift_max_mm": 3.0, "carry_plant_mm": {"L": 0.0036, "R": 0.0034}, "carry_feet_planted_ok": true, "carry_plant_max_mm": 3.0, "carry_arm_up_deg": 50.06, "carry_arm_reach_mm": 295.57, "carry_arm_posture_ok": true, "carry_arm_up_min_deg": 45.0, "slam_hand_front_mm": [-261.79, -290.68, -321.21, -353.83, -389.87, -429.78, -474.86, -526.42, -555.22, -501.78, -445.2, -385.79, -323.77, -266.32, -221.33, -190.51, -172.46, -163.88, -161.1], "slam_hand_front_ok": true, "slam_front_min_mm": 150.0, "victim_anchor_present": true, "slam_point_z_mm": 350.0, "victim_anchor_ok": true, "slam_floor_mm": -20.0, "slam_descent_mm": [1580.0, 1539.45, 1494.07, 1443.87, 1387.87, 1326.08, 1257.54, 1181.26, 1096.3, 1001.69, 897.42, 783.49, 659.91, 544.06, 455.24, 397.31, 366.41, 353.86, 350.0], "slam_speed_mm": [40.55, 45.377, 50.204, 55.997, 61.79, 68.548, 76.272, 84.961, 94.615, 104.27, 113.925, 123.579, 115.856, 88.823, 57.928, 30.895, 12.551, 3.862], "slam_descent_ok": true, "slam_accel_ok": true, "slam_peak_speed_mm": 123.579, "slam_last_speed_mm": 3.862, "slam_speed_ok": true, "slam_stop_max_mm": 12.0, "slam_stop_ratio": 0.15, "root_motion_m": [0.0, -0.38], "root_motion_h_mm": 415.0, "root_motion_z_peak_mm": 25.0, "root_motion_z_drop_mm": 343.2, "root_motion_ok": true, "root_motion_limits_mm": [900.0, 10.0, 500.0], "hitstop_frozen_steps": [0.0, 0.0], "hitstop_present_ok": true, "hitstop_momentum_mm": 19.981, "hitstop_keeps_momentum_ok": true, "hitstop_frames": 3, "hitstop_frames_ok": true, "antic_frames": 3, "lift_frames": 26, "carry_frames": 18, "slam_frames": 18, "recover_frames": 44, "return_tail": [2.5516, 2.5344, 2.5169, 2.499, 2.4807, 2.4619, 2.4428, 2.4232, 2.4031, 2.3824, 2.3612, 2.3395, 2.3171, 2.294, 2.2702, 2.2457, 2.2203, 2.194, 2.1668, 2.1384, 2.1089, 2.0781, 2.0461, 2.0668, 2.0876, 2.1084, 2.1289, 2.1487, 2.167, 2.1831, 2.1955, 2.2022, 2.1995, 2.1823, 2.141, 2.0573, 1.8883, 1.4243, 0.0, 0.0, 0.0, 0.0, 0.0, 0.0], "return_tail_bones": ["forearm.R", "forearm.R", "forearm.R", "forearm.R", "forearm.R", "forearm.R", "forearm.R", "forearm.R", "forearm.R", "forearm.R", "forearm.R", "forearm.R", "forearm.R", "forearm.R", "forearm.R", "forearm.R", "forearm.R", "forearm.R", "forearm.R", "forearm.R", "forearm.R", "forearm.R", "shin.R", "shin.R", "shin.R", "shin.R", "shin.R", "shin.R", "shin.R", "shin.R", "shin.R", "shin.R", "shin.R", "shin.R", "shin.R", "shin.R", "shin.R", "shin.R", null, null, null, null, null, null], "decel_per_bone_tail": {"chest": [0.2951, 0.2931, 0.2911, 0.289, 0.2869, 0.2847, 0.2825, 0.2802, 0.2779, 0.2755, 0.2731, 0.2705, 0.2679, 0.2653, 0.2625, 0.2597, 0.2568, 0.2537, 0.2506, 0.2473, 0.2439, 0.2403, 0.2366, 0.2327, 0.2286, 0.2242, 0.2196, 0.2146, 0.2093, 0.2036, 0.1973, 0.1904, 0.1826, 0.1736, 0.163, 0.1497, 0.1315, 0.0954, 0.0, 0.0, 0.0, 0.0, 0.0, 0.0], "forearm.L": [2.2078, 2.1929, 2.1778, 2.1623, 2.1464, 2.1302, 2.1136, 2.0967, 2.0793, 2.0614, 2.0431, 2.0242, 2.0049, 1.9849, 1.9643, 1.9431, 1.9211, 1.8984, 1.8748, 1.8503, 1.8248, 1.7981, 1.7702, 1.7409, 1.7101, 1.6775, 1.6429, 1.6059, 1.5662, 1.5232, 1.4762, 1.4243, 1.366, 1.299, 1.2195, 1.1205, 0.9838, 0.7138, 0.0, 0.0, 0.0, 0.0, 0.0, 0.0], "forearm.R": [2.5516, 2.5344, 2.5169, 2.499, 2.4807, 2.4619, 2.4428, 2.4232, 2.4031, 2.3824, 2.3612, 2.3395, 2.3171, 2.294, 2.2702, 2.2457, 2.2203, 2.194, 2.1668, 2.1384, 2.1089, 2.0781, 2.0459, 2.012, 1.9764, 1.9387, 1.8987, 1.856, 1.8101, 1.7604, 1.7061, 1.6461, 1.5787, 1.5012, 1.4095, 1.2949, 1.1371, 0.8249, 0.0, 0.0, 0.0, 0.0, 0.0, 0.0], "hand.L": [0.6943, 0.6896, 0.6849, 0.68, 0.675, 0.6699, 0.6647, 0.6594, 0.6539, 0.6483, 0.6425, 0.6366, 0.6305, 0.6242, 0.6177, 0.6111, 0.6042, 0.597, 0.5896, 0.5819, 0.5738, 0.5655, 0.5567, 0.5475, 0.5378, 0.5275, 0.5167, 0.505, 0.4925, 0.479, 0.4643, 0.4479, 0.4296, 0.4085, 0.3835, 0.3524, 0.3094, 0.2245, 0.0, 0.0, 0.0, 0.0, 0.0, 0.0], "hand.R": [0.8052, 0.7997, 0.7942, 0.7886, 0.7828, 0.7769, 0.7708, 0.7646, 0.7583, 0.7518, 0.7451, 0.7382, 0.7312, 0.7239, 0.7164, 0.7086, 0.7006, 0.6923, 0.6837, 0.6748, 0.6655, 0.6557, 0.6456, 0.6349, 0.6237, 0.6118, 0.5991, 0.5857, 0.5712, 0.5555, 0.5384, 0.5194, 0.4981, 0.4737, 0.4448, 0.4086, 0.3588, 0.2603, 0.0, 0.0, 0.0, 0.0, 0.0, 0.0], "head": [0.0984, 0.0977, 0.097, 0.0963, 0.0956, 0.0949, 0.0942, 0.0934, 0.0926, 0.0918, 0.091, 0.0902, 0.0893, 0.0884, 0.0875, 0.0866, 0.0856, 0.0846, 0.0835, 0.0824, 0.0813, 0.0801, 0.0789, 0.0776, 0.0762, 0.0747, 0.0732, 0.0715, 0.0698, 0.0679, 0.0658, 0.0635, 0.0609, 0.0579, 0.0543, 0.0499, 0.0438, 0.0318, 0.0, 0.0, 0.0, 0.0, 0.0, 0.0], "neck": [0.5901, 0.5862, 0.5821, 0.578, 0.5737, 0.5694, 0.565, 0.5604, 0.5558, 0.551, 0.5461, 0.5411, 0.5359, 0.5306, 0.5251, 0.5194, 0.5135, 0.5074, 0.5011, 0.4946, 0.4878, 0.4806, 0.4732, 0.4653, 0.4571, 0.4484, 0.4391, 0.4293, 0.4186, 0.4072, 0.3946, 0.3807, 0.3651, 0.3472, 0.326, 0.2995, 0.263, 0.1908, 0.0, 0.0, 0.0, 0.0, 0.0, 0.0], "pelvis": [0.3279, 0.3256, 0.3234, 0.3211, 0.3187, 0.3163, 0.3139, 0.3114, 0.3088, 0.3061, 0.3034, 0.3006, 0.2977, 0.2948, 0.2917, 0.2885, 0.2853, 0.2819, 0.2784, 0.2748, 0.271, 0.267, 0.2629, 0.2585, 0.2539, 0.2491, 0.244, 0.2385, 0.2326, 0.2262, 0.2192, 0.2115, 0.2028, 0.1929, 0.1811, 0.1664, 0.1461, 0.106, 0.0, 0.0, 0.0, 0.0, 0.0, 0.0], "shoulder.L": [0.1967, 0.1954, 0.194, 0.1927, 0.1912, 0.1898, 0.1883, 0.1868, 0.1853, 0.1837, 0.182, 0.1804, 0.1786, 0.1769, 0.175, 0.1731, 0.1712, 0.1691, 0.167, 0.1649, 0.1626, 0.1602, 0.1577, 0.1551, 0.1524, 0.1495, 0.1464, 0.1431, 0.1395, 0.1357, 0.1315, 0.1269, 0.1217, 0.1157, 0.1087, 0.0998, 0.0877, 0.0636, 0.0, 0.0, 0.0, 0.0, 0.0, 0.0], "shoulder.R": [0.1967, 0.1954, 0.194, 0.1927, 0.1912, 0.1898, 0.1883, 0.1868, 0.1853, 0.1837, 0.182, 0.1804, 0.1786, 0.1769, 0.175, 0.1731, 0.1712, 0.1691, 0.167, 0.1649, 0.1626, 0.1602, 0.1577, 0.1551, 0.1524, 0.1495, 0.1464, 0.1431, 0.1395, 0.1357, 0.1315, 0.1269, 0.1217, 0.1157, 0.1087, 0.0998, 0.0877, 0.0636, 0.0, 0.0, 0.0, 0.0, 0.0, 0.0], "spine_01": [0.1967, 0.1954, 0.194, 0.1927, 0.1912, 0.1898, 0.1883, 0.1868, 0.1853, 0.1837, 0.182, 0.1804, 0.1786, 0.1769, 0.175, 0.1731, 0.1712, 0.1691, 0.167, 0.1649, 0.1626, 0.1602, 0.1577, 0.1551, 0.1524, 0.1495, 0.1464, 0.1431, 0.1395, 0.1357, 0.1315, 0.1269, 0.1217, 0.1157, 0.1087, 0.0998, 0.0877, 0.0636, 0.0, 0.0, 0.0, 0.0, 0.0, 0.0], "spine_02": [0.1967, 0.1954, 0.194, 0.1927, 0.1912, 0.1898, 0.1883, 0.1868, 0.1853, 0.1837, 0.182, 0.1804, 0.1786, 0.1769, 0.175, 0.1731, 0.1712, 0.1691, 0.167, 0.1649, 0.1626, 0.1602, 0.1577, 0.1551, 0.1524, 0.1495, 0.1464, 0.1431, 0.1395, 0.1357, 0.1315, 0.1269, 0.1217, 0.1157, 0.1087, 0.0998, 0.0877, 0.0636, 0.0, 0.0, 0.0, 0.0, 0.0, 0.0], "upperarm.L": [0.746, 0.741, 0.7359, 0.7306, 0.7253, 0.7198, 0.7142, 0.7085, 0.7026, 0.6965, 0.6904, 0.684, 0.6774, 0.6707, 0.6638, 0.6566, 0.6492, 0.6415, 0.6335, 0.6252, 0.6166, 0.6076, 0.5982, 0.5883, 0.5778, 0.5668, 0.5551, 0.5426, 0.5292, 0.5147, 0.4988, 0.4813, 0.4616, 0.4389, 0.4121, 0.3786, 0.3324, 0.2412, 0.0, 0.0, 0.0, 0.0, 0.0, 0.0], "upperarm.R": [0.6529, 0.6486, 0.6441, 0.6395, 0.6348, 0.63, 0.6251, 0.6201, 0.6149, 0.6097, 0.6042, 0.5987, 0.5929, 0.587, 0.5809, 0.5747, 0.5682, 0.5614, 0.5545, 0.5472, 0.5397, 0.5318, 0.5235, 0.5149, 0.5058, 0.4961, 0.4859, 0.4749, 0.4632, 0.4505, 0.4366, 0.4212, 0.404, 0.3842, 0.3607, 0.3314, 0.291, 0.2111, 0.0, 0.0, 0.0, 0.0, 0.0, 0.0]}, "decel_smooth_ok": true, "no_snap_stop_ok": true, "local_step_max_deg": 2.552, "power_chain_channels_deg": {"pelvis": 14.0, "spine_01": 8.0, "spine_02": 8.0, "chest": 10.0, "shoulder.L": 18.0, "shoulder.R": 18.0, "thigh.L": 88.829, "shin.L": 115.691, "thigh.R": 47.037, "shin.R": 114.128, "upperarm.L": 60.338, "forearm.L": 166.561, "hand.L": 21.177, "upperarm.R": 60.423, "forearm.R": 167.473, "hand.R": 24.558}, "power_chain_ok": true, "leg_reach_max_ratio": {"L": 0.97826, "R": 0.97715}, "leg_reach_peak": {"L": [32, 804.13], "R": [32, 803.22]}, "ik_reach_ok": true, "arm_seat_clamp": {"L": {"any": false, "worst_frame": 68, "worst_over_mm": 0.0, "worst_ratio": 0.94042, "limit_mm": 649.675}, "R": {"any": false, "worst_frame": 68, "worst_over_mm": 0.0, "worst_ratio": 0.94042, "limit_mm": 649.675}}, "arm_seat_ok": true, "stance_sole_mm": {"L": [-0.0, 1.055], "R": [-0.962, 0.0]}, "stance_sole_ok": true, "end_pose_measured_deg": {"pelvis": [4.0, 0.0, 0.0], "spine_01": [2.0, 0.0, 0.0], "spine_02": [2.0, 0.0, 0.0], "chest": [1.0, 0.0, 0.0], "neck": [-6.0, 0.0, 0.0], "head": [5.0, 0.0, 0.0], "shoulder.L": [-18.0, 0.0, 0.0], "shoulder.R": [-18.0, 0.0, 0.0]}, "end_pose_delta_deg": {"pelvis": 0.0, "spine_01": 0.0, "spine_02": 0.0, "chest": 0.0, "neck": 0.0, "head": 0.0, "shoulder.L": 0.0, "shoulder.R": 0.0}, "tail_settle_ok": true, "tail_settle_tol_deg": 0.05, "low_bad_frames": {}, "world_step_max_deg": 22.507, "world_step_max_at": [4, "forearm.R"], "world_step_ok": true, "meta": {"anim_id": "Skill_02", "loop": false, "category": "连招与特殊技", "note": "抱摔：抓取 → 抱起（指尖抬升 680 mm）→ 顶住 → 砸地（对手落点 z = 350 mm）→ 命停 3 帧 → 收招回「战斗待机」；受招方锚点三相位登记。", "antic_frame": 3, "hit_frame": 68, "cancel_frame": 110, "hitstop_frames": 3, "root_motion_m": [0.0, -0.38], "inherit_from": null, "segments": {"grab": [0, 6], "lift": [6, 32], "carry": [32, 50], "slam": [50, 68], "hold": [68, 70], "recover": [70, 114]}, "victim_anchor_m": {"carry": [0.0, -0.46, 1.58], "grab": [-0.0, -0.64, 0.9], "slam": [0.0, -0.78, 0.35]}, "grab_point_m": [-0.0, -0.64, 0.9], "carry_point_m": [0.0, -0.46, 1.58], "slam_point_m": [0.0, -0.78, 0.35], "end_pose_deg": {"chest": [1.0, 0.0, 0.0], "head": [5.0, 0.0, 0.0], "neck": [-6.0, 0.0, 0.0], "pelvis": [4.0, 0.0, 0.0], "shoulder.L": [-18.0, 0.0, 0.0], "shoulder.R": [-18.0, 0.0, 0.0], "spine_01": [2.0, 0.0, 0.0], "spine_02": [2.0, 0.0, 0.0]}, "fps": 60, "frames": [0, 114]}, "failed": [], "non_ok_bools": []}Blender 4.5.0 (hash 8cb6b388974a built 2025-07-15 01:36:24)
Read blend: "I:\工作项目\BIGMANFIGHT\角色资产\美术资产\bigman_v001\bigman_anim_v001.blend"
Fra:0 Mem:99.52M (Peak 102.71M) | Time:00:00.72 | Rendering 1 / 64 samples
Fra:0 Mem:99.52M (Peak 102.71M) | Time:00:00.76 | Rendering 25 / 64 samples
Fra:0 Mem:99.52M (Peak 102.71M) | Time:00:00.80 | Rendering 50 / 64 samples
Fra:0 Mem:99.52M (Peak 102.71M) | Time:00:00.82 | Rendering 64 / 64 samples
Fra:0 Mem:67.48M (Peak 112.61M) | Time:00:00.84 | Compositing
Saved: 'I:\工作项目\BIGMANFIGHT\角色资产\美术资产\bigman_v001\previews\anim\skill02_side_f0000.png'
Time: 00:00.89 (Saving: 00:00.04)

Fra:6 Mem:101.59M (Peak 104.75M) | Time:00:00.35 | Rendering 1 / 64 samples
Fra:6 Mem:101.59M (Peak 104.75M) | Time:00:00.39 | Rendering 25 / 64 samples
Fra:6 Mem:101.59M (Peak 104.75M) | Time:00:00.42 | Rendering 50 / 64 samples
Fra:6 Mem:101.59M (Peak 104.75M) | Time:00:00.44 | Rendering 64 / 64 samples
Fra:6 Mem:69.55M (Peak 114.68M) | Time:00:00.47 | Compositing
Saved: 'I:\工作项目\BIGMANFIGHT\角色资产\美术资产\bigman_v001\previews\anim\skill02_side_f0006.png'
Time: 00:00.51 (Saving: 00:00.03)

Fra:20 Mem:101.59M (Peak 104.75M) | Time:00:00.31 | Rendering 1 / 64 samples
Fra:20 Mem:101.59M (Peak 104.75M) | Time:00:00.35 | Rendering 25 / 64 samples
Fra:20 Mem:101.59M (Peak 104.75M) | Time:00:00.39 | Rendering 50 / 64 samples
Fra:20 Mem:101.59M (Peak 104.75M) | Time:00:00.41 | Rendering 64 / 64 samples
Fra:20 Mem:69.55M (Peak 114.69M) | Time:00:00.43 | Compositing
Saved: 'I:\工作项目\BIGMANFIGHT\角色资产\美术资产\bigman_v001\previews\anim\skill02_side_f0020.png'
Time: 00:00.49 (Saving: 00:00.04)

Fra:32 Mem:101.59M (Peak 104.75M) | Time:00:00.28 | Rendering 1 / 64 samples
Fra:32 Mem:101.59M (Peak 104.75M) | Time:00:00.31 | Rendering 25 / 64 samples
Fra:32 Mem:101.59M (Peak 104.75M) | Time:00:00.35 | Rendering 50 / 64 samples
Fra:32 Mem:101.59M (Peak 104.75M) | Time:00:00.37 | Rendering 64 / 64 samples
Fra:32 Mem:69.55M (Peak 114.69M) | Time:00:00.39 | Compositing
Saved: 'I:\工作项目\BIGMANFIGHT\角色资产\美术资产\bigman_v001\previews\anim\skill02_side_f0032.png'
Time: 00:00.44 (Saving: 00:00.03)

Fra:50 Mem:101.59M (Peak 104.75M) | Time:00:00.31 | Rendering 1 / 64 samples
Fra:50 Mem:101.59M (Peak 104.75M) | Time:00:00.35 | Rendering 25 / 64 samples
Fra:50 Mem:101.59M (Peak 104.75M) | Time:00:00.39 | Rendering 50 / 64 samples
Fra:50 Mem:101.59M (Peak 104.75M) | Time:00:00.41 | Rendering 64 / 64 samples
Fra:50 Mem:69.55M (Peak 114.69M) | Time:00:00.43 | Compositing
Saved: 'I:\工作项目\BIGMANFIGHT\角色资产\美术资产\bigman_v001\previews\anim\skill02_side_f0050.png'
Time: 00:00.48 (Saving: 00:00.04)

Fra:68 Mem:101.59M (Peak 104.75M) | Time:00:00.32 | Rendering 1 / 64 samples
Fra:68 Mem:101.59M (Peak 104.75M) | Time:00:00.36 | Rendering 25 / 64 samples
Fra:68 Mem:101.59M (Peak 104.75M) | Time:00:00.40 | Rendering 50 / 64 samples
Fra:68 Mem:101.59M (Peak 104.75M) | Time:00:00.42 | Rendering 64 / 64 samples
Fra:68 Mem:69.55M (Peak 114.69M) | Time:00:00.44 | Compositing
Saved: 'I:\工作项目\BIGMANFIGHT\角色资产\美术资产\bigman_v001\previews\anim\skill02_side_f0068.png'
Time: 00:00.49 (Saving: 00:00.04)

Fra:70 Mem:101.59M (Peak 104.75M) | Time:00:00.30 | Rendering 1 / 64 samples
Fra:70 Mem:101.59M (Peak 104.75M) | Time:00:00.34 | Rendering 25 / 64 samples
Fra:70 Mem:101.59M (Peak 104.75M) | Time:00:00.37 | Rendering 50 / 64 samples
Fra:70 Mem:101.59M (Peak 104.75M) | Time:00:00.39 | Rendering 64 / 64 samples
Fra:70 Mem:69.55M (Peak 114.69M) | Time:00:00.42 | Compositing
Saved: 'I:\工作项目\BIGMANFIGHT\角色资产\美术资产\bigman_v001\previews\anim\skill02_side_f0070.png'
Time: 00:00.46 (Saving: 00:00.03)

Fra:91 Mem:101.59M (Peak 104.75M) | Time:00:00.31 | Rendering 1 / 64 samples
Fra:91 Mem:101.59M (Peak 104.75M) | Time:00:00.35 | Rendering 25 / 64 samples
Fra:91 Mem:101.59M (Peak 104.75M) | Time:00:00.38 | Rendering 50 / 64 samples
Fra:91 Mem:101.59M (Peak 104.75M) | Time:00:00.40 | Rendering 64 / 64 samples
Fra:91 Mem:69.55M (Peak 114.69M) | Time:00:00.43 | Compositing
Saved: 'I:\工作项目\BIGMANFIGHT\角色资产\美术资产\bigman_v001\previews\anim\skill02_side_f0091.png'
Time: 00:00.48 (Saving: 00:00.03)

Fra:114 Mem:101.59M (Peak 104.75M) | Time:00:00.30 | Rendering 1 / 64 samples
Fra:114 Mem:101.59M (Peak 104.75M) | Time:00:00.34 | Rendering 25 / 64 samples
Fra:114 Mem:101.59M (Peak 104.75M) | Time:00:00.38 | Rendering 50 / 64 samples
Fra:114 Mem:101.59M (Peak 104.75M) | Time:00:00.40 | Rendering 64 / 64 samples
Fra:114 Mem:69.55M (Peak 114.69M) | Time:00:00.42 | Compositing
Saved: 'I:\工作项目\BIGMANFIGHT\角色资产\美术资产\bigman_v001\previews\anim\skill02_side_f0114.png'
Time: 00:00.47 (Saving: 00:00.04)

Fra:0 Mem:101.59M (Peak 104.75M) | Time:00:00.28 | Rendering 1 / 64 samples
Fra:0 Mem:101.59M (Peak 104.75M) | Time:00:00.31 | Rendering 25 / 64 samples
Fra:0 Mem:101.59M (Peak 104.75M) | Time:00:00.35 | Rendering 50 / 64 samples
Fra:0 Mem:101.59M (Peak 104.75M) | Time:00:00.37 | Rendering 64 / 64 samples
Fra:0 Mem:69.55M (Peak 114.69M) | Time:00:00.39 | Compositing
Saved: 'I:\工作项目\BIGMANFIGHT\角色资产\美术资产\bigman_v001\previews\anim\skill02_front_f0000.png'
Time: 00:00.44 (Saving: 00:00.03)

Fra:6 Mem:101.59M (Peak 104.75M) | Time:00:00.31 | Rendering 1 / 64 samples
Fra:6 Mem:101.59M (Peak 104.75M) | Time:00:00.34 | Rendering 25 / 64 samples
Fra:6 Mem:101.59M (Peak 104.75M) | Time:00:00.38 | Rendering 50 / 64 samples
Fra:6 Mem:101.59M (Peak 104.75M) | Time:00:00.40 | Rendering 64 / 64 samples
Fra:6 Mem:69.55M (Peak 114.69M) | Time:00:00.42 | Compositing
Saved: 'I:\工作项目\BIGMANFIGHT\角色资产\美术资产\bigman_v001\previews\anim\skill02_front_f0006.png'
Time: 00:00.47 (Saving: 00:00.04)

Fra:20 Mem:101.59M (Peak 104.75M) | Time:00:00.30 | Rendering 1 / 64 samples
Fra:20 Mem:101.59M (Peak 104.75M) | Time:00:00.34 | Rendering 25 / 64 samples
Fra:20 Mem:101.59M (Peak 104.75M) | Time:00:00.38 | Rendering 50 / 64 samples
Fra:20 Mem:101.59M (Peak 104.75M) | Time:00:00.40 | Rendering 64 / 64 samples
Fra:20 Mem:69.55M (Peak 114.69M) | Time:00:00.42 | Compositing
Saved: 'I:\工作项目\BIGMANFIGHT\角色资产\美术资产\bigman_v001\previews\anim\skill02_front_f0020.png'
Time: 00:00.48 (Saving: 00:00.04)

Fra:32 Mem:101.59M (Peak 104.75M) | Time:00:00.31 | Rendering 1 / 64 samples
Fra:32 Mem:101.59M (Peak 104.75M) | Time:00:00.35 | Rendering 25 / 64 samples
Fra:32 Mem:101.59M (Peak 104.75M) | Time:00:00.38 | Rendering 50 / 64 samples
Fra:32 Mem:101.59M (Peak 104.75M) | Time:00:00.41 | Rendering 64 / 64 samples
Fra:32 Mem:69.55M (Peak 114.69M) | Time:00:00.43 | Compositing
Saved: 'I:\工作项目\BIGMANFIGHT\角色资产\美术资产\bigman_v001\previews\anim\skill02_front_f0032.png'
Time: 00:00.47 (Saving: 00:00.03)

Fra:50 Mem:101.59M (Peak 104.75M) | Time:00:00.30 | Rendering 1 / 64 samples
Fra:50 Mem:101.59M (Peak 104.75M) | Time:00:00.33 | Rendering 25 / 64 samples
Fra:50 Mem:101.59M (Peak 104.75M) | Time:00:00.37 | Rendering 50 / 64 samples
Fra:50 Mem:101.59M (Peak 104.75M) | Time:00:00.40 | Rendering 64 / 64 samples
Fra:50 Mem:69.55M (Peak 114.69M) | Time:00:00.43 | Compositing
Saved: 'I:\工作项目\BIGMANFIGHT\角色资产\美术资产\bigman_v001\previews\anim\skill02_front_f0050.png'
Time: 00:00.48 (Saving: 00:00.04)

Fra:68 Mem:101.59M (Peak 104.75M) | Time:00:00.32 | Rendering 1 / 64 samples
Fra:68 Mem:101.59M (Peak 104.75M) | Time:00:00.35 | Rendering 25 / 64 samples
Fra:68 Mem:101.59M (Peak 104.75M) | Time:00:00.39 | Rendering 50 / 64 samples
Fra:68 Mem:101.59M (Peak 104.75M) | Time:00:00.41 | Rendering 64 / 64 samples
Fra:68 Mem:69.55M (Peak 114.69M) | Time:00:00.43 | Compositing
Saved: 'I:\工作项目\BIGMANFIGHT\角色资产\美术资产\bigman_v001\previews\anim\skill02_front_f0068.png'
Time: 00:00.49 (Saving: 00:00.04)

Fra:70 Mem:101.59M (Peak 104.75M) | Time:00:00.30 | Rendering 1 / 64 samples
Fra:70 Mem:101.59M (Peak 104.75M) | Time:00:00.34 | Rendering 25 / 64 samples
Fra:70 Mem:101.59M (Peak 104.75M) | Time:00:00.37 | Rendering 50 / 64 samples
Fra:70 Mem:101.59M (Peak 104.75M) | Time:00:00.39 | Rendering 64 / 64 samples
Fra:70 Mem:69.55M (Peak 114.69M) | Time:00:00.42 | Compositing
Saved: 'I:\工作项目\BIGMANFIGHT\角色资产\美术资产\bigman_v001\previews\anim\skill02_front_f0070.png'
Time: 00:00.46 (Saving: 00:00.03)

Fra:91 Mem:101.59M (Peak 104.75M) | Time:00:00.30 | Rendering 1 / 64 samples
Fra:91 Mem:101.59M (Peak 104.75M) | Time:00:00.34 | Rendering 25 / 64 samples
Fra:91 Mem:101.59M (Peak 104.75M) | Time:00:00.38 | Rendering 50 / 64 samples
Fra:91 Mem:101.59M (Peak 104.75M) | Time:00:00.40 | Rendering 64 / 64 samples
Fra:91 Mem:69.55M (Peak 114.69M) | Time:00:00.42 | Compositing
Saved: 'I:\工作项目\BIGMANFIGHT\角色资产\美术资产\bigman_v001\previews\anim\skill02_front_f0091.png'
Time: 00:00.46 (Saving: 00:00.03)

Fra:114 Mem:101.59M (Peak 104.75M) | Time:00:00.31 | Rendering 1 / 64 samples
Fra:114 Mem:101.59M (Peak 104.75M) | Time:00:00.35 | Rendering 25 / 64 samples
Fra:114 Mem:101.59M (Peak 104.75M) | Time:00:00.38 | Rendering 50 / 64 samples
Fra:114 Mem:101.59M (Peak 104.75M) | Time:00:00.41 | Rendering 64 / 64 samples
Fra:114 Mem:69.55M (Peak 114.69M) | Time:00:00.43 | Compositing
Saved: 'I:\工作项目\BIGMANFIGHT\角色资产\美术资产\bigman_v001\previews\anim\skill02_front_f0114.png'
Time: 00:00.49 (Saving: 00:00.05)

Fra:0 Mem:101.59M (Peak 104.75M) | Time:00:00.30 | Rendering 1 / 64 samples
Fra:0 Mem:101.59M (Peak 104.75M) | Time:00:00.34 | Rendering 25 / 64 samples
Fra:0 Mem:101.59M (Peak 104.75M) | Time:00:00.38 | Rendering 50 / 64 samples
Fra:0 Mem:101.59M (Peak 104.75M) | Time:00:00.40 | Rendering 64 / 64 samples
Fra:0 Mem:69.55M (Peak 114.69M) | Time:00:00.42 | Compositing
Saved: 'I:\工作项目\BIGMANFIGHT\角色资产\美术资产\bigman_v001\previews\anim\skill02_three_quarter_f0000.png'
Time: 00:00.47 (Saving: 00:00.04)

Fra:6 Mem:101.59M (Peak 104.75M) | Time:00:00.31 | Rendering 1 / 64 samples
Fra:6 Mem:101.59M (Peak 104.75M) | Time:00:00.34 | Rendering 25 / 64 samples
Fra:6 Mem:101.59M (Peak 104.75M) | Time:00:00.38 | Rendering 50 / 64 samples
Fra:6 Mem:101.59M (Peak 104.75M) | Time:00:00.40 | Rendering 64 / 64 samples
Fra:6 Mem:69.55M (Peak 114.69M) | Time:00:00.42 | Compositing
Saved: 'I:\工作项目\BIGMANFIGHT\角色资产\美术资产\bigman_v001\previews\anim\skill02_three_quarter_f0006.png'
Time: 00:00.46 (Saving: 00:00.03)

Fra:20 Mem:101.59M (Peak 104.75M) | Time:00:00.30 | Rendering 1 / 64 samples
Fra:20 Mem:101.59M (Peak 104.75M) | Time:00:00.34 | Rendering 25 / 64 samples
Fra:20 Mem:101.59M (Peak 104.75M) | Time:00:00.37 | Rendering 50 / 64 samples
Fra:20 Mem:101.59M (Peak 104.75M) | Time:00:00.40 | Rendering 64 / 64 samples
Fra:20 Mem:69.55M (Peak 114.69M) | Time:00:00.42 | Compositing
Saved: 'I:\工作项目\BIGMANFIGHT\角色资产\美术资产\bigman_v001\previews\anim\skill02_three_quarter_f0020.png'
Time: 00:00.46 (Saving: 00:00.03)

Fra:32 Mem:101.59M (Peak 104.75M) | Time:00:00.30 | Rendering 1 / 64 samples
Fra:32 Mem:101.59M (Peak 104.75M) | Time:00:00.33 | Rendering 25 / 64 samples
Fra:32 Mem:101.59M (Peak 104.75M) | Time:00:00.37 | Rendering 50 / 64 samples
Fra:32 Mem:101.59M (Peak 104.75M) | Time:00:00.40 | Rendering 64 / 64 samples
Fra:32 Mem:69.55M (Peak 114.69M) | Time:00:00.43 | Compositing
Saved: 'I:\工作项目\BIGMANFIGHT\角色资产\美术资产\bigman_v001\previews\anim\skill02_three_quarter_f0032.png'
Time: 00:00.47 (Saving: 00:00.03)

Fra:50 Mem:101.59M (Peak 104.75M) | Time:00:00.32 | Rendering 1 / 64 samples
Fra:50 Mem:101.59M (Peak 104.75M) | Time:00:00.36 | Rendering 25 / 64 samples
Fra:50 Mem:101.59M (Peak 104.75M) | Time:00:00.40 | Rendering 50 / 64 samples
Fra:50 Mem:101.59M (Peak 104.75M) | Time:00:00.42 | Rendering 64 / 64 samples
Fra:50 Mem:69.55M (Peak 114.69M) | Time:00:00.44 | Compositing
Saved: 'I:\工作项目\BIGMANFIGHT\角色资产\美术资产\bigman_v001\previews\anim\skill02_three_quarter_f0050.png'
Time: 00:00.49 (Saving: 00:00.04)

Fra:68 Mem:101.59M (Peak 104.75M) | Time:00:00.32 | Rendering 1 / 64 samples
Fra:68 Mem:101.59M (Peak 104.75M) | Time:00:00.35 | Rendering 25 / 64 samples
Fra:68 Mem:101.59M (Peak 104.75M) | Time:00:00.39 | Rendering 50 / 64 samples
Fra:68 Mem:101.59M (Peak 104.75M) | Time:00:00.41 | Rendering 64 / 64 samples
Fra:68 Mem:69.55M (Peak 114.69M) | Time:00:00.43 | Compositing
Saved: 'I:\工作项目\BIGMANFIGHT\角色资产\美术资产\bigman_v001\previews\anim\skill02_three_quarter_f0068.png'
Time: 00:00.49 (Saving: 00:00.04)

Fra:70 Mem:101.59M (Peak 104.75M) | Time:00:00.32 | Rendering 1 / 64 samples
Fra:70 Mem:101.59M (Peak 104.75M) | Time:00:00.36 | Rendering 25 / 64 samples
Fra:70 Mem:101.59M (Peak 104.75M) | Time:00:00.40 | Rendering 50 / 64 samples
Fra:70 Mem:101.59M (Peak 104.75M) | Time:00:00.42 | Rendering 64 / 64 samples
Fra:70 Mem:69.55M (Peak 114.69M) | Time:00:00.44 | Compositing
Saved: 'I:\工作项目\BIGMANFIGHT\角色资产\美术资产\bigman_v001\previews\anim\skill02_three_quarter_f0070.png'
Time: 00:00.48 (Saving: 00:00.03)

Fra:91 Mem:101.59M (Peak 104.75M) | Time:00:00.30 | Rendering 1 / 64 samples
Fra:91 Mem:101.59M (Peak 104.75M) | Time:00:00.33 | Rendering 25 / 64 samples
Fra:91 Mem:101.59M (Peak 104.75M) | Time:00:00.37 | Rendering 50 / 64 samples
Fra:91 Mem:101.59M (Peak 104.75M) | Time:00:00.39 | Rendering 64 / 64 samples
Fra:91 Mem:69.55M (Peak 114.69M) | Time:00:00.41 | Compositing
Saved: 'I:\工作项目\BIGMANFIGHT\角色资产\美术资产\bigman_v001\previews\anim\skill02_three_quarter_f0091.png'
Time: 00:00.46 (Saving: 00:00.03)

Fra:114 Mem:101.59M (Peak 104.75M) | Time:00:00.30 | Rendering 1 / 64 samples
Fra:114 Mem:101.59M (Peak 104.75M) | Time:00:00.34 | Rendering 25 / 64 samples
Fra:114 Mem:101.59M (Peak 104.75M) | Time:00:00.37 | Rendering 50 / 64 samples
Fra:114 Mem:101.59M (Peak 104.75M) | Time:00:00.39 | Rendering 64 / 64 samples
Fra:114 Mem:69.55M (Peak 114.69M) | Time:00:00.42 | Compositing
Saved: 'I:\工作项目\BIGMANFIGHT\角色资产\美术资产\bigman_v001\previews\anim\skill02_three_quarter_f0114.png'
Time: 00:00.46 (Saving: 00:00.03)


C10_CAMERA {"bbox_min": [-0.4624, -0.9584, 0.0204], "bbox_max": [0.4624, 0.1674, 1.7244], "center": [-0.0, -0.3955, 0.8724], "ortho_scale": 2.1}
Info: Saved as "bigman_anim_v001.blend"
INFO Draco mesh compression is available, use library at D:\Program Files\Blender Foundation\Blender 4.5\4.5\scripts\addons_core\io_scene_gltf2\extern_draco.dll
15:35:05 | INFO: Starting glTF 2.0 export
15:35:05 | INFO: Extracting primitive: Mesh
15:35:05 | INFO: Primitives created: 1
15:35:05 | INFO: Extracting primitive: Mesh
15:35:05 | INFO: Primitives created: 1
15:35:05 | INFO: Extracting primitive: Collar_Point_L
15:35:05 | INFO: Primitives created: 1
15:35:05 | INFO: Extracting primitive: Collar_Point_R
15:35:05 | INFO: Primitives created: 1
15:35:05 | INFO: Extracting primitive: Ear_Inner_L
15:35:05 | INFO: Primitives created: 1
15:35:05 | INFO: Extracting primitive: Ear_Inner_R
15:35:05 | INFO: Primitives created: 1
15:35:05 | INFO: Extracting primitive: Ear_L
15:35:05 | INFO: Primitives created: 1
15:35:05 | INFO: Extracting primitive: Ear_Lobe_L
15:35:05 | INFO: Primitives created: 1
15:35:05 | INFO: Extracting primitive: Ear_Lobe_R
15:35:05 | INFO: Primitives created: 1
15:35:05 | INFO: Extracting primitive: Ear_R
15:35:05 | INFO: Primitives created: 1
15:35:05 | INFO: Extracting primitive: Eye_Glint_L
15:35:05 | INFO: Primitives created: 1
15:35:05 | INFO: Extracting primitive: Eye_Glint_R
15:35:05 | INFO: Primitives created: 1
15:35:05 | INFO: Extracting primitive: Eye_Line_Upper_L
15:35:05 | INFO: Primitives created: 1
15:35:05 | INFO: Extracting primitive: Eye_Line_Upper_R
15:35:05 | INFO: Primitives created: 1
15:35:05 | INFO: Extracting primitive: Eye_White_L
15:35:05 | INFO: Primitives created: 1
15:35:05 | INFO: Extracting primitive: Eye_White_R
15:35:05 | INFO: Primitives created: 1
15:35:05 | INFO: Extracting primitive: Eyebrow_L
15:35:05 | INFO: Primitives created: 1
15:35:05 | INFO: Extracting primitive: Eyebrow_R
15:35:05 | INFO: Primitives created: 1
15:35:05 | INFO: Extracting primitive: Eyelid_Lower_L
15:35:05 | INFO: Primitives created: 1
15:35:05 | INFO: Extracting primitive: Eyelid_Lower_R
15:35:05 | INFO: Primitives created: 1
15:35:05 | INFO: Extracting primitive: Eyelid_Upper_L
15:35:05 | INFO: Primitives created: 1
15:35:05 | INFO: Extracting primitive: Eyelid_Upper_R
15:35:05 | INFO: Primitives created: 1
15:35:05 | INFO: Extracting primitive: Mesh
15:35:05 | INFO: Primitives created: 1
15:35:05 | INFO: Extracting primitive: Mesh
15:35:05 | INFO: Primitives created: 1
15:35:05 | INFO: Extracting primitive: Mesh
15:35:05 | INFO: Primitives created: 1
15:35:05 | INFO: Extracting primitive: Mesh
15:35:05 | INFO: Primitives created: 1
15:35:05 | INFO: Extracting primitive: Mesh
15:35:05 | INFO: Primitives created: 1
15:35:05 | INFO: Extracting primitive: Mesh
15:35:05 | INFO: Primitives created: 1
15:35:05 | INFO: Extracting primitive: Mesh
15:35:05 | INFO: Primitives created: 1
15:35:05 | INFO: Extracting primitive: Mesh
15:35:05 | INFO: Primitives created: 1
15:35:05 | INFO: Extracting primitive: Glasses_Bridge
15:35:05 | INFO: Primitives created: 1
15:35:05 | INFO: Extracting primitive: Glasses_Frame_L
15:35:05 | INFO: Primitives created: 1
15:35:05 | INFO: Extracting primitive: Glasses_Frame_R
15:35:05 | INFO: Primitives created: 1
15:35:05 | INFO: Extracting primitive: Glasses_Temple_L
15:35:05 | INFO: Primitives created: 1
15:35:05 | INFO: Extracting primitive: Glasses_Temple_R
15:35:05 | INFO: Primitives created: 1
15:35:05 | INFO: Extracting primitive: Mesh
15:35:05 | INFO: Primitives created: 1
15:35:05 | INFO: Extracting primitive: Mesh
15:35:05 | INFO: Primitives created: 1
15:35:05 | INFO: Extracting primitive: Mesh
15:35:05 | INFO: Primitives created: 1
15:35:05 | INFO: Extracting primitive: Mesh
15:35:05 | INFO: Primitives created: 1
15:35:05 | INFO: Extracting primitive: Mesh
15:35:05 | INFO: Primitives created: 1
15:35:05 | INFO: Extracting primitive: Iris_L
15:35:05 | INFO: Primitives created: 1
15:35:05 | INFO: Extracting primitive: Iris_R
15:35:05 | INFO: Primitives created: 1
15:35:05 | INFO: Extracting primitive: Iris_Ring_L
15:35:05 | INFO: Primitives created: 1
15:35:05 | INFO: Extracting primitive: Iris_Ring_R
15:35:05 | INFO: Primitives created: 1
15:35:05 | INFO: Extracting primitive: Jacket_Back_Seam
15:35:05 | INFO: Primitives created: 1
15:35:05 | INFO: Extracting primitive: Jacket_Button_1
15:35:05 | INFO: Primitives created: 1
15:35:05 | INFO: Extracting primitive: Jacket_Button_2
15:35:05 | INFO: Primitives created: 1
15:35:05 | INFO: Extracting primitive: Jacket_Collar
15:35:05 | INFO: Primitives created: 1
15:35:05 | INFO: Extracting primitive: Jacket_Lapel_L
15:35:05 | INFO: Primitives created: 1
15:35:05 | INFO: Extracting primitive: Jacket_Lapel_R
15:35:05 | INFO: Primitives created: 1
15:35:05 | INFO: Extracting primitive: Jacket_Vent
15:35:05 | INFO: Primitives created: 1
15:35:05 | INFO: Extracting primitive: Lapel_Fold_L
15:35:05 | INFO: Primitives created: 1
15:35:05 | INFO: Extracting primitive: Lapel_Fold_R
15:35:05 | INFO: Primitives created: 1
15:35:05 | INFO: Extracting primitive: Lapel_Notch_L
15:35:05 | INFO: Primitives created: 1
15:35:05 | INFO: Extracting primitive: Lapel_Notch_R
15:35:05 | INFO: Primitives created: 1
15:35:05 | INFO: Extracting primitive: Lower_Lip
15:35:05 | INFO: Primitives created: 1
15:35:05 | INFO: Extracting primitive: Mouth_Line
15:35:05 | INFO: Primitives created: 1
15:35:05 | INFO: Extracting primitive: Mesh
15:35:05 | INFO: Primitives created: 1
15:35:05 | INFO: Extracting primitive: Mesh
15:35:05 | INFO: Primitives created: 1
15:35:05 | INFO: Extracting primitive: Nose_Wing_L
15:35:05 | INFO: Primitives created: 1
15:35:05 | INFO: Extracting primitive: Nose_Wing_R
15:35:05 | INFO: Primitives created: 1
15:35:05 | INFO: Extracting primitive: Pocket_Flap_L
15:35:05 | INFO: Primitives created: 1
15:35:05 | INFO: Extracting primitive: Pocket_Flap_R
15:35:05 | INFO: Primitives created: 1
15:35:05 | INFO: Extracting primitive: Pupil_L
15:35:05 | INFO: Primitives created: 1
15:35:05 | INFO: Extracting primitive: Pupil_R
15:35:05 | INFO: Primitives created: 1
15:35:05 | INFO: Extracting primitive: Shirt_Collar
15:35:05 | INFO: Primitives created: 1
15:35:05 | INFO: Extracting primitive: Shirt_Cuff_L
15:35:05 | INFO: Primitives created: 1
15:35:05 | INFO: Extracting primitive: Shirt_Cuff_R
15:35:05 | INFO: Primitives created: 1
15:35:05 | INFO: Extracting primitive: Shirt_Front
15:35:05 | INFO: Primitives created: 1
15:35:05 | INFO: Extracting primitive: Mesh
15:35:05 | INFO: Primitives created: 1
15:35:05 | INFO: Extracting primitive: Mesh
15:35:05 | INFO: Primitives created: 1
15:35:05 | INFO: Extracting primitive: Mesh
15:35:05 | INFO: Primitives created: 1
15:35:05 | INFO: Extracting primitive: Mesh
15:35:05 | INFO: Primitives created: 1
15:35:05 | INFO: Extracting primitive: Shoe_Toe_Cap_L
15:35:05 | INFO: Primitives created: 1
15:35:05 | INFO: Extracting primitive: Shoe_Toe_Cap_R
15:35:05 | INFO: Primitives created: 1
15:35:05 | INFO: Extracting primitive: Mesh
15:35:05 | INFO: Primitives created: 1
15:35:05 | INFO: Extracting primitive: Mesh
15:35:05 | INFO: Primitives created: 1
15:35:05 | INFO: Extracting primitive: Sleeve_Button_1_L
15:35:05 | INFO: Primitives created: 1
15:35:05 | INFO: Extracting primitive: Sleeve_Button_1_R
15:35:05 | INFO: Primitives created: 1
15:35:05 | INFO: Extracting primitive: Sleeve_Button_2_L
15:35:05 | INFO: Primitives created: 1
15:35:05 | INFO: Extracting primitive: Sleeve_Button_2_R
15:35:05 | INFO: Primitives created: 1
15:35:05 | INFO: Extracting primitive: Sleeve_Button_3_L
15:35:05 | INFO: Primitives created: 1
15:35:05 | INFO: Extracting primitive: Sleeve_Button_3_R
15:35:05 | INFO: Primitives created: 1
15:35:05 | INFO: Extracting primitive: Mesh
15:35:05 | INFO: Primitives created: 1
15:35:05 | INFO: Extracting primitive: Mesh
15:35:05 | INFO: Primitives created: 1
15:35:05 | INFO: Extracting primitive: Mesh
15:35:05 | INFO: Primitives created: 1
15:35:05 | INFO: Extracting primitive: Mesh
15:35:05 | INFO: Primitives created: 1
15:35:05 | INFO: Extracting primitive: Mesh
15:35:05 | INFO: Primitives created: 1
15:35:05 | INFO: Extracting primitive: Mesh
15:35:05 | INFO: Primitives created: 1
15:35:05 | INFO: Extracting primitive: Mesh
15:35:05 | INFO: Primitives created: 1
15:35:05 | INFO: Extracting primitive: Upper_Lip
15:35:05 | INFO: Primitives created: 1
15:35:20 | WARNING: Baking animation because there are keyframes with different interpolation methods in one channel
15:35:20 | WARNING: Baking animation because there are keyframes with different interpolation methods in one channel
15:35:20 | WARNING: Baking animation because there are keyframes with different interpolation methods in one channel
15:35:20 | WARNING: Baking animation because there are keyframes with different interpolation methods in one channel
15:35:20 | WARNING: Baking animation because there are keyframes with different interpolation methods in one channel
15:35:20 | WARNING: Baking animation because there are keyframes with different interpolation methods in one channel
15:35:20 | WARNING: Baking animation because there are keyframes with different interpolation methods in one channel
15:35:20 | WARNING: Baking animation because there are keyframes with different interpolation methods in one channel
15:35:20 | WARNING: Baking animation because there are keyframes with different interpolation methods in one channel
15:35:20 | WARNING: Baking animation because there are keyframes with different interpolation methods in one channel
15:35:20 | WARNING: Baking animation because there are keyframes with different interpolation methods in one channel
15:35:20 | WARNING: Baking animation because there are keyframes with different interpolation methods in one channel
15:35:20 | WARNING: Baking animation because there are keyframes with different interpolation methods in one channel
15:35:20 | WARNING: Baking animation because there are keyframes with different interpolation methods in one channel
15:35:20 | WARNING: Baking animation because there are keyframes with different interpolation methods in one channel
15:35:20 | WARNING: Baking animation because there are keyframes with different interpolation methods in one channel
15:35:20 | WARNING: Baking animation because there are keyframes with different interpolation methods in one channel
15:35:20 | WARNING: Baking animation because there are keyframes with different interpolation methods in one channel
15:35:20 | WARNING: Baking animation because there are keyframes with different interpolation methods in one channel
15:35:20 | WARNING: Baking animation because there are keyframes with different interpolation methods in one channel
15:35:20 | WARNING: Baking animation because there are keyframes with different interpolation methods in one channel
15:35:20 | WARNING: Baking animation because there are keyframes with different interpolation methods in one channel
15:35:20 | WARNING: Baking animation because there are keyframes with different interpolation methods in one channel
15:35:20 | WARNING: Baking animation because there are keyframes with different interpolation methods in one channel
15:35:20 | WARNING: Baking animation because there are keyframes with different interpolation methods in one channel
15:35:20 | WARNING: Baking animation because there are keyframes with different interpolation methods in one channel
15:35:20 | WARNING: Baking animation because there are keyframes with different interpolation methods in one channel
15:35:20 | WARNING: Baking animation because there are keyframes with different interpolation methods in one channel
15:35:20 | WARNING: Baking animation because there are keyframes with different interpolation methods in one channel
15:35:20 | WARNING: Baking animation because there are keyframes with different interpolation methods in one channel
15:35:20 | WARNING: Baking animation because there are keyframes with different interpolation methods in one channel
15:35:20 | WARNING: Baking animation because there are keyframes with different interpolation methods in one channel
15:35:20 | WARNING: Baking animation because there are keyframes with different interpolation methods in one channel
15:35:20 | WARNING: Baking animation because there are keyframes with different interpolation methods in one channel
15:35:20 | WARNING: Baking animation because there are keyframes with different interpolation methods in one channel
15:35:20 | WARNING: Baking animation because there are keyframes with different interpolation methods in one channel
15:35:20 | WARNING: Baking animation because there are keyframes with different interpolation methods in one channel
15:35:20 | WARNING: Baking animation because there are keyframes with different interpolation methods in one channel
15:35:20 | WARNING: Baking animation because there are keyframes with different interpolation methods in one channel
15:35:20 | WARNING: Baking animation because there are keyframes with different interpolation methods in one channel
15:35:20 | WARNING: Baking animation because there are keyframes with different interpolation methods in one channel
15:35:20 | WARNING: Baking animation because there are keyframes with different interpolation methods in one channel
15:35:20 | WARNING: Baking animation because there are keyframes with different interpolation methods in one channel
15:35:20 | WARNING: Baking animation because there are keyframes with different interpolation methods in one channel
15:35:20 | WARNING: Baking animation because there are keyframes with different interpolation methods in one channel
15:35:20 | WARNING: Baking animation because there are keyframes with different interpolation methods in one channel
15:35:20 | WARNING: Baking animation because there are keyframes with different interpolation methods in one channel
15:35:20 | WARNING: Baking animation because there are keyframes with different interpolation methods in one channel
15:35:20 | WARNING: Baking animation because there are keyframes with different interpolation methods in one channel
15:35:20 | WARNING: Baking animation because there are keyframes with different interpolation methods in one channel
15:35:20 | WARNING: Baking animation because there are keyframes with different interpolation methods in one channel
15:35:20 | WARNING: Baking animation because there are keyframes with different interpolation methods in one channel
15:35:20 | WARNING: Baking animation because there are keyframes with different interpolation methods in one channel
15:35:21 | WARNING: Baking animation because there are keyframes with different interpolation methods in one channel
15:35:21 | WARNING: Baking animation because there are keyframes with different interpolation methods in one channel
15:35:21 | WARNING: Baking animation because there are keyframes with different interpolation methods in one channel
15:35:21 | WARNING: Baking animation because there are keyframes with different interpolation methods in one channel
15:35:21 | WARNING: Baking animation because there are keyframes with different interpolation methods in one channel
15:35:21 | WARNING: Baking animation because there are keyframes with different interpolation methods in one channel
15:35:21 | WARNING: Baking animation because there are keyframes with different interpolation methods in one channel
15:35:21 | WARNING: Baking animation because there are keyframes with different interpolation methods in one channel
15:35:21 | WARNING: Baking animation because there are keyframes with different interpolation methods in one channel
15:35:21 | WARNING: Baking animation because there are keyframes with different interpolation methods in one channel
15:35:21 | WARNING: Baking animation because there are keyframes with different interpolation methods in one channel
15:35:21 | WARNING: Baking animation because there are keyframes with different interpolation methods in one channel
15:35:21 | WARNING: Baking animation because there are keyframes with different interpolation methods in one channel
15:35:21 | WARNING: Baking animation because there are keyframes with different interpolation methods in one channel
15:35:21 | WARNING: Baking animation because there are keyframes with different interpolation methods in one channel
15:35:21 | WARNING: Baking animation because there are keyframes with different interpolation methods in one channel
15:35:21 | WARNING: Baking animation because there are keyframes with different interpolation methods in one channel
15:35:21 | WARNING: Baking animation because there are keyframes with different interpolation methods in one channel
15:35:21 | WARNING: Baking animation because there are keyframes with different interpolation methods in one channel
15:35:21 | WARNING: Baking animation because there are keyframes with different interpolation methods in one channel
15:35:21 | WARNING: Baking animation because there are keyframes with different interpolation methods in one channel
15:35:21 | WARNING: Baking animation because there are keyframes with different interpolation methods in one channel
15:35:21 | WARNING: Baking animation because there are keyframes with different interpolation methods in one channel
15:35:21 | WARNING: Baking animation because there are keyframes with different interpolation methods in one channel
15:35:21 | WARNING: Baking animation because there are keyframes with different interpolation methods in one channel
15:35:21 | WARNING: Baking animation because there are keyframes with different interpolation methods in one channel
15:35:21 | WARNING: Baking animation because there are keyframes with different interpolation methods in one channel
15:35:21 | WARNING: Baking animation because there are keyframes with different interpolation methods in one channel
15:35:21 | WARNING: Baking animation because there are keyframes with different interpolation methods in one channel
15:35:21 | WARNING: Baking animation because there are keyframes with different interpolation methods in one channel
15:35:21 | WARNING: Baking animation because there are keyframes with different interpolation methods in one channel
15:35:21 | WARNING: Baking animation because there are keyframes with different interpolation methods in one channel
15:35:21 | WARNING: Baking animation because there are keyframes with different interpolation methods in one channel
15:35:21 | WARNING: Baking animation because there are keyframes with different interpolation methods in one channel
15:35:21 | WARNING: Baking animation because there are keyframes with different interpolation methods in one channel
15:35:21 | WARNING: Baking animation because there are keyframes with different interpolation methods in one channel
15:35:21 | WARNING: Baking animation because there are keyframes with different interpolation methods in one channel
15:35:21 | WARNING: Baking animation because there are keyframes with different interpolation methods in one channel
15:35:21 | WARNING: Baking animation because there are keyframes with different interpolation methods in one channel
15:35:21 | WARNING: Baking animation because there are keyframes with different interpolation methods in one channel
15:35:21 | WARNING: Baking animation because there are keyframes with different interpolation methods in one channel
15:35:21 | WARNING: Baking animation because there are keyframes with different interpolation methods in one channel
15:35:21 | WARNING: Baking animation because there are keyframes with different interpolation methods in one channel
15:35:21 | WARNING: Baking animation because there are keyframes with different interpolation methods in one channel
15:35:21 | WARNING: Baking animation because there are keyframes with different interpolation methods in one channel
15:35:21 | WARNING: Baking animation because there are keyframes with different interpolation methods in one channel
15:35:21 | WARNING: Baking animation because there are keyframes with different interpolation methods in one channel
15:35:21 | WARNING: Baking animation because there are keyframes with different interpolation methods in one channel
15:35:21 | WARNING: Baking animation because there are keyframes with different interpolation methods in one channel
15:35:21 | WARNING: Baking animation because there are keyframes with different interpolation methods in one channel
15:35:21 | WARNING: Baking animation because there are keyframes with different interpolation methods in one channel
15:35:21 | WARNING: Baking animation because there are keyframes with different interpolation methods in one channel
15:35:21 | WARNING: Baking animation because there are keyframes with different interpolation methods in one channel
15:35:21 | WARNING: Baking animation because there are keyframes with different interpolation methods in one channel
15:35:21 | WARNING: Baking animation because there are keyframes with different interpolation methods in one channel
15:35:21 | WARNING: Baking animation because there are keyframes with different interpolation methods in one channel
15:35:21 | WARNING: Baking animation because there are keyframes with different interpolation methods in one channel
15:35:21 | WARNING: Baking animation because there are keyframes with different interpolation methods in one channel
15:35:21 | WARNING: Baking animation because there are keyframes with different interpolation methods in one channel
15:35:21 | WARNING: Baking animation because there are keyframes with different interpolation methods in one channel
15:35:21 | WARNING: Baking animation because there are keyframes with different interpolation methods in one channel
15:35:21 | WARNING: Baking animation because there are keyframes with different interpolation methods in one channel
15:35:21 | WARNING: Baking animation because there are keyframes with different interpolation methods in one channel
15:35:21 | WARNING: Baking animation because there are keyframes with different interpolation methods in one channel
15:35:21 | WARNING: Baking animation because there are keyframes with different interpolation methods in one channel
15:35:21 | WARNING: Baking animation because there are keyframes with different interpolation methods in one channel
15:35:21 | WARNING: Baking animation because there are keyframes with different interpolation methods in one channel
15:35:21 | WARNING: Baking animation because there are keyframes with different interpolation methods in one channel
15:35:21 | WARNING: Baking animation because there are keyframes with different interpolation methods in one channel
15:35:21 | WARNING: Baking animation because there are keyframes with different interpolation methods in one channel
15:35:21 | WARNING: Baking animation because there are keyframes with different interpolation methods in one channel
15:35:21 | WARNING: Baking animation because there are keyframes with different interpolation methods in one channel
15:35:21 | WARNING: Baking animation because there are keyframes with different interpolation methods in one channel
15:35:21 | WARNING: Baking animation because there are keyframes with different interpolation methods in one channel
15:35:21 | WARNING: Baking animation because there are keyframes with different interpolation methods in one channel
15:35:21 | WARNING: Baking animation because there are keyframes with different interpolation methods in one channel
15:35:21 | WARNING: Baking animation because there are keyframes with different interpolation methods in one channel
15:35:21 | WARNING: Baking animation because there are keyframes with different interpolation methods in one channel
15:35:21 | WARNING: Baking animation because there are keyframes with different interpolation methods in one channel
15:35:21 | WARNING: Baking animation because there are keyframes with different interpolation methods in one channel
15:35:21 | WARNING: Baking animation because there are keyframes with different interpolation methods in one channel
15:35:21 | WARNING: Baking animation because there are keyframes with different interpolation methods in one channel
15:35:21 | WARNING: Baking animation because there are keyframes with different interpolation methods in one channel
15:35:21 | WARNING: Baking animation because there are keyframes with different interpolation methods in one channel
15:35:21 | WARNING: Baking animation because there are keyframes with different interpolation methods in one channel
15:35:21 | WARNING: Baking animation because there are keyframes with different interpolation methods in one channel
15:35:21 | WARNING: Baking animation because there are keyframes with different interpolation methods in one channel
15:35:21 | WARNING: Baking animation because there are keyframes with different interpolation methods in one channel
15:35:21 | WARNING: Baking animation because there are keyframes with different interpolation methods in one channel
15:35:21 | WARNING: Baking animation because there are keyframes with different interpolation methods in one channel
15:35:21 | WARNING: Baking animation because there are keyframes with different interpolation methods in one channel
15:35:21 | WARNING: Baking animation because there are keyframes with different interpolation methods in one channel
15:35:21 | WARNING: Baking animation because there are keyframes with different interpolation methods in one channel
15:35:21 | WARNING: Baking animation because there are keyframes with different interpolation methods in one channel
15:35:21 | WARNING: Baking animation because there are keyframes with different interpolation methods in one channel
15:35:21 | WARNING: Baking animation because there are keyframes with different interpolation methods in one channel
15:35:21 | WARNING: Baking animation because there are keyframes with different interpolation methods in one channel
15:35:21 | WARNING: Baking animation because there are keyframes with different interpolation methods in one channel
15:35:21 | WARNING: Baking animation because there are keyframes with different interpolation methods in one channel
15:35:21 | WARNING: Baking animation because there are keyframes with different interpolation methods in one channel
15:35:21 | WARNING: Baking animation because there are keyframes with different interpolation methods in one channel
15:35:21 | WARNING: Baking animation because there are keyframes with different interpolation methods in one channel
15:35:21 | WARNING: Baking animation because there are keyframes with different interpolation methods in one channel
15:35:21 | WARNING: Baking animation because there are keyframes with different interpolation methods in one channel
15:35:21 | WARNING: Baking animation because there are keyframes with different interpolation methods in one channel
15:35:21 | WARNING: Baking animation because there are keyframes with different interpolation methods in one channel
15:35:22 | WARNING: Baking animation because there are keyframes with different interpolation methods in one channel
15:35:22 | WARNING: Baking animation because there are keyframes with different interpolation methods in one channel
15:35:22 | WARNING: Baking animation because there are keyframes with different interpolation methods in one channel
15:35:22 | WARNING: Baking animation because there are keyframes with different interpolation methods in one channel
15:35:22 | WARNING: Baking animation because there are keyframes with different interpolation methods in one channel
15:35:22 | WARNING: Baking animation because there are keyframes with different interpolation methods in one channel
15:35:22 | WARNING: Baking animation because there are keyframes with different interpolation methods in one channel
15:35:22 | WARNING: Baking animation because there are keyframes with different interpolation methods in one channel
15:35:22 | WARNING: Baking animation because there are keyframes with different interpolation methods in one channel
15:35:22 | WARNING: Baking animation because there are keyframes with different interpolation methods in one channel
15:35:22 | WARNING: Baking animation because there are keyframes with different interpolation methods in one channel
15:35:22 | WARNING: Baking animation because there are keyframes with different interpolation methods in one channel
15:35:22 | WARNING: Baking animation because there are keyframes with different interpolation methods in one channel
15:35:22 | WARNING: Baking animation because there are keyframes with different interpolation methods in one channel
15:35:22 | WARNING: Baking animation because there are keyframes with different interpolation methods in one channel
15:35:22 | WARNING: Baking animation because there are keyframes with different interpolation methods in one channel
15:35:22 | WARNING: Baking animation because there are keyframes with different interpolation methods in one channel
15:35:22 | WARNING: Baking animation because there are keyframes with different interpolation methods in one channel
15:35:22 | WARNING: Baking animation because there are keyframes with different interpolation methods in one channel
15:35:22 | WARNING: Baking animation because there are keyframes with different interpolation methods in one channel
15:35:22 | WARNING: Baking animation because there are keyframes with different interpolation methods in one channel
15:35:22 | WARNING: Baking animation because there are keyframes with different interpolation methods in one channel
15:35:22 | WARNING: Baking animation because there are keyframes with different interpolation methods in one channel
15:35:22 | WARNING: Baking animation because there are keyframes with different interpolation methods in one channel
15:35:22 | WARNING: Baking animation because there are keyframes with different interpolation methods in one channel
15:35:22 | WARNING: Baking animation because there are keyframes with different interpolation methods in one channel
15:35:22 | WARNING: Baking animation because there are keyframes with different interpolation methods in one channel
15:35:22 | WARNING: Baking animation because there are keyframes with different interpolation methods in one channel
15:35:22 | WARNING: Baking animation because there are keyframes with different interpolation methods in one channel
15:35:22 | WARNING: Baking animation because there are keyframes with different interpolation methods in one channel
15:35:22 | WARNING: Baking animation because there are keyframes with different interpolation methods in one channel
15:35:22 | WARNING: Baking animation because there are keyframes with different interpolation methods in one channel
15:35:22 | WARNING: Baking animation because there are keyframes with different interpolation methods in one channel
15:35:22 | WARNING: Baking animation because there are keyframes with different interpolation methods in one channel
15:35:22 | WARNING: Baking animation because there are keyframes with different interpolation methods in one channel
15:35:22 | WARNING: Baking animation because there are keyframes with different interpolation methods in one channel
15:35:22 | WARNING: Baking animation because there are keyframes with different interpolation methods in one channel
15:35:22 | WARNING: Baking animation because there are keyframes with different interpolation methods in one channel
15:35:22 | WARNING: Baking animation because there are keyframes with different interpolation methods in one channel
15:35:22 | WARNING: Baking animation because there are keyframes with different interpolation methods in one channel
15:35:22 | WARNING: Baking animation because there are keyframes with different interpolation methods in one channel
15:35:22 | WARNING: Baking animation because there are keyframes with different interpolation methods in one channel
15:35:22 | WARNING: Baking animation because there are keyframes with different interpolation methods in one channel
15:35:22 | WARNING: Baking animation because there are keyframes with different interpolation methods in one channel
15:35:22 | WARNING: Baking animation because there are keyframes with different interpolation methods in one channel
15:35:22 | WARNING: Baking animation because there are keyframes with different interpolation methods in one channel
15:35:22 | WARNING: Baking animation because there are keyframes with different interpolation methods in one channel
15:35:22 | WARNING: Baking animation because there are keyframes with different interpolation methods in one channel
15:35:22 | WARNING: Baking animation because there are keyframes with different interpolation methods in one channel
15:35:22 | WARNING: Baking animation because there are keyframes with different interpolation methods in one channel
15:35:22 | WARNING: Baking animation because there are keyframes with different interpolation methods in one channel
15:35:22 | WARNING: Baking animation because there are keyframes with different interpolation methods in one channel
15:35:22 | WARNING: Baking animation because there are keyframes with different interpolation methods in one channel
15:35:27 | WARNING: Baking animation because there are keyframes with different interpolation methods in one channel
15:35:27 | WARNING: Baking animation because there are keyframes with different interpolation methods in one channel
15:35:27 | WARNING: Baking animation because there are keyframes with different interpolation methods in one channel
15:35:27 | WARNING: Baking animation because there are keyframes with different interpolation methods in one channel
15:35:27 | WARNING: Baking animation because there are keyframes with different interpolation methods in one channel
15:35:27 | WARNING: Baking animation because there are keyframes with different interpolation methods in one channel
15:35:27 | WARNING: Baking animation because there are keyframes with different interpolation methods in one channel
15:35:27 | WARNING: Baking animation because there are keyframes with different interpolation methods in one channel
15:35:27 | WARNING: Baking animation because there are keyframes with different interpolation methods in one channel
15:35:27 | WARNING: Baking animation because there are keyframes with different interpolation methods in one channel
15:35:27 | WARNING: Baking animation because there are keyframes with different interpolation methods in one channel
15:35:27 | WARNING: Baking animation because there are keyframes with different interpolation methods in one channel
15:35:27 | WARNING: Baking animation because there are keyframes with different interpolation methods in one channel
15:35:27 | WARNING: Baking animation because there are keyframes with different interpolation methods in one channel
15:35:27 | WARNING: Baking animation because there are keyframes with different interpolation methods in one channel
15:35:27 | WARNING: Baking animation because there are keyframes with different interpolation methods in one channel
15:35:27 | WARNING: Baking animation because there are keyframes with different interpolation methods in one channel
15:35:27 | WARNING: Baking animation because there are keyframes with different interpolation methods in one channel
15:35:27 | WARNING: Baking animation because there are keyframes with different interpolation methods in one channel
15:35:27 | WARNING: Baking animation because there are keyframes with different interpolation methods in one channel
15:35:27 | WARNING: Baking animation because there are keyframes with different interpolation methods in one channel
15:35:27 | WARNING: Baking animation because there are keyframes with different interpolation methods in one channel
15:35:27 | WARNING: Baking animation because there are keyframes with different interpolation methods in one channel
15:35:27 | WARNING: Baking animation because there are keyframes with different interpolation methods in one channel
15:35:27 | WARNING: Baking animation because there are keyframes with different interpolation methods in one channel
15:35:27 | WARNING: Baking animation because there are keyframes with different interpolation methods in one channel
15:35:27 | WARNING: Baking animation because there are keyframes with different interpolation methods in one channel
15:35:27 | WARNING: Baking animation because there are keyframes with different interpolation methods in one channel
15:35:27 | WARNING: Baking animation because there are keyframes with different interpolation methods in one channel
15:35:27 | WARNING: Baking animation because there are keyframes with different interpolation methods in one channel
15:35:27 | WARNING: Baking animation because there are keyframes with different interpolation methods in one channel
15:35:27 | WARNING: Baking animation because there are keyframes with different interpolation methods in one channel
15:35:27 | WARNING: Baking animation because there are keyframes with different interpolation methods in one channel
15:35:27 | WARNING: Baking animation because there are keyframes with different interpolation methods in one channel
15:35:27 | WARNING: Baking animation because there are keyframes with different interpolation methods in one channel
15:35:27 | WARNING: Baking animation because there are keyframes with different interpolation methods in one channel
15:35:27 | WARNING: Baking animation because there are keyframes with different interpolation methods in one channel
15:35:27 | WARNING: Baking animation because there are keyframes with different interpolation methods in one channel
15:35:27 | WARNING: Baking animation because there are keyframes with different interpolation methods in one channel
15:35:27 | WARNING: Baking animation because there are keyframes with different interpolation methods in one channel
15:35:27 | WARNING: Baking animation because there are keyframes with different interpolation methods in one channel
15:35:27 | WARNING: Baking animation because there are keyframes with different interpolation methods in one channel
15:35:27 | WARNING: Baking animation because there are keyframes with different interpolation methods in one channel
15:35:27 | WARNING: Baking animation because there are keyframes with different interpolation methods in one channel
15:35:27 | WARNING: Baking animation because there are keyframes with different interpolation methods in one channel
15:35:27 | WARNING: Baking animation because there are keyframes with different interpolation methods in one channel
15:35:27 | WARNING: Baking animation because there are keyframes with different interpolation methods in one channel
15:35:27 | WARNING: Baking animation because there are keyframes with different interpolation methods in one channel
15:35:27 | WARNING: Baking animation because there are keyframes with different interpolation methods in one channel
15:35:27 | WARNING: Baking animation because there are keyframes with different interpolation methods in one channel
15:35:27 | WARNING: Baking animation because there are keyframes with different interpolation methods in one channel
15:35:27 | WARNING: Baking animation because there are keyframes with different interpolation methods in one channel
15:35:27 | WARNING: Baking animation because there are keyframes with different interpolation methods in one channel
15:35:28 | WARNING: Baking animation because there are keyframes with different interpolation methods in one channel
15:35:28 | WARNING: Baking animation because there are keyframes with different interpolation methods in one channel
15:35:28 | WARNING: Baking animation because there are keyframes with different interpolation methods in one channel
15:35:28 | WARNING: Baking animation because there are keyframes with different interpolation methods in one channel
15:35:28 | WARNING: Baking animation because there are keyframes with different interpolation methods in one channel
15:35:28 | WARNING: Baking animation because there are keyframes with different interpolation methods in one channel
15:35:28 | WARNING: Baking animation because there are keyframes with different interpolation methods in one channel
15:35:28 | WARNING: Baking animation because there are keyframes with different interpolation methods in one channel
15:35:28 | WARNING: Baking animation because there are keyframes with different interpolation methods in one channel
15:35:28 | WARNING: Baking animation because there are keyframes with different interpolation methods in one channel
15:35:28 | WARNING: Baking animation because there are keyframes with different interpolation methods in one channel
15:35:28 | WARNING: Baking animation because there are keyframes with different interpolation methods in one channel
15:35:28 | WARNING: Baking animation because there are keyframes with different interpolation methods in one channel
15:35:28 | WARNING: Baking animation because there are keyframes with different interpolation methods in one channel
15:35:28 | WARNING: Baking animation because there are keyframes with different interpolation methods in one channel
15:35:28 | WARNING: Baking animation because there are keyframes with different interpolation methods in one channel
15:35:28 | WARNING: Baking animation because there are keyframes with different interpolation methods in one channel
15:35:28 | WARNING: Baking animation because there are keyframes with different interpolation methods in one channel
15:35:28 | WARNING: Baking animation because there are keyframes with different interpolation methods in one channel
15:35:28 | WARNING: Baking animation because there are keyframes with different interpolation methods in one channel
15:35:28 | WARNING: Baking animation because there are keyframes with different interpolation methods in one channel
15:35:28 | WARNING: Baking animation because there are keyframes with different interpolation methods in one channel
15:35:28 | WARNING: Baking animation because there are keyframes with different interpolation methods in one channel
15:35:28 | WARNING: Baking animation because there are keyframes with different interpolation methods in one channel
15:35:28 | WARNING: Baking animation because there are keyframes with different interpolation methods in one channel
15:35:28 | WARNING: Baking animation because there are keyframes with different interpolation methods in one channel
15:35:28 | WARNING: Baking animation because there are keyframes with different interpolation methods in one channel
15:35:28 | WARNING: Baking animation because there are keyframes with different interpolation methods in one channel
15:35:28 | WARNING: Baking animation because there are keyframes with different interpolation methods in one channel
15:35:28 | WARNING: Baking animation because there are keyframes with different interpolation methods in one channel
15:35:28 | WARNING: Baking animation because there are keyframes with different interpolation methods in one channel
15:35:28 | WARNING: Baking animation because there are keyframes with different interpolation methods in one channel
15:35:28 | WARNING: Baking animation because there are keyframes with different interpolation methods in one channel
15:35:28 | WARNING: Baking animation because there are keyframes with different interpolation methods in one channel
15:35:28 | WARNING: Baking animation because there are keyframes with different interpolation methods in one channel
15:35:28 | WARNING: Baking animation because there are keyframes with different interpolation methods in one channel
15:35:28 | WARNING: Baking animation because there are keyframes with different interpolation methods in one channel
15:35:28 | WARNING: Baking animation because there are keyframes with different interpolation methods in one channel
15:35:28 | WARNING: Baking animation because there are keyframes with different interpolation methods in one channel
15:35:28 | WARNING: Baking animation because there are keyframes with different interpolation methods in one channel
15:35:28 | WARNING: Baking animation because there are keyframes with different interpolation methods in one channel
15:35:28 | WARNING: Baking animation because there are keyframes with different interpolation methods in one channel
15:35:28 | WARNING: Baking animation because there are keyframes with different interpolation methods in one channel
15:35:28 | WARNING: Baking animation because there are keyframes with different interpolation methods in one channel
15:35:28 | WARNING: Baking animation because there are keyframes with different interpolation methods in one channel
15:35:28 | WARNING: Baking animation because there are keyframes with different interpolation methods in one channel
15:35:28 | WARNING: Baking animation because there are keyframes with different interpolation methods in one channel
15:35:28 | WARNING: Baking animation because there are keyframes with different interpolation methods in one channel
15:35:28 | WARNING: Baking animation because there are keyframes with different interpolation methods in one channel
15:35:28 | WARNING: Baking animation because there are keyframes with different interpolation methods in one channel
15:35:28 | WARNING: Baking animation because there are keyframes with different interpolation methods in one channel
15:35:28 | WARNING: Baking animation because there are keyframes with different interpolation methods in one channel
15:35:28 | WARNING: Baking animation because there are keyframes with different interpolation methods in one channel
15:35:33 | WARNING: Baking animation because there are keyframes with different interpolation methods in one channel
15:35:33 | WARNING: Baking animation because there are keyframes with different interpolation methods in one channel
15:35:33 | WARNING: Baking animation because there are keyframes with different interpolation methods in one channel
15:35:33 | WARNING: Baking animation because there are keyframes with different interpolation methods in one channel
15:35:33 | WARNING: Baking animation because there are keyframes with different interpolation methods in one channel
15:35:33 | WARNING: Baking animation because there are keyframes with different interpolation methods in one channel
15:35:33 | WARNING: Baking animation because there are keyframes with different interpolation methods in one channel
15:35:33 | WARNING: Baking animation because there are keyframes with different interpolation methods in one channel
15:35:33 | WARNING: Baking animation because there are keyframes with different interpolation methods in one channel
15:35:33 | WARNING: Baking animation because there are keyframes with different interpolation methods in one channel
15:35:33 | WARNING: Baking animation because there are keyframes with different interpolation methods in one channel
15:35:33 | WARNING: Baking animation because there are keyframes with different interpolation methods in one channel
15:35:33 | WARNING: Baking animation because there are keyframes with different interpolation methods in one channel
15:35:33 | WARNING: Baking animation because there are keyframes with different interpolation methods in one channel
15:35:33 | WARNING: Baking animation because there are keyframes with different interpolation methods in one channel
15:35:33 | WARNING: Baking animation because there are keyframes with different interpolation methods in one channel
15:35:33 | WARNING: Baking animation because there are keyframes with different interpolation methods in one channel
15:35:33 | WARNING: Baking animation because there are keyframes with different interpolation methods in one channel
15:35:33 | WARNING: Baking animation because there are keyframes with different interpolation methods in one channel
15:35:33 | WARNING: Baking animation because there are keyframes with different interpolation methods in one channel
15:35:33 | WARNING: Baking animation because there are keyframes with different interpolation methods in one channel
15:35:33 | WARNING: Baking animation because there are keyframes with different interpolation methods in one channel
15:35:33 | WARNING: Baking animation because there are keyframes with different interpolation methods in one channel
15:35:33 | WARNING: Baking animation because there are keyframes with different interpolation methods in one channel
15:35:33 | WARNING: Baking animation because there are keyframes with different interpolation methods in one channel
15:35:33 | WARNING: Baking animation because there are keyframes with different interpolation methods in one channel
15:35:33 | WARNING: Baking animation because there are keyframes with different interpolation methods in one channel
15:35:33 | WARNING: Baking animation because there are keyframes with different interpolation methods in one channel
15:35:33 | WARNING: Baking animation because there are keyframes with different interpolation methods in one channel
15:35:33 | WARNING: Baking animation because there are keyframes with different interpolation methods in one channel
15:35:33 | WARNING: Baking animation because there are keyframes with different interpolation methods in one channel
15:35:33 | WARNING: Baking animation because there are keyframes with different interpolation methods in one channel
15:35:33 | WARNING: Baking animation because there are keyframes with different interpolation methods in one channel
15:35:33 | WARNING: Baking animation because there are keyframes with different interpolation methods in one channel
15:35:33 | WARNING: Baking animation because there are keyframes with different interpolation methods in one channel
15:35:33 | WARNING: Baking animation because there are keyframes with different interpolation methods in one channel
15:35:33 | WARNING: Baking animation because there are keyframes with different interpolation methods in one channel
15:35:33 | WARNING: Baking animation because there are keyframes with different interpolation methods in one channel
15:35:33 | WARNING: Baking animation because there are keyframes with different interpolation methods in one channel
15:35:33 | WARNING: Baking animation because there are keyframes with different interpolation methods in one channel
15:35:33 | WARNING: Baking animation because there are keyframes with different interpolation methods in one channel
15:35:33 | WARNING: Baking animation because there are keyframes with different interpolation methods in one channel
15:35:33 | WARNING: Baking animation because there are keyframes with different interpolation methods in one channel
15:35:33 | WARNING: Baking animation because there are keyframes with different interpolation methods in one channel
15:35:33 | WARNING: Baking animation because there are keyframes with different interpolation methods in one channel
15:35:33 | WARNING: Baking animation because there are keyframes with different interpolation methods in one channel
15:35:33 | WARNING: Baking animation because there are keyframes with different interpolation methods in one channel
15:35:33 | WARNING: Baking animation because there are keyframes with different interpolation methods in one channel
15:35:33 | WARNING: Baking animation because there are keyframes with different interpolation methods in one channel
15:35:33 | WARNING: Baking animation because there are keyframes with different interpolation methods in one channel
15:35:33 | WARNING: Baking animation because there are keyframes with different interpolation methods in one channel
15:35:33 | WARNING: Baking animation because there are keyframes with different interpolation methods in one channel
15:35:33 | WARNING: Baking animation because there are keyframes with different interpolation methods in one channel
15:35:34 | WARNING: Baking animation because there are keyframes with different interpolation methods in one channel
15:35:34 | WARNING: Baking animation because there are keyframes with different interpolation methods in one channel
15:35:34 | WARNING: Baking animation because there are keyframes with different interpolation methods in one channel
15:35:34 | WARNING: Baking animation because there are keyframes with different interpolation methods in one channel
15:35:34 | WARNING: Baking animation because there are keyframes with different interpolation methods in one channel
15:35:34 | WARNING: Baking animation because there are keyframes with different interpolation methods in one channel
15:35:34 | WARNING: Baking animation because there are keyframes with different interpolation methods in one channel
15:35:34 | WARNING: Baking animation because there are keyframes with different interpolation methods in one channel
15:35:34 | WARNING: Baking animation because there are keyframes with different interpolation methods in one channel
15:35:34 | WARNING: Baking animation because there are keyframes with different interpolation methods in one channel
15:35:34 | WARNING: Baking animation because there are keyframes with different interpolation methods in one channel
15:35:34 | WARNING: Baking animation because there are keyframes with different interpolation methods in one channel
15:35:34 | WARNING: Baking animation because there are keyframes with different interpolation methods in one channel
15:35:34 | WARNING: Baking animation because there are keyframes with different interpolation methods in one channel
15:35:34 | WARNING: Baking animation because there are keyframes with different interpolation methods in one channel
15:35:34 | WARNING: Baking animation because there are keyframes with different interpolation methods in one channel
15:35:34 | WARNING: Baking animation because there are keyframes with different interpolation methods in one channel
15:35:34 | WARNING: Baking animation because there are keyframes with different interpolation methods in one channel
15:35:34 | WARNING: Baking animation because there are keyframes with different interpolation methods in one channel
15:35:34 | WARNING: Baking animation because there are keyframes with different interpolation methods in one channel
15:35:34 | WARNING: Baking animation because there are keyframes with different interpolation methods in one channel
15:35:34 | WARNING: Baking animation because there are keyframes with different interpolation methods in one channel
15:35:34 | WARNING: Baking animation because there are keyframes with different interpolation methods in one channel
15:35:34 | WARNING: Baking animation because there are keyframes with different interpolation methods in one channel
15:35:34 | WARNING: Baking animation because there are keyframes with different interpolation methods in one channel
15:35:34 | WARNING: Baking animation because there are keyframes with different interpolation methods in one channel
15:35:34 | WARNING: Baking animation because there are keyframes with different interpolation methods in one channel
15:35:34 | WARNING: Baking animation because there are keyframes with different interpolation methods in one channel
15:35:34 | WARNING: Baking animation because there are keyframes with different interpolation methods in one channel
15:35:34 | WARNING: Baking animation because there are keyframes with different interpolation methods in one channel
15:35:34 | WARNING: Baking animation because there are keyframes with different interpolation methods in one channel
15:35:34 | WARNING: Baking animation because there are keyframes with different interpolation methods in one channel
15:35:34 | WARNING: Baking animation because there are keyframes with different interpolation methods in one channel
15:35:34 | WARNING: Baking animation because there are keyframes with different interpolation methods in one channel
15:35:34 | WARNING: Baking animation because there are keyframes with different interpolation methods in one channel
15:35:34 | WARNING: Baking animation because there are keyframes with different interpolation methods in one channel
15:35:34 | WARNING: Baking animation because there are keyframes with different interpolation methods in one channel
15:35:34 | WARNING: Baking animation because there are keyframes with different interpolation methods in one channel
15:35:34 | WARNING: Baking animation because there are keyframes with different interpolation methods in one channel
15:35:34 | WARNING: Baking animation because there are keyframes with different interpolation methods in one channel
15:35:34 | WARNING: Baking animation because there are keyframes with different interpolation methods in one channel
15:35:34 | WARNING: Baking animation because there are keyframes with different interpolation methods in one channel
15:35:34 | WARNING: Baking animation because there are keyframes with different interpolation methods in one channel
15:35:34 | WARNING: Baking animation because there are keyframes with different interpolation methods in one channel
15:35:34 | WARNING: Baking animation because there are keyframes with different interpolation methods in one channel
15:35:34 | WARNING: Baking animation because there are keyframes with different interpolation methods in one channel
15:35:34 | WARNING: Baking animation because there are keyframes with different interpolation methods in one channel
15:35:34 | WARNING: Baking animation because there are keyframes with different interpolation methods in one channel
15:35:34 | WARNING: Baking animation because there are keyframes with different interpolation methods in one channel
15:35:34 | WARNING: Baking animation because there are keyframes with different interpolation methods in one channel
15:35:34 | WARNING: Baking animation because there are keyframes with different interpolation methods in one channel
15:35:34 | WARNING: Baking animation because there are keyframes with different interpolation methods in one channel
15:35:34 | WARNING: Baking animation because there are keyframes with different interpolation methods in one channel
15:35:34 | WARNING: Baking animation because there are keyframes with different interpolation methods in one channel
15:35:34 | WARNING: Baking animation because there are keyframes with different interpolation methods in one channel
15:35:34 | WARNING: Baking animation because there are keyframes with different interpolation methods in one channel
15:35:34 | WARNING: Baking animation because there are keyframes with different interpolation methods in one channel
15:35:34 | WARNING: Baking animation because there are keyframes with different interpolation methods in one channel
15:35:34 | WARNING: Baking animation because there are keyframes with different interpolation methods in one channel
15:35:34 | WARNING: Baking animation because there are keyframes with different interpolation methods in one channel
15:35:34 | WARNING: Baking animation because there are keyframes with different interpolation methods in one channel
15:35:34 | WARNING: Baking animation because there are keyframes with different interpolation methods in one channel
15:35:34 | WARNING: Baking animation because there are keyframes with different interpolation methods in one channel
15:35:34 | WARNING: Baking animation because there are keyframes with different interpolation methods in one channel
15:35:34 | WARNING: Baking animation because there are keyframes with different interpolation methods in one channel
15:35:34 | WARNING: Baking animation because there are keyframes with different interpolation methods in one channel
15:35:34 | WARNING: Baking animation because there are keyframes with different interpolation methods in one channel
15:35:34 | WARNING: Baking animation because there are keyframes with different interpolation methods in one channel
15:35:34 | WARNING: Baking animation because there are keyframes with different interpolation methods in one channel
15:35:34 | WARNING: Baking animation because there are keyframes with different interpolation methods in one channel
15:35:34 | WARNING: Baking animation because there are keyframes with different interpolation methods in one channel
15:35:34 | WARNING: Baking animation because there are keyframes with different interpolation methods in one channel
15:35:34 | WARNING: Baking animation because there are keyframes with different interpolation methods in one channel
15:35:34 | WARNING: Baking animation because there are keyframes with different interpolation methods in one channel
15:35:34 | WARNING: Baking animation because there are keyframes with different interpolation methods in one channel
15:35:34 | WARNING: Baking animation because there are keyframes with different interpolation methods in one channel
15:35:34 | WARNING: Baking animation because there are keyframes with different interpolation methods in one channel
15:35:34 | WARNING: Baking animation because there are keyframes with different interpolation methods in one channel
15:35:34 | WARNING: Baking animation because there are keyframes with different interpolation methods in one channel
15:35:34 | WARNING: Baking animation because there are keyframes with different interpolation methods in one channel
15:35:34 | WARNING: Baking animation because there are keyframes with different interpolation methods in one channel
15:35:34 | WARNING: Baking animation because there are keyframes with different interpolation methods in one channel
15:35:34 | WARNING: Baking animation because there are keyframes with different interpolation methods in one channel
15:35:34 | WARNING: Baking animation because there are keyframes with different interpolation methods in one channel
15:35:34 | WARNING: Baking animation because there are keyframes with different interpolation methods in one channel
15:35:34 | WARNING: Baking animation because there are keyframes with different interpolation methods in one channel
15:35:34 | WARNING: Baking animation because there are keyframes with different interpolation methods in one channel
15:35:34 | WARNING: Baking animation because there are keyframes with different interpolation methods in one channel
15:35:34 | WARNING: Baking animation because there are keyframes with different interpolation methods in one channel
15:35:34 | WARNING: Baking animation because there are keyframes with different interpolation methods in one channel
15:35:34 | WARNING: Baking animation because there are keyframes with different interpolation methods in one channel
15:35:34 | WARNING: Baking animation because there are keyframes with different interpolation methods in one channel
15:35:34 | WARNING: Baking animation because there are keyframes with different interpolation methods in one channel
15:35:34 | WARNING: Baking animation because there are keyframes with different interpolation methods in one channel
15:35:34 | WARNING: Baking animation because there are keyframes with different interpolation methods in one channel
15:35:34 | WARNING: Baking animation because there are keyframes with different interpolation methods in one channel
15:35:34 | WARNING: Baking animation because there are keyframes with different interpolation methods in one channel
15:35:34 | WARNING: Baking animation because there are keyframes with different interpolation methods in one channel
15:35:34 | WARNING: Baking animation because there are keyframes with different interpolation methods in one channel
15:35:34 | WARNING: Baking animation because there are keyframes with different interpolation methods in one channel
15:35:34 | WARNING: Baking animation because there are keyframes with different interpolation methods in one channel
15:35:34 | WARNING: Baking animation because there are keyframes with different interpolation methods in one channel
15:35:34 | WARNING: Baking animation because there are keyframes with different interpolation methods in one channel
15:35:34 | WARNING: Baking animation because there are keyframes with different interpolation methods in one channel
15:35:34 | WARNING: Baking animation because there are keyframes with different interpolation methods in one channel
15:35:34 | WARNING: Baking animation because there are keyframes with different interpolation methods in one channel
15:35:36 | WARNING: Baking animation because there are keyframes with different interpolation methods in one channel
15:35:36 | WARNING: Baking animation because there are keyframes with different interpolation methods in one channel
15:35:36 | WARNING: Baking animation because there are keyframes with different interpolation methods in one channel
15:35:36 | WARNING: Baking animation because there are keyframes with different interpolation methods in one channel
15:35:36 | WARNING: Baking animation because there are keyframes with different interpolation methods in one channel
15:35:36 | WARNING: Baking animation because there are keyframes with different interpolation methods in one channel
15:35:36 | WARNING: Baking animation because there are keyframes with different interpolation methods in one channel
15:35:36 | WARNING: Baking animation because there are keyframes with different interpolation methods in one channel
15:35:36 | WARNING: Baking animation because there are keyframes with different interpolation methods in one channel
15:35:36 | WARNING: Baking animation because there are keyframes with different interpolation methods in one channel
15:35:36 | WARNING: Baking animation because there are keyframes with different interpolation methods in one channel
15:35:36 | WARNING: Baking animation because there are keyframes with different interpolation methods in one channel
15:35:36 | WARNING: Baking animation because there are keyframes with different interpolation methods in one channel
15:35:36 | WARNING: Baking animation because there are keyframes with different interpolation methods in one channel
15:35:36 | WARNING: Baking animation because there are keyframes with different interpolation methods in one channel
15:35:36 | WARNING: Baking animation because there are keyframes with different interpolation methods in one channel
15:35:36 | WARNING: Baking animation because there are keyframes with different interpolation methods in one channel
15:35:36 | WARNING: Baking animation because there are keyframes with different interpolation methods in one channel
15:35:36 | WARNING: Baking animation because there are keyframes with different interpolation methods in one channel
15:35:36 | WARNING: Baking animation because there are keyframes with different interpolation methods in one channel
15:35:36 | WARNING: Baking animation because there are keyframes with different interpolation methods in one channel
15:35:36 | WARNING: Baking animation because there are keyframes with different interpolation methods in one channel
15:35:36 | WARNING: Baking animation because there are keyframes with different interpolation methods in one channel
15:35:36 | WARNING: Baking animation because there are keyframes with different interpolation methods in one channel
15:35:36 | WARNING: Baking animation because there are keyframes with different interpolation methods in one channel
15:35:36 | WARNING: Baking animation because there are keyframes with different interpolation methods in one channel
15:35:36 | WARNING: Baking animation because there are keyframes with different interpolation methods in one channel
15:35:36 | WARNING: Baking animation because there are keyframes with different interpolation methods in one channel
15:35:36 | WARNING: Baking animation because there are keyframes with different interpolation methods in one channel
15:35:36 | WARNING: Baking animation because there are keyframes with different interpolation methods in one channel
15:35:36 | WARNING: Baking animation because there are keyframes with different interpolation methods in one channel
15:35:36 | WARNING: Baking animation because there are keyframes with different interpolation methods in one channel
15:35:36 | WARNING: Baking animation because there are keyframes with different interpolation methods in one channel
15:35:36 | WARNING: Baking animation because there are keyframes with different interpolation methods in one channel
15:35:36 | WARNING: Baking animation because there are keyframes with different interpolation methods in one channel
15:35:36 | WARNING: Baking animation because there are keyframes with different interpolation methods in one channel
15:35:36 | WARNING: Baking animation because there are keyframes with different interpolation methods in one channel
15:35:36 | WARNING: Baking animation because there are keyframes with different interpolation methods in one channel
15:35:36 | WARNING: Baking animation because there are keyframes with different interpolation methods in one channel
15:35:36 | WARNING: Baking animation because there are keyframes with different interpolation methods in one channel
15:35:36 | WARNING: Baking animation because there are keyframes with different interpolation methods in one channel
15:35:36 | WARNING: Baking animation because there are keyframes with different interpolation methods in one channel
15:35:36 | WARNING: Baking animation because there are keyframes with different interpolation methods in one channel
15:35:36 | WARNING: Baking animation because there are keyframes with different interpolation methods in one channel
15:35:36 | WARNING: Baking animation because there are keyframes with different interpolation methods in one channel
15:35:36 | WARNING: Baking animation because there are keyframes with different interpolation methods in one channel
15:35:36 | WARNING: Baking animation because there are keyframes with different interpolation methods in one channel
15:35:36 | WARNING: Baking animation because there are keyframes with different interpolation methods in one channel
15:35:36 | WARNING: Baking animation because there are keyframes with different interpolation methods in one channel
15:35:36 | WARNING: Baking animation because there are keyframes with different interpolation methods in one channel
15:35:36 | WARNING: Baking animation because there are keyframes with different interpolation methods in one channel
15:35:36 | WARNING: Baking animation because there are keyframes with different interpolation methods in one channel
15:35:36 | WARNING: Baking animation because there are keyframes with different interpolation methods in one channel
15:35:36 | WARNING: Baking animation because there are keyframes with different interpolation methods in one channel
15:35:36 | WARNING: Baking animation because there are keyframes with different interpolation methods in one channel
15:35:36 | WARNING: Baking animation because there are keyframes with different interpolation methods in one channel
15:35:36 | WARNING: Baking animation because there are keyframes with different interpolation methods in one channel
15:35:36 | WARNING: Baking animation because there are keyframes with different interpolation methods in one channel
15:35:36 | WARNING: Baking animation because there are keyframes with different interpolation methods in one channel
15:35:36 | WARNING: Baking animation because there are keyframes with different interpolation methods in one channel
15:35:36 | WARNING: Baking animation because there are keyframes with different interpolation methods in one channel
15:35:36 | WARNING: Baking animation because there are keyframes with different interpolation methods in one channel
15:35:36 | WARNING: Baking animation because there are keyframes with different interpolation methods in one channel
15:35:36 | WARNING: Baking animation because there are keyframes with different interpolation methods in one channel
15:35:36 | WARNING: Baking animation because there are keyframes with different interpolation methods in one channel
15:35:36 | WARNING: Baking animation because there are keyframes with different interpolation methods in one channel
15:35:36 | WARNING: Baking animation because there are keyframes with different interpolation methods in one channel
15:35:36 | WARNING: Baking animation because there are keyframes with different interpolation methods in one channel
15:35:36 | WARNING: Baking animation because there are keyframes with different interpolation methods in one channel
15:35:36 | WARNING: Baking animation because there are keyframes with different interpolation methods in one channel
15:35:36 | WARNING: Baking animation because there are keyframes with different interpolation methods in one channel
15:35:36 | WARNING: Baking animation because there are keyframes with different interpolation methods in one channel
15:35:36 | WARNING: Baking animation because there are keyframes with different interpolation methods in one channel
15:35:36 | WARNING: Baking animation because there are keyframes with different interpolation methods in one channel
15:35:36 | WARNING: Baking animation because there are keyframes with different interpolation methods in one channel
15:35:36 | WARNING: Baking animation because there are keyframes with different interpolation methods in one channel
15:35:36 | WARNING: Baking animation because there are keyframes with different interpolation methods in one channel
15:35:36 | WARNING: Baking animation because there are keyframes with different interpolation methods in one channel
15:35:36 | WARNING: Baking animation because there are keyframes with different interpolation methods in one channel
15:35:36 | WARNING: Baking animation because there are keyframes with different interpolation methods in one channel
15:35:36 | WARNING: Baking animation because there are keyframes with different interpolation methods in one channel
15:35:36 | WARNING: Baking animation because there are keyframes with different interpolation methods in one channel
15:35:36 | WARNING: Baking animation because there are keyframes with different interpolation methods in one channel
15:35:36 | WARNING: Baking animation because there are keyframes with different interpolation methods in one channel
15:35:36 | WARNING: Baking animation because there are keyframes with different interpolation methods in one channel
15:35:36 | WARNING: Baking animation because there are keyframes with different interpolation methods in one channel
15:35:36 | WARNING: Baking animation because there are keyframes with different interpolation methods in one channel
15:35:36 | WARNING: Baking animation because there are keyframes with different interpolation methods in one channel
15:35:36 | WARNING: Baking animation because there are keyframes with different interpolation methods in one channel
15:35:36 | WARNING: Baking animation because there are keyframes with different interpolation methods in one channel
15:35:36 | WARNING: Baking animation because there are keyframes with different interpolation methods in one channel
15:35:36 | WARNING: Baking animation because there are keyframes with different interpolation methods in one channel
15:35:36 | WARNING: Baking animation because there are keyframes with different interpolation methods in one channel
15:35:36 | WARNING: Baking animation because there are keyframes with different interpolation methods in one channel
15:35:36 | WARNING: Baking animation because there are keyframes with different interpolation methods in one channel
15:35:36 | WARNING: Baking animation because there are keyframes with different interpolation methods in one channel
15:35:36 | WARNING: Baking animation because there are keyframes with different interpolation methods in one channel
15:35:36 | WARNING: Baking animation because there are keyframes with different interpolation methods in one channel
15:35:36 | WARNING: Baking animation because there are keyframes with different interpolation methods in one channel
15:35:36 | WARNING: Baking animation because there are keyframes with different interpolation methods in one channel
15:35:36 | WARNING: Baking animation because there are keyframes with different interpolation methods in one channel
15:35:36 | WARNING: Baking animation because there are keyframes with different interpolation methods in one channel
15:35:36 | WARNING: Baking animation because there are keyframes with different interpolation methods in one channel
15:35:36 | WARNING: Baking animation because there are keyframes with different interpolation methods in one channel
15:35:36 | WARNING: Baking animation because there are keyframes with different interpolation methods in one channel
15:35:36 | WARNING: Baking animation because there are keyframes with different interpolation methods in one channel
15:35:37 | WARNING: Baking animation because there are keyframes with different interpolation methods in one channel
15:35:37 | WARNING: Baking animation because there are keyframes with different interpolation methods in one channel
15:35:37 | WARNING: Baking animation because there are keyframes with different interpolation methods in one channel
15:35:37 | WARNING: Baking animation because there are keyframes with different interpolation methods in one channel
15:35:37 | WARNING: Baking animation because there are keyframes with different interpolation methods in one channel
15:35:37 | WARNING: Baking animation because there are keyframes with different interpolation methods in one channel
15:35:37 | WARNING: Baking animation because there are keyframes with different interpolation methods in one channel
15:35:37 | WARNING: Baking animation because there are keyframes with different interpolation methods in one channel
15:35:37 | WARNING: Baking animation because there are keyframes with different interpolation methods in one channel
15:35:37 | WARNING: Baking animation because there are keyframes with different interpolation methods in one channel
15:35:37 | WARNING: Baking animation because there are keyframes with different interpolation methods in one channel
15:35:37 | WARNING: Baking animation because there are keyframes with different interpolation methods in one channel
15:35:37 | WARNING: Baking animation because there are keyframes with different interpolation methods in one channel
15:35:37 | WARNING: Baking animation because there are keyframes with different interpolation methods in one channel
15:35:37 | WARNING: Baking animation because there are keyframes with different interpolation methods in one channel
15:35:37 | WARNING: Baking animation because there are keyframes with different interpolation methods in one channel
15:35:37 | WARNING: Baking animation because there are keyframes with different interpolation methods in one channel
15:35:37 | WARNING: Baking animation because there are keyframes with different interpolation methods in one channel
15:35:37 | WARNING: Baking animation because there are keyframes with different interpolation methods in one channel
15:35:37 | WARNING: Baking animation because there are keyframes with different interpolation methods in one channel
15:35:37 | WARNING: Baking animation because there are keyframes with different interpolation methods in one channel
15:35:37 | WARNING: Baking animation because there are keyframes with different interpolation methods in one channel
15:35:37 | WARNING: Baking animation because there are keyframes with different interpolation methods in one channel
15:35:37 | WARNING: Baking animation because there are keyframes with different interpolation methods in one channel
15:35:37 | WARNING: Baking animation because there are keyframes with different interpolation methods in one channel
15:35:37 | WARNING: Baking animation because there are keyframes with different interpolation methods in one channel
15:35:37 | WARNING: Baking animation because there are keyframes with different interpolation methods in one channel
15:35:37 | WARNING: Baking animation because there are keyframes with different interpolation methods in one channel
15:35:37 | WARNING: Baking animation because there are keyframes with different interpolation methods in one channel
15:35:37 | WARNING: Baking animation because there are keyframes with different interpolation methods in one channel
15:35:37 | WARNING: Baking animation because there are keyframes with different interpolation methods in one channel
15:35:37 | WARNING: Baking animation because there are keyframes with different interpolation methods in one channel
15:35:37 | WARNING: Baking animation because there are keyframes with different interpolation methods in one channel
15:35:37 | WARNING: Baking animation because there are keyframes with different interpolation methods in one channel
15:35:37 | WARNING: Baking animation because there are keyframes with different interpolation methods in one channel
15:35:37 | WARNING: Baking animation because there are keyframes with different interpolation methods in one channel
15:35:37 | WARNING: Baking animation because there are keyframes with different interpolation methods in one channel
15:35:37 | WARNING: Baking animation because there are keyframes with different interpolation methods in one channel
15:35:37 | WARNING: Baking animation because there are keyframes with different interpolation methods in one channel
15:35:37 | WARNING: Baking animation because there are keyframes with different interpolation methods in one channel
15:35:37 | WARNING: Baking animation because there are keyframes with different interpolation methods in one channel
15:35:37 | WARNING: Baking animation because there are keyframes with different interpolation methods in one channel
15:35:37 | WARNING: Baking animation because there are keyframes with different interpolation methods in one channel
15:35:37 | WARNING: Baking animation because there are keyframes with different interpolation methods in one channel
15:35:37 | WARNING: Baking animation because there are keyframes with different interpolation methods in one channel
15:35:37 | WARNING: Baking animation because there are keyframes with different interpolation methods in one channel
15:35:37 | WARNING: Baking animation because there are keyframes with different interpolation methods in one channel
15:35:37 | WARNING: Baking animation because there are keyframes with different interpolation methods in one channel
15:35:37 | WARNING: Baking animation because there are keyframes with different interpolation methods in one channel
15:35:37 | WARNING: Baking animation because there are keyframes with different interpolation methods in one channel
15:35:37 | WARNING: Baking animation because there are keyframes with different interpolation methods in one channel
15:35:37 | WARNING: Baking animation because there are keyframes with different interpolation methods in one channel
15:35:37 | WARNING: Baking animation because there are keyframes with different interpolation methods in one channel
15:35:37 | WARNING: Baking animation because there are keyframes with different interpolation methods in one channel
15:35:37 | WARNING: Baking animation because there are keyframes with different interpolation methods in one channel
15:35:37 | WARNING: Baking animation because there are keyframes with different interpolation methods in one channel
15:35:37 | WARNING: Baking animation because there are keyframes with different interpolation methods in one channel
15:35:37 | WARNING: Baking animation because there are keyframes with different interpolation methods in one channel
15:35:37 | WARNING: Baking animation because there are keyframes with different interpolation methods in one channel
15:35:37 | WARNING: Baking animation because there are keyframes with different interpolation methods in one channel
15:35:37 | WARNING: Baking animation because there are keyframes with different interpolation methods in one channel
15:35:37 | WARNING: Baking animation because there are keyframes with different interpolation methods in one channel
15:35:37 | WARNING: Baking animation because there are keyframes with different interpolation methods in one channel
15:35:37 | WARNING: Baking animation because there are keyframes with different interpolation methods in one channel
15:35:37 | WARNING: Baking animation because there are keyframes with different interpolation methods in one channel
15:35:37 | WARNING: Baking animation because there are keyframes with different interpolation methods in one channel
15:35:37 | WARNING: Baking animation because there are keyframes with different interpolation methods in one channel
15:35:37 | WARNING: Baking animation because there are keyframes with different interpolation methods in one channel
15:35:37 | WARNING: Baking animation because there are keyframes with different interpolation methods in one channel
15:35:37 | WARNING: Baking animation because there are keyframes with different interpolation methods in one channel
15:35:37 | WARNING: Baking animation because there are keyframes with different interpolation methods in one channel
15:35:37 | WARNING: Baking animation because there are keyframes with different interpolation methods in one channel
15:35:37 | WARNING: Baking animation because there are keyframes with different interpolation methods in one channel
15:35:37 | WARNING: Baking animation because there are keyframes with different interpolation methods in one channel
15:35:37 | WARNING: Baking animation because there are keyframes with different interpolation methods in one channel
15:35:37 | WARNING: Baking animation because there are keyframes with different interpolation methods in one channel
15:35:37 | WARNING: Baking animation because there are keyframes with different interpolation methods in one channel
15:35:37 | WARNING: Baking animation because there are keyframes with different interpolation methods in one channel
15:35:37 | WARNING: Baking animation because there are keyframes with different interpolation methods in one channel
15:35:37 | WARNING: Baking animation because there are keyframes with different interpolation methods in one channel
15:35:37 | WARNING: Baking animation because there are keyframes with different interpolation methods in one channel
15:35:37 | WARNING: Baking animation because there are keyframes with different interpolation methods in one channel
15:35:37 | WARNING: Baking animation because there are keyframes with different interpolation methods in one channel
15:35:37 | WARNING: Baking animation because there are keyframes with different interpolation methods in one channel
15:35:37 | WARNING: Baking animation because there are keyframes with different interpolation methods in one channel
15:35:37 | WARNING: Baking animation because there are keyframes with different interpolation methods in one channel
15:35:37 | WARNING: Baking animation because there are keyframes with different interpolation methods in one channel
15:35:37 | WARNING: Baking animation because there are keyframes with different interpolation methods in one channel
15:35:37 | WARNING: Baking animation because there are keyframes with different interpolation methods in one channel
15:35:37 | WARNING: Baking animation because there are keyframes with different interpolation methods in one channel
15:35:37 | WARNING: Baking animation because there are keyframes with different interpolation methods in one channel
15:35:37 | WARNING: Baking animation because there are keyframes with different interpolation methods in one channel
15:35:37 | WARNING: Baking animation because there are keyframes with different interpolation methods in one channel
15:35:37 | WARNING: Baking animation because there are keyframes with different interpolation methods in one channel
15:35:37 | WARNING: Baking animation because there are keyframes with different interpolation methods in one channel
15:35:37 | WARNING: Baking animation because there are keyframes with different interpolation methods in one channel
15:35:37 | WARNING: Baking animation because there are keyframes with different interpolation methods in one channel
15:35:37 | WARNING: Baking animation because there are keyframes with different interpolation methods in one channel
15:35:37 | WARNING: Baking animation because there are keyframes with different interpolation methods in one channel
15:35:37 | WARNING: Baking animation because there are keyframes with different interpolation methods in one channel
15:35:37 | WARNING: Baking animation because there are keyframes with different interpolation methods in one channel
15:35:37 | WARNING: Baking animation because there are keyframes with different interpolation methods in one channel
15:35:37 | WARNING: Baking animation because there are keyframes with different interpolation methods in one channel
15:35:37 | WARNING: Baking animation because there are keyframes with different interpolation methods in one channel
15:35:37 | WARNING: Baking animation because there are keyframes with different interpolation methods in one channel
15:35:37 | WARNING: Baking animation because there are keyframes with different interpolation methods in one channel
15:35:38 | WARNING: Baking animation because there are keyframes with different interpolation methods in one channel
15:35:38 | WARNING: Baking animation because there are keyframes with different interpolation methods in one channel
15:35:38 | WARNING: Baking animation because there are keyframes with different interpolation methods in one channel
15:35:38 | WARNING: Baking animation because there are keyframes with different interpolation methods in one channel
15:35:38 | WARNING: Baking animation because there are keyframes with different interpolation methods in one channel
15:35:38 | WARNING: Baking animation because there are keyframes with different interpolation methods in one channel
15:35:38 | WARNING: Baking animation because there are keyframes with different interpolation methods in one channel
15:35:38 | WARNING: Baking animation because there are keyframes with different interpolation methods in one channel
15:35:38 | WARNING: Baking animation because there are keyframes with different interpolation methods in one channel
15:35:38 | WARNING: Baking animation because there are keyframes with different interpolation methods in one channel
15:35:38 | WARNING: Baking animation because there are keyframes with different interpolation methods in one channel
15:35:38 | WARNING: Baking animation because there are keyframes with different interpolation methods in one channel
15:35:38 | WARNING: Baking animation because there are keyframes with different interpolation methods in one channel
15:35:38 | WARNING: Baking animation because there are keyframes with different interpolation methods in one channel
15:35:38 | WARNING: Baking animation because there are keyframes with different interpolation methods in one channel
15:35:38 | WARNING: Baking animation because there are keyframes with different interpolation methods in one channel
15:35:38 | WARNING: Baking animation because there are keyframes with different interpolation methods in one channel
15:35:38 | WARNING: Baking animation because there are keyframes with different interpolation methods in one channel
15:35:38 | WARNING: Baking animation because there are keyframes with different interpolation methods in one channel
15:35:38 | WARNING: Baking animation because there are keyframes with different interpolation methods in one channel
15:35:38 | WARNING: Baking animation because there are keyframes with different interpolation methods in one channel
15:35:38 | WARNING: Baking animation because there are keyframes with different interpolation methods in one channel
15:35:38 | WARNING: Baking animation because there are keyframes with different interpolation methods in one channel
15:35:38 | WARNING: Baking animation because there are keyframes with different interpolation methods in one channel
15:35:38 | WARNING: Baking animation because there are keyframes with different interpolation methods in one channel
15:35:38 | WARNING: Baking animation because there are keyframes with different interpolation methods in one channel
15:35:38 | WARNING: Baking animation because there are keyframes with different interpolation methods in one channel
15:35:38 | WARNING: Baking animation because there are keyframes with different interpolation methods in one channel
15:35:38 | WARNING: Baking animation because there are keyframes with different interpolation methods in one channel
15:35:38 | WARNING: Baking animation because there are keyframes with different interpolation methods in one channel
15:35:38 | WARNING: Baking animation because there are keyframes with different interpolation methods in one channel
15:35:38 | WARNING: Baking animation because there are keyframes with different interpolation methods in one channel
15:35:38 | WARNING: Baking animation because there are keyframes with different interpolation methods in one channel
15:35:38 | WARNING: Baking animation because there are keyframes with different interpolation methods in one channel
15:35:38 | WARNING: Baking animation because there are keyframes with different interpolation methods in one channel
15:35:38 | WARNING: Baking animation because there are keyframes with different interpolation methods in one channel
15:35:38 | WARNING: Baking animation because there are keyframes with different interpolation methods in one channel
15:35:38 | WARNING: Baking animation because there are keyframes with different interpolation methods in one channel
15:35:38 | WARNING: Baking animation because there are keyframes with different interpolation methods in one channel
15:35:38 | WARNING: Baking animation because there are keyframes with different interpolation methods in one channel
15:35:38 | WARNING: Baking animation because there are keyframes with different interpolation methods in one channel
15:35:38 | WARNING: Baking animation because there are keyframes with different interpolation methods in one channel
15:35:38 | WARNING: Baking animation because there are keyframes with different interpolation methods in one channel
15:35:38 | WARNING: Baking animation because there are keyframes with different interpolation methods in one channel
15:35:38 | WARNING: Baking animation because there are keyframes with different interpolation methods in one channel
15:35:38 | WARNING: Baking animation because there are keyframes with different interpolation methods in one channel
15:35:38 | WARNING: Baking animation because there are keyframes with different interpolation methods in one channel
15:35:38 | WARNING: Baking animation because there are keyframes with different interpolation methods in one channel
15:35:38 | WARNING: Baking animation because there are keyframes with different interpolation methods in one channel
15:35:38 | WARNING: Baking animation because there are keyframes with different interpolation methods in one channel
15:35:38 | WARNING: Baking animation because there are keyframes with different interpolation methods in one channel
15:35:38 | WARNING: Baking animation because there are keyframes with different interpolation methods in one channel
15:35:38 | WARNING: Baking animation because there are keyframes with different interpolation methods in one channel
15:35:46 | WARNING: Baking animation because there are keyframes with different interpolation methods in one channel
15:35:46 | WARNING: Baking animation because there are keyframes with different interpolation methods in one channel
15:35:46 | WARNING: Baking animation because there are keyframes with different interpolation methods in one channel
15:35:46 | WARNING: Baking animation because there are keyframes with different interpolation methods in one channel
15:35:46 | WARNING: Baking animation because there are keyframes with different interpolation methods in one channel
15:35:46 | WARNING: Baking animation because there are keyframes with different interpolation methods in one channel
15:35:46 | WARNING: Baking animation because there are keyframes with different interpolation methods in one channel
15:35:46 | WARNING: Baking animation because there are keyframes with different interpolation methods in one channel
15:35:46 | WARNING: Baking animation because there are keyframes with different interpolation methods in one channel
15:35:46 | WARNING: Baking animation because there are keyframes with different interpolation methods in one channel
15:35:46 | WARNING: Baking animation because there are keyframes with different interpolation methods in one channel
15:35:46 | WARNING: Baking animation because there are keyframes with different interpolation methods in one channel
15:35:46 | WARNING: Baking animation because there are keyframes with different interpolation methods in one channel
15:35:46 | WARNING: Baking animation because there are keyframes with different interpolation methods in one channel
15:35:46 | WARNING: Baking animation because there are keyframes with different interpolation methods in one channel
15:35:46 | WARNING: Baking animation because there are keyframes with different interpolation methods in one channel
15:35:46 | WARNING: Baking animation because there are keyframes with different interpolation methods in one channel
15:35:46 | WARNING: Baking animation because there are keyframes with different interpolation methods in one channel
15:35:46 | WARNING: Baking animation because there are keyframes with different interpolation methods in one channel
15:35:46 | WARNING: Baking animation because there are keyframes with different interpolation methods in one channel
15:35:46 | WARNING: Baking animation because there are keyframes with different interpolation methods in one channel
15:35:46 | WARNING: Baking animation because there are keyframes with different interpolation methods in one channel
15:35:46 | WARNING: Baking animation because there are keyframes with different interpolation methods in one channel
15:35:46 | WARNING: Baking animation because there are keyframes with different interpolation methods in one channel
15:35:46 | WARNING: Baking animation because there are keyframes with different interpolation methods in one channel
15:35:46 | WARNING: Baking animation because there are keyframes with different interpolation methods in one channel
15:35:46 | WARNING: Baking animation because there are keyframes with different interpolation methods in one channel
15:35:46 | WARNING: Baking animation because there are keyframes with different interpolation methods in one channel
15:35:46 | WARNING: Baking animation because there are keyframes with different interpolation methods in one channel
15:35:46 | WARNING: Baking animation because there are keyframes with different interpolation methods in one channel
15:35:46 | WARNING: Baking animation because there are keyframes with different interpolation methods in one channel
15:35:46 | WARNING: Baking animation because there are keyframes with different interpolation methods in one channel
15:35:46 | WARNING: Baking animation because there are keyframes with different interpolation methods in one channel
15:35:46 | WARNING: Baking animation because there are keyframes with different interpolation methods in one channel
15:35:46 | WARNING: Baking animation because there are keyframes with different interpolation methods in one channel
15:35:46 | WARNING: Baking animation because there are keyframes with different interpolation methods in one channel
15:35:46 | WARNING: Baking animation because there are keyframes with different interpolation methods in one channel
15:35:46 | WARNING: Baking animation because there are keyframes with different interpolation methods in one channel
15:35:46 | WARNING: Baking animation because there are keyframes with different interpolation methods in one channel
15:35:46 | WARNING: Baking animation because there are keyframes with different interpolation methods in one channel
15:35:46 | WARNING: Baking animation because there are keyframes with different interpolation methods in one channel
15:35:46 | WARNING: Baking animation because there are keyframes with different interpolation methods in one channel
15:35:46 | WARNING: Baking animation because there are keyframes with different interpolation methods in one channel
15:35:46 | WARNING: Baking animation because there are keyframes with different interpolation methods in one channel
15:35:46 | WARNING: Baking animation because there are keyframes with different interpolation methods in one channel
15:35:46 | WARNING: Baking animation because there are keyframes with different interpolation methods in one channel
15:35:46 | WARNING: Baking animation because there are keyframes with different interpolation methods in one channel
15:35:46 | WARNING: Baking animation because there are keyframes with different interpolation methods in one channel
15:35:46 | WARNING: Baking animation because there are keyframes with different interpolation methods in one channel
15:35:46 | WARNING: Baking animation because there are keyframes with different interpolation methods in one channel
15:35:46 | WARNING: Baking animation because there are keyframes with different interpolation methods in one channel
15:35:46 | WARNING: Baking animation because there are keyframes with different interpolation methods in one channel
15:35:46 | WARNING: Baking animation because there are keyframes with different interpolation methods in one channel
15:35:48 | WARNING: Baking animation because there are keyframes with different interpolation methods in one channel
15:35:48 | WARNING: Baking animation because there are keyframes with different interpolation methods in one channel
15:35:48 | WARNING: Baking animation because there are keyframes with different interpolation methods in one channel
15:35:48 | WARNING: Baking animation because there are keyframes with different interpolation methods in one channel
15:35:48 | WARNING: Baking animation because there are keyframes with different interpolation methods in one channel
15:35:48 | WARNING: Baking animation because there are keyframes with different interpolation methods in one channel
15:35:48 | WARNING: Baking animation because there are keyframes with different interpolation methods in one channel
15:35:48 | WARNING: Baking animation because there are keyframes with different interpolation methods in one channel
15:35:48 | WARNING: Baking animation because there are keyframes with different interpolation methods in one channel
15:35:48 | WARNING: Baking animation because there are keyframes with different interpolation methods in one channel
15:35:48 | WARNING: Baking animation because there are keyframes with different interpolation methods in one channel
15:35:48 | WARNING: Baking animation because there are keyframes with different interpolation methods in one channel
15:35:48 | WARNING: Baking animation because there are keyframes with different interpolation methods in one channel
15:35:48 | WARNING: Baking animation because there are keyframes with different interpolation methods in one channel
15:35:48 | WARNING: Baking animation because there are keyframes with different interpolation methods in one channel
15:35:48 | WARNING: Baking animation because there are keyframes with different interpolation methods in one channel
15:35:48 | WARNING: Baking animation because there are keyframes with different interpolation methods in one channel
15:35:48 | WARNING: Baking animation because there are keyframes with different interpolation methods in one channel
15:35:48 | WARNING: Baking animation because there are keyframes with different interpolation methods in one channel
15:35:48 | WARNING: Baking animation because there are keyframes with different interpolation methods in one channel
15:35:48 | WARNING: Baking animation because there are keyframes with different interpolation methods in one channel
15:35:48 | WARNING: Baking animation because there are keyframes with different interpolation methods in one channel
15:35:48 | WARNING: Baking animation because there are keyframes with different interpolation methods in one channel
15:35:48 | WARNING: Baking animation because there are keyframes with different interpolation methods in one channel
15:35:48 | WARNING: Baking animation because there are keyframes with different interpolation methods in one channel
15:35:48 | WARNING: Baking animation because there are keyframes with different interpolation methods in one channel
15:35:48 | WARNING: Baking animation because there are keyframes with different interpolation methods in one channel
15:35:48 | WARNING: Baking animation because there are keyframes with different interpolation methods in one channel
15:35:48 | WARNING: Baking animation because there are keyframes with different interpolation methods in one channel
15:35:48 | WARNING: Baking animation because there are keyframes with different interpolation methods in one channel
15:35:48 | WARNING: Baking animation because there are keyframes with different interpolation methods in one channel
15:35:48 | WARNING: Baking animation because there are keyframes with different interpolation methods in one channel
15:35:48 | WARNING: Baking animation because there are keyframes with different interpolation methods in one channel
15:35:48 | WARNING: Baking animation because there are keyframes with different interpolation methods in one channel
15:35:48 | WARNING: Baking animation because there are keyframes with different interpolation methods in one channel
15:35:48 | WARNING: Baking animation because there are keyframes with different interpolation methods in one channel
15:35:48 | WARNING: Baking animation because there are keyframes with different interpolation methods in one channel
15:35:48 | WARNING: Baking animation because there are keyframes with different interpolation methods in one channel
15:35:48 | WARNING: Baking animation because there are keyframes with different interpolation methods in one channel
15:35:48 | WARNING: Baking animation because there are keyframes with different interpolation methods in one channel
15:35:48 | WARNING: Baking animation because there are keyframes with different interpolation methods in one channel
15:35:48 | WARNING: Baking animation because there are keyframes with different interpolation methods in one channel
15:35:48 | WARNING: Baking animation because there are keyframes with different interpolation methods in one channel
15:35:48 | WARNING: Baking animation because there are keyframes with different interpolation methods in one channel
15:35:48 | WARNING: Baking animation because there are keyframes with different interpolation methods in one channel
15:35:48 | WARNING: Baking animation because there are keyframes with different interpolation methods in one channel
15:35:48 | WARNING: Baking animation because there are keyframes with different interpolation methods in one channel
15:35:48 | WARNING: Baking animation because there are keyframes with different interpolation methods in one channel
15:35:48 | WARNING: Baking animation because there are keyframes with different interpolation methods in one channel
15:35:48 | WARNING: Baking animation because there are keyframes with different interpolation methods in one channel
15:35:48 | WARNING: Baking animation because there are keyframes with different interpolation methods in one channel
15:35:48 | WARNING: Baking animation because there are keyframes with different interpolation methods in one channel
15:35:48 | WARNING: Baking animation because there are keyframes with different interpolation methods in one channel
15:35:52 | INFO: Finished glTF 2.0 export in 46.8896849155426 s

C10_DONE failed=[]
C10_DONE non_ok_bools=[]

Blender quit
Error: Not freed memory blocks: 7806, total unfreed memory 0.828075 MB
