C10_LAYOUT {"total_frames": 114, "seconds": 1.9, "antic": 3, "grab_end": 6, "lift_top": 32, "carry_end": 50, "hit": 68, "hold": 3, "hold_end": 70, "return_start": 71, "settle": 108, "cancel": 110, "seam_source": ["Idle_01", 0], "pelvis_z0_mm": 830.0, "py_grab_mm": -180.0, "py_hit_mm": -400.0, "py_end_mm": -380.0, "pz_grab_mm": 770.0, "pz_carry_mm": 855.0, "pz_hit_mm": 560.0, "ankle_lag": 0.9, "arm_ref_max_deg": 75.0, "anchors_m": {"grab": [0.0, -0.64, 0.98], "carry": [0.0, -0.2, 1.7], "slam": [0.0, -0.7, 0.35]}, "note": "抱摔：6f 抓取（双手钉到 0.98 m）→ 26f 抱起（指尖抬到 1.70 m，本体骨盆升 85 mm）→ 18f 顶住（双手世界漂移 ≤ 3 mm、双脚钉住）→ 18f 砸地（加速下落 + 触地瞬间停，对手落点 0.35 m）→ 命停 3 帧 → 38f 单向减速回「战斗待机」。受招方锚点三相位登记供引擎摆第二角色。"}
C10_END_ARM {"end_euler_deg": {"upperarm.L": [-50.2361, -13.165, -27.6556], "forearm.L": [5.1333, 13.2682, -137.8453], "hand.L": [2.5403, -0.475, 21.1772], "upperarm.R": [-50.0546, 15.1944, 31.8868], "forearm.R": [2.7012, -8.9001, 146.2917], "hand.R": [8.5064, 1.8547, -24.5583]}}
C10_TRACE {"f": 0, "q": 0.0, "pelvis": [0.0, 0.0, 830.0], "hand_mid": [7.47, -290.61, 1284.62], "L_sole": 1.055, "R_sole": -0.962, "L_reach": 0.9518, "R_reach": 0.9443}
C10_TRACE {"f": 1, "q": 0.0, "pelvis": [0.0, 7.78, 814.44], "hand_mid": [7.47, -275.05, 1292.4], "L_sole": -0.0, "R_sole": -0.0, "L_reach": 0.9348, "R_reach": 0.9245}
C10_TRACE {"f": 2, "q": 0.0, "pelvis": [0.0, 22.22, 785.56], "hand_mid": [7.47, -246.16, 1306.84], "L_sole": 0.0, "R_sole": -0.0, "L_reach": 0.9012, "R_reach": 0.8898}
C10_TRACE {"f": 3, "q": 0.0, "pelvis": [0.0, 30.0, 770.0], "hand_mid": [7.47, -230.61, 1314.62], "L_sole": -0.0, "R_sole": -0.0, "L_reach": 0.8832, "R_reach": 0.8713}
C10_TRACE {"f": 4, "q": 0.0, "pelvis": [0.0, -70.23, 770.0], "hand_mid": [3.91, -426.01, 1154.91], "L_sole": -0.0, "R_sole": -0.0, "L_reach": 0.8803, "R_reach": 0.8737}
C10_TRACE {"f": 5, "q": 0.0, "pelvis": [0.0, -143.79, 770.0], "hand_mid": [1.29, -569.41, 1037.7], "L_sole": -0.0, "R_sole": -0.0, "L_reach": 0.8782, "R_reach": 0.8755}
C10_TRACE {"f": 6, "q": 0.0, "pelvis": [0.0, -180.0, 770.0], "hand_mid": [-0.0, -640.0, 980.0], "L_sole": 0.0, "R_sole": -0.0, "L_reach": 0.8772, "R_reach": 0.8765}
C10_TRACE {"f": 7, "q": 0.0, "pelvis": [0.0, -180.0, 770.37], "hand_mid": [-0.0, -638.1, 983.11], "L_sole": 0.0, "R_sole": -0.0, "L_reach": 0.8777, "R_reach": 0.8769}
C10_TRACE {"f": 8, "q": 0.0, "pelvis": [0.0, -180.0, 771.43], "hand_mid": [-0.0, -632.59, 992.13], "L_sole": 0.0, "R_sole": -0.0, "L_reach": 0.8789, "R_reach": 0.8781}
C10_TRACE {"f": 9, "q": 0.0, "pelvis": [0.0, -180.0, 773.13], "hand_mid": [-0.0, -623.78, 1006.55], "L_sole": 0.0, "R_sole": -0.0, "L_reach": 0.8809, "R_reach": 0.8801}
C10_TRACE {"f": 10, "q": 0.0, "pelvis": [0.0, -180.0, 775.42], "hand_mid": [-0.0, -611.96, 1025.88], "L_sole": 0.0, "R_sole": -0.0, "L_reach": 0.8836, "R_reach": 0.8828}
C10_TRACE {"f": 11, "q": 0.0, "pelvis": [0.0, -180.0, 778.22], "hand_mid": [-0.0, -597.44, 1049.64], "L_sole": -0.0, "R_sole": -0.0, "L_reach": 0.8869, "R_reach": 0.8861}
C10_TRACE {"f": 12, "q": 0.0, "pelvis": [0.0, -180.0, 781.49], "hand_mid": [-0.0, -580.52, 1077.33], "L_sole": -0.0, "R_sole": -0.0, "L_reach": 0.8908, "R_reach": 0.89}
C10_TRACE {"f": 13, "q": 0.0, "pelvis": [0.0, -180.0, 785.17], "hand_mid": [-0.0, -561.49, 1108.47], "L_sole": -0.0, "R_sole": -0.0, "L_reach": 0.8951, "R_reach": 0.8943}
C10_TRACE {"f": 14, "q": 0.0, "pelvis": [0.0, -180.0, 789.19], "hand_mid": [-0.0, -540.66, 1142.55], "L_sole": 0.0, "R_sole": -0.0, "L_reach": 0.8999, "R_reach": 0.899}
C10_TRACE {"f": 15, "q": 0.0, "pelvis": [0.0, -180.0, 793.5], "hand_mid": [-0.0, -518.33, 1179.09], "L_sole": 0.0, "R_sole": -0.0, "L_reach": 0.905, "R_reach": 0.9041}
C10_TRACE {"f": 16, "q": 0.0, "pelvis": [0.0, -180.0, 798.05], "hand_mid": [-0.0, -494.8, 1217.6], "L_sole": 0.0, "R_sole": -0.0, "L_reach": 0.9104, "R_reach": 0.9095}
C10_TRACE {"f": 17, "q": 0.0, "pelvis": [0.0, -180.0, 802.77], "hand_mid": [-0.0, -470.37, 1257.58], "L_sole": 0.0, "R_sole": -0.0, "L_reach": 0.9159, "R_reach": 0.9151}
C10_TRACE {"f": 18, "q": 0.0, "pelvis": [0.0, -180.0, 807.61], "hand_mid": [-0.0, -445.33, 1298.54], "L_sole": 0.0, "R_sole": -0.0, "L_reach": 0.9217, "R_reach": 0.9208}
C10_TRACE {"f": 19, "q": 0.0, "pelvis": [0.0, -180.0, 812.5], "hand_mid": [-0.0, -420.0, 1340.0], "L_sole": 0.0, "R_sole": -0.0, "L_reach": 0.9275, "R_reach": 0.9266}
C10_TRACE {"f": 20, "q": 0.0, "pelvis": [0.0, -180.0, 817.39], "hand_mid": [-0.0, -394.67, 1381.46], "L_sole": 0.0, "R_sole": -0.0, "L_reach": 0.9333, "R_reach": 0.9324}
C10_TRACE {"f": 21, "q": 0.0, "pelvis": [0.0, -180.0, 822.23], "hand_mid": [-0.0, -369.63, 1422.42], "L_sole": 0.0, "R_sole": -0.0, "L_reach": 0.9391, "R_reach": 0.9381}
C10_TRACE {"f": 22, "q": 0.0, "pelvis": [0.0, -180.0, 826.95], "hand_mid": [-0.0, -345.2, 1462.4], "L_sole": 0.0, "R_sole": -0.0, "L_reach": 0.9447, "R_reach": 0.9437}
C10_TRACE {"f": 23, "q": 0.0, "pelvis": [0.0, -180.0, 831.5], "hand_mid": [-0.0, -321.67, 1500.91], "L_sole": 0.0, "R_sole": -0.0, "L_reach": 0.9501, "R_reach": 0.9491}
C10_TRACE {"f": 24, "q": 0.0, "pelvis": [0.0, -180.0, 835.81], "hand_mid": [-0.0, -299.34, 1537.45], "L_sole": 0.0, "R_sole": -0.0, "L_reach": 0.9553, "R_reach": 0.9542}
C10_TRACE {"f": 25, "q": 0.0, "pelvis": [0.0, -180.0, 839.83], "hand_mid": [-0.0, -278.51, 1571.53], "L_sole": 0.0, "R_sole": -0.0, "L_reach": 0.9601, "R_reach": 0.959}
C10_TRACE {"f": 26, "q": 0.0, "pelvis": [0.0, -180.0, 843.51], "hand_mid": [-0.0, -259.48, 1602.67], "L_sole": 0.001, "R_sole": -0.0, "L_reach": 0.9645, "R_reach": 0.9634}
C10_TRACE {"f": 27, "q": 0.0, "pelvis": [0.0, -180.0, 846.78], "hand_mid": [-0.0, -242.56, 1630.36], "L_sole": 0.001, "R_sole": -0.0, "L_reach": 0.9684, "R_reach": 0.9673}
C10_TRACE {"f": 28, "q": 0.0, "pelvis": [0.0, -180.0, 849.58], "hand_mid": [0.0, -228.04, 1654.12], "L_sole": 0.001, "R_sole": -0.0, "L_reach": 0.9717, "R_reach": 0.9707}
C10_TRACE {"f": 29, "q": 0.0, "pelvis": [0.0, -180.0, 851.87], "hand_mid": [-0.0, -216.22, 1673.45], "L_sole": 0.001, "R_sole": -0.0, "L_reach": 0.9745, "R_reach": 0.9734}
C10_TRACE {"f": 30, "q": 0.0, "pelvis": [0.0, -180.0, 853.57], "hand_mid": [-0.0, -207.41, 1687.87], "L_sole": 0.001, "R_sole": -0.0, "L_reach": 0.9765, "R_reach": 0.9754}
C10_TRACE {"f": 31, "q": 0.0, "pelvis": [0.0, -180.0, 854.63], "hand_mid": [0.0, -201.9, 1696.89], "L_sole": 0.001, "R_sole": -0.0, "L_reach": 0.9778, "R_reach": 0.9767}
C10_TRACE {"f": 32, "q": 0.0, "pelvis": [0.0, -180.0, 855.0], "hand_mid": [-0.0, -200.0, 1700.0], "L_sole": 0.001, "R_sole": -0.0, "L_reach": 0.9783, "R_reach": 0.9772}
C10_TRACE {"f": 33, "q": 0.0, "pelvis": [0.0, -180.0, 854.96], "hand_mid": [0.0, -200.0, 1700.0], "L_sole": 0.001, "R_sole": -0.0, "L_reach": 0.9782, "R_reach": 0.9771}
C10_TRACE {"f": 34, "q": 0.0, "pelvis": [0.0, -180.0, 854.83], "hand_mid": [0.0, -200.0, 1700.0], "L_sole": 0.001, "R_sole": -0.0, "L_reach": 0.9781, "R_reach": 0.9769}
C10_TRACE {"f": 35, "q": 0.0, "pelvis": [0.0, -180.0, 854.63], "hand_mid": [0.0, -200.0, 1700.0], "L_sole": 0.001, "R_sole": -0.0, "L_reach": 0.9778, "R_reach": 0.9767}
C10_TRACE {"f": 36, "q": 0.0, "pelvis": [0.0, -180.0, 854.37], "hand_mid": [-0.0, -200.0, 1700.0], "L_sole": 0.001, "R_sole": -0.0, "L_reach": 0.9775, "R_reach": 0.9764}
C10_TRACE {"f": 37, "q": 0.0, "pelvis": [0.0, -180.0, 854.06], "hand_mid": [0.0, -200.0, 1700.0], "L_sole": 0.001, "R_sole": -0.0, "L_reach": 0.9771, "R_reach": 0.976}
C10_TRACE {"f": 38, "q": 0.0, "pelvis": [0.0, -180.0, 853.7], "hand_mid": [-0.0, -200.0, 1700.0], "L_sole": 0.001, "R_sole": -0.0, "L_reach": 0.9767, "R_reach": 0.9756}
C10_TRACE {"f": 39, "q": 0.0, "pelvis": [0.0, -180.0, 853.32], "hand_mid": [-0.0, -200.0, 1700.0], "L_sole": 0.001, "R_sole": -0.0, "L_reach": 0.9762, "R_reach": 0.9751}
C10_TRACE {"f": 40, "q": 0.0, "pelvis": [0.0, -180.0, 852.91], "hand_mid": [-0.0, -200.0, 1700.0], "L_sole": 0.001, "R_sole": -0.0, "L_reach": 0.9758, "R_reach": 0.9747}
C10_TRACE {"f": 41, "q": 0.0, "pelvis": [0.0, -180.0, 852.5], "hand_mid": [0.0, -200.0, 1700.0], "L_sole": 0.001, "R_sole": -0.0, "L_reach": 0.9753, "R_reach": 0.9742}
C10_TRACE {"f": 42, "q": 0.0, "pelvis": [0.0, -180.0, 852.08], "hand_mid": [-0.0, -200.0, 1700.0], "L_sole": 0.001, "R_sole": -0.0, "L_reach": 0.9748, "R_reach": 0.9737}
C10_TRACE {"f": 43, "q": 0.0, "pelvis": [0.0, -180.0, 851.68], "hand_mid": [0.0, -200.0, 1700.0], "L_sole": 0.001, "R_sole": -0.0, "L_reach": 0.9743, "R_reach": 0.9732}
C10_TRACE {"f": 44, "q": 0.0, "pelvis": [0.0, -180.0, 851.3], "hand_mid": [0.0, -200.0, 1700.0], "L_sole": 0.001, "R_sole": -0.0, "L_reach": 0.9738, "R_reach": 0.9727}
C10_TRACE {"f": 45, "q": 0.0, "pelvis": [0.0, -180.0, 850.94], "hand_mid": [0.0, -200.0, 1700.0], "L_sole": 0.001, "R_sole": -0.0, "L_reach": 0.9734, "R_reach": 0.9723}
C10_TRACE {"f": 46, "q": 0.0, "pelvis": [0.0, -180.0, 850.63], "hand_mid": [-0.0, -200.0, 1700.0], "L_sole": 0.001, "R_sole": -0.0, "L_reach": 0.973, "R_reach": 0.9719}
C10_TRACE {"f": 47, "q": 0.0, "pelvis": [0.0, -180.0, 850.37], "hand_mid": [0.0, -200.0, 1700.0], "L_sole": 0.001, "R_sole": -0.0, "L_reach": 0.9727, "R_reach": 0.9716}
C10_TRACE {"f": 48, "q": 0.0, "pelvis": [0.0, -180.0, 850.17], "hand_mid": [0.0, -200.0, 1700.0], "L_sole": 0.001, "R_sole": -0.0, "L_reach": 0.9725, "R_reach": 0.9714}
C10_TRACE {"f": 49, "q": 0.0, "pelvis": [0.0, -180.0, 850.04], "hand_mid": [0.0, -200.0, 1700.0], "L_sole": 0.001, "R_sole": -0.0, "L_reach": 0.9723, "R_reach": 0.9712}
C10_TRACE {"f": 50, "q": 0.0, "pelvis": [0.0, -180.0, 850.0], "hand_mid": [0.0, -200.0, 1700.0], "L_sole": 0.001, "R_sole": -0.0, "L_reach": 0.9722, "R_reach": 0.9712}
C10_TRACE {"f": 51, "q": 0.0, "pelvis": [0.0, -182.22, 847.07], "hand_mid": [0.0, -215.89, 1686.38], "L_sole": 0.001, "R_sole": -0.0, "L_reach": 0.9687, "R_reach": 0.9677}
C10_TRACE {"f": 52, "q": 0.0, "pelvis": [0.0, -185.39, 842.9], "hand_mid": [0.0, -238.58, 1666.93], "L_sole": 0.0, "R_sole": -0.0, "L_reach": 0.9636, "R_reach": 0.9628}
C10_TRACE {"f": 53, "q": 0.0, "pelvis": [0.0, -189.83, 837.05], "hand_mid": [0.0, -270.35, 1639.7], "L_sole": 0.0, "R_sole": -0.0, "L_reach": 0.9565, "R_reach": 0.9559}
C10_TRACE {"f": 54, "q": 0.0, "pelvis": [0.0, -195.85, 829.11], "hand_mid": [-0.0, -313.47, 1602.74], "L_sole": 0.0, "R_sole": -0.0, "L_reach": 0.9469, "R_reach": 0.9466}
C10_TRACE {"f": 55, "q": 0.0, "pelvis": [0.0, -203.78, 818.66], "hand_mid": [0.0, -370.21, 1554.11], "L_sole": 0.0, "R_sole": -0.0, "L_reach": 0.9342, "R_reach": 0.9345}
C10_TRACE {"f": 56, "q": 0.0, "pelvis": [0.0, -213.92, 805.29], "hand_mid": [-0.0, -442.83, 1491.86], "L_sole": 0.0, "R_sole": -0.0, "L_reach": 0.9181, "R_reach": 0.9189}
C10_TRACE {"f": 57, "q": 0.0, "pelvis": [0.0, -226.6, 788.57], "hand_mid": [0.0, -533.61, 1414.05], "L_sole": 0.0, "R_sole": -0.0, "L_reach": 0.8979, "R_reach": 0.8995}
C10_TRACE {"f": 58, "q": 0.0, "pelvis": [0.0, -242.13, 768.1], "hand_mid": [-0.0, -644.81, 1318.73], "L_sole": -0.0, "R_sole": -0.0, "L_reach": 0.8734, "R_reach": 0.8759}
C10_TRACE {"f": 59, "q": 0.0, "pelvis": [0.0, -260.84, 743.44], "hand_mid": [-0.0, -778.71, 1203.96], "L_sole": 0.0, "R_sole": -0.0, "L_reach": 0.8439, "R_reach": 0.8476}
C10_TRACE {"f": 60, "q": 0.0, "pelvis": [0.0, -283.03, 714.19], "hand_mid": [-0.0, -891.41, 1067.8], "L_sole": -0.0, "R_sole": -0.0, "L_reach": 0.809, "R_reach": 0.8143}
C10_TRACE {"f": 61, "q": 0.0, "pelvis": [0.0, -309.02, 679.93], "hand_mid": [-0.0, -848.88, 908.29], "L_sole": -0.0, "R_sole": -0.0, "L_reach": 0.7683, "R_reach": 0.7756}
C10_TRACE {"f": 62, "q": 0.0, "pelvis": [0.0, -339.14, 640.23], "hand_mid": [-0.0, -799.6, 723.49], "L_sole": 0.0, "R_sole": -0.0, "L_reach": 0.7214, "R_reach": 0.7313}
C10_TRACE {"f": 63, "q": 0.0, "pelvis": [0.0, -362.91, 608.89], "hand_mid": [-0.0, -760.69, 577.59], "L_sole": -0.0, "R_sole": -0.0, "L_reach": 0.6846, "R_reach": 0.6967}
C10_TRACE {"f": 64, "q": 0.0, "pelvis": [0.0, -380.35, 585.91], "hand_mid": [-0.0, -732.16, 470.61], "L_sole": -0.0, "R_sole": -0.0, "L_reach": 0.6577, "R_reach": 0.6717}
C10_TRACE {"f": 65, "q": 0.0, "pelvis": [0.0, -391.44, 571.28], "hand_mid": [-0.0, -714.01, 402.52], "L_sole": 0.0, "R_sole": -0.0, "L_reach": 0.6407, "R_reach": 0.6559}
C10_TRACE {"f": 66, "q": 0.0, "pelvis": [0.0, -397.15, 563.76], "hand_mid": [-0.0, -704.67, 367.51], "L_sole": -0.0, "R_sole": -0.0, "L_reach": 0.6319, "R_reach": 0.6478}
C10_TRACE {"f": 67, "q": 0.0, "pelvis": [0.0, -399.37, 560.84], "hand_mid": [-0.0, -701.04, 353.89], "L_sole": 0.0, "R_sole": -0.0, "L_reach": 0.6285, "R_reach": 0.6446}
C10_TRACE {"f": 68, "q": 0.0, "pelvis": [0.0, -400.0, 560.0], "hand_mid": [0.0, -700.0, 350.0], "L_sole": 0.0, "R_sole": -0.0, "L_reach": 0.6276, "R_reach": 0.6437}
C10_TRACE {"f": 69, "q": 0.0, "pelvis": [0.0, -407.5, 553.4], "hand_mid": [0.0, -707.5, 343.4], "L_sole": -0.0, "R_sole": -0.0, "L_reach": 0.6198, "R_reach": 0.6368}
C10_TRACE {"f": 70, "q": 0.0, "pelvis": [0.0, -415.0, 546.8], "hand_mid": [0.0, -715.0, 336.8], "L_sole": -0.0, "R_sole": -0.0, "L_reach": 0.6121, "R_reach": 0.6299}
C10_TRACE {"f": 71, "q": 0.03279, "pelvis": [0.0, -413.85, 556.08], "hand_mid": [0.37, -730.97, 360.85], "L_sole": -0.0, "R_sole": -0.0, "L_reach": 0.6227, "R_reach": 0.64}
C10_TRACE {"f": 72, "q": 0.06535, "pelvis": [0.0, -412.71, 565.31], "hand_mid": [0.81, -745.92, 386.66], "L_sole": 0.0, "R_sole": -0.0, "L_reach": 0.6332, "R_reach": 0.6501}
C10_TRACE {"f": 73, "q": 0.09769, "pelvis": [0.0, -411.58, 574.47], "hand_mid": [1.32, -759.75, 414.08], "L_sole": -0.0, "R_sole": -0.0, "L_reach": 0.6437, "R_reach": 0.6602}
C10_TRACE {"f": 74, "q": 0.1298, "pelvis": [0.0, -410.46, 583.56], "hand_mid": [1.87, -772.34, 442.94], "L_sole": -0.0, "R_sole": 0.0, "L_reach": 0.6541, "R_reach": 0.6702}
C10_TRACE {"f": 75, "q": 0.16167, "pelvis": [0.0, -409.34, 592.59], "hand_mid": [2.45, -783.62, 473.06], "L_sole": -0.0, "R_sole": -0.0, "L_reach": 0.6645, "R_reach": 0.6802}
C10_TRACE {"f": 76, "q": 0.19331, "pelvis": [0.0, -408.23, 601.54], "hand_mid": [3.06, -793.53, 504.25], "L_sole": 0.0, "R_sole": -0.0, "L_reach": 0.6748, "R_reach": 0.6902}
C10_TRACE {"f": 77, "q": 0.22469, "pelvis": [0.0, -407.14, 610.43], "hand_mid": [3.68, -802.04, 536.34], "L_sole": -0.0, "R_sole": -0.0, "L_reach": 0.6851, "R_reach": 0.7001}
C10_TRACE {"f": 78, "q": 0.25583, "pelvis": [0.0, -406.05, 619.25], "hand_mid": [4.29, -809.11, 569.12], "L_sole": -0.0, "R_sole": -0.0, "L_reach": 0.6953, "R_reach": 0.71}
C10_TRACE {"f": 79, "q": 0.28671, "pelvis": [0.0, -404.97, 628.0], "hand_mid": [4.89, -814.75, 602.42], "L_sole": -0.0, "R_sole": -0.0, "L_reach": 0.7054, "R_reach": 0.7198}
C10_TRACE {"f": 80, "q": 0.31732, "pelvis": [0.0, -403.89, 636.66], "hand_mid": [5.47, -818.97, 636.06], "L_sole": -0.0, "R_sole": -0.0, "L_reach": 0.7155, "R_reach": 0.7295}
C10_TRACE {"f": 81, "q": 0.34766, "pelvis": [0.0, -402.83, 645.26], "hand_mid": [6.01, -821.8, 669.85], "L_sole": -0.0, "R_sole": -0.0, "L_reach": 0.7254, "R_reach": 0.7392}
C10_TRACE {"f": 82, "q": 0.37772, "pelvis": [0.0, -401.78, 653.77], "hand_mid": [6.52, -823.29, 703.64], "L_sole": -0.0, "R_sole": -0.0, "L_reach": 0.7354, "R_reach": 0.7489}
C10_TRACE {"f": 83, "q": 0.40749, "pelvis": [0.0, -400.74, 662.2], "hand_mid": [6.99, -823.49, 737.26], "L_sole": -0.0, "R_sole": -0.0, "L_reach": 0.7452, "R_reach": 0.7584}
C10_TRACE {"f": 84, "q": 0.43697, "pelvis": [0.0, -399.71, 670.55], "hand_mid": [7.4, -822.48, 770.56], "L_sole": -0.0, "R_sole": 0.0, "L_reach": 0.7549, "R_reach": 0.7679}
C10_TRACE {"f": 85, "q": 0.46614, "pelvis": [0.0, -398.69, 678.81], "hand_mid": [7.77, -820.32, 803.41], "L_sole": -0.0, "R_sole": -0.0, "L_reach": 0.7646, "R_reach": 0.7773}
C10_TRACE {"f": 86, "q": 0.49499, "pelvis": [0.0, -397.68, 686.98], "hand_mid": [8.08, -817.12, 835.68], "L_sole": -0.0, "R_sole": -0.0, "L_reach": 0.7741, "R_reach": 0.7866}
C10_TRACE {"f": 87, "q": 0.52352, "pelvis": [0.0, -396.68, 695.06], "hand_mid": [8.34, -812.97, 867.25], "L_sole": -0.0, "R_sole": -0.0, "L_reach": 0.7836, "R_reach": 0.7959}
C10_TRACE {"f": 88, "q": 0.55171, "pelvis": [0.0, -395.69, 703.04], "hand_mid": [8.54, -807.95, 898.04], "L_sole": -0.0, "R_sole": -0.0, "L_reach": 0.793, "R_reach": 0.805}
C10_TRACE {"f": 89, "q": 0.57955, "pelvis": [0.0, -394.72, 710.93], "hand_mid": [8.69, -802.19, 927.95], "L_sole": -0.0, "R_sole": -0.0, "L_reach": 0.8023, "R_reach": 0.814}
C10_TRACE {"f": 90, "q": 0.60703, "pelvis": [0.0, -393.75, 718.71], "hand_mid": [8.79, -795.77, 956.91], "L_sole": 0.0, "R_sole": -0.0, "L_reach": 0.8114, "R_reach": 0.823}
C10_TRACE {"f": 91, "q": 0.63413, "pelvis": [0.0, -392.81, 726.38], "hand_mid": [8.84, -788.8, 984.85], "L_sole": 0.0, "R_sole": -0.0, "L_reach": 0.8205, "R_reach": 0.8318}
C10_TRACE {"f": 92, "q": 0.66083, "pelvis": [0.0, -391.87, 733.95], "hand_mid": [8.85, -781.38, 1011.74], "L_sole": 0.0, "R_sole": -0.0, "L_reach": 0.8294, "R_reach": 0.8405}
C10_TRACE {"f": 93, "q": 0.68712, "pelvis": [0.0, -390.95, 741.39], "hand_mid": [8.82, -773.63, 1037.53], "L_sole": 0.0, "R_sole": -0.0, "L_reach": 0.8382, "R_reach": 0.8491}
C10_TRACE {"f": 94, "q": 0.71297, "pelvis": [0.0, -390.05, 748.71], "hand_mid": [8.76, -765.62, 1062.19], "L_sole": 0.0, "R_sole": -0.0, "L_reach": 0.8468, "R_reach": 0.8576}
C10_TRACE {"f": 95, "q": 0.73836, "pelvis": [0.0, -389.16, 755.9], "hand_mid": [8.67, -757.45, 1085.71], "L_sole": -0.0, "R_sole": -0.0, "L_reach": 0.8553, "R_reach": 0.8659}
C10_TRACE {"f": 96, "q": 0.76327, "pelvis": [0.0, -388.29, 762.96], "hand_mid": [8.56, -749.21, 1108.08], "L_sole": 0.0, "R_sole": -0.0, "L_reach": 0.8637, "R_reach": 0.8741}
C10_TRACE {"f": 97, "q": 0.78767, "pelvis": [0.0, -387.43, 769.87], "hand_mid": [8.44, -740.99, 1129.29], "L_sole": 0.0, "R_sole": -0.0, "L_reach": 0.8719, "R_reach": 0.8821}
C10_TRACE {"f": 98, "q": 0.81152, "pelvis": [0.0, -386.6, 776.62], "hand_mid": [8.31, -732.85, 1149.36], "L_sole": 0.0, "R_sole": -0.0, "L_reach": 0.8799, "R_reach": 0.89}
C10_TRACE {"f": 99, "q": 0.83478, "pelvis": [0.0, -385.78, 783.21], "hand_mid": [8.17, -724.86, 1168.28], "L_sole": 0.0, "R_sole": -0.0, "L_reach": 0.8877, "R_reach": 0.8977}
C10_TRACE {"f": 100, "q": 0.8574, "pelvis": [0.0, -384.99, 789.61], "hand_mid": [8.03, -717.1, 1186.07], "L_sole": 0.0, "R_sole": -0.0, "L_reach": 0.8954, "R_reach": 0.9051}
C10_TRACE {"f": 101, "q": 0.87932, "pelvis": [0.0, -384.22, 795.82], "hand_mid": [7.91, -709.62, 1202.73], "L_sole": 0.0, "R_sole": -0.0, "L_reach": 0.9028, "R_reach": 0.9124}
C10_TRACE {"f": 102, "q": 0.90047, "pelvis": [0.0, -383.48, 801.81], "hand_mid": [7.79, -702.46, 1218.27], "L_sole": 0.0, "R_sole": -0.0, "L_reach": 0.9099, "R_reach": 0.9194}
C10_TRACE {"f": 103, "q": 0.92075, "pelvis": [0.0, -382.77, 807.56], "hand_mid": [7.69, -695.7, 1232.69], "L_sole": -0.0, "R_sole": -0.0, "L_reach": 0.9168, "R_reach": 0.9261}
C10_TRACE {"f": 104, "q": 0.94004, "pelvis": [0.0, -382.1, 813.02], "hand_mid": [7.61, -689.37, 1245.97], "L_sole": 0.0, "R_sole": -0.0, "L_reach": 0.9233, "R_reach": 0.9325}
C10_TRACE {"f": 105, "q": 0.95815, "pelvis": [0.0, -381.46, 818.15], "hand_mid": [7.55, -683.55, 1258.05], "L_sole": 0.0, "R_sole": -0.0, "L_reach": 0.9294, "R_reach": 0.9386}
C10_TRACE {"f": 106, "q": 0.97479, "pelvis": [0.0, -380.88, 822.86], "hand_mid": [7.5, -678.31, 1268.84], "L_sole": 0.0, "R_sole": -0.0, "L_reach": 0.9351, "R_reach": 0.9441}
C10_TRACE {"f": 107, "q": 0.9894, "pelvis": [0.0, -380.37, 827.0], "hand_mid": [7.48, -673.81, 1278.07], "L_sole": 0.0, "R_sole": -0.0, "L_reach": 0.94, "R_reach": 0.949}
C10_TRACE {"f": 108, "q": 1.0, "pelvis": [0.0, -380.0, 830.0], "hand_mid": [7.47, -670.61, 1284.62], "L_sole": 0.0, "R_sole": -0.0, "L_reach": 0.9436, "R_reach": 0.9525}
C10_TRACE {"f": 109, "q": 1.0, "pelvis": [0.0, -380.0, 830.0], "hand_mid": [7.47, -670.61, 1284.62], "L_sole": 0.0, "R_sole": -0.0, "L_reach": 0.9436, "R_reach": 0.9525}
C10_TRACE {"f": 110, "q": 1.0, "pelvis": [0.0, -380.0, 830.0], "hand_mid": [7.47, -670.61, 1284.62], "L_sole": 0.0, "R_sole": -0.0, "L_reach": 0.9436, "R_reach": 0.9525}
C10_TRACE {"f": 111, "q": 1.0, "pelvis": [0.0, -380.0, 830.0], "hand_mid": [7.47, -670.61, 1284.62], "L_sole": 0.0, "R_sole": -0.0, "L_reach": 0.9436, "R_reach": 0.9525}
C10_TRACE {"f": 112, "q": 1.0, "pelvis": [0.0, -380.0, 830.0], "hand_mid": [7.47, -670.61, 1284.62], "L_sole": 0.0, "R_sole": -0.0, "L_reach": 0.9436, "R_reach": 0.9525}
C10_TRACE {"f": 113, "q": 1.0, "pelvis": [0.0, -380.0, 830.0], "hand_mid": [7.47, -670.61, 1284.62], "L_sole": 0.0, "R_sole": -0.0, "L_reach": 0.9436, "R_reach": 0.9525}
C10_TRACE {"f": 114, "q": 1.0, "pelvis": [0.0, -380.0, 830.0], "hand_mid": [7.47, -670.61, 1284.62], "L_sole": 0.0, "R_sole": -0.0, "L_reach": 0.9436, "R_reach": 0.9525}
C10_REPORT {"loop_seamless": null, "ground_min_mm": -0.96, "ground_contact_ok": true, "max_frame_step_deg": 27.09, "max_frame_step_at": [62, "forearm.L"], "no_teleport": false, "bone_travel_mm": {"pelvis": 502.42, "chest": 675.3, "head": 974.14, "hand.L": 906.3, "hand.R": 934.61}, "seam_source": ["Idle_01", 0], "skill_start_delta": 0.0, "skill_start_ok": true, "grab_frames": 6, "grab_time_ok": true, "anchor": {"grab": {"frame": 6, "mid_m": [-0.0, -0.64, 0.98], "hand_L_m": [0.16, -0.64, 0.98], "hand_R_m": [-0.16, -0.64, 0.98]}, "carry": {"frame": 32, "mid_m": [-0.0, -0.2, 1.7], "hand_L_m": [0.2, -0.2, 1.7], "hand_R_m": [-0.2, -0.2, 1.7]}, "slam": {"frame": 68, "mid_m": [0.0, -0.7, 0.35], "hand_L_m": [0.16, -0.7, 0.35], "hand_R_m": [-0.16, -0.7, 0.35]}}, "lift_height_mm": 720.0, "lift_min_mm": 600.0, "lift_height_ok": true, "lift_pelvis_z_mm": 85.0, "hip_drive_lift_ok": true, "hip_drive_min_mm": 60.0, "carry_drift_mm": {"L": 0.0001, "R": 0.0001}, "carry_drift_at": {"L": 50, "R": 50}, "carry_window": [32, 50], "carry_steady_ok": true, "carry_drift_max_mm": 3.0, "carry_plant_mm": {"L": 0.0036, "R": 0.0034}, "carry_feet_planted_ok": true, "carry_plant_max_mm": 3.0, "victim_anchor_present": true, "slam_point_z_mm": 350.0, "victim_anchor_ok": true, "slam_floor_mm": -20.0, "slam_descent_mm": [1700.0, 1686.38, 1666.93, 1639.7, 1602.74, 1554.11, 1491.86, 1414.05, 1318.73, 1203.96, 1067.8, 908.29, 723.49, 577.59, 470.61, 402.52, 367.51, 353.89, 350.0], "slam_speed_mm": [13.617, 19.452, 27.233, 36.96, 48.631, 62.248, 77.81, 95.317, 114.769, 136.167, 159.51, 184.798, 145.893, 106.988, 68.084, 35.014, 13.617, 3.89], "slam_descent_ok": true, "slam_accel_ok": true, "slam_peak_speed_mm": 184.798, "slam_last_speed_mm": 3.89, "slam_speed_ok": true, "slam_stop_max_mm": 12.0, "slam_stop_ratio": 0.15, "root_motion_m": [0.0, -0.38], "root_motion_h_mm": 415.0, "root_motion_z_peak_mm": 25.0, "root_motion_z_drop_mm": 283.2, "root_motion_ok": true, "root_motion_limits_mm": [900.0, 10.0, 500.0], "hitstop_frozen_steps": [0.0, 0.0], "hitstop_present_ok": true, "hitstop_momentum_mm": 19.981, "hitstop_keeps_momentum_ok": true, "hitstop_frames": 3, "hitstop_frames_ok": true, "antic_frames": 3, "lift_frames": 26, "carry_frames": 18, "slam_frames": 18, "recover_frames": 44, "return_tail": [3.6501, 3.6255, 3.6004, 3.5748, 3.5486, 3.5218, 3.4944, 3.4663, 3.4375, 3.408, 3.3777, 3.3466, 3.3146, 3.2816, 3.2476, 3.2124, 3.1761, 3.1385, 3.0995, 3.059, 3.0168, 2.9727, 2.9266, 2.8782, 2.8272, 2.7733, 2.7161, 2.655, 2.5893, 2.5183, 2.4406, 2.3548, 2.2583, 2.1475, 2.0162, 1.8524, 1.6265, 1.18, 0.0, 0.0, 0.0, 0.0, 0.0, 0.0], "return_tail_bones": ["forearm.L", "forearm.L", "forearm.L", "forearm.L", "forearm.L", "forearm.L", "forearm.L", "forearm.L", "forearm.L", "forearm.L", "forearm.L", "forearm.L", "forearm.L", "forearm.L", "forearm.L", "forearm.L", "forearm.L", "forearm.L", "forearm.L", "forearm.L", "forearm.L", "forearm.L", "forearm.L", "forearm.L", "forearm.L", "forearm.L", "forearm.L", "forearm.L", "forearm.L", "forearm.L", "forearm.L", "forearm.L", "forearm.L", "forearm.L", "forearm.L", "forearm.L", "forearm.L", "forearm.L", null, null, null, null, null, null], "decel_smooth_ok": true, "no_snap_stop_ok": true, "local_step_max_deg": 3.65, "power_chain_channels_deg": {"pelvis": 22.0, "spine_01": 12.5, "spine_02": 12.5, "chest": 15.0, "shoulder.L": 18.0, "shoulder.R": 18.0, "thigh.L": 90.762, "shin.L": 106.902, "thigh.R": 53.199, "shin.R": 104.767, "upperarm.L": 63.131, "forearm.L": 212.995, "hand.L": 21.177, "upperarm.R": 61.876, "forearm.R": 214.189, "hand.R": 24.558}, "power_chain_ok": true, "leg_reach_max_ratio": {"L": 0.97826, "R": 0.97715}, "leg_reach_peak": {"L": [32, 804.13], "R": [32, 803.22]}, "ik_reach_ok": true, "arm_seat_clamp": {"L": {"any": false, "worst_frame": 68, "worst_over_mm": 0.0, "worst_ratio": 0.878, "limit_mm": 649.675}, "R": {"any": false, "worst_frame": 68, "worst_over_mm": 0.0, "worst_ratio": 0.878, "limit_mm": 649.675}}, "arm_seat_ok": true, "stance_sole_mm": {"L": [-0.0, 1.055], "R": [-0.962, 0.0]}, "stance_sole_ok": true, "end_pose_measured_deg": {"pelvis": [4.0, 0.0, 0.0], "spine_01": [2.0, 0.0, 0.0], "spine_02": [2.0, 0.0, 0.0], "chest": [1.0, 0.0, 0.0], "neck": [-6.0, 0.0, 0.0], "head": [5.0, 0.0, 0.0], "shoulder.L": [-18.0, 0.0, 0.0], "shoulder.R": [-18.0, 0.0, 0.0]}, "end_pose_delta_deg": {"pelvis": 0.0, "spine_01": 0.0, "spine_02": 0.0, "chest": 0.0, "neck": 0.0, "head": 0.0, "shoulder.L": 0.0, "shoulder.R": 0.0}, "tail_settle_ok": true, "tail_settle_tol_deg": 0.05, "low_bad_frames": {}, "world_step_max_deg": 48.654, "world_step_max_at": [4, "hand.R"], "world_step_ok": false, "meta": {"anim_id": "Skill_02", "loop": false, "category": "连招与特殊技", "note": "抱摔：抓取 → 抱起（指尖抬升 720 mm）→ 顶住 → 砸地（对手落点 z = 350 mm）→ 命停 3 帧 → 收招回「战斗待机」；受招方锚点三相位登记。", "antic_frame": 3, "hit_frame": 68, "cancel_frame": 110, "hitstop_frames": 3, "root_motion_m": [0.0, -0.38], "inherit_from": null, "segments": {"grab": [0, 6], "lift": [6, 32], "carry": [32, 50], "slam": [50, 68], "hold": [68, 70], "recover": [70, 114]}, "victim_anchor_m": {"carry": [-0.0, -0.2, 1.7], "grab": [-0.0, -0.64, 0.98], "slam": [0.0, -0.7, 0.35]}, "grab_point_m": [-0.0, -0.64, 0.98], "carry_point_m": [-0.0, -0.2, 1.7], "slam_point_m": [0.0, -0.7, 0.35], "end_pose_deg": {"chest": [1.0, 0.0, 0.0], "head": [5.0, 0.0, 0.0], "neck": [-6.0, 0.0, 0.0], "pelvis": [4.0, 0.0, 0.0], "shoulder.L": [-18.0, 0.0, 0.0], "shoulder.R": [-18.0, 0.0, 0.0], "spine_01": [2.0, 0.0, 0.0], "spine_02": [2.0, 0.0, 0.0]}, "fps": 60, "frames": [0, 114]}, "failed": ["world_step_ok"], "non_ok_bools": ["no_teleport"]}
Info: Saved as "bigman_anim_v001.blend"
INFO Draco mesh compression is available, use library at D:\Program Files\Blender Foundation\Blender 4.5\4.5\scripts\addons_core\io_scene_gltf2\extern_draco.dll
15:16:34 | INFO: Starting glTF 2.0 export
15:16:34 | INFO: Extracting primitive: Mesh
15:16:34 | INFO: Primitives created: 1
15:16:34 | INFO: Extracting primitive: Mesh
15:16:34 | INFO: Primitives created: 1
15:16:34 | INFO: Extracting primitive: Collar_Point_L
15:16:34 | INFO: Primitives created: 1
15:16:34 | INFO: Extracting primitive: Collar_Point_R
15:16:34 | INFO: Primitives created: 1
15:16:34 | INFO: Extracting primitive: Ear_Inner_L
15:16:34 | INFO: Primitives created: 1
15:16:34 | INFO: Extracting primitive: Ear_Inner_R
15:16:34 | INFO: Primitives created: 1
15:16:34 | INFO: Extracting primitive: Ear_L
15:16:34 | INFO: Primitives created: 1
15:16:34 | INFO: Extracting primitive: Ear_Lobe_L
15:16:34 | INFO: Primitives created: 1
15:16:34 | INFO: Extracting primitive: Ear_Lobe_R
15:16:34 | INFO: Primitives created: 1
15:16:34 | INFO: Extracting primitive: Ear_R
15:16:34 | INFO: Primitives created: 1
15:16:34 | INFO: Extracting primitive: Eye_Glint_L
15:16:34 | INFO: Primitives created: 1
15:16:34 | INFO: Extracting primitive: Eye_Glint_R
15:16:34 | INFO: Primitives created: 1
15:16:34 | INFO: Extracting primitive: Eye_Line_Upper_L
15:16:34 | INFO: Primitives created: 1
15:16:34 | INFO: Extracting primitive: Eye_Line_Upper_R
15:16:34 | INFO: Primitives created: 1
15:16:34 | INFO: Extracting primitive: Eye_White_L
15:16:34 | INFO: Primitives created: 1
15:16:34 | INFO: Extracting primitive: Eye_White_R
15:16:34 | INFO: Primitives created: 1
15:16:34 | INFO: Extracting primitive: Eyebrow_L
15:16:34 | INFO: Primitives created: 1
15:16:34 | INFO: Extracting primitive: Eyebrow_R
15:16:34 | INFO: Primitives created: 1
15:16:34 | INFO: Extracting primitive: Eyelid_Lower_L
15:16:34 | INFO: Primitives created: 1
15:16:34 | INFO: Extracting primitive: Eyelid_Lower_R
15:16:34 | INFO: Primitives created: 1
15:16:34 | INFO: Extracting primitive: Eyelid_Upper_L
15:16:34 | INFO: Primitives created: 1
15:16:34 | INFO: Extracting primitive: Eyelid_Upper_R
15:16:34 | INFO: Primitives created: 1
15:16:34 | INFO: Extracting primitive: Mesh
15:16:34 | INFO: Primitives created: 1
15:16:34 | INFO: Extracting primitive: Mesh
15:16:34 | INFO: Primitives created: 1
15:16:34 | INFO: Extracting primitive: Mesh
15:16:34 | INFO: Primitives created: 1
15:16:34 | INFO: Extracting primitive: Mesh
15:16:34 | INFO: Primitives created: 1
15:16:34 | INFO: Extracting primitive: Mesh
15:16:34 | INFO: Primitives created: 1
15:16:34 | INFO: Extracting primitive: Mesh
15:16:34 | INFO: Primitives created: 1
15:16:34 | INFO: Extracting primitive: Mesh
15:16:34 | INFO: Primitives created: 1
15:16:34 | INFO: Extracting primitive: Mesh
15:16:34 | INFO: Primitives created: 1
15:16:34 | INFO: Extracting primitive: Glasses_Bridge
15:16:34 | INFO: Primitives created: 1
15:16:34 | INFO: Extracting primitive: Glasses_Frame_L
15:16:34 | INFO: Primitives created: 1
15:16:34 | INFO: Extracting primitive: Glasses_Frame_R
15:16:34 | INFO: Primitives created: 1
15:16:34 | INFO: Extracting primitive: Glasses_Temple_L
15:16:34 | INFO: Primitives created: 1
15:16:34 | INFO: Extracting primitive: Glasses_Temple_R
15:16:34 | INFO: Primitives created: 1
15:16:34 | INFO: Extracting primitive: Mesh
15:16:34 | INFO: Primitives created: 1
15:16:34 | INFO: Extracting primitive: Mesh
15:16:34 | INFO: Primitives created: 1
15:16:34 | INFO: Extracting primitive: Mesh
15:16:34 | INFO: Primitives created: 1
15:16:34 | INFO: Extracting primitive: Mesh
15:16:34 | INFO: Primitives created: 1
15:16:34 | INFO: Extracting primitive: Mesh
15:16:34 | INFO: Primitives created: 1
15:16:34 | INFO: Extracting primitive: Iris_L
15:16:34 | INFO: Primitives created: 1
15:16:34 | INFO: Extracting primitive: Iris_R
15:16:34 | INFO: Primitives created: 1
15:16:34 | INFO: Extracting primitive: Iris_Ring_L
15:16:34 | INFO: Primitives created: 1
15:16:34 | INFO: Extracting primitive: Iris_Ring_R
15:16:34 | INFO: Primitives created: 1
15:16:34 | INFO: Extracting primitive: Jacket_Back_Seam
15:16:34 | INFO: Primitives created: 1
15:16:34 | INFO: Extracting primitive: Jacket_Button_1
15:16:34 | INFO: Primitives created: 1
15:16:34 | INFO: Extracting primitive: Jacket_Button_2
15:16:34 | INFO: Primitives created: 1
15:16:34 | INFO: Extracting primitive: Jacket_Collar
15:16:34 | INFO: Primitives created: 1
15:16:34 | INFO: Extracting primitive: Jacket_Lapel_L
15:16:34 | INFO: Primitives created: 1
15:16:34 | INFO: Extracting primitive: Jacket_Lapel_R
15:16:34 | INFO: Primitives created: 1
15:16:34 | INFO: Extracting primitive: Jacket_Vent
15:16:34 | INFO: Primitives created: 1
15:16:34 | INFO: Extracting primitive: Lapel_Fold_L
15:16:34 | INFO: Primitives created: 1
15:16:34 | INFO: Extracting primitive: Lapel_Fold_R
15:16:34 | INFO: Primitives created: 1
15:16:34 | INFO: Extracting primitive: Lapel_Notch_L
15:16:34 | INFO: Primitives created: 1
15:16:34 | INFO: Extracting primitive: Lapel_Notch_R
15:16:34 | INFO: Primitives created: 1
15:16:34 | INFO: Extracting primitive: Lower_Lip
15:16:34 | INFO: Primitives created: 1
15:16:34 | INFO: Extracting primitive: Mouth_Line
15:16:34 | INFO: Primitives created: 1
15:16:34 | INFO: Extracting primitive: Mesh
15:16:34 | INFO: Primitives created: 1
15:16:34 | INFO: Extracting primitive: Mesh
15:16:34 | INFO: Primitives created: 1
15:16:34 | INFO: Extracting primitive: Nose_Wing_L
15:16:34 | INFO: Primitives created: 1
15:16:34 | INFO: Extracting primitive: Nose_Wing_R
15:16:34 | INFO: Primitives created: 1
15:16:34 | INFO: Extracting primitive: Pocket_Flap_L
15:16:34 | INFO: Primitives created: 1
15:16:34 | INFO: Extracting primitive: Pocket_Flap_R
15:16:34 | INFO: Primitives created: 1
15:16:34 | INFO: Extracting primitive: Pupil_L
15:16:34 | INFO: Primitives created: 1
15:16:34 | INFO: Extracting primitive: Pupil_R
15:16:34 | INFO: Primitives created: 1
15:16:34 | INFO: Extracting primitive: Shirt_Collar
15:16:34 | INFO: Primitives created: 1
15:16:34 | INFO: Extracting primitive: Shirt_Cuff_L
15:16:34 | INFO: Primitives created: 1
15:16:34 | INFO: Extracting primitive: Shirt_Cuff_R
15:16:34 | INFO: Primitives created: 1
15:16:34 | INFO: Extracting primitive: Shirt_Front
15:16:34 | INFO: Primitives created: 1
15:16:34 | INFO: Extracting primitive: Mesh
15:16:34 | INFO: Primitives created: 1
15:16:34 | INFO: Extracting primitive: Mesh
15:16:34 | INFO: Primitives created: 1
15:16:34 | INFO: Extracting primitive: Mesh
15:16:34 | INFO: Primitives created: 1
15:16:34 | INFO: Extracting primitive: Mesh
15:16:34 | INFO: Primitives created: 1
15:16:34 | INFO: Extracting primitive: Shoe_Toe_Cap_L
15:16:34 | INFO: Primitives created: 1
15:16:34 | INFO: Extracting primitive: Shoe_Toe_Cap_R
15:16:34 | INFO: Primitives created: 1
15:16:34 | INFO: Extracting primitive: Mesh
15:16:34 | INFO: Primitives created: 1
15:16:34 | INFO: Extracting primitive: Mesh
15:16:34 | INFO: Primitives created: 1
15:16:34 | INFO: Extracting primitive: Sleeve_Button_1_L
15:16:34 | INFO: Primitives created: 1
15:16:34 | INFO: Extracting primitive: Sleeve_Button_1_R
15:16:34 | INFO: Primitives created: 1
15:16:34 | INFO: Extracting primitive: Sleeve_Button_2_L
15:16:34 | INFO: Primitives created: 1
15:16:34 | INFO: Extracting primitive: Sleeve_Button_2_R
15:16:34 | INFO: Primitives created: 1
15:16:34 | INFO: Extracting primitive: Sleeve_Button_3_L
15:16:34 | INFO: Primitives created: 1
15:16:34 | INFO: Extracting primitive: Sleeve_Button_3_R
15:16:34 | INFO: Primitives created: 1
15:16:34 | INFO: Extracting primitive: Mesh
15:16:34 | INFO: Primitives created: 1
15:16:34 | INFO: Extracting primitive: Mesh
15:16:34 | INFO: Primitives created: 1
15:16:34 | INFO: Extracting primitive: Mesh
15:16:34 | INFO: Primitives created: 1
15:16:34 | INFO: Extracting primitive: Mesh
15:16:34 | INFO: Primitives created: 1
15:16:34 | INFO: Extracting primitive: Mesh
15:16:34 | INFO: Primitives created: 1
15:16:34 | INFO: Extracting primitive: Mesh
15:16:34 | INFO: Primitives created: 1
15:16:34 | INFO: Extracting primitive: Mesh
15:16:34 | INFO: Primitives created: 1
15:16:34 | INFO: Extracting primitive: Upper_Lip
15:16:34 | INFO: Primitives created: 1
15:16:51 | WARNING: Baking animation because there are keyframes with different interpolation methods in one channel
15:16:51 | WARNING: Baking animation because there are keyframes with different interpolation methods in one channel
15:16:51 | WARNING: Baking animation because there are keyframes with different interpolation methods in one channel
15:16:51 | WARNING: Baking animation because there are keyframes with different interpolation methods in one channel
15:16:51 | WARNING: Baking animation because there are keyframes with different interpolation methods in one channel
15:16:51 | WARNING: Baking animation because there are keyframes with different interpolation methods in one channel
15:16:51 | WARNING: Baking animation because there are keyframes with different interpolation methods in one channel
15:16:51 | WARNING: Baking animation because there are keyframes with different interpolation methods in one channel
15:16:51 | WARNING: Baking animation because there are keyframes with different interpolation methods in one channel
15:16:51 | WARNING: Baking animation because there are keyframes with different interpolation methods in one channel
15:16:51 | WARNING: Baking animation because there are keyframes with different interpolation methods in one channel
15:16:51 | WARNING: Baking animation because there are keyframes with different interpolation methods in one channel
15:16:51 | WARNING: Baking animation because there are keyframes with different interpolation methods in one channel
15:16:51 | WARNING: Baking animation because there are keyframes with different interpolation methods in one channel
15:16:51 | WARNING: Baking animation because there are keyframes with different interpolation methods in one channel
15:16:51 | WARNING: Baking animation because there are keyframes with different interpolation methods in one channel
15:16:51 | WARNING: Baking animation because there are keyframes with different interpolation methods in one channel
15:16:51 | WARNING: Baking animation because there are keyframes with different interpolation methods in one channel
15:16:51 | WARNING: Baking animation because there are keyframes with different interpolation methods in one channel
15:16:51 | WARNING: Baking animation because there are keyframes with different interpolation methods in one channel
15:16:51 | WARNING: Baking animation because there are keyframes with different interpolation methods in one channel
15:16:51 | WARNING: Baking animation because there are keyframes with different interpolation methods in one channel
15:16:51 | WARNING: Baking animation because there are keyframes with different interpolation methods in one channel
15:16:51 | WARNING: Baking animation because there are keyframes with different interpolation methods in one channel
15:16:51 | WARNING: Baking animation because there are keyframes with different interpolation methods in one channel
15:16:51 | WARNING: Baking animation because there are keyframes with different interpolation methods in one channel
15:16:51 | WARNING: Baking animation because there are keyframes with different interpolation methods in one channel
15:16:51 | WARNING: Baking animation because there are keyframes with different interpolation methods in one channel
15:16:51 | WARNING: Baking animation because there are keyframes with different interpolation methods in one channel
15:16:51 | WARNING: Baking animation because there are keyframes with different interpolation methods in one channel
15:16:51 | WARNING: Baking animation because there are keyframes with different interpolation methods in one channel
15:16:51 | WARNING: Baking animation because there are keyframes with different interpolation methods in one channel
15:16:51 | WARNING: Baking animation because there are keyframes with different interpolation methods in one channel
15:16:51 | WARNING: Baking animation because there are keyframes with different interpolation methods in one channel
15:16:51 | WARNING: Baking animation because there are keyframes with different interpolation methods in one channel
15:16:51 | WARNING: Baking animation because there are keyframes with different interpolation methods in one channel
15:16:51 | WARNING: Baking animation because there are keyframes with different interpolation methods in one channel
15:16:51 | WARNING: Baking animation because there are keyframes with different interpolation methods in one channel
15:16:51 | WARNING: Baking animation because there are keyframes with different interpolation methods in one channel
15:16:51 | WARNING: Baking animation because there are keyframes with different interpolation methods in one channel
15:16:51 | WARNING: Baking animation because there are keyframes with different interpolation methods in one channel
15:16:51 | WARNING: Baking animation because there are keyframes with different interpolation methods in one channel
15:16:51 | WARNING: Baking animation because there are keyframes with different interpolation methods in one channel
15:16:51 | WARNING: Baking animation because there are keyframes with different interpolation methods in one channel
15:16:51 | WARNING: Baking animation because there are keyframes with different interpolation methods in one channel
15:16:51 | WARNING: Baking animation because there are keyframes with different interpolation methods in one channel
15:16:51 | WARNING: Baking animation because there are keyframes with different interpolation methods in one channel
15:16:51 | WARNING: Baking animation because there are keyframes with different interpolation methods in one channel
15:16:51 | WARNING: Baking animation because there are keyframes with different interpolation methods in one channel
15:16:51 | WARNING: Baking animation because there are keyframes with different interpolation methods in one channel
15:16:51 | WARNING: Baking animation because there are keyframes with different interpolation methods in one channel
15:16:51 | WARNING: Baking animation because there are keyframes with different interpolation methods in one channel
15:16:51 | WARNING: Baking animation because there are keyframes with different interpolation methods in one channel
15:16:52 | WARNING: Baking animation because there are keyframes with different interpolation methods in one channel
15:16:52 | WARNING: Baking animation because there are keyframes with different interpolation methods in one channel
15:16:52 | WARNING: Baking animation because there are keyframes with different interpolation methods in one channel
15:16:52 | WARNING: Baking animation because there are keyframes with different interpolation methods in one channel
15:16:52 | WARNING: Baking animation because there are keyframes with different interpolation methods in one channel
15:16:52 | WARNING: Baking animation because there are keyframes with different interpolation methods in one channel
15:16:52 | WARNING: Baking animation because there are keyframes with different interpolation methods in one channel
15:16:52 | WARNING: Baking animation because there are keyframes with different interpolation methods in one channel
15:16:52 | WARNING: Baking animation because there are keyframes with different interpolation methods in one channel
15:16:52 | WARNING: Baking animation because there are keyframes with different interpolation methods in one channel
15:16:52 | WARNING: Baking animation because there are keyframes with different interpolation methods in one channel
15:16:52 | WARNING: Baking animation because there are keyframes with different interpolation methods in one channel
15:16:52 | WARNING: Baking animation because there are keyframes with different interpolation methods in one channel
15:16:52 | WARNING: Baking animation because there are keyframes with different interpolation methods in one channel
15:16:52 | WARNING: Baking animation because there are keyframes with different interpolation methods in one channel
15:16:52 | WARNING: Baking animation because there are keyframes with different interpolation methods in one channel
15:16:52 | WARNING: Baking animation because there are keyframes with different interpolation methods in one channel
15:16:52 | WARNING: Baking animation because there are keyframes with different interpolation methods in one channel
15:16:52 | WARNING: Baking animation because there are keyframes with different interpolation methods in one channel
15:16:52 | WARNING: Baking animation because there are keyframes with different interpolation methods in one channel
15:16:52 | WARNING: Baking animation because there are keyframes with different interpolation methods in one channel
15:16:52 | WARNING: Baking animation because there are keyframes with different interpolation methods in one channel
15:16:52 | WARNING: Baking animation because there are keyframes with different interpolation methods in one channel
15:16:52 | WARNING: Baking animation because there are keyframes with different interpolation methods in one channel
15:16:52 | WARNING: Baking animation because there are keyframes with different interpolation methods in one channel
15:16:52 | WARNING: Baking animation because there are keyframes with different interpolation methods in one channel
15:16:52 | WARNING: Baking animation because there are keyframes with different interpolation methods in one channel
15:16:52 | WARNING: Baking animation because there are keyframes with different interpolation methods in one channel
15:16:52 | WARNING: Baking animation because there are keyframes with different interpolation methods in one channel
15:16:52 | WARNING: Baking animation because there are keyframes with different interpolation methods in one channel
15:16:52 | WARNING: Baking animation because there are keyframes with different interpolation methods in one channel
15:16:52 | WARNING: Baking animation because there are keyframes with different interpolation methods in one channel
15:16:52 | WARNING: Baking animation because there are keyframes with different interpolation methods in one channel
15:16:52 | WARNING: Baking animation because there are keyframes with different interpolation methods in one channel
15:16:52 | WARNING: Baking animation because there are keyframes with different interpolation methods in one channel
15:16:52 | WARNING: Baking animation because there are keyframes with different interpolation methods in one channel
15:16:52 | WARNING: Baking animation because there are keyframes with different interpolation methods in one channel
15:16:52 | WARNING: Baking animation because there are keyframes with different interpolation methods in one channel
15:16:52 | WARNING: Baking animation because there are keyframes with different interpolation methods in one channel
15:16:52 | WARNING: Baking animation because there are keyframes with different interpolation methods in one channel
15:16:52 | WARNING: Baking animation because there are keyframes with different interpolation methods in one channel
15:16:52 | WARNING: Baking animation because there are keyframes with different interpolation methods in one channel
15:16:52 | WARNING: Baking animation because there are keyframes with different interpolation methods in one channel
15:16:52 | WARNING: Baking animation because there are keyframes with different interpolation methods in one channel
15:16:52 | WARNING: Baking animation because there are keyframes with different interpolation methods in one channel
15:16:52 | WARNING: Baking animation because there are keyframes with different interpolation methods in one channel
15:16:52 | WARNING: Baking animation because there are keyframes with different interpolation methods in one channel
15:16:52 | WARNING: Baking animation because there are keyframes with different interpolation methods in one channel
15:16:52 | WARNING: Baking animation because there are keyframes with different interpolation methods in one channel
15:16:52 | WARNING: Baking animation because there are keyframes with different interpolation methods in one channel
15:16:52 | WARNING: Baking animation because there are keyframes with different interpolation methods in one channel
15:16:52 | WARNING: Baking animation because there are keyframes with different interpolation methods in one channel
15:16:52 | WARNING: Baking animation because there are keyframes with different interpolation methods in one channel
15:16:52 | WARNING: Baking animation because there are keyframes with different interpolation methods in one channel
15:16:52 | WARNING: Baking animation because there are keyframes with different interpolation methods in one channel
15:16:52 | WARNING: Baking animation because there are keyframes with different interpolation methods in one channel
15:16:52 | WARNING: Baking animation because there are keyframes with different interpolation methods in one channel
15:16:52 | WARNING: Baking animation because there are keyframes with different interpolation methods in one channel
15:16:52 | WARNING: Baking animation because there are keyframes with different interpolation methods in one channel
15:16:52 | WARNING: Baking animation because there are keyframes with different interpolation methods in one channel
15:16:52 | WARNING: Baking animation because there are keyframes with different interpolation methods in one channel
15:16:52 | WARNING: Baking animation because there are keyframes with different interpolation methods in one channel
15:16:52 | WARNING: Baking animation because there are keyframes with different interpolation methods in one channel
15:16:52 | WARNING: Baking animation because there are keyframes with different interpolation methods in one channel
15:16:52 | WARNING: Baking animation because there are keyframes with different interpolation methods in one channel
15:16:52 | WARNING: Baking animation because there are keyframes with different interpolation methods in one channel
15:16:52 | WARNING: Baking animation because there are keyframes with different interpolation methods in one channel
15:16:52 | WARNING: Baking animation because there are keyframes with different interpolation methods in one channel
15:16:52 | WARNING: Baking animation because there are keyframes with different interpolation methods in one channel
15:16:52 | WARNING: Baking animation because there are keyframes with different interpolation methods in one channel
15:16:52 | WARNING: Baking animation because there are keyframes with different interpolation methods in one channel
15:16:52 | WARNING: Baking animation because there are keyframes with different interpolation methods in one channel
15:16:52 | WARNING: Baking animation because there are keyframes with different interpolation methods in one channel
15:16:52 | WARNING: Baking animation because there are keyframes with different interpolation methods in one channel
15:16:52 | WARNING: Baking animation because there are keyframes with different interpolation methods in one channel
15:16:52 | WARNING: Baking animation because there are keyframes with different interpolation methods in one channel
15:16:52 | WARNING: Baking animation because there are keyframes with different interpolation methods in one channel
15:16:52 | WARNING: Baking animation because there are keyframes with different interpolation methods in one channel
15:16:52 | WARNING: Baking animation because there are keyframes with different interpolation methods in one channel
15:16:52 | WARNING: Baking animation because there are keyframes with different interpolation methods in one channel
15:16:52 | WARNING: Baking animation because there are keyframes with different interpolation methods in one channel
15:16:52 | WARNING: Baking animation because there are keyframes with different interpolation methods in one channel
15:16:52 | WARNING: Baking animation because there are keyframes with different interpolation methods in one channel
15:16:52 | WARNING: Baking animation because there are keyframes with different interpolation methods in one channel
15:16:52 | WARNING: Baking animation because there are keyframes with different interpolation methods in one channel
15:16:52 | WARNING: Baking animation because there are keyframes with different interpolation methods in one channel
15:16:52 | WARNING: Baking animation because there are keyframes with different interpolation methods in one channel
15:16:52 | WARNING: Baking animation because there are keyframes with different interpolation methods in one channel
15:16:52 | WARNING: Baking animation because there are keyframes with different interpolation methods in one channel
15:16:52 | WARNING: Baking animation because there are keyframes with different interpolation methods in one channel
15:16:52 | WARNING: Baking animation because there are keyframes with different interpolation methods in one channel
15:16:52 | WARNING: Baking animation because there are keyframes with different interpolation methods in one channel
15:16:52 | WARNING: Baking animation because there are keyframes with different interpolation methods in one channel
15:16:52 | WARNING: Baking animation because there are keyframes with different interpolation methods in one channel
15:16:52 | WARNING: Baking animation because there are keyframes with different interpolation methods in one channel
15:16:52 | WARNING: Baking animation because there are keyframes with different interpolation methods in one channel
15:16:52 | WARNING: Baking animation because there are keyframes with different interpolation methods in one channel
15:16:52 | WARNING: Baking animation because there are keyframes with different interpolation methods in one channel
15:16:52 | WARNING: Baking animation because there are keyframes with different interpolation methods in one channel
15:16:52 | WARNING: Baking animation because there are keyframes with different interpolation methods in one channel
15:16:52 | WARNING: Baking animation because there are keyframes with different interpolation methods in one channel
15:16:52 | WARNING: Baking animation because there are keyframes with different interpolation methods in one channel
15:16:52 | WARNING: Baking animation because there are keyframes with different interpolation methods in one channel
15:16:52 | WARNING: Baking animation because there are keyframes with different interpolation methods in one channel
15:16:52 | WARNING: Baking animation because there are keyframes with different interpolation methods in one channel
15:16:52 | WARNING: Baking animation because there are keyframes with different interpolation methods in one channel
15:16:54 | WARNING: Baking animation because there are keyframes with different interpolation methods in one channel
15:16:54 | WARNING: Baking animation because there are keyframes with different interpolation methods in one channel
15:16:54 | WARNING: Baking animation because there are keyframes with different interpolation methods in one channel
15:16:54 | WARNING: Baking animation because there are keyframes with different interpolation methods in one channel
15:16:54 | WARNING: Baking animation because there are keyframes with different interpolation methods in one channel
15:16:54 | WARNING: Baking animation because there are keyframes with different interpolation methods in one channel
15:16:54 | WARNING: Baking animation because there are keyframes with different interpolation methods in one channel
15:16:54 | WARNING: Baking animation because there are keyframes with different interpolation methods in one channel
15:16:54 | WARNING: Baking animation because there are keyframes with different interpolation methods in one channel
15:16:54 | WARNING: Baking animation because there are keyframes with different interpolation methods in one channel
15:16:54 | WARNING: Baking animation because there are keyframes with different interpolation methods in one channel
15:16:54 | WARNING: Baking animation because there are keyframes with different interpolation methods in one channel
15:16:54 | WARNING: Baking animation because there are keyframes with different interpolation methods in one channel
15:16:54 | WARNING: Baking animation because there are keyframes with different interpolation methods in one channel
15:16:54 | WARNING: Baking animation because there are keyframes with different interpolation methods in one channel
15:16:54 | WARNING: Baking animation because there are keyframes with different interpolation methods in one channel
15:16:54 | WARNING: Baking animation because there are keyframes with different interpolation methods in one channel
15:16:54 | WARNING: Baking animation because there are keyframes with different interpolation methods in one channel
15:16:54 | WARNING: Baking animation because there are keyframes with different interpolation methods in one channel
15:16:54 | WARNING: Baking animation because there are keyframes with different interpolation methods in one channel
15:16:54 | WARNING: Baking animation because there are keyframes with different interpolation methods in one channel
15:16:54 | WARNING: Baking animation because there are keyframes with different interpolation methods in one channel
15:16:54 | WARNING: Baking animation because there are keyframes with different interpolation methods in one channel
15:16:54 | WARNING: Baking animation because there are keyframes with different interpolation methods in one channel
15:16:54 | WARNING: Baking animation because there are keyframes with different interpolation methods in one channel
15:16:54 | WARNING: Baking animation because there are keyframes with different interpolation methods in one channel
15:16:54 | WARNING: Baking animation because there are keyframes with different interpolation methods in one channel
15:16:54 | WARNING: Baking animation because there are keyframes with different interpolation methods in one channel
15:16:54 | WARNING: Baking animation because there are keyframes with different interpolation methods in one channel
15:16:54 | WARNING: Baking animation because there are keyframes with different interpolation methods in one channel
15:16:54 | WARNING: Baking animation because there are keyframes with different interpolation methods in one channel
15:16:54 | WARNING: Baking animation because there are keyframes with different interpolation methods in one channel
15:16:54 | WARNING: Baking animation because there are keyframes with different interpolation methods in one channel
15:16:54 | WARNING: Baking animation because there are keyframes with different interpolation methods in one channel
15:16:54 | WARNING: Baking animation because there are keyframes with different interpolation methods in one channel
15:16:54 | WARNING: Baking animation because there are keyframes with different interpolation methods in one channel
15:16:54 | WARNING: Baking animation because there are keyframes with different interpolation methods in one channel
15:16:54 | WARNING: Baking animation because there are keyframes with different interpolation methods in one channel
15:16:54 | WARNING: Baking animation because there are keyframes with different interpolation methods in one channel
15:16:54 | WARNING: Baking animation because there are keyframes with different interpolation methods in one channel
15:16:54 | WARNING: Baking animation because there are keyframes with different interpolation methods in one channel
15:16:54 | WARNING: Baking animation because there are keyframes with different interpolation methods in one channel
15:16:54 | WARNING: Baking animation because there are keyframes with different interpolation methods in one channel
15:16:54 | WARNING: Baking animation because there are keyframes with different interpolation methods in one channel
15:16:54 | WARNING: Baking animation because there are keyframes with different interpolation methods in one channel
15:16:54 | WARNING: Baking animation because there are keyframes with different interpolation methods in one channel
15:16:54 | WARNING: Baking animation because there are keyframes with different interpolation methods in one channel
15:16:54 | WARNING: Baking animation because there are keyframes with different interpolation methods in one channel
15:16:54 | WARNING: Baking animation because there are keyframes with different interpolation methods in one channel
15:16:54 | WARNING: Baking animation because there are keyframes with different interpolation methods in one channel
15:16:54 | WARNING: Baking animation because there are keyframes with different interpolation methods in one channel
15:16:54 | WARNING: Baking animation because there are keyframes with different interpolation methods in one channel
15:16:54 | WARNING: Baking animation because there are keyframes with different interpolation methods in one channel
15:16:58 | WARNING: Baking animation because there are keyframes with different interpolation methods in one channel
15:16:58 | WARNING: Baking animation because there are keyframes with different interpolation methods in one channel
15:16:58 | WARNING: Baking animation because there are keyframes with different interpolation methods in one channel
15:16:58 | WARNING: Baking animation because there are keyframes with different interpolation methods in one channel
15:16:58 | WARNING: Baking animation because there are keyframes with different interpolation methods in one channel
15:16:58 | WARNING: Baking animation because there are keyframes with different interpolation methods in one channel
15:16:58 | WARNING: Baking animation because there are keyframes with different interpolation methods in one channel
15:16:58 | WARNING: Baking animation because there are keyframes with different interpolation methods in one channel
15:16:58 | WARNING: Baking animation because there are keyframes with different interpolation methods in one channel
15:16:58 | WARNING: Baking animation because there are keyframes with different interpolation methods in one channel
15:16:58 | WARNING: Baking animation because there are keyframes with different interpolation methods in one channel
15:16:58 | WARNING: Baking animation because there are keyframes with different interpolation methods in one channel
15:16:58 | WARNING: Baking animation because there are keyframes with different interpolation methods in one channel
15:16:58 | WARNING: Baking animation because there are keyframes with different interpolation methods in one channel
15:16:58 | WARNING: Baking animation because there are keyframes with different interpolation methods in one channel
15:16:58 | WARNING: Baking animation because there are keyframes with different interpolation methods in one channel
15:16:58 | WARNING: Baking animation because there are keyframes with different interpolation methods in one channel
15:16:58 | WARNING: Baking animation because there are keyframes with different interpolation methods in one channel
15:16:58 | WARNING: Baking animation because there are keyframes with different interpolation methods in one channel
15:16:58 | WARNING: Baking animation because there are keyframes with different interpolation methods in one channel
15:16:58 | WARNING: Baking animation because there are keyframes with different interpolation methods in one channel
15:16:58 | WARNING: Baking animation because there are keyframes with different interpolation methods in one channel
15:16:58 | WARNING: Baking animation because there are keyframes with different interpolation methods in one channel
15:16:58 | WARNING: Baking animation because there are keyframes with different interpolation methods in one channel
15:16:58 | WARNING: Baking animation because there are keyframes with different interpolation methods in one channel
15:16:58 | WARNING: Baking animation because there are keyframes with different interpolation methods in one channel
15:16:58 | WARNING: Baking animation because there are keyframes with different interpolation methods in one channel
15:16:58 | WARNING: Baking animation because there are keyframes with different interpolation methods in one channel
15:16:58 | WARNING: Baking animation because there are keyframes with different interpolation methods in one channel
15:16:58 | WARNING: Baking animation because there are keyframes with different interpolation methods in one channel
15:16:58 | WARNING: Baking animation because there are keyframes with different interpolation methods in one channel
15:16:58 | WARNING: Baking animation because there are keyframes with different interpolation methods in one channel
15:16:58 | WARNING: Baking animation because there are keyframes with different interpolation methods in one channel
15:16:58 | WARNING: Baking animation because there are keyframes with different interpolation methods in one channel
15:16:58 | WARNING: Baking animation because there are keyframes with different interpolation methods in one channel
15:16:58 | WARNING: Baking animation because there are keyframes with different interpolation methods in one channel
15:16:58 | WARNING: Baking animation because there are keyframes with different interpolation methods in one channel
15:16:58 | WARNING: Baking animation because there are keyframes with different interpolation methods in one channel
15:16:58 | WARNING: Baking animation because there are keyframes with different interpolation methods in one channel
15:16:58 | WARNING: Baking animation because there are keyframes with different interpolation methods in one channel
15:16:58 | WARNING: Baking animation because there are keyframes with different interpolation methods in one channel
15:16:58 | WARNING: Baking animation because there are keyframes with different interpolation methods in one channel
15:16:58 | WARNING: Baking animation because there are keyframes with different interpolation methods in one channel
15:16:58 | WARNING: Baking animation because there are keyframes with different interpolation methods in one channel
15:16:58 | WARNING: Baking animation because there are keyframes with different interpolation methods in one channel
15:16:58 | WARNING: Baking animation because there are keyframes with different interpolation methods in one channel
15:16:58 | WARNING: Baking animation because there are keyframes with different interpolation methods in one channel
15:16:58 | WARNING: Baking animation because there are keyframes with different interpolation methods in one channel
15:16:58 | WARNING: Baking animation because there are keyframes with different interpolation methods in one channel
15:16:58 | WARNING: Baking animation because there are keyframes with different interpolation methods in one channel
15:16:58 | WARNING: Baking animation because there are keyframes with different interpolation methods in one channel
15:16:58 | WARNING: Baking animation because there are keyframes with different interpolation methods in one channel
15:16:58 | WARNING: Baking animation because there are keyframes with different interpolation methods in one channel
15:17:00 | WARNING: Baking animation because there are keyframes with different interpolation methods in one channel
15:17:00 | WARNING: Baking animation because there are keyframes with different interpolation methods in one channel
15:17:00 | WARNING: Baking animation because there are keyframes with different interpolation methods in one channel
15:17:00 | WARNING: Baking animation because there are keyframes with different interpolation methods in one channel
15:17:00 | WARNING: Baking animation because there are keyframes with different interpolation methods in one channel
15:17:00 | WARNING: Baking animation because there are keyframes with different interpolation methods in one channel
15:17:00 | WARNING: Baking animation because there are keyframes with different interpolation methods in one channel
15:17:00 | WARNING: Baking animation because there are keyframes with different interpolation methods in one channel
15:17:00 | WARNING: Baking animation because there are keyframes with different interpolation methods in one channel
15:17:00 | WARNING: Baking animation because there are keyframes with different interpolation methods in one channel
15:17:00 | WARNING: Baking animation because there are keyframes with different interpolation methods in one channel
15:17:00 | WARNING: Baking animation because there are keyframes with different interpolation methods in one channel
15:17:00 | WARNING: Baking animation because there are keyframes with different interpolation methods in one channel
15:17:00 | WARNING: Baking animation because there are keyframes with different interpolation methods in one channel
15:17:00 | WARNING: Baking animation because there are keyframes with different interpolation methods in one channel
15:17:00 | WARNING: Baking animation because there are keyframes with different interpolation methods in one channel
15:17:00 | WARNING: Baking animation because there are keyframes with different interpolation methods in one channel
15:17:00 | WARNING: Baking animation because there are keyframes with different interpolation methods in one channel
15:17:00 | WARNING: Baking animation because there are keyframes with different interpolation methods in one channel
15:17:00 | WARNING: Baking animation because there are keyframes with different interpolation methods in one channel
15:17:00 | WARNING: Baking animation because there are keyframes with different interpolation methods in one channel
15:17:00 | WARNING: Baking animation because there are keyframes with different interpolation methods in one channel
15:17:00 | WARNING: Baking animation because there are keyframes with different interpolation methods in one channel
15:17:00 | WARNING: Baking animation because there are keyframes with different interpolation methods in one channel
15:17:00 | WARNING: Baking animation because there are keyframes with different interpolation methods in one channel
15:17:00 | WARNING: Baking animation because there are keyframes with different interpolation methods in one channel
15:17:00 | WARNING: Baking animation because there are keyframes with different interpolation methods in one channel
15:17:00 | WARNING: Baking animation because there are keyframes with different interpolation methods in one channel
15:17:00 | WARNING: Baking animation because there are keyframes with different interpolation methods in one channel
15:17:00 | WARNING: Baking animation because there are keyframes with different interpolation methods in one channel
15:17:00 | WARNING: Baking animation because there are keyframes with different interpolation methods in one channel
15:17:00 | WARNING: Baking animation because there are keyframes with different interpolation methods in one channel
15:17:00 | WARNING: Baking animation because there are keyframes with different interpolation methods in one channel
15:17:00 | WARNING: Baking animation because there are keyframes with different interpolation methods in one channel
15:17:00 | WARNING: Baking animation because there are keyframes with different interpolation methods in one channel
15:17:00 | WARNING: Baking animation because there are keyframes with different interpolation methods in one channel
15:17:00 | WARNING: Baking animation because there are keyframes with different interpolation methods in one channel
15:17:00 | WARNING: Baking animation because there are keyframes with different interpolation methods in one channel
15:17:00 | WARNING: Baking animation because there are keyframes with different interpolation methods in one channel
15:17:00 | WARNING: Baking animation because there are keyframes with different interpolation methods in one channel
15:17:00 | WARNING: Baking animation because there are keyframes with different interpolation methods in one channel
15:17:00 | WARNING: Baking animation because there are keyframes with different interpolation methods in one channel
15:17:00 | WARNING: Baking animation because there are keyframes with different interpolation methods in one channel
15:17:00 | WARNING: Baking animation because there are keyframes with different interpolation methods in one channel
15:17:00 | WARNING: Baking animation because there are keyframes with different interpolation methods in one channel
15:17:00 | WARNING: Baking animation because there are keyframes with different interpolation methods in one channel
15:17:00 | WARNING: Baking animation because there are keyframes with different interpolation methods in one channel
15:17:00 | WARNING: Baking animation because there are keyframes with different interpolation methods in one channel
15:17:00 | WARNING: Baking animation because there are keyframes with different interpolation methods in one channel
15:17:00 | WARNING: Baking animation because there are keyframes with different interpolation methods in one channel
15:17:00 | WARNING: Baking animation because there are keyframes with different interpolation methods in one channel
15:17:00 | WARNING: Baking animation because there are keyframes with different interpolation methods in one channel
15:17:00 | WARNING: Baking animation because there are keyframes with different interpolation methods in one channel
15:17:06 | WARNING: Baking animation because there are keyframes with different interpolation methods in one channel
15:17:06 | WARNING: Baking animation because there are keyframes with different interpolation methods in one channel
15:17:06 | WARNING: Baking animation because there are keyframes with different interpolation methods in one channel
15:17:06 | WARNING: Baking animation because there are keyframes with different interpolation methods in one channel
15:17:06 | WARNING: Baking animation because there are keyframes with different interpolation methods in one channel
15:17:06 | WARNING: Baking animation because there are keyframes with different interpolation methods in one channel
15:17:06 | WARNING: Baking animation because there are keyframes with different interpolation methods in one channel
15:17:06 | WARNING: Baking animation because there are keyframes with different interpolation methods in one channel
15:17:06 | WARNING: Baking animation because there are keyframes with different interpolation methods in one channel
15:17:06 | WARNING: Baking animation because there are keyframes with different interpolation methods in one channel
15:17:06 | WARNING: Baking animation because there are keyframes with different interpolation methods in one channel
15:17:06 | WARNING: Baking animation because there are keyframes with different interpolation methods in one channel
15:17:06 | WARNING: Baking animation because there are keyframes with different interpolation methods in one channel
15:17:06 | WARNING: Baking animation because there are keyframes with different interpolation methods in one channel
15:17:06 | WARNING: Baking animation because there are keyframes with different interpolation methods in one channel
15:17:06 | WARNING: Baking animation because there are keyframes with different interpolation methods in one channel
15:17:06 | WARNING: Baking animation because there are keyframes with different interpolation methods in one channel
15:17:06 | WARNING: Baking animation because there are keyframes with different interpolation methods in one channel
15:17:06 | WARNING: Baking animation because there are keyframes with different interpolation methods in one channel
15:17:06 | WARNING: Baking animation because there are keyframes with different interpolation methods in one channel
15:17:06 | WARNING: Baking animation because there are keyframes with different interpolation methods in one channel
15:17:06 | WARNING: Baking animation because there are keyframes with different interpolation methods in one channel
15:17:06 | WARNING: Baking animation because there are keyframes with different interpolation methods in one channel
15:17:06 | WARNING: Baking animation because there are keyframes with different interpolation methods in one channel
15:17:06 | WARNING: Baking animation because there are keyframes with different interpolation methods in one channel
15:17:06 | WARNING: Baking animation because there are keyframes with different interpolation methods in one channel
15:17:06 | WARNING: Baking animation because there are keyframes with different interpolation methods in one channel
15:17:06 | WARNING: Baking animation because there are keyframes with different interpolation methods in one channel
15:17:06 | WARNING: Baking animation because there are keyframes with different interpolation methods in one channel
15:17:06 | WARNING: Baking animation because there are keyframes with different interpolation methods in one channel
15:17:06 | WARNING: Baking animation because there are keyframes with different interpolation methods in one channel
15:17:06 | WARNING: Baking animation because there are keyframes with different interpolation methods in one channel
15:17:06 | WARNING: Baking animation because there are keyframes with different interpolation methods in one channel
15:17:06 | WARNING: Baking animation because there are keyframes with different interpolation methods in one channel
15:17:06 | WARNING: Baking animation because there are keyframes with different interpolation methods in one channel
15:17:06 | WARNING: Baking animation because there are keyframes with different interpolation methods in one channel
15:17:06 | WARNING: Baking animation because there are keyframes with different interpolation methods in one channel
15:17:06 | WARNING: Baking animation because there are keyframes with different interpolation methods in one channel
15:17:06 | WARNING: Baking animation because there are keyframes with different interpolation methods in one channel
15:17:06 | WARNING: Baking animation because there are keyframes with different interpolation methods in one channel
15:17:06 | WARNING: Baking animation because there are keyframes with different interpolation methods in one channel
15:17:06 | WARNING: Baking animation because there are keyframes with different interpolation methods in one channel
15:17:06 | WARNING: Baking animation because there are keyframes with different interpolation methods in one channel
15:17:06 | WARNING: Baking animation because there are keyframes with different interpolation methods in one channel
15:17:06 | WARNING: Baking animation because there are keyframes with different interpolation methods in one channel
15:17:06 | WARNING: Baking animation because there are keyframes with different interpolation methods in one channel
15:17:06 | WARNING: Baking animation because there are keyframes with different interpolation methods in one channel
15:17:06 | WARNING: Baking animation because there are keyframes with different interpolation methods in one channel
15:17:06 | WARNING: Baking animation because there are keyframes with different interpolation methods in one channel
15:17:06 | WARNING: Baking animation because there are keyframes with different interpolation methods in one channel
15:17:06 | WARNING: Baking animation because there are keyframes with different interpolation methods in one channel
15:17:06 | WARNING: Baking animation because there are keyframes with different interpolation methods in one channel
15:17:06 | WARNING: Baking animation because there are keyframes with different interpolation methods in one channel
15:17:07 | WARNING: Baking animation because there are keyframes with different interpolation methods in one channel
15:17:07 | WARNING: Baking animation because there are keyframes with different interpolation methods in one channel
15:17:07 | WARNING: Baking animation because there are keyframes with different interpolation methods in one channel
15:17:07 | WARNING: Baking animation because there are keyframes with different interpolation methods in one channel
15:17:07 | WARNING: Baking animation because there are keyframes with different interpolation methods in one channel
15:17:07 | WARNING: Baking animation because there are keyframes with different interpolation methods in one channel
15:17:07 | WARNING: Baking animation because there are keyframes with different interpolation methods in one channel
15:17:07 | WARNING: Baking animation because there are keyframes with different interpolation methods in one channel
15:17:07 | WARNING: Baking animation because there are keyframes with different interpolation methods in one channel
15:17:07 | WARNING: Baking animation because there are keyframes with different interpolation methods in one channel
15:17:07 | WARNING: Baking animation because there are keyframes with different interpolation methods in one channel
15:17:07 | WARNING: Baking animation because there are keyframes with different interpolation methods in one channel
15:17:07 | WARNING: Baking animation because there are keyframes with different interpolation methods in one channel
15:17:07 | WARNING: Baking animation because there are keyframes with different interpolation methods in one channel
15:17:07 | WARNING: Baking animation because there are keyframes with different interpolation methods in one channel
15:17:07 | WARNING: Baking animation because there are keyframes with different interpolation methods in one channel
15:17:07 | WARNING: Baking animation because there are keyframes with different interpolation methods in one channel
15:17:07 | WARNING: Baking animation because there are keyframes with different interpolation methods in one channel
15:17:07 | WARNING: Baking animation because there are keyframes with different interpolation methods in one channel
15:17:07 | WARNING: Baking animation because there are keyframes with different interpolation methods in one channel
15:17:07 | WARNING: Baking animation because there are keyframes with different interpolation methods in one channel
15:17:07 | WARNING: Baking animation because there are keyframes with different interpolation methods in one channel
15:17:07 | WARNING: Baking animation because there are keyframes with different interpolation methods in one channel
15:17:07 | WARNING: Baking animation because there are keyframes with different interpolation methods in one channel
15:17:07 | WARNING: Baking animation because there are keyframes with different interpolation methods in one channel
15:17:07 | WARNING: Baking animation because there are keyframes with different interpolation methods in one channel
15:17:07 | WARNING: Baking animation because there are keyframes with different interpolation methods in one channel
15:17:07 | WARNING: Baking animation because there are keyframes with different interpolation methods in one channel
15:17:07 | WARNING: Baking animation because there are keyframes with different interpolation methods in one channel
15:17:07 | WARNING: Baking animation because there are keyframes with different interpolation methods in one channel
15:17:07 | WARNING: Baking animation because there are keyframes with different interpolation methods in one channel
15:17:07 | WARNING: Baking animation because there are keyframes with different interpolation methods in one channel
15:17:07 | WARNING: Baking animation because there are keyframes with different interpolation methods in one channel
15:17:07 | WARNING: Baking animation because there are keyframes with different interpolation methods in one channel
15:17:07 | WARNING: Baking animation because there are keyframes with different interpolation methods in one channel
15:17:07 | WARNING: Baking animation because there are keyframes with different interpolation methods in one channel
15:17:07 | WARNING: Baking animation because there are keyframes with different interpolation methods in one channel
15:17:07 | WARNING: Baking animation because there are keyframes with different interpolation methods in one channel
15:17:07 | WARNING: Baking animation because there are keyframes with different interpolation methods in one channel
15:17:07 | WARNING: Baking animation because there are keyframes with different interpolation methods in one channel
15:17:07 | WARNING: Baking animation because there are keyframes with different interpolation methods in one channel
15:17:07 | WARNING: Baking animation because there are keyframes with different interpolation methods in one channel
15:17:07 | WARNING: Baking animation because there are keyframes with different interpolation methods in one channel
15:17:07 | WARNING: Baking animation because there are keyframes with different interpolation methods in one channel
15:17:07 | WARNING: Baking animation because there are keyframes with different interpolation methods in one channel
15:17:07 | WARNING: Baking animation because there are keyframes with different interpolation methods in one channel
15:17:07 | WARNING: Baking animation because there are keyframes with different interpolation methods in one channel
15:17:07 | WARNING: Baking animation because there are keyframes with different interpolation methods in one channel
15:17:07 | WARNING: Baking animation because there are keyframes with different interpolation methods in one channel
15:17:07 | WARNING: Baking animation because there are keyframes with different interpolation methods in one channel
15:17:07 | WARNING: Baking animation because there are keyframes with different interpolation methods in one channel
15:17:07 | WARNING: Baking animation because there are keyframes with different interpolation methods in one channel
15:17:07 | WARNING: Baking animation because there are keyframes with different interpolation methods in one channel
15:17:07 | WARNING: Baking animation because there are keyframes with different interpolation methods in one channel
15:17:07 | WARNING: Baking animation because there are keyframes with different interpolation methods in one channel
15:17:07 | WARNING: Baking animation because there are keyframes with different interpolation methods in one channel
15:17:07 | WARNING: Baking animation because there are keyframes with different interpolation methods in one channel
15:17:07 | WARNING: Baking animation because there are keyframes with different interpolation methods in one channel
15:17:07 | WARNING: Baking animation because there are keyframes with different interpolation methods in one channel
15:17:07 | WARNING: Baking animation because there are keyframes with different interpolation methods in one channel
15:17:07 | WARNING: Baking animation because there are keyframes with different interpolation methods in one channel
15:17:07 | WARNING: Baking animation because there are keyframes with different interpolation methods in one channel
15:17:07 | WARNING: Baking animation because there are keyframes with different interpolation methods in one channel
15:17:07 | WARNING: Baking animation because there are keyframes with different interpolation methods in one channel
15:17:07 | WARNING: Baking animation because there are keyframes with different interpolation methods in one channel
15:17:07 | WARNING: Baking animation because there are keyframes with different interpolation methods in one channel
15:17:07 | WARNING: Baking animation because there are keyframes with different interpolation methods in one channel
15:17:07 | WARNING: Baking animation because there are keyframes with different interpolation methods in one channel
15:17:07 | WARNING: Baking animation because there are keyframes with different interpolation methods in one channel
15:17:07 | WARNING: Baking animation because there are keyframes with different interpolation methods in one channel
15:17:07 | WARNING: Baking animation because there are keyframes with different interpolation methods in one channel
15:17:07 | WARNING: Baking animation because there are keyframes with different interpolation methods in one channel
15:17:07 | WARNING: Baking animation because there are keyframes with different interpolation methods in one channel
15:17:07 | WARNING: Baking animation because there are keyframes with different interpolation methods in one channel
15:17:07 | WARNING: Baking animation because there are keyframes with different interpolation methods in one channel
15:17:07 | WARNING: Baking animation because there are keyframes with different interpolation methods in one channel
15:17:07 | WARNING: Baking animation because there are keyframes with different interpolation methods in one channel
15:17:07 | WARNING: Baking animation because there are keyframes with different interpolation methods in one channel
15:17:07 | WARNING: Baking animation because there are keyframes with different interpolation methods in one channel
15:17:07 | WARNING: Baking animation because there are keyframes with different interpolation methods in one channel
15:17:07 | WARNING: Baking animation because there are keyframes with different interpolation methods in one channel
15:17:07 | WARNING: Baking animation because there are keyframes with different interpolation methods in one channel
15:17:07 | WARNING: Baking animation because there are keyframes with different interpolation methods in one channel
15:17:07 | WARNING: Baking animation because there are keyframes with different interpolation methods in one channel
15:17:07 | WARNING: Baking animation because there are keyframes with different interpolation methods in one channel
15:17:07 | WARNING: Baking animation because there are keyframes with different interpolation methods in one channel
15:17:07 | WARNING: Baking animation because there are keyframes with different interpolation methods in one channel
15:17:07 | WARNING: Baking animation because there are keyframes with different interpolation methods in one channel
15:17:07 | WARNING: Baking animation because there are keyframes with different interpolation methods in one channel
15:17:07 | WARNING: Baking animation because there are keyframes with different interpolation methods in one channel
15:17:07 | WARNING: Baking animation because there are keyframes with different interpolation methods in one channel
15:17:07 | WARNING: Baking animation because there are keyframes with different interpolation methods in one channel
15:17:07 | WARNING: Baking animation because there are keyframes with different interpolation methods in one channel
15:17:07 | WARNING: Baking animation because there are keyframes with different interpolation methods in one channel
15:17:07 | WARNING: Baking animation because there are keyframes with different interpolation methods in one channel
15:17:07 | WARNING: Baking animation because there are keyframes with different interpolation methods in one channel
15:17:07 | WARNING: Baking animation because there are keyframes with different interpolation methods in one channel
15:17:07 | WARNING: Baking animation because there are keyframes with different interpolation methods in one channel
15:17:07 | WARNING: Baking animation because there are keyframes with different interpolation methods in one channel
15:17:07 | WARNING: Baking animation because there are keyframes with different interpolation methods in one channel
15:17:07 | WARNING: Baking animation because there are keyframes with different interpolation methods in one channel
15:17:07 | WARNING: Baking animation because there are keyframes with different interpolation methods in one channel
15:17:07 | WARNING: Baking animation because there are keyframes with different interpolation methods in one channel
15:17:07 | WARNING: Baking animation because there are keyframes with different interpolation methods in one channel
15:17:07 | WARNING: Baking animation because there are keyframes with different interpolation methods in one channel
15:17:07 | WARNING: Baking animation because there are keyframes with different interpolation methods in one channel
15:17:08 | WARNING: Baking animation because there are keyframes with different interpolation methods in one channel
15:17:08 | WARNING: Baking animation because there are keyframes with different interpolation methods in one channel
15:17:08 | WARNING: Baking animation because there are keyframes with different interpolation methods in one channel
15:17:08 | WARNING: Baking animation because there are keyframes with different interpolation methods in one channel
15:17:08 | WARNING: Baking animation because there are keyframes with different interpolation methods in one channel
15:17:08 | WARNING: Baking animation because there are keyframes with different interpolation methods in one channel
15:17:08 | WARNING: Baking animation because there are keyframes with different interpolation methods in one channel
15:17:08 | WARNING: Baking animation because there are keyframes with different interpolation methods in one channel
15:17:08 | WARNING: Baking animation because there are keyframes with different interpolation methods in one channel
15:17:08 | WARNING: Baking animation because there are keyframes with different interpolation methods in one channel
15:17:08 | WARNING: Baking animation because there are keyframes with different interpolation methods in one channel
15:17:08 | WARNING: Baking animation because there are keyframes with different interpolation methods in one channel
15:17:08 | WARNING: Baking animation because there are keyframes with different interpolation methods in one channel
15:17:08 | WARNING: Baking animation because there are keyframes with different interpolation methods in one channel
15:17:08 | WARNING: Baking animation because there are keyframes with different interpolation methods in one channel
15:17:08 | WARNING: Baking animation because there are keyframes with different interpolation methods in one channel
15:17:08 | WARNING: Baking animation because there are keyframes with different interpolation methods in one channel
15:17:08 | WARNING: Baking animation because there are keyframes with different interpolation methods in one channel
15:17:08 | WARNING: Baking animation because there are keyframes with different interpolation methods in one channel
15:17:08 | WARNING: Baking animation because there are keyframes with different interpolation methods in one channel
15:17:08 | WARNING: Baking animation because there are keyframes with different interpolation methods in one channel
15:17:08 | WARNING: Baking animation because there are keyframes with different interpolation methods in one channel
15:17:08 | WARNING: Baking animation because there are keyframes with different interpolation methods in one channel
15:17:08 | WARNING: Baking animation because there are keyframes with different interpolation methods in one channel
15:17:08 | WARNING: Baking animation because there are keyframes with different interpolation methods in one channel
15:17:08 | WARNING: Baking animation because there are keyframes with different interpolation methods in one channel
15:17:08 | WARNING: Baking animation because there are keyframes with different interpolation methods in one channel
15:17:08 | WARNING: Baking animation because there are keyframes with different interpolation methods in one channel
15:17:08 | WARNING: Baking animation because there are keyframes with different interpolation methods in one channel
15:17:08 | WARNING: Baking animation because there are keyframes with different interpolation methods in one channel
15:17:08 | WARNING: Baking animation because there are keyframes with different interpolation methods in one channel
15:17:08 | WARNING: Baking animation because there are keyframes with different interpolation methods in one channel
15:17:08 | WARNING: Baking animation because there are keyframes with different interpolation methods in one channel
15:17:08 | WARNING: Baking animation because there are keyframes with different interpolation methods in one channel
15:17:08 | WARNING: Baking animation because there are keyframes with different interpolation methods in one channel
15:17:08 | WARNING: Baking animation because there are keyframes with different interpolation methods in one channel
15:17:08 | WARNING: Baking animation because there are keyframes with different interpolation methods in one channel
15:17:08 | WARNING: Baking animation because there are keyframes with different interpolation methods in one channel
15:17:08 | WARNING: Baking animation because there are keyframes with different interpolation methods in one channel
15:17:08 | WARNING: Baking animation because there are keyframes with different interpolation methods in one channel
15:17:08 | WARNING: Baking animation because there are keyframes with different interpolation methods in one channel
15:17:08 | WARNING: Baking animation because there are keyframes with different interpolation methods in one channel
15:17:08 | WARNING: Baking animation because there are keyframes with different interpolation methods in one channel
15:17:08 | WARNING: Baking animation because there are keyframes with different interpolation methods in one channel
15:17:08 | WARNING: Baking animation because there are keyframes with different interpolation methods in one channel
15:17:08 | WARNING: Baking animation because there are keyframes with different interpolation methods in one channel
15:17:08 | WARNING: Baking animation because there are keyframes with different interpolation methods in one channel
15:17:08 | WARNING: Baking animation because there are keyframes with different interpolation methods in one channel
15:17:08 | WARNING: Baking animation because there are keyframes with different interpolation methods in one channel
15:17:08 | WARNING: Baking animation because there are keyframes with different interpolation methods in one channel
15:17:08 | WARNING: Baking animation because there are keyframes with different interpolation methods in one channel
15:17:08 | WARNING: Baking animation because there are keyframes with different interpolation methods in one channel
15:17:08 | WARNING: Baking animation because there are keyframes with different interpolation methods in one channel
15:17:08 | WARNING: Baking animation because there are keyframes with different interpolation methods in one channel
15:17:08 | WARNING: Baking animation because there are keyframes with different interpolation methods in one channel
15:17:08 | WARNING: Baking animation because there are keyframes with different interpolation methods in one channel
15:17:08 | WARNING: Baking animation because there are keyframes with different interpolation methods in one channel
15:17:08 | WARNING: Baking animation because there are keyframes with different interpolation methods in one channel
15:17:08 | WARNING: Baking animation because there are keyframes with different interpolation methods in one channel
15:17:08 | WARNING: Baking animation because there are keyframes with different interpolation methods in one channel
15:17:08 | WARNING: Baking animation because there are keyframes with different interpolation methods in one channel
15:17:08 | WARNING: Baking animation because there are keyframes with different interpolation methods in one channel
15:17:08 | WARNING: Baking animation because there are keyframes with different interpolation methods in one channel
15:17:08 | WARNING: Baking animation because there are keyframes with different interpolation methods in one channel
15:17:08 | WARNING: Baking animation because there are keyframes with different interpolation methods in one channel
15:17:08 | WARNING: Baking animation because there are keyframes with different interpolation methods in one channel
15:17:08 | WARNING: Baking animation because there are keyframes with different interpolation methods in one channel
15:17:08 | WARNING: Baking animation because there are keyframes with different interpolation methods in one channel
15:17:08 | WARNING: Baking animation because there are keyframes with different interpolation methods in one channel
15:17:08 | WARNING: Baking animation because there are keyframes with different interpolation methods in one channel
15:17:08 | WARNING: Baking animation because there are keyframes with different interpolation methods in one channel
15:17:08 | WARNING: Baking animation because there are keyframes with different interpolation methods in one channel
15:17:08 | WARNING: Baking animation because there are keyframes with different interpolation methods in one channel
15:17:08 | WARNING: Baking animation because there are keyframes with different interpolation methods in one channel
15:17:08 | WARNING: Baking animation because there are keyframes with different interpolation methods in one channel
15:17:08 | WARNING: Baking animation because there are keyframes with different interpolation methods in one channel
15:17:08 | WARNING: Baking animation because there are keyframes with different interpolation methods in one channel
15:17:08 | WARNING: Baking animation because there are keyframes with different interpolation methods in one channel
15:17:08 | WARNING: Baking animation because there are keyframes with different interpolation methods in one channel
15:17:08 | WARNING: Baking animation because there are keyframes with different interpolation methods in one channel
15:17:08 | WARNING: Baking animation because there are keyframes with different interpolation methods in one channel
15:17:08 | WARNING: Baking animation because there are keyframes with different interpolation methods in one channel
15:17:08 | WARNING: Baking animation because there are keyframes with different interpolation methods in one channel
15:17:08 | WARNING: Baking animation because there are keyframes with different interpolation methods in one channel
15:17:08 | WARNING: Baking animation because there are keyframes with different interpolation methods in one channel
15:17:08 | WARNING: Baking animation because there are keyframes with different interpolation methods in one channel
15:17:08 | WARNING: Baking animation because there are keyframes with different interpolation methods in one channel
15:17:08 | WARNING: Baking animation because there are keyframes with different interpolation methods in one channel
15:17:08 | WARNING: Baking animation because there are keyframes with different interpolation methods in one channel
15:17:08 | WARNING: Baking animation because there are keyframes with different interpolation methods in one channel
15:17:08 | WARNING: Baking animation because there are keyframes with different interpolation methods in one channel
15:17:08 | WARNING: Baking animation because there are keyframes with different interpolation methods in one channel
15:17:08 | WARNING: Baking animation because there are keyframes with different interpolation methods in one channel
15:17:08 | WARNING: Baking animation because there are keyframes with different interpolation methods in one channel
15:17:08 | WARNING: Baking animation because there are keyframes with different interpolation methods in one channel
15:17:08 | WARNING: Baking animation because there are keyframes with different interpolation methods in one channel
15:17:08 | WARNING: Baking animation because there are keyframes with different interpolation methods in one channel
15:17:08 | WARNING: Baking animation because there are keyframes with different interpolation methods in one channel
15:17:08 | WARNING: Baking animation because there are keyframes with different interpolation methods in one channel
15:17:08 | WARNING: Baking animation because there are keyframes with different interpolation methods in one channel
15:17:08 | WARNING: Baking animation because there are keyframes with different interpolation methods in one channel
15:17:08 | WARNING: Baking animation because there are keyframes with different interpolation methods in one channel
15:17:08 | WARNING: Baking animation because there are keyframes with different interpolation methods in one channel
15:17:08 | WARNING: Baking animation because there are keyframes with different interpolation methods in one channel
15:17:08 | WARNING: Baking animation because there are keyframes with different interpolation methods in one channel
15:17:08 | WARNING: Baking animation because there are keyframes with different interpolation methods in one channel
15:17:10 | WARNING: Baking animation because there are keyframes with different interpolation methods in one channel
15:17:10 | WARNING: Baking animation because there are keyframes with different interpolation methods in one channel
15:17:10 | WARNING: Baking animation because there are keyframes with different interpolation methods in one channel
15:17:10 | WARNING: Baking animation because there are keyframes with different interpolation methods in one channel
15:17:10 | WARNING: Baking animation because there are keyframes with different interpolation methods in one channel
15:17:10 | WARNING: Baking animation because there are keyframes with different interpolation methods in one channel
15:17:10 | WARNING: Baking animation because there are keyframes with different interpolation methods in one channel
15:17:10 | WARNING: Baking animation because there are keyframes with different interpolation methods in one channel
15:17:10 | WARNING: Baking animation because there are keyframes with different interpolation methods in one channel
15:17:10 | WARNING: Baking animation because there are keyframes with different interpolation methods in one channel
15:17:10 | WARNING: Baking animation because there are keyframes with different interpolation methods in one channel
15:17:10 | WARNING: Baking animation because there are keyframes with different interpolation methods in one channel
15:17:10 | WARNING: Baking animation because there are keyframes with different interpolation methods in one channel
15:17:10 | WARNING: Baking animation because there are keyframes with different interpolation methods in one channel
15:17:10 | WARNING: Baking animation because there are keyframes with different interpolation methods in one channel
15:17:10 | WARNING: Baking animation because there are keyframes with different interpolation methods in one channel
15:17:10 | WARNING: Baking animation because there are keyframes with different interpolation methods in one channel
15:17:10 | WARNING: Baking animation because there are keyframes with different interpolation methods in one channel
15:17:10 | WARNING: Baking animation because there are keyframes with different interpolation methods in one channel
15:17:10 | WARNING: Baking animation because there are keyframes with different interpolation methods in one channel
15:17:10 | WARNING: Baking animation because there are keyframes with different interpolation methods in one channel
15:17:10 | WARNING: Baking animation because there are keyframes with different interpolation methods in one channel
15:17:10 | WARNING: Baking animation because there are keyframes with different interpolation methods in one channel
15:17:10 | WARNING: Baking animation because there are keyframes with different interpolation methods in one channel
15:17:10 | WARNING: Baking animation because there are keyframes with different interpolation methods in one channel
15:17:10 | WARNING: Baking animation because there are keyframes with different interpolation methods in one channel
15:17:10 | WARNING: Baking animation because there are keyframes with different interpolation methods in one channel
15:17:10 | WARNING: Baking animation because there are keyframes with different interpolation methods in one channel
15:17:10 | WARNING: Baking animation because there are keyframes with different interpolation methods in one channel
15:17:10 | WARNING: Baking animation because there are keyframes with different interpolation methods in one channel
15:17:10 | WARNING: Baking animation because there are keyframes with different interpolation methods in one channel
15:17:10 | WARNING: Baking animation because there are keyframes with different interpolation methods in one channel
15:17:10 | WARNING: Baking animation because there are keyframes with different interpolation methods in one channel
15:17:10 | WARNING: Baking animation because there are keyframes with different interpolation methods in one channel
15:17:10 | WARNING: Baking animation because there are keyframes with different interpolation methods in one channel
15:17:10 | WARNING: Baking animation because there are keyframes with different interpolation methods in one channel
15:17:10 | WARNING: Baking animation because there are keyframes with different interpolation methods in one channel
15:17:10 | WARNING: Baking animation because there are keyframes with different interpolation methods in one channel
15:17:10 | WARNING: Baking animation because there are keyframes with different interpolation methods in one channel
15:17:10 | WARNING: Baking animation because there are keyframes with different interpolation methods in one channel
15:17:10 | WARNING: Baking animation because there are keyframes with different interpolation methods in one channel
15:17:10 | WARNING: Baking animation because there are keyframes with different interpolation methods in one channel
15:17:10 | WARNING: Baking animation because there are keyframes with different interpolation methods in one channel
15:17:10 | WARNING: Baking animation because there are keyframes with different interpolation methods in one channel
15:17:10 | WARNING: Baking animation because there are keyframes with different interpolation methods in one channel
15:17:10 | WARNING: Baking animation because there are keyframes with different interpolation methods in one channel
15:17:10 | WARNING: Baking animation because there are keyframes with different interpolation methods in one channel
15:17:10 | WARNING: Baking animation because there are keyframes with different interpolation methods in one channel
15:17:10 | WARNING: Baking animation because there are keyframes with different interpolation methods in one channel
15:17:10 | WARNING: Baking animation because there are keyframes with different interpolation methods in one channel
15:17:10 | WARNING: Baking animation because there are keyframes with different interpolation methods in one channel
15:17:10 | WARNING: Baking animation because there are keyframes with different interpolation methods in one channel
15:17:10 | WARNING: Baking animation because there are keyframes with different interpolation methods in one channel
15:17:10 | WARNING: Baking animation because there are keyframes with different interpolation methods in one channel
15:17:10 | WARNING: Baking animation because there are keyframes with different interpolation methods in one channel
15:17:10 | WARNING: Baking animation because there are keyframes with different interpolation methods in one channel
15:17:10 | WARNING: Baking animation because there are keyframes with different interpolation methods in one channel
15:17:10 | WARNING: Baking animation because there are keyframes with different interpolation methods in one channel
15:17:10 | WARNING: Baking animation because there are keyframes with different interpolation methods in one channel
15:17:10 | WARNING: Baking animation because there are keyframes with different interpolation methods in one channel
15:17:10 | WARNING: Baking animation because there are keyframes with different interpolation methods in one channel
15:17:10 | WARNING: Baking animation because there are keyframes with different interpolation methods in one channel
15:17:10 | WARNING: Baking animation because there are keyframes with different interpolation methods in one channel
15:17:10 | WARNING: Baking animation because there are keyframes with different interpolation methods in one channel
15:17:10 | WARNING: Baking animation because there are keyframes with different interpolation methods in one channel
15:17:10 | WARNING: Baking animation because there are keyframes with different interpolation methods in one channel
15:17:10 | WARNING: Baking animation because there are keyframes with different interpolation methods in one channel
15:17:10 | WARNING: Baking animation because there are keyframes with different interpolation methods in one channel
15:17:10 | WARNING: Baking animation because there are keyframes with different interpolation methods in one channel
15:17:10 | WARNING: Baking animation because there are keyframes with different interpolation methods in one channel
15:17:10 | WARNING: Baking animation because there are keyframes with different interpolation methods in one channel
15:17:10 | WARNING: Baking animation because there are keyframes with different interpolation methods in one channel
15:17:10 | WARNING: Baking animation because there are keyframes with different interpolation methods in one channel
15:17:10 | WARNING: Baking animation because there are keyframes with different interpolation methods in one channel
15:17:10 | WARNING: Baking animation because there are keyframes with different interpolation methods in one channel
15:17:10 | WARNING: Baking animation because there are keyframes with different interpolation methods in one channel
15:17:10 | WARNING: Baking animation because there are keyframes with different interpolation methods in one channel
15:17:10 | WARNING: Baking animation because there are keyframes with different interpolation methods in one channel
15:17:10 | WARNING: Baking animation because there are keyframes with different interpolation methods in one channel
15:17:10 | WARNING: Baking animation because there are keyframes with different interpolation methods in one channel
15:17:10 | WARNING: Baking animation because there are keyframes with different interpolation methods in one channel
15:17:10 | WARNING: Baking animation because there are keyframes with different interpolation methods in one channel
15:17:10 | WARNING: Baking animation because there are keyframes with different interpolation methods in one channel
15:17:10 | WARNING: Baking animation because there are keyframes with different interpolation methods in one channel
15:17:10 | WARNING: Baking animation because there are keyframes with different interpolation methods in one channel
15:17:10 | WARNING: Baking animation because there are keyframes with different interpolation methods in one channel
15:17:10 | WARNING: Baking animation because there are keyframes with different interpolation methods in one channel
15:17:10 | WARNING: Baking animation because there are keyframes with different interpolation methods in one channel
15:17:10 | WARNING: Baking animation because there are keyframes with different interpolation methods in one channel
15:17:10 | WARNING: Baking animation because there are keyframes with different interpolation methods in one channel
15:17:10 | WARNING: Baking animation because there are keyframes with different interpolation methods in one channel
15:17:10 | WARNING: Baking animation because there are keyframes with different interpolation methods in one channel
15:17:10 | WARNING: Baking animation because there are keyframes with different interpolation methods in one channel
15:17:10 | WARNING: Baking animation because there are keyframes with different interpolation methods in one channel
15:17:10 | WARNING: Baking animation because there are keyframes with different interpolation methods in one channel
15:17:10 | WARNING: Baking animation because there are keyframes with different interpolation methods in one channel
15:17:10 | WARNING: Baking animation because there are keyframes with different interpolation methods in one channel
15:17:10 | WARNING: Baking animation because there are keyframes with different interpolation methods in one channel
15:17:10 | WARNING: Baking animation because there are keyframes with different interpolation methods in one channel
15:17:10 | WARNING: Baking animation because there are keyframes with different interpolation methods in one channel
15:17:10 | WARNING: Baking animation because there are keyframes with different interpolation methods in one channel
15:17:10 | WARNING: Baking animation because there are keyframes with different interpolation methods in one channel
15:17:10 | WARNING: Baking animation because there are keyframes with different interpolation methods in one channel
15:17:10 | WARNING: Baking animation because there are keyframes with different interpolation methods in one channel
15:17:10 | WARNING: Baking animation because there are keyframes with different interpolation methods in one channel
15:17:10 | WARNING: Baking animation because there are keyframes with different interpolation methods in one channel
15:17:11 | WARNING: Baking animation because there are keyframes with different interpolation methods in one channel
15:17:11 | WARNING: Baking animation because there are keyframes with different interpolation methods in one channel
15:17:11 | WARNING: Baking animation because there are keyframes with different interpolation methods in one channel
15:17:11 | WARNING: Baking animation because there are keyframes with different interpolation methods in one channel
15:17:11 | WARNING: Baking animation because there are keyframes with different interpolation methods in one channel
15:17:11 | WARNING: Baking animation because there are keyframes with different interpolation methods in one channel
15:17:11 | WARNING: Baking animation because there are keyframes with different interpolation methods in one channel
15:17:11 | WARNING: Baking animation because there are keyframes with different interpolation methods in one channel
15:17:11 | WARNING: Baking animation because there are keyframes with different interpolation methods in one channel
15:17:11 | WARNING: Baking animation because there are keyframes with different interpolation methods in one channel
15:17:11 | WARNING: Baking animation because there are keyframes with different interpolation methods in one channel
15:17:11 | WARNING: Baking animation because there are keyframes with different interpolation methods in one channel
15:17:11 | WARNING: Baking animation because there are keyframes with different interpolation methods in one channel
15:17:11 | WARNING: Baking animation because there are keyframes with different interpolation methods in one channel
15:17:11 | WARNING: Baking animation because there are keyframes with different interpolation methods in one channel
15:17:11 | WARNING: Baking animation because there are keyframes with different interpolation methods in one channel
15:17:11 | WARNING: Baking animation because there are keyframes with different interpolation methods in one channel
15:17:11 | WARNING: Baking animation because there are keyframes with different interpolation methods in one channel
15:17:11 | WARNING: Baking animation because there are keyframes with different interpolation methods in one channel
15:17:11 | WARNING: Baking animation because there are keyframes with different interpolation methods in one channel
15:17:11 | WARNING: Baking animation because there are keyframes with different interpolation methods in one channel
15:17:11 | WARNING: Baking animation because there are keyframes with different interpolation methods in one channel
15:17:11 | WARNING: Baking animation because there are keyframes with different interpolation methods in one channel
15:17:11 | WARNING: Baking animation because there are keyframes with different interpolation methods in one channel
15:17:11 | WARNING: Baking animation because there are keyframes with different interpolation methods in one channel
15:17:11 | WARNING: Baking animation because there are keyframes with different interpolation methods in one channel
15:17:11 | WARNING: Baking animation because there are keyframes with different interpolation methods in one channel
15:17:11 | WARNING: Baking animation because there are keyframes with different interpolation methods in one channel
15:17:11 | WARNING: Baking animation because there are keyframes with different interpolation methods in one channel
15:17:11 | WARNING: Baking animation because there are keyframes with different interpolation methods in one channel
15:17:11 | WARNING: Baking animation because there are keyframes with different interpolation methods in one channel
15:17:11 | WARNING: Baking animation because there are keyframes with different interpolation methods in one channel
15:17:11 | WARNING: Baking animation because there are keyframes with different interpolation methods in one channel
15:17:11 | WARNING: Baking animation because there are keyframes with different interpolation methods in one channel
15:17:11 | WARNING: Baking animation because there are keyframes with different interpolation methods in one channel
15:17:11 | WARNING: Baking animation because there are keyframes with different interpolation methods in one channel
15:17:11 | WARNING: Baking animation because there are keyframes with different interpolation methods in one channel
15:17:11 | WARNING: Baking animation because there are keyframes with different interpolation methods in one channel
15:17:11 | WARNING: Baking animation because there are keyframes with different interpolation methods in one channel
15:17:11 | WARNING: Baking animation because there are keyframes with different interpolation methods in one channel
15:17:11 | WARNING: Baking animation because there are keyframes with different interpolation methods in one channel
15:17:11 | WARNING: Baking animation because there are keyframes with different interpolation methods in one channel
15:17:11 | WARNING: Baking animation because there are keyframes with different interpolation methods in one channel
15:17:11 | WARNING: Baking animation because there are keyframes with different interpolation methods in one channel
15:17:11 | WARNING: Baking animation because there are keyframes with different interpolation methods in one channel
15:17:11 | WARNING: Baking animation because there are keyframes with different interpolation methods in one channel
15:17:11 | WARNING: Baking animation because there are keyframes with different interpolation methods in one channel
15:17:11 | WARNING: Baking animation because there are keyframes with different interpolation methods in one channel
15:17:11 | WARNING: Baking animation because there are keyframes with different interpolation methods in one channel
15:17:11 | WARNING: Baking animation because there are keyframes with different interpolation methods in one channel
15:17:11 | WARNING: Baking animation because there are keyframes with different interpolation methods in one channel
15:17:11 | WARNING: Baking animation because there are keyframes with different interpolation methods in one channel
15:17:11 | WARNING: Baking animation because there are keyframes with different interpolation methods in one channel
15:17:20 | WARNING: Baking animation because there are keyframes with different interpolation methods in one channel
15:17:20 | WARNING: Baking animation because there are keyframes with different interpolation methods in one channel
15:17:20 | WARNING: Baking animation because there are keyframes with different interpolation methods in one channel
15:17:20 | WARNING: Baking animation because there are keyframes with different interpolation methods in one channel
15:17:20 | WARNING: Baking animation because there are keyframes with different interpolation methods in one channel
15:17:20 | WARNING: Baking animation because there are keyframes with different interpolation methods in one channel
15:17:20 | WARNING: Baking animation because there are keyframes with different interpolation methods in one channel
15:17:20 | WARNING: Baking animation because there are keyframes with different interpolation methods in one channel
15:17:20 | WARNING: Baking animation because there are keyframes with different interpolation methods in one channel
15:17:20 | WARNING: Baking animation because there are keyframes with different interpolation methods in one channel
15:17:20 | WARNING: Baking animation because there are keyframes with different interpolation methods in one channel
15:17:20 | WARNING: Baking animation because there are keyframes with different interpolation methods in one channel
15:17:20 | WARNING: Baking animation because there are keyframes with different interpolation methods in one channel
15:17:20 | WARNING: Baking animation because there are keyframes with different interpolation methods in one channel
15:17:20 | WARNING: Baking animation because there are keyframes with different interpolation methods in one channel
15:17:20 | WARNING: Baking animation because there are keyframes with different interpolation methods in one channel
15:17:20 | WARNING: Baking animation because there are keyframes with different interpolation methods in one channel
15:17:20 | WARNING: Baking animation because there are keyframes with different interpolation methods in one channel
15:17:20 | WARNING: Baking animation because there are keyframes with different interpolation methods in one channel
15:17:20 | WARNING: Baking animation because there are keyframes with different interpolation methods in one channel
15:17:20 | WARNING: Baking animation because there are keyframes with different interpolation methods in one channel
15:17:20 | WARNING: Baking animation because there are keyframes with different interpolation methods in one channel
15:17:20 | WARNING: Baking animation because there are keyframes with different interpolation methods in one channel
15:17:20 | WARNING: Baking animation because there are keyframes with different interpolation methods in one channel
15:17:20 | WARNING: Baking animation because there are keyframes with different interpolation methods in one channel
15:17:20 | WARNING: Baking animation because there are keyframes with different interpolation methods in one channel
15:17:20 | WARNING: Baking animation because there are keyframes with different interpolation methods in one channel
15:17:20 | WARNING: Baking animation because there are keyframes with different interpolation methods in one channel
15:17:20 | WARNING: Baking animation because there are keyframes with different interpolation methods in one channel
15:17:20 | WARNING: Baking animation because there are keyframes with different interpolation methods in one channel
15:17:20 | WARNING: Baking animation because there are keyframes with different interpolation methods in one channel
15:17:20 | WARNING: Baking animation because there are keyframes with different interpolation methods in one channel
15:17:20 | WARNING: Baking animation because there are keyframes with different interpolation methods in one channel
15:17:20 | WARNING: Baking animation because there are keyframes with different interpolation methods in one channel
15:17:20 | WARNING: Baking animation because there are keyframes with different interpolation methods in one channel
15:17:20 | WARNING: Baking animation because there are keyframes with different interpolation methods in one channel
15:17:20 | WARNING: Baking animation because there are keyframes with different interpolation methods in one channel
15:17:20 | WARNING: Baking animation because there are keyframes with different interpolation methods in one channel
15:17:20 | WARNING: Baking animation because there are keyframes with different interpolation methods in one channel
15:17:20 | WARNING: Baking animation because there are keyframes with different interpolation methods in one channel
15:17:20 | WARNING: Baking animation because there are keyframes with different interpolation methods in one channel
15:17:20 | WARNING: Baking animation because there are keyframes with different interpolation methods in one channel
15:17:20 | WARNING: Baking animation because there are keyframes with different interpolation methods in one channel
15:17:20 | WARNING: Baking animation because there are keyframes with different interpolation methods in one channel
15:17:20 | WARNING: Baking animation because there are keyframes with different interpolation methods in one channel
15:17:20 | WARNING: Baking animation because there are keyframes with different interpolation methods in one channel
15:17:20 | WARNING: Baking animation because there are keyframes with different interpolation methods in one channel
15:17:20 | WARNING: Baking animation because there are keyframes with different interpolation methods in one channel
15:17:20 | WARNING: Baking animation because there are keyframes with different interpolation methods in one channel
15:17:20 | WARNING: Baking animation because there are keyframes with different interpolation methods in one channel
15:17:20 | WARNING: Baking animation because there are keyframes with different interpolation methods in one channel
15:17:20 | WARNING: Baking animation because there are keyframes with different interpolation methods in one channel
15:17:20 | WARNING: Baking animation because there are keyframes with different interpolation methods in one channel
15:17:22 | WARNING: Baking animation because there are keyframes with different interpolation methods in one channel
15:17:22 | WARNING: Baking animation because there are keyframes with different interpolation methods in one channel
15:17:22 | WARNING: Baking animation because there are keyframes with different interpolation methods in one channel
15:17:22 | WARNING: Baking animation because there are keyframes with different interpolation methods in one channel
15:17:22 | WARNING: Baking animation because there are keyframes with different interpolation methods in one channel
15:17:22 | WARNING: Baking animation because there are keyframes with different interpolation methods in one channel
15:17:22 | WARNING: Baking animation because there are keyframes with different interpolation methods in one channel
15:17:22 | WARNING: Baking animation because there are keyframes with different interpolation methods in one channel
15:17:22 | WARNING: Baking animation because there are keyframes with different interpolation methods in one channel
15:17:22 | WARNING: Baking animation because there are keyframes with different interpolation methods in one channel
15:17:22 | WARNING: Baking animation because there are keyframes with different interpolation methods in one channel
15:17:22 | WARNING: Baking animation because there are keyframes with different interpolation methods in one channel
15:17:22 | WARNING: Baking animation because there are keyframes with different interpolation methods in one channel
15:17:22 | WARNING: Baking animation because there are keyframes with different interpolation methods in one channel
15:17:22 | WARNING: Baking animation because there are keyframes with different interpolation methods in one channel
15:17:22 | WARNING: Baking animation because there are keyframes with different interpolation methods in one channel
15:17:22 | WARNING: Baking animation because there are keyframes with different interpolation methods in one channel
15:17:22 | WARNING: Baking animation because there are keyframes with different interpolation methods in one channel
15:17:22 | WARNING: Baking animation because there are keyframes with different interpolation methods in one channel
15:17:22 | WARNING: Baking animation because there are keyframes with different interpolation methods in one channel
15:17:22 | WARNING: Baking animation because there are keyframes with different interpolation methods in one channel
15:17:22 | WARNING: Baking animation because there are keyframes with different interpolation methods in one channel
15:17:22 | WARNING: Baking animation because there are keyframes with different interpolation methods in one channel
15:17:22 | WARNING: Baking animation because there are keyframes with different interpolation methods in one channel
15:17:22 | WARNING: Baking animation because there are keyframes with different interpolation methods in one channel
15:17:22 | WARNING: Baking animation because there are keyframes with different interpolation methods in one channel
15:17:22 | WARNING: Baking animation because there are keyframes with different interpolation methods in one channel
15:17:22 | WARNING: Baking animation because there are keyframes with different interpolation methods in one channel
15:17:22 | WARNING: Baking animation because there are keyframes with different interpolation methods in one channel
15:17:22 | WARNING: Baking animation because there are keyframes with different interpolation methods in one channel
15:17:22 | WARNING: Baking animation because there are keyframes with different interpolation methods in one channel
15:17:22 | WARNING: Baking animation because there are keyframes with different interpolation methods in one channel
15:17:22 | WARNING: Baking animation because there are keyframes with different interpolation methods in one channel
15:17:22 | WARNING: Baking animation because there are keyframes with different interpolation methods in one channel
15:17:22 | WARNING: Baking animation because there are keyframes with different interpolation methods in one channel
15:17:22 | WARNING: Baking animation because there are keyframes with different interpolation methods in one channel
15:17:22 | WARNING: Baking animation because there are keyframes with different interpolation methods in one channel
15:17:22 | WARNING: Baking animation because there are keyframes with different interpolation methods in one channel
15:17:22 | WARNING: Baking animation because there are keyframes with different interpolation methods in one channel
15:17:22 | WARNING: Baking animation because there are keyframes with different interpolation methods in one channel
15:17:22 | WARNING: Baking animation because there are keyframes with different interpolation methods in one channel
15:17:22 | WARNING: Baking animation because there are keyframes with different interpolation methods in one channel
15:17:22 | WARNING: Baking animation because there are keyframes with different interpolation methods in one channel
15:17:22 | WARNING: Baking animation because there are keyframes with different interpolation methods in one channel
15:17:22 | WARNING: Baking animation because there are keyframes with different interpolation methods in one channel
15:17:22 | WARNING: Baking animation because there are keyframes with different interpolation methods in one channel
15:17:22 | WARNING: Baking animation because there are keyframes with different interpolation methods in one channel
15:17:22 | WARNING: Baking animation because there are keyframes with different interpolation methods in one channel
15:17:22 | WARNING: Baking animation because there are keyframes with different interpolation methods in one channel
15:17:22 | WARNING: Baking animation because there are keyframes with different interpolation methods in one channel
15:17:22 | WARNING: Baking animation because there are keyframes with different interpolation methods in one channel
15:17:22 | WARNING: Baking animation because there are keyframes with different interpolation methods in one channel
15:17:22 | WARNING: Baking animation because there are keyframes with different interpolation methods in one channel
15:17:27 | INFO: Finished glTF 2.0 export in 52.96353793144226 s

C10_DONE failed=['world_step_ok']
C10_DONE non_ok_bools=['no_teleport']
Blender 4.5.0 (hash 8cb6b388974a built 2025-07-15 01:36:24)
Read blend: "I:\工作项目\BIGMANFIGHT\角色资产\美术资产\bigman_v001\bigman_anim_v001.blend"

Blender quit
Error: Not freed memory blocks: 7796, total unfreed memory 0.814014 MB
