Blender 4.5.0 (hash 8cb6b388974a built 2025-07-15 01:36:24)
Read blend: "I:\工作项目\BIGMANFIGHT\角色资产\美术资产\bigman_v001\bigman_anim_v001.blend"
Fra:0 Mem:103.27M (Peak 106.46M) | Time:00:01.23 | Rendering 1 / 64 samples
Fra:0 Mem:103.27M (Peak 106.46M) | Time:00:01.28 | Rendering 25 / 64 samples
Fra:0 Mem:103.27M (Peak 106.46M) | Time:00:01.32 | Rendering 50 / 64 samples
Fra:0 Mem:103.27M (Peak 106.46M) | Time:00:01.35 | Rendering 64 / 64 samples
Fra:0 Mem:71.22M (Peak 116.36M) | Time:00:01.39 | Compositing
Saved: 'I:\工作项目\BIGMANFIGHT\角色资产\美术资产\bigman_v001\previews\anim\ultend_side_f0000.png'
Time: 00:01.68 (Saving: 00:00.23)

Fra:0 Mem:105.33M (Peak 108.49M) | Time:00:00.26 | Rendering 1 / 64 samples
Fra:0 Mem:105.33M (Peak 108.49M) | Time:00:00.30 | Rendering 25 / 64 samples
Fra:0 Mem:105.33M (Peak 108.49M) | Time:00:00.35 | Rendering 50 / 64 samples
Fra:0 Mem:105.33M (Peak 108.49M) | Time:00:00.37 | Rendering 64 / 64 samples
Fra:0 Mem:73.29M (Peak 118.43M) | Time:00:00.40 | Compositing
Saved: 'I:\工作项目\BIGMANFIGHT\角色资产\美术资产\bigman_v001\previews\anim\ultend_front_f0000.png'
Time: 00:00.46 (Saving: 00:00.04)

Fra:0 Mem:105.34M (Peak 108.50M) | Time:00:00.25 | Rendering 1 / 64 samples
Fra:0 Mem:105.34M (Peak 108.50M) | Time:00:00.29 | Rendering 25 / 64 samples
Fra:0 Mem:105.34M (Peak 108.50M) | Time:00:00.33 | Rendering 50 / 64 samples
Fra:0 Mem:105.34M (Peak 108.50M) | Time:00:00.35 | Rendering 64 / 64 samples
Fra:0 Mem:73.29M (Peak 118.43M) | Time:00:00.38 | Compositing
Saved: 'I:\工作项目\BIGMANFIGHT\角色资产\美术资产\bigman_v001\previews\anim\ultend_three_quarter_f0000.png'
Time: 00:00.43 (Saving: 00:00.04)

Fra:3 Mem:105.34M (Peak 108.50M) | Time:00:00.22 | Rendering 1 / 64 samples
Fra:3 Mem:105.34M (Peak 108.50M) | Time:00:00.25 | Rendering 25 / 64 samples
Fra:3 Mem:105.34M (Peak 108.50M) | Time:00:00.30 | Rendering 50 / 64 samples
Fra:3 Mem:105.34M (Peak 108.50M) | Time:00:00.32 | Rendering 64 / 64 samples
Fra:3 Mem:73.29M (Peak 118.43M) | Time:00:00.34 | Compositing
Saved: 'I:\工作项目\BIGMANFIGHT\角色资产\美术资产\bigman_v001\previews\anim\ultend_side_f0003.png'
Time: 00:00.38 (Saving: 00:00.03)

Fra:3 Mem:105.34M (Peak 108.50M) | Time:00:00.24 | Rendering 1 / 64 samples
Fra:3 Mem:105.34M (Peak 108.50M) | Time:00:00.28 | Rendering 25 / 64 samples
Fra:3 Mem:105.34M (Peak 108.50M) | Time:00:00.32 | Rendering 50 / 64 samples
Fra:3 Mem:105.34M (Peak 108.50M) | Time:00:00.34 | Rendering 64 / 64 samples
Fra:3 Mem:73.29M (Peak 118.43M) | Time:00:00.37 | Compositing
Saved: 'I:\工作项目\BIGMANFIGHT\角色资产\美术资产\bigman_v001\previews\anim\ultend_front_f0003.png'
Time: 00:00.42 (Saving: 00:00.04)

Fra:3 Mem:105.34M (Peak 108.50M) | Time:00:00.24 | Rendering 1 / 64 samples
Fra:3 Mem:105.34M (Peak 108.50M) | Time:00:00.28 | Rendering 25 / 64 samples
Fra:3 Mem:105.34M (Peak 108.50M) | Time:00:00.32 | Rendering 50 / 64 samples
Fra:3 Mem:105.34M (Peak 108.50M) | Time:00:00.34 | Rendering 64 / 64 samples
Fra:3 Mem:73.29M (Peak 118.43M) | Time:00:00.36 | Compositing
Saved: 'I:\工作项目\BIGMANFIGHT\角色资产\美术资产\bigman_v001\previews\anim\ultend_three_quarter_f0003.png'
Time: 00:00.40 (Saving: 00:00.03)

Fra:10 Mem:105.34M (Peak 108.50M) | Time:00:00.24 | Rendering 1 / 64 samples
Fra:10 Mem:105.34M (Peak 108.50M) | Time:00:00.28 | Rendering 25 / 64 samples
Fra:10 Mem:105.34M (Peak 108.50M) | Time:00:00.32 | Rendering 50 / 64 samples
Fra:10 Mem:105.34M (Peak 108.50M) | Time:00:00.35 | Rendering 64 / 64 samples
Fra:10 Mem:73.29M (Peak 118.43M) | Time:00:00.37 | Compositing
Saved: 'I:\工作项目\BIGMANFIGHT\角色资产\美术资产\bigman_v001\previews\anim\ultend_side_f0010.png'
Time: 00:00.41 (Saving: 00:00.03)

Fra:10 Mem:105.34M (Peak 108.50M) | Time:00:00.23 | Rendering 1 / 64 samples
Fra:10 Mem:105.34M (Peak 108.50M) | Time:00:00.27 | Rendering 25 / 64 samples
Fra:10 Mem:105.34M (Peak 108.50M) | Time:00:00.31 | Rendering 50 / 64 samples
Fra:10 Mem:105.34M (Peak 108.50M) | Time:00:00.33 | Rendering 64 / 64 samples
Fra:10 Mem:73.29M (Peak 118.43M) | Time:00:00.35 | Compositing
Saved: 'I:\工作项目\BIGMANFIGHT\角色资产\美术资产\bigman_v001\previews\anim\ultend_front_f0010.png'
Time: 00:00.39 (Saving: 00:00.03)

Fra:10 Mem:105.34M (Peak 108.50M) | Time:00:00.19 | Rendering 1 / 64 samples
Fra:10 Mem:105.34M (Peak 108.50M) | Time:00:00.23 | Rendering 25 / 64 samples
Fra:10 Mem:105.34M (Peak 108.50M) | Time:00:00.27 | Rendering 50 / 64 samples
Fra:10 Mem:105.34M (Peak 108.50M) | Time:00:00.29 | Rendering 64 / 64 samples
Fra:10 Mem:73.29M (Peak 118.43M) | Time:00:00.31 | Compositing
Saved: 'I:\工作项目\BIGMANFIGHT\角色资产\美术资产\bigman_v001\previews\anim\ultend_three_quarter_f0010.png'
Time: 00:00.35 (Saving: 00:00.03)

Fra:12 Mem:105.34M (Peak 108.50M) | Time:00:00.18 | Rendering 1 / 64 samples
Fra:12 Mem:105.34M (Peak 108.50M) | Time:00:00.22 | Rendering 25 / 64 samples
Fra:12 Mem:105.34M (Peak 108.50M) | Time:00:00.26 | Rendering 50 / 64 samples
Fra:12 Mem:105.34M (Peak 108.50M) | Time:00:00.28 | Rendering 64 / 64 samples
Fra:12 Mem:73.29M (Peak 118.43M) | Time:00:00.31 | Compositing
Saved: 'I:\工作项目\BIGMANFIGHT\角色资产\美术资产\bigman_v001\previews\anim\ultend_side_f0012.png'
Time: 00:00.36 (Saving: 00:00.04)

Fra:12 Mem:105.34M (Peak 108.50M) | Time:00:00.24 | Rendering 1 / 64 samples
Fra:12 Mem:105.34M (Peak 108.50M) | Time:00:00.28 | Rendering 25 / 64 samples
Fra:12 Mem:105.34M (Peak 108.50M) | Time:00:00.31 | Rendering 50 / 64 samples
Fra:12 Mem:105.34M (Peak 108.50M) | Time:00:00.34 | Rendering 64 / 64 samples
Fra:12 Mem:73.29M (Peak 118.43M) | Time:00:00.36 | Compositing
Saved: 'I:\工作项目\BIGMANFIGHT\角色资产\美术资产\bigman_v001\previews\anim\ultend_front_f0012.png'
Time: 00:00.40 (Saving: 00:00.03)

Fra:12 Mem:105.34M (Peak 108.50M) | Time:00:00.24 | Rendering 1 / 64 samples
Fra:12 Mem:105.34M (Peak 108.50M) | Time:00:00.27 | Rendering 25 / 64 samples
Fra:12 Mem:105.34M (Peak 108.50M) | Time:00:00.31 | Rendering 50 / 64 samples
Fra:12 Mem:105.34M (Peak 108.50M) | Time:00:00.33 | Rendering 64 / 64 samples
Fra:12 Mem:73.29M (Peak 118.43M) | Time:00:00.36 | Compositing
Saved: 'I:\工作项目\BIGMANFIGHT\角色资产\美术资产\bigman_v001\previews\anim\ultend_three_quarter_f0012.png'
Time: 00:00.40 (Saving: 00:00.03)

Fra:22 Mem:105.34M (Peak 108.50M) | Time:00:00.23 | Rendering 1 / 64 samples
Fra:22 Mem:105.34M (Peak 108.50M) | Time:00:00.27 | Rendering 25 / 64 samples
Fra:22 Mem:105.34M (Peak 108.50M) | Time:00:00.31 | Rendering 50 / 64 samples
Fra:22 Mem:105.34M (Peak 108.50M) | Time:00:00.33 | Rendering 64 / 64 samples
Fra:22 Mem:73.29M (Peak 118.43M) | Time:00:00.36 | Compositing
Saved: 'I:\工作项目\BIGMANFIGHT\角色资产\美术资产\bigman_v001\previews\anim\ultend_side_f0022.png'
Time: 00:00.40 (Saving: 00:00.03)

Fra:22 Mem:105.34M (Peak 108.50M) | Time:00:00.20 | Rendering 1 / 64 samples
Fra:22 Mem:105.34M (Peak 108.50M) | Time:00:00.24 | Rendering 25 / 64 samples
Fra:22 Mem:105.34M (Peak 108.50M) | Time:00:00.28 | Rendering 50 / 64 samples
Fra:22 Mem:105.34M (Peak 108.50M) | Time:00:00.30 | Rendering 64 / 64 samples
Fra:22 Mem:73.29M (Peak 118.43M) | Time:00:00.32 | Compositing
Saved: 'I:\工作项目\BIGMANFIGHT\角色资产\美术资产\bigman_v001\previews\anim\ultend_front_f0022.png'
Time: 00:00.36 (Saving: 00:00.03)

Fra:22 Mem:105.34M (Peak 108.50M) | Time:00:00.23 | Rendering 1 / 64 samples
Fra:22 Mem:105.34M (Peak 108.50M) | Time:00:00.26 | Rendering 25 / 64 samples
Fra:22 Mem:105.34M (Peak 108.50M) | Time:00:00.31 | Rendering 50 / 64 samples
Fra:22 Mem:105.34M (Peak 108.50M) | Time:00:00.33 | Rendering 64 / 64 samples
Fra:22 Mem:73.29M (Peak 118.43M) | Time:00:00.35 | Compositing
Saved: 'I:\工作项目\BIGMANFIGHT\角色资产\美术资产\bigman_v001\previews\anim\ultend_three_quarter_f0022.png'
Time: 00:00.40 (Saving: 00:00.04)

Fra:32 Mem:105.34M (Peak 108.50M) | Time:00:00.24 | Rendering 1 / 64 samples
Fra:32 Mem:105.34M (Peak 108.50M) | Time:00:00.28 | Rendering 25 / 64 samples
Fra:32 Mem:105.34M (Peak 108.50M) | Time:00:00.32 | Rendering 50 / 64 samples
Fra:32 Mem:105.34M (Peak 108.50M) | Time:00:00.35 | Rendering 64 / 64 samples
Fra:32 Mem:73.29M (Peak 118.43M) | Time:00:00.37 | Compositing
Saved: 'I:\工作项目\BIGMANFIGHT\角色资产\美术资产\bigman_v001\previews\anim\ultend_side_f0032.png'
Time: 00:00.41 (Saving: 00:00.03)

Fra:32 Mem:105.34M (Peak 108.50M) | Time:00:00.24 | Rendering 1 / 64 samples
Fra:32 Mem:105.34M (Peak 108.50M) | Time:00:00.28 | Rendering 25 / 64 samples
Fra:32 Mem:105.34M (Peak 108.50M) | Time:00:00.32 | Rendering 50 / 64 samples
Fra:32 Mem:105.34M (Peak 108.50M) | Time:00:00.35 | Rendering 64 / 64 samples
Fra:32 Mem:73.29M (Peak 118.43M) | Time:00:00.37 | Compositing
Saved: 'I:\工作项目\BIGMANFIGHT\角色资产\美术资产\bigman_v001\previews\anim\ultend_front_f0032.png'
Time: 00:00.41 (Saving: 00:00.03)

Fra:32 Mem:105.34M (Peak 108.50M) | Time:00:00.23 | Rendering 1 / 64 samples
Fra:32 Mem:105.34M (Peak 108.50M) | Time:00:00.27 | Rendering 25 / 64 samples
Fra:32 Mem:105.34M (Peak 108.50M) | Time:00:00.31 | Rendering 50 / 64 samples
Fra:32 Mem:105.34M (Peak 108.50M) | Time:00:00.33 | Rendering 64 / 64 samples
Fra:32 Mem:73.29M (Peak 118.43M) | Time:00:00.35 | Compositing
Saved: 'I:\工作项目\BIGMANFIGHT\角色资产\美术资产\bigman_v001\previews\anim\ultend_three_quarter_f0032.png'
Time: 00:00.39 (Saving: 00:00.03)

Fra:50 Mem:105.34M (Peak 108.50M) | Time:00:00.17 | Rendering 1 / 64 samples
Fra:50 Mem:105.34M (Peak 108.50M) | Time:00:00.21 | Rendering 25 / 64 samples
Fra:50 Mem:105.34M (Peak 108.50M) | Time:00:00.25 | Rendering 50 / 64 samples
Fra:50 Mem:105.34M (Peak 108.50M) | Time:00:00.28 | Rendering 64 / 64 samples
Fra:50 Mem:73.29M (Peak 118.43M) | Time:00:00.30 | Compositing
Saved: 'I:\工作项目\BIGMANFIGHT\角色资产\美术资产\bigman_v001\previews\anim\ultend_side_f0050.png'
Time: 00:00.34 (Saving: 00:00.03)

Fra:50 Mem:105.34M (Peak 108.50M) | Time:00:00.22 | Rendering 1 / 64 samples
Fra:50 Mem:105.34M (Peak 108.50M) | Time:00:00.27 | Rendering 25 / 64 samples
Fra:50 Mem:105.34M (Peak 108.50M) | Time:00:00.31 | Rendering 50 / 64 samples
Fra:50 Mem:105.34M (Peak 108.50M) | Time:00:00.33 | Rendering 64 / 64 samples
Fra:50 Mem:73.29M (Peak 118.43M) | Time:00:00.35 | Compositing
Saved: 'I:\工作项目\BIGMANFIGHT\角色资产\美术资产\bigman_v001\previews\anim\ultend_front_f0050.png'
Time: 00:00.41 (Saving: 00:00.04)

Fra:50 Mem:105.34M (Peak 108.50M) | Time:00:00.25 | Rendering 1 / 64 samples
Fra:50 Mem:105.34M (Peak 108.50M) | Time:00:00.28 | Rendering 25 / 64 samples
Fra:50 Mem:105.34M (Peak 108.50M) | Time:00:00.32 | Rendering 50 / 64 samples
Fra:50 Mem:105.34M (Peak 108.50M) | Time:00:00.35 | Rendering 64 / 64 samples
Fra:50 Mem:73.29M (Peak 118.43M) | Time:00:00.37 | Compositing
Saved: 'I:\工作项目\BIGMANFIGHT\角色资产\美术资产\bigman_v001\previews\anim\ultend_three_quarter_f0050.png'
Time: 00:00.41 (Saving: 00:00.03)

Fra:60 Mem:105.34M (Peak 108.50M) | Time:00:00.23 | Rendering 1 / 64 samples
Fra:60 Mem:105.34M (Peak 108.50M) | Time:00:00.27 | Rendering 25 / 64 samples
Fra:60 Mem:105.34M (Peak 108.50M) | Time:00:00.31 | Rendering 50 / 64 samples
Fra:60 Mem:105.34M (Peak 108.50M) | Time:00:00.33 | Rendering 64 / 64 samples
Fra:60 Mem:73.29M (Peak 118.43M) | Time:00:00.36 | Compositing
Saved: 'I:\工作项目\BIGMANFIGHT\角色资产\美术资产\bigman_v001\previews\anim\ultend_side_f0060.png'
Time: 00:00.40 (Saving: 00:00.03)

Fra:60 Mem:105.34M (Peak 108.50M) | Time:00:00.22 | Rendering 1 / 64 samples
Fra:60 Mem:105.34M (Peak 108.50M) | Time:00:00.26 | Rendering 25 / 64 samples
Fra:60 Mem:105.34M (Peak 108.50M) | Time:00:00.30 | Rendering 50 / 64 samples
Fra:60 Mem:105.34M (Peak 108.50M) | Time:00:00.32 | Rendering 64 / 64 samples
Fra:60 Mem:73.29M (Peak 118.43M) | Time:00:00.35 | Compositing
Saved: 'I:\工作项目\BIGMANFIGHT\角色资产\美术资产\bigman_v001\previews\anim\ultend_front_f0060.png'
Time: 00:00.39 (Saving: 00:00.03)

Fra:60 Mem:105.34M (Peak 108.50M) | Time:00:00.24 | Rendering 1 / 64 samples
Fra:60 Mem:105.34M (Peak 108.50M) | Time:00:00.28 | Rendering 25 / 64 samples
Fra:60 Mem:105.34M (Peak 108.50M) | Time:00:00.32 | Rendering 50 / 64 samples
Fra:60 Mem:105.34M (Peak 108.50M) | Time:00:00.34 | Rendering 64 / 64 samples
Fra:60 Mem:73.29M (Peak 118.43M) | Time:00:00.36 | Compositing
Saved: 'I:\工作项目\BIGMANFIGHT\角色资产\美术资产\bigman_v001\previews\anim\ultend_three_quarter_f0060.png'
Time: 00:00.40 (Saving: 00:00.03)

Fra:66 Mem:105.34M (Peak 108.50M) | Time:00:00.22 | Rendering 1 / 64 samples
Fra:66 Mem:105.34M (Peak 108.50M) | Time:00:00.25 | Rendering 25 / 64 samples
Fra:66 Mem:105.34M (Peak 108.50M) | Time:00:00.29 | Rendering 50 / 64 samples
Fra:66 Mem:105.34M (Peak 108.50M) | Time:00:00.32 | Rendering 64 / 64 samples
Fra:66 Mem:73.29M (Peak 118.43M) | Time:00:00.34 | Compositing
Saved: 'I:\工作项目\BIGMANFIGHT\角色资产\美术资产\bigman_v001\previews\anim\ultend_side_f0066.png'
Time: 00:00.40 (Saving: 00:00.04)

Fra:66 Mem:105.34M (Peak 108.50M) | Time:00:00.23 | Rendering 1 / 64 samples
Fra:66 Mem:105.34M (Peak 108.50M) | Time:00:00.27 | Rendering 25 / 64 samples
Fra:66 Mem:105.34M (Peak 108.50M) | Time:00:00.31 | Rendering 50 / 64 samples
Fra:66 Mem:105.34M (Peak 108.50M) | Time:00:00.33 | Rendering 64 / 64 samples
Fra:66 Mem:73.29M (Peak 118.43M) | Time:00:00.35 | Compositing
Saved: 'I:\工作项目\BIGMANFIGHT\角色资产\美术资产\bigman_v001\previews\anim\ultend_front_f0066.png'
Time: 00:00.39 (Saving: 00:00.03)

Fra:66 Mem:105.34M (Peak 108.50M) | Time:00:00.23 | Rendering 1 / 64 samples
Fra:66 Mem:105.34M (Peak 108.50M) | Time:00:00.26 | Rendering 25 / 64 samples
Fra:66 Mem:105.34M (Peak 108.50M) | Time:00:00.30 | Rendering 50 / 64 samples
Fra:66 Mem:105.34M (Peak 108.50M) | Time:00:00.33 | Rendering 64 / 64 samples
Fra:66 Mem:73.29M (Peak 118.43M) | Time:00:00.35 | Compositing
Saved: 'I:\工作项目\BIGMANFIGHT\角色资产\美术资产\bigman_v001\previews\anim\ultend_three_quarter_f0066.png'
Time: 00:00.39 (Saving: 00:00.03)

Fra:72 Mem:105.34M (Peak 108.50M) | Time:00:00.23 | Rendering 1 / 64 samples
Fra:72 Mem:105.34M (Peak 108.50M) | Time:00:00.27 | Rendering 25 / 64 samples
Fra:72 Mem:105.34M (Peak 108.50M) | Time:00:00.31 | Rendering 50 / 64 samples
Fra:72 Mem:105.34M (Peak 108.50M) | Time:00:00.33 | Rendering 64 / 64 samples
Fra:72 Mem:73.29M (Peak 118.43M) | Time:00:00.35 | Compositing
Saved: 'I:\工作项目\BIGMANFIGHT\角色资产\美术资产\bigman_v001\previews\anim\ultend_side_f0072.png'
Time: 00:00.39 (Saving: 00:00.03)

Fra:72 Mem:105.34M (Peak 108.50M) | Time:00:00.23 | Rendering 1 / 64 samples
Fra:72 Mem:105.34M (Peak 108.50M) | Time:00:00.27 | Rendering 25 / 64 samples
Fra:72 Mem:105.34M (Peak 108.50M) | Time:00:00.31 | Rendering 50 / 64 samples
Fra:72 Mem:105.34M (Peak 108.50M) | Time:00:00.33 | Rendering 64 / 64 samples
Fra:72 Mem:73.29M (Peak 118.43M) | Time:00:00.36 | Compositing
Saved: 'I:\工作项目\BIGMANFIGHT\角色资产\美术资产\bigman_v001\previews\anim\ultend_front_f0072.png'
Time: 00:00.40 (Saving: 00:00.03)

Fra:72 Mem:105.34M (Peak 108.50M) | Time:00:00.23 | Rendering 1 / 64 samples
Fra:72 Mem:105.34M (Peak 108.50M) | Time:00:00.27 | Rendering 25 / 64 samples
Fra:72 Mem:105.34M (Peak 108.50M) | Time:00:00.31 | Rendering 50 / 64 samples
Fra:72 Mem:105.34M (Peak 108.50M) | Time:00:00.33 | Rendering 64 / 64 samples
Fra:72 Mem:73.29M (Peak 118.43M) | Time:00:00.35 | Compositing
Saved: 'I:\工作项目\BIGMANFIGHT\角色资产\美术资产\bigman_v001\previews\anim\ultend_three_quarter_f0072.png'
Time: 00:00.40 (Saving: 00:00.03)

C14_LAYOUT {"total_frames": 72, "seconds": 1.2, "ease_end": 3, "sink_end": 10, "sink_hold_end": 12, "pose": 22, "hold_end": 50, "hold_frames": 29, "recover": 50, "settle_end": 66, "cancel": 60, "pelvis_z0_mm": 830.0, "ankle0_mm": {"L": [143.18, -169.57, 79.76], "R": [-141.58, 140.43, 79.83]}, "idle_hand_mm": {"L": [144.52, -307.73, 1271.06], "R": [-129.58, -273.48, 1298.18]}, "hand_hero": {"L": [[0.249596, 0.113436, -0.961683], 608.557], "R": [[-0.437134, -0.180534, 0.881091], 561.967]}, "torso_hero": {"pelvis": [3.0, -5.0, 0.0], "spine_01": [0.0, -3.0, 0.0], "spine_02": [0.0, -3.0, 0.0], "chest": [-6.0, -4.0, 0.0], "neck": [-6.0, 6.0, 0.0], "head": [6.0, 6.0, 0.0], "shoulder.L": [-4.0, 0.0, 0.0], "shoulder.R": [16.0, 0.0, 0.0]}, "start_basis": "`Idle_01@0`（默认：C14 独立触发；若引擎按大招三段连续播放，则 C13 的 `FOLLOW_END` 才是起手基准）", "note": "大招收尾：沉收 7 帧 → 停顿 2 帧 → 爆发起身 10 帧到英雄 Pose→ 定格 29 帧（逐位冻结）→ 收招 22 帧回待机。0 命中点、0.0 mm 位移、1 段。"}
C14_BLEND {"delta_deg": {"chest": 7.0, "foot.L": 3.252, "foot.R": 2.691, "forearm.L": 96.956, "forearm.R": 90.592, "hand.L": 21.177, "hand.R": 24.558, "head": 6.0, "index_01.L": 0.0, "index_01.R": 0.0, "index_02.L": 0.0, "index_02.R": 0.0, "index_03.L": 0.0, "index_03.R": 0.0, "middle_01.L": 0.0, "middle_01.R": 0.0, "middle_02.L": 0.0, "middle_02.R": 0.0, "middle_03.L": 0.0, "middle_03.R": 0.0, "neck": 6.0, "pelvis": 5.0, "pinky_01.L": 0.0, "pinky_01.R": 0.0, "pinky_02.L": 0.0, "pinky_02.R": 0.0, "pinky_03.L": 0.0, "pinky_03.R": 0.0, "ring_01.L": 0.0, "ring_01.R": 0.0, "ring_02.L": 0.0, "ring_02.R": 0.0, "ring_03.L": 0.0, "ring_03.R": 0.0, "shin.L": 5.853, "shin.R": 6.151, "shoulder.L": 14.0, "shoulder.R": 34.0, "spine_01": 3.0, "spine_02": 3.0, "thigh.L": 4.893, "thigh.R": 5.062, "thumb_01.L": 0.0, "thumb_01.R": 0.0, "thumb_02.L": 0.0, "thumb_02.R": 0.0, "thumb_03.L": 0.0, "thumb_03.R": 0.0, "upperarm.L": 44.403, "upperarm.R": 94.432}}
C14_REPORT {"loop_seamless": null, "foot_travel_mm_toe.L": 1.84, "no_foot_slide_toe.L": true, "foot_travel_mm_toe.R": 1.58, "no_foot_slide_toe.R": true, "ground_min_mm": -0.96, "ground_contact_ok": true, "max_frame_step_deg": 14.7, "max_frame_step_at": [2, "hand.R"], "no_teleport": true, "bone_travel_mm": {"pelvis": 48.0, "chest": 70.74, "head": 137.88, "hand.L": 480.45, "hand.R": 631.33}, "hero_pose_hold_frames": 29, "hero_pose_hold_window_ok": true, "hero_pose_hold_worst_mm": 0.0, "hero_pose_hold_worst_at": null, "hero_pose_hold_freeze_ok": true, "hero_pose_hold_ok": true, "hero_pose_hold_frame_min": 18, "hero_pose_hold_frame_max": 36, "sil_idle": {"bbox_m": [[-0.2857, -0.3756, -0.001], [0.2949, 0.2407, 1.7314]], "width_m": 0.5805, "height_m": 1.7323, "aspect": 0.3351, "proj_area_m2": 1.7593, "fill_grid": 0.5932, "grid": [59, 174, 5966], "com_xy_m": [0.0005, -0.0778], "com_inside_support": true, "shoulder_width_m": 0.3014, "above_head_mm": 18.12, "sole_min_mm": -0.96}, "sil_hero": {"bbox_m": [[-0.4354, -0.3756, -0.0], [0.3256, 0.2417, 1.8801]], "width_m": 0.761, "height_m": 1.8801, "aspect": 0.4048, "proj_area_m2": 1.783, "fill_grid": 0.4568, "grid": [77, 189, 6536], "com_xy_m": [-0.0064, -0.0267], "com_inside_support": true, "shoulder_width_m": 0.2825, "above_head_mm": 177.7, "sole_min_mm": -0.0}, "sil_aspect_ratio": 1.208, "sil_fill_ratio": 0.7701, "sil_shoulder_ratio": 0.9373, "sil_above_head_mm": 177.7, "sil_aspect_ok": true, "sil_fill_ok": true, "sil_shoulder_ok": true, "sil_head_top_ok": true, "sil_com_ok": true, "hero_silhouette_ok": true, "sil_aspect_min": 1.12, "sil_fill_min": 0.65, "sil_shoulder_min": 0.88, "sil_above_head_max_mm": 300.0, "sil_axis": "正视图（相机 −Y）：横轴 = 世界 X，纵轴 = 世界 Z", "settle_tail_mm": [0.0, 0.0, 0.0, 0.0, 0.0, 0.0], "settle_monotone_ok": true, "settle_last2_mm": 0.0, "settle_no_stop_ok": true, "end_pose_delta_mm": 0.0, "end_pose_ok": true, "exit_pose_ok": true, "resolve_before_max_mm": 167.595, "resolve_after_max_mm": 42.489, "resolve_ratio": 0.2535, "resolve_ratio_max": 3.0, "resolve_ok": true, "camera_torso_yaw_deg": -15.0, "camera_head_yaw_deg": -3.0, "camera_facing_ok": true, "camera_max_deg": 20.0, "nofreeze_peak_step_mm": 167.595, "nofreeze_path_outside_mm": 2091.1, "no_freeze_ok": true, "antic_sink_mm": 48.0, "antic_rise_mm": 33.0, "anticipation_ok": true, "plant_L_mm": 0.246, "plant_R_mm": 0.072, "plant_3d_L_mm": 0.922, "plant_3d_R_mm": 1.575, "plant_ok": true, "root_span_h_mm": 0.0, "root_motion_ok": true, "leg_reach_worst_ratio": 0.93796, "leg_reach_worst_at": [0, "L"], "leg_reach_ok": true, "arm_clamp": {"L": {"any": false, "worst_frame": 22, "worst_ratio": 0.93671, "worst_over_mm": 0.0, "limit_mm": 649.675}, "R": {"any": false, "worst_frame": 22, "worst_ratio": 0.865, "worst_over_mm": 0.0, "limit_mm": 649.675}}, "arm_reach_ok": true, "hold_edge_in_mm": 20.587, "hold_edge_out_mm": 15.224, "ua_start_delta_deg": 0.0, "ua_start_ok": true, "low_bad_frames": {}, "meta": {"anim_id": "Ultimate_End", "loop": false, "category": "连招与特殊技", "note": "大招收尾：沉收 → 爆发起身成英雄 Pose → 定格 29 帧（逐位冻结）→ 收招回待机。0 命中点、0.0 mm 位移、1 段。", "antic_frame": 10, "pose_frame": 22, "hold_frames": 29, "cancel_frame": 60, "root_motion_m": [0.0, 0.0], "inherit_from": null, "start_basis": "Idle_01@0", "hit_count": 0, "segments": {"ease": [0, 3], "sink": [3, 10], "sink_hold": [10, 12], "rise": [12, 22], "hold": [22, 50], "recover": [50, 66], "rest": [66, 72]}, "settle_end": 66, "silhouette_axis": "正视图（相机 −Y）：横轴 = 世界 X，纵轴 = 世界 Z", "hem_excluded": ["Jacket_Hem", "Jacket_Hem_Line"], "hero_pose_source": "probe_c14_pose.py 第 16 轮 C14_PROBE_FINAL y38_fin（先量再定）", "fps": 60, "frames": [0, 72]}, "failed": [], "non_ok_bools": []}
Info: Saved as "bigman_anim_v001.blend"
INFO Draco mesh compression is available, use library at D:\Program Files\Blender Foundation\Blender 4.5\4.5\scripts\addons_core\io_scene_gltf2\extern_draco.dll
19:15:53 | INFO: Starting glTF 2.0 export
19:15:53 | INFO: Extracting primitive: Mesh
19:15:53 | INFO: Primitives created: 1
19:15:53 | INFO: Extracting primitive: Mesh
19:15:53 | INFO: Primitives created: 1
19:15:53 | INFO: Extracting primitive: Collar_Point_L
19:15:53 | INFO: Primitives created: 1
19:15:53 | INFO: Extracting primitive: Collar_Point_R
19:15:53 | INFO: Primitives created: 1
19:15:53 | INFO: Extracting primitive: Ear_Inner_L
19:15:53 | INFO: Primitives created: 1
19:15:53 | INFO: Extracting primitive: Ear_Inner_R
19:15:53 | INFO: Primitives created: 1
19:15:53 | INFO: Extracting primitive: Ear_L
19:15:53 | INFO: Primitives created: 1
19:15:53 | INFO: Extracting primitive: Ear_Lobe_L
19:15:53 | INFO: Primitives created: 1
19:15:53 | INFO: Extracting primitive: Ear_Lobe_R
19:15:53 | INFO: Primitives created: 1
19:15:53 | INFO: Extracting primitive: Ear_R
19:15:53 | INFO: Primitives created: 1
19:15:53 | INFO: Extracting primitive: Eye_Glint_L
19:15:53 | INFO: Primitives created: 1
19:15:53 | INFO: Extracting primitive: Eye_Glint_R
19:15:53 | INFO: Primitives created: 1
19:15:53 | INFO: Extracting primitive: Eye_Line_Upper_L
19:15:53 | INFO: Primitives created: 1
19:15:53 | INFO: Extracting primitive: Eye_Line_Upper_R
19:15:53 | INFO: Primitives created: 1
19:15:53 | INFO: Extracting primitive: Eye_White_L
19:15:53 | INFO: Primitives created: 1
19:15:53 | INFO: Extracting primitive: Eye_White_R
19:15:54 | INFO: Primitives created: 1
19:15:54 | INFO: Extracting primitive: Eyebrow_L
19:15:54 | INFO: Primitives created: 1
19:15:54 | INFO: Extracting primitive: Eyebrow_R
19:15:54 | INFO: Primitives created: 1
19:15:54 | INFO: Extracting primitive: Eyelid_Lower_L
19:15:54 | INFO: Primitives created: 1
19:15:54 | INFO: Extracting primitive: Eyelid_Lower_R
19:15:54 | INFO: Primitives created: 1
19:15:54 | INFO: Extracting primitive: Eyelid_Upper_L
19:15:54 | INFO: Primitives created: 1
19:15:54 | INFO: Extracting primitive: Eyelid_Upper_R
19:15:54 | INFO: Primitives created: 1
19:15:54 | INFO: Extracting primitive: Mesh
19:15:54 | INFO: Primitives created: 1
19:15:54 | INFO: Extracting primitive: Mesh
19:15:54 | INFO: Primitives created: 1
19:15:54 | INFO: Extracting primitive: Mesh
19:15:54 | INFO: Primitives created: 1
19:15:54 | INFO: Extracting primitive: Mesh
19:15:54 | INFO: Primitives created: 1
19:15:54 | INFO: Extracting primitive: Mesh
19:15:54 | INFO: Primitives created: 1
19:15:54 | INFO: Extracting primitive: Mesh
19:15:54 | INFO: Primitives created: 1
19:15:54 | INFO: Extracting primitive: Mesh
19:15:54 | INFO: Primitives created: 1
19:15:54 | INFO: Extracting primitive: Mesh
19:15:54 | INFO: Primitives created: 1
19:15:54 | INFO: Extracting primitive: Glasses_Bridge
19:15:54 | INFO: Primitives created: 1
19:15:54 | INFO: Extracting primitive: Glasses_Frame_L
19:15:54 | INFO: Primitives created: 1
19:15:54 | INFO: Extracting primitive: Glasses_Frame_R
19:15:54 | INFO: Primitives created: 1
19:15:54 | INFO: Extracting primitive: Glasses_Temple_L
19:15:54 | INFO: Primitives created: 1
19:15:54 | INFO: Extracting primitive: Glasses_Temple_R
19:15:54 | INFO: Primitives created: 1
19:15:54 | INFO: Extracting primitive: Mesh
19:15:54 | INFO: Primitives created: 1
19:15:54 | INFO: Extracting primitive: Mesh
19:15:54 | INFO: Primitives created: 1
19:15:54 | INFO: Extracting primitive: Mesh
19:15:54 | INFO: Primitives created: 1
19:15:54 | INFO: Extracting primitive: Mesh
19:15:54 | INFO: Primitives created: 1
19:15:54 | INFO: Extracting primitive: Mesh
19:15:54 | INFO: Primitives created: 1
19:15:54 | INFO: Extracting primitive: Iris_L
19:15:54 | INFO: Primitives created: 1
19:15:54 | INFO: Extracting primitive: Iris_R
19:15:54 | INFO: Primitives created: 1
19:15:54 | INFO: Extracting primitive: Iris_Ring_L
19:15:54 | INFO: Primitives created: 1
19:15:54 | INFO: Extracting primitive: Iris_Ring_R
19:15:54 | INFO: Primitives created: 1
19:15:54 | INFO: Extracting primitive: Jacket_Back_Seam
19:15:54 | INFO: Primitives created: 1
19:15:54 | INFO: Extracting primitive: Jacket_Button_1
19:15:54 | INFO: Primitives created: 1
19:15:54 | INFO: Extracting primitive: Jacket_Button_2
19:15:54 | INFO: Primitives created: 1
19:15:54 | INFO: Extracting primitive: Jacket_Collar
19:15:54 | INFO: Primitives created: 1
19:15:54 | INFO: Extracting primitive: Jacket_Lapel_L
19:15:54 | INFO: Primitives created: 1
19:15:54 | INFO: Extracting primitive: Jacket_Lapel_R
19:15:54 | INFO: Primitives created: 1
19:15:54 | INFO: Extracting primitive: Jacket_Vent
19:15:54 | INFO: Primitives created: 1
19:15:54 | INFO: Extracting primitive: Lapel_Fold_L
19:15:54 | INFO: Primitives created: 1
19:15:54 | INFO: Extracting primitive: Lapel_Fold_R
19:15:54 | INFO: Primitives created: 1
19:15:54 | INFO: Extracting primitive: Lapel_Notch_L
19:15:54 | INFO: Primitives created: 1
19:15:54 | INFO: Extracting primitive: Lapel_Notch_R
19:15:54 | INFO: Primitives created: 1
19:15:54 | INFO: Extracting primitive: Lower_Lip
19:15:54 | INFO: Primitives created: 1
19:15:54 | INFO: Extracting primitive: Mouth_Line
19:15:54 | INFO: Primitives created: 1
19:15:54 | INFO: Extracting primitive: Mesh
19:15:54 | INFO: Primitives created: 1
19:15:54 | INFO: Extracting primitive: Mesh
19:15:54 | INFO: Primitives created: 1
19:15:54 | INFO: Extracting primitive: Nose_Wing_L
19:15:54 | INFO: Primitives created: 1
19:15:54 | INFO: Extracting primitive: Nose_Wing_R
19:15:54 | INFO: Primitives created: 1
19:15:54 | INFO: Extracting primitive: Pocket_Flap_L
19:15:54 | INFO: Primitives created: 1
19:15:54 | INFO: Extracting primitive: Pocket_Flap_R
19:15:54 | INFO: Primitives created: 1
19:15:54 | INFO: Extracting primitive: Pupil_L
19:15:54 | INFO: Primitives created: 1
19:15:54 | INFO: Extracting primitive: Pupil_R
19:15:54 | INFO: Primitives created: 1
19:15:54 | INFO: Extracting primitive: Shirt_Collar
19:15:54 | INFO: Primitives created: 1
19:15:54 | INFO: Extracting primitive: Shirt_Cuff_L
19:15:54 | INFO: Primitives created: 1
19:15:54 | INFO: Extracting primitive: Shirt_Cuff_R
19:15:54 | INFO: Primitives created: 1
19:15:54 | INFO: Extracting primitive: Shirt_Front
19:15:54 | INFO: Primitives created: 1
19:15:54 | INFO: Extracting primitive: Mesh
19:15:54 | INFO: Primitives created: 1
19:15:54 | INFO: Extracting primitive: Mesh
19:15:54 | INFO: Primitives created: 1
19:15:54 | INFO: Extracting primitive: Mesh
19:15:54 | INFO: Primitives created: 1
19:15:54 | INFO: Extracting primitive: Mesh
19:15:54 | INFO: Primitives created: 1
19:15:54 | INFO: Extracting primitive: Shoe_Toe_Cap_L
19:15:54 | INFO: Primitives created: 1
19:15:54 | INFO: Extracting primitive: Shoe_Toe_Cap_R
19:15:54 | INFO: Primitives created: 1
19:15:54 | INFO: Extracting primitive: Mesh
19:15:54 | INFO: Primitives created: 1
19:15:54 | INFO: Extracting primitive: Mesh
19:15:54 | INFO: Primitives created: 1
19:15:54 | INFO: Extracting primitive: Sleeve_Button_1_L
19:15:54 | INFO: Primitives created: 1
19:15:54 | INFO: Extracting primitive: Sleeve_Button_1_R
19:15:54 | INFO: Primitives created: 1
19:15:54 | INFO: Extracting primitive: Sleeve_Button_2_L
19:15:54 | INFO: Primitives created: 1
19:15:54 | INFO: Extracting primitive: Sleeve_Button_2_R
19:15:54 | INFO: Primitives created: 1
19:15:54 | INFO: Extracting primitive: Sleeve_Button_3_L
19:15:54 | INFO: Primitives created: 1
19:15:54 | INFO: Extracting primitive: Sleeve_Button_3_R
19:15:54 | INFO: Primitives created: 1
19:15:54 | INFO: Extracting primitive: Mesh
19:15:54 | INFO: Primitives created: 1
19:15:54 | INFO: Extracting primitive: Mesh
19:15:54 | INFO: Primitives created: 1
19:15:54 | INFO: Extracting primitive: Mesh
19:15:54 | INFO: Primitives created: 1
19:15:54 | INFO: Extracting primitive: Mesh
19:15:54 | INFO: Primitives created: 1
19:15:54 | INFO: Extracting primitive: Mesh
19:15:54 | INFO: Primitives created: 1
19:15:54 | INFO: Extracting primitive: Mesh
19:15:54 | INFO: Primitives created: 1
19:15:54 | INFO: Extracting primitive: Mesh
19:15:54 | INFO: Primitives created: 1
19:15:54 | INFO: Extracting primitive: Upper_Lip
19:15:54 | INFO: Primitives created: 1
19:16:05 | WARNING: Baking animation because there are keyframes with different interpolation methods in one channel
19:16:05 | WARNING: Baking animation because there are keyframes with different interpolation methods in one channel
19:16:05 | WARNING: Baking animation because there are keyframes with different interpolation methods in one channel
19:16:05 | WARNING: Baking animation because there are keyframes with different interpolation methods in one channel
19:16:05 | WARNING: Baking animation because there are keyframes with different interpolation methods in one channel
19:16:05 | WARNING: Baking animation because there are keyframes with different interpolation methods in one channel
19:16:05 | WARNING: Baking animation because there are keyframes with different interpolation methods in one channel
19:16:05 | WARNING: Baking animation because there are keyframes with different interpolation methods in one channel
19:16:05 | WARNING: Baking animation because there are keyframes with different interpolation methods in one channel
19:16:05 | WARNING: Baking animation because there are keyframes with different interpolation methods in one channel
19:16:05 | WARNING: Baking animation because there are keyframes with different interpolation methods in one channel
19:16:05 | WARNING: Baking animation because there are keyframes with different interpolation methods in one channel
19:16:05 | WARNING: Baking animation because there are keyframes with different interpolation methods in one channel
19:16:05 | WARNING: Baking animation because there are keyframes with different interpolation methods in one channel
19:16:05 | WARNING: Baking animation because there are keyframes with different interpolation methods in one channel
19:16:05 | WARNING: Baking animation because there are keyframes with different interpolation methods in one channel
19:16:05 | WARNING: Baking animation because there are keyframes with different interpolation methods in one channel
19:16:05 | WARNING: Baking animation because there are keyframes with different interpolation methods in one channel
19:16:05 | WARNING: Baking animation because there are keyframes with different interpolation methods in one channel
19:16:05 | WARNING: Baking animation because there are keyframes with different interpolation methods in one channel
19:16:05 | WARNING: Baking animation because there are keyframes with different interpolation methods in one channel
19:16:05 | WARNING: Baking animation because there are keyframes with different interpolation methods in one channel
19:16:05 | WARNING: Baking animation because there are keyframes with different interpolation methods in one channel
19:16:05 | WARNING: Baking animation because there are keyframes with different interpolation methods in one channel
19:16:05 | WARNING: Baking animation because there are keyframes with different interpolation methods in one channel
19:16:05 | WARNING: Baking animation because there are keyframes with different interpolation methods in one channel
19:16:05 | WARNING: Baking animation because there are keyframes with different interpolation methods in one channel
19:16:05 | WARNING: Baking animation because there are keyframes with different interpolation methods in one channel
19:16:05 | WARNING: Baking animation because there are keyframes with different interpolation methods in one channel
19:16:05 | WARNING: Baking animation because there are keyframes with different interpolation methods in one channel
19:16:05 | WARNING: Baking animation because there are keyframes with different interpolation methods in one channel
19:16:05 | WARNING: Baking animation because there are keyframes with different interpolation methods in one channel
19:16:05 | WARNING: Baking animation because there are keyframes with different interpolation methods in one channel
19:16:05 | WARNING: Baking animation because there are keyframes with different interpolation methods in one channel
19:16:05 | WARNING: Baking animation because there are keyframes with different interpolation methods in one channel
19:16:05 | WARNING: Baking animation because there are keyframes with different interpolation methods in one channel
19:16:05 | WARNING: Baking animation because there are keyframes with different interpolation methods in one channel
19:16:05 | WARNING: Baking animation because there are keyframes with different interpolation methods in one channel
19:16:05 | WARNING: Baking animation because there are keyframes with different interpolation methods in one channel
19:16:05 | WARNING: Baking animation because there are keyframes with different interpolation methods in one channel
19:16:05 | WARNING: Baking animation because there are keyframes with different interpolation methods in one channel
19:16:05 | WARNING: Baking animation because there are keyframes with different interpolation methods in one channel
19:16:05 | WARNING: Baking animation because there are keyframes with different interpolation methods in one channel
19:16:05 | WARNING: Baking animation because there are keyframes with different interpolation methods in one channel
19:16:05 | WARNING: Baking animation because there are keyframes with different interpolation methods in one channel
19:16:05 | WARNING: Baking animation because there are keyframes with different interpolation methods in one channel
19:16:05 | WARNING: Baking animation because there are keyframes with different interpolation methods in one channel
19:16:05 | WARNING: Baking animation because there are keyframes with different interpolation methods in one channel
19:16:05 | WARNING: Baking animation because there are keyframes with different interpolation methods in one channel
19:16:05 | WARNING: Baking animation because there are keyframes with different interpolation methods in one channel
19:16:05 | WARNING: Baking animation because there are keyframes with different interpolation methods in one channel
19:16:05 | WARNING: Baking animation because there are keyframes with different interpolation methods in one channel
19:16:05 | WARNING: Baking animation because there are keyframes with different interpolation methods in one channel
19:16:06 | WARNING: Baking animation because there are keyframes with different interpolation methods in one channel
19:16:06 | WARNING: Baking animation because there are keyframes with different interpolation methods in one channel
19:16:06 | WARNING: Baking animation because there are keyframes with different interpolation methods in one channel
19:16:06 | WARNING: Baking animation because there are keyframes with different interpolation methods in one channel
19:16:06 | WARNING: Baking animation because there are keyframes with different interpolation methods in one channel
19:16:06 | WARNING: Baking animation because there are keyframes with different interpolation methods in one channel
19:16:06 | WARNING: Baking animation because there are keyframes with different interpolation methods in one channel
19:16:06 | WARNING: Baking animation because there are keyframes with different interpolation methods in one channel
19:16:06 | WARNING: Baking animation because there are keyframes with different interpolation methods in one channel
19:16:06 | WARNING: Baking animation because there are keyframes with different interpolation methods in one channel
19:16:06 | WARNING: Baking animation because there are keyframes with different interpolation methods in one channel
19:16:06 | WARNING: Baking animation because there are keyframes with different interpolation methods in one channel
19:16:06 | WARNING: Baking animation because there are keyframes with different interpolation methods in one channel
19:16:06 | WARNING: Baking animation because there are keyframes with different interpolation methods in one channel
19:16:06 | WARNING: Baking animation because there are keyframes with different interpolation methods in one channel
19:16:06 | WARNING: Baking animation because there are keyframes with different interpolation methods in one channel
19:16:06 | WARNING: Baking animation because there are keyframes with different interpolation methods in one channel
19:16:06 | WARNING: Baking animation because there are keyframes with different interpolation methods in one channel
19:16:06 | WARNING: Baking animation because there are keyframes with different interpolation methods in one channel
19:16:06 | WARNING: Baking animation because there are keyframes with different interpolation methods in one channel
19:16:06 | WARNING: Baking animation because there are keyframes with different interpolation methods in one channel
19:16:06 | WARNING: Baking animation because there are keyframes with different interpolation methods in one channel
19:16:06 | WARNING: Baking animation because there are keyframes with different interpolation methods in one channel
19:16:06 | WARNING: Baking animation because there are keyframes with different interpolation methods in one channel
19:16:06 | WARNING: Baking animation because there are keyframes with different interpolation methods in one channel
19:16:06 | WARNING: Baking animation because there are keyframes with different interpolation methods in one channel
19:16:06 | WARNING: Baking animation because there are keyframes with different interpolation methods in one channel
19:16:06 | WARNING: Baking animation because there are keyframes with different interpolation methods in one channel
19:16:06 | WARNING: Baking animation because there are keyframes with different interpolation methods in one channel
19:16:06 | WARNING: Baking animation because there are keyframes with different interpolation methods in one channel
19:16:06 | WARNING: Baking animation because there are keyframes with different interpolation methods in one channel
19:16:06 | WARNING: Baking animation because there are keyframes with different interpolation methods in one channel
19:16:06 | WARNING: Baking animation because there are keyframes with different interpolation methods in one channel
19:16:06 | WARNING: Baking animation because there are keyframes with different interpolation methods in one channel
19:16:06 | WARNING: Baking animation because there are keyframes with different interpolation methods in one channel
19:16:06 | WARNING: Baking animation because there are keyframes with different interpolation methods in one channel
19:16:06 | WARNING: Baking animation because there are keyframes with different interpolation methods in one channel
19:16:06 | WARNING: Baking animation because there are keyframes with different interpolation methods in one channel
19:16:06 | WARNING: Baking animation because there are keyframes with different interpolation methods in one channel
19:16:06 | WARNING: Baking animation because there are keyframes with different interpolation methods in one channel
19:16:06 | WARNING: Baking animation because there are keyframes with different interpolation methods in one channel
19:16:06 | WARNING: Baking animation because there are keyframes with different interpolation methods in one channel
19:16:06 | WARNING: Baking animation because there are keyframes with different interpolation methods in one channel
19:16:06 | WARNING: Baking animation because there are keyframes with different interpolation methods in one channel
19:16:06 | WARNING: Baking animation because there are keyframes with different interpolation methods in one channel
19:16:06 | WARNING: Baking animation because there are keyframes with different interpolation methods in one channel
19:16:06 | WARNING: Baking animation because there are keyframes with different interpolation methods in one channel
19:16:06 | WARNING: Baking animation because there are keyframes with different interpolation methods in one channel
19:16:06 | WARNING: Baking animation because there are keyframes with different interpolation methods in one channel
19:16:06 | WARNING: Baking animation because there are keyframes with different interpolation methods in one channel
19:16:06 | WARNING: Baking animation because there are keyframes with different interpolation methods in one channel
19:16:06 | WARNING: Baking animation because there are keyframes with different interpolation methods in one channel
19:16:06 | WARNING: Baking animation because there are keyframes with different interpolation methods in one channel
19:16:06 | WARNING: Baking animation because there are keyframes with different interpolation methods in one channel
19:16:06 | WARNING: Baking animation because there are keyframes with different interpolation methods in one channel
19:16:06 | WARNING: Baking animation because there are keyframes with different interpolation methods in one channel
19:16:06 | WARNING: Baking animation because there are keyframes with different interpolation methods in one channel
19:16:06 | WARNING: Baking animation because there are keyframes with different interpolation methods in one channel
19:16:06 | WARNING: Baking animation because there are keyframes with different interpolation methods in one channel
19:16:06 | WARNING: Baking animation because there are keyframes with different interpolation methods in one channel
19:16:06 | WARNING: Baking animation because there are keyframes with different interpolation methods in one channel
19:16:06 | WARNING: Baking animation because there are keyframes with different interpolation methods in one channel
19:16:06 | WARNING: Baking animation because there are keyframes with different interpolation methods in one channel
19:16:06 | WARNING: Baking animation because there are keyframes with different interpolation methods in one channel
19:16:06 | WARNING: Baking animation because there are keyframes with different interpolation methods in one channel
19:16:06 | WARNING: Baking animation because there are keyframes with different interpolation methods in one channel
19:16:06 | WARNING: Baking animation because there are keyframes with different interpolation methods in one channel
19:16:06 | WARNING: Baking animation because there are keyframes with different interpolation methods in one channel
19:16:06 | WARNING: Baking animation because there are keyframes with different interpolation methods in one channel
19:16:06 | WARNING: Baking animation because there are keyframes with different interpolation methods in one channel
19:16:06 | WARNING: Baking animation because there are keyframes with different interpolation methods in one channel
19:16:06 | WARNING: Baking animation because there are keyframes with different interpolation methods in one channel
19:16:06 | WARNING: Baking animation because there are keyframes with different interpolation methods in one channel
19:16:06 | WARNING: Baking animation because there are keyframes with different interpolation methods in one channel
19:16:06 | WARNING: Baking animation because there are keyframes with different interpolation methods in one channel
19:16:06 | WARNING: Baking animation because there are keyframes with different interpolation methods in one channel
19:16:06 | WARNING: Baking animation because there are keyframes with different interpolation methods in one channel
19:16:06 | WARNING: Baking animation because there are keyframes with different interpolation methods in one channel
19:16:06 | WARNING: Baking animation because there are keyframes with different interpolation methods in one channel
19:16:06 | WARNING: Baking animation because there are keyframes with different interpolation methods in one channel
19:16:06 | WARNING: Baking animation because there are keyframes with different interpolation methods in one channel
19:16:06 | WARNING: Baking animation because there are keyframes with different interpolation methods in one channel
19:16:06 | WARNING: Baking animation because there are keyframes with different interpolation methods in one channel
19:16:06 | WARNING: Baking animation because there are keyframes with different interpolation methods in one channel
19:16:06 | WARNING: Baking animation because there are keyframes with different interpolation methods in one channel
19:16:06 | WARNING: Baking animation because there are keyframes with different interpolation methods in one channel
19:16:06 | WARNING: Baking animation because there are keyframes with different interpolation methods in one channel
19:16:06 | WARNING: Baking animation because there are keyframes with different interpolation methods in one channel
19:16:06 | WARNING: Baking animation because there are keyframes with different interpolation methods in one channel
19:16:06 | WARNING: Baking animation because there are keyframes with different interpolation methods in one channel
19:16:06 | WARNING: Baking animation because there are keyframes with different interpolation methods in one channel
19:16:06 | WARNING: Baking animation because there are keyframes with different interpolation methods in one channel
19:16:06 | WARNING: Baking animation because there are keyframes with different interpolation methods in one channel
19:16:06 | WARNING: Baking animation because there are keyframes with different interpolation methods in one channel
19:16:06 | WARNING: Baking animation because there are keyframes with different interpolation methods in one channel
19:16:06 | WARNING: Baking animation because there are keyframes with different interpolation methods in one channel
19:16:06 | WARNING: Baking animation because there are keyframes with different interpolation methods in one channel
19:16:06 | WARNING: Baking animation because there are keyframes with different interpolation methods in one channel
19:16:06 | WARNING: Baking animation because there are keyframes with different interpolation methods in one channel
19:16:06 | WARNING: Baking animation because there are keyframes with different interpolation methods in one channel
19:16:06 | WARNING: Baking animation because there are keyframes with different interpolation methods in one channel
19:16:06 | WARNING: Baking animation because there are keyframes with different interpolation methods in one channel
19:16:06 | WARNING: Baking animation because there are keyframes with different interpolation methods in one channel
19:16:06 | WARNING: Baking animation because there are keyframes with different interpolation methods in one channel
19:16:06 | WARNING: Baking animation because there are keyframes with different interpolation methods in one channel
19:16:06 | WARNING: Baking animation because there are keyframes with different interpolation methods in one channel
19:16:07 | WARNING: Baking animation because there are keyframes with different interpolation methods in one channel
19:16:07 | WARNING: Baking animation because there are keyframes with different interpolation methods in one channel
19:16:07 | WARNING: Baking animation because there are keyframes with different interpolation methods in one channel
19:16:07 | WARNING: Baking animation because there are keyframes with different interpolation methods in one channel
19:16:07 | WARNING: Baking animation because there are keyframes with different interpolation methods in one channel
19:16:07 | WARNING: Baking animation because there are keyframes with different interpolation methods in one channel
19:16:07 | WARNING: Baking animation because there are keyframes with different interpolation methods in one channel
19:16:07 | WARNING: Baking animation because there are keyframes with different interpolation methods in one channel
19:16:07 | WARNING: Baking animation because there are keyframes with different interpolation methods in one channel
19:16:07 | WARNING: Baking animation because there are keyframes with different interpolation methods in one channel
19:16:07 | WARNING: Baking animation because there are keyframes with different interpolation methods in one channel
19:16:07 | WARNING: Baking animation because there are keyframes with different interpolation methods in one channel
19:16:07 | WARNING: Baking animation because there are keyframes with different interpolation methods in one channel
19:16:07 | WARNING: Baking animation because there are keyframes with different interpolation methods in one channel
19:16:07 | WARNING: Baking animation because there are keyframes with different interpolation methods in one channel
19:16:07 | WARNING: Baking animation because there are keyframes with different interpolation methods in one channel
19:16:07 | WARNING: Baking animation because there are keyframes with different interpolation methods in one channel
19:16:07 | WARNING: Baking animation because there are keyframes with different interpolation methods in one channel
19:16:07 | WARNING: Baking animation because there are keyframes with different interpolation methods in one channel
19:16:07 | WARNING: Baking animation because there are keyframes with different interpolation methods in one channel
19:16:07 | WARNING: Baking animation because there are keyframes with different interpolation methods in one channel
19:16:07 | WARNING: Baking animation because there are keyframes with different interpolation methods in one channel
19:16:07 | WARNING: Baking animation because there are keyframes with different interpolation methods in one channel
19:16:07 | WARNING: Baking animation because there are keyframes with different interpolation methods in one channel
19:16:07 | WARNING: Baking animation because there are keyframes with different interpolation methods in one channel
19:16:07 | WARNING: Baking animation because there are keyframes with different interpolation methods in one channel
19:16:07 | WARNING: Baking animation because there are keyframes with different interpolation methods in one channel
19:16:07 | WARNING: Baking animation because there are keyframes with different interpolation methods in one channel
19:16:07 | WARNING: Baking animation because there are keyframes with different interpolation methods in one channel
19:16:07 | WARNING: Baking animation because there are keyframes with different interpolation methods in one channel
19:16:07 | WARNING: Baking animation because there are keyframes with different interpolation methods in one channel
19:16:07 | WARNING: Baking animation because there are keyframes with different interpolation methods in one channel
19:16:07 | WARNING: Baking animation because there are keyframes with different interpolation methods in one channel
19:16:07 | WARNING: Baking animation because there are keyframes with different interpolation methods in one channel
19:16:07 | WARNING: Baking animation because there are keyframes with different interpolation methods in one channel
19:16:07 | WARNING: Baking animation because there are keyframes with different interpolation methods in one channel
19:16:07 | WARNING: Baking animation because there are keyframes with different interpolation methods in one channel
19:16:07 | WARNING: Baking animation because there are keyframes with different interpolation methods in one channel
19:16:07 | WARNING: Baking animation because there are keyframes with different interpolation methods in one channel
19:16:07 | WARNING: Baking animation because there are keyframes with different interpolation methods in one channel
19:16:07 | WARNING: Baking animation because there are keyframes with different interpolation methods in one channel
19:16:07 | WARNING: Baking animation because there are keyframes with different interpolation methods in one channel
19:16:07 | WARNING: Baking animation because there are keyframes with different interpolation methods in one channel
19:16:07 | WARNING: Baking animation because there are keyframes with different interpolation methods in one channel
19:16:07 | WARNING: Baking animation because there are keyframes with different interpolation methods in one channel
19:16:07 | WARNING: Baking animation because there are keyframes with different interpolation methods in one channel
19:16:07 | WARNING: Baking animation because there are keyframes with different interpolation methods in one channel
19:16:07 | WARNING: Baking animation because there are keyframes with different interpolation methods in one channel
19:16:07 | WARNING: Baking animation because there are keyframes with different interpolation methods in one channel
19:16:07 | WARNING: Baking animation because there are keyframes with different interpolation methods in one channel
19:16:07 | WARNING: Baking animation because there are keyframes with different interpolation methods in one channel
19:16:07 | WARNING: Baking animation because there are keyframes with different interpolation methods in one channel
19:16:07 | WARNING: Baking animation because there are keyframes with different interpolation methods in one channel
19:16:10 | WARNING: Baking animation because there are keyframes with different interpolation methods in one channel
19:16:10 | WARNING: Baking animation because there are keyframes with different interpolation methods in one channel
19:16:10 | WARNING: Baking animation because there are keyframes with different interpolation methods in one channel
19:16:10 | WARNING: Baking animation because there are keyframes with different interpolation methods in one channel
19:16:10 | WARNING: Baking animation because there are keyframes with different interpolation methods in one channel
19:16:10 | WARNING: Baking animation because there are keyframes with different interpolation methods in one channel
19:16:10 | WARNING: Baking animation because there are keyframes with different interpolation methods in one channel
19:16:10 | WARNING: Baking animation because there are keyframes with different interpolation methods in one channel
19:16:10 | WARNING: Baking animation because there are keyframes with different interpolation methods in one channel
19:16:10 | WARNING: Baking animation because there are keyframes with different interpolation methods in one channel
19:16:10 | WARNING: Baking animation because there are keyframes with different interpolation methods in one channel
19:16:10 | WARNING: Baking animation because there are keyframes with different interpolation methods in one channel
19:16:10 | WARNING: Baking animation because there are keyframes with different interpolation methods in one channel
19:16:10 | WARNING: Baking animation because there are keyframes with different interpolation methods in one channel
19:16:10 | WARNING: Baking animation because there are keyframes with different interpolation methods in one channel
19:16:10 | WARNING: Baking animation because there are keyframes with different interpolation methods in one channel
19:16:10 | WARNING: Baking animation because there are keyframes with different interpolation methods in one channel
19:16:10 | WARNING: Baking animation because there are keyframes with different interpolation methods in one channel
19:16:10 | WARNING: Baking animation because there are keyframes with different interpolation methods in one channel
19:16:10 | WARNING: Baking animation because there are keyframes with different interpolation methods in one channel
19:16:10 | WARNING: Baking animation because there are keyframes with different interpolation methods in one channel
19:16:10 | WARNING: Baking animation because there are keyframes with different interpolation methods in one channel
19:16:10 | WARNING: Baking animation because there are keyframes with different interpolation methods in one channel
19:16:10 | WARNING: Baking animation because there are keyframes with different interpolation methods in one channel
19:16:10 | WARNING: Baking animation because there are keyframes with different interpolation methods in one channel
19:16:10 | WARNING: Baking animation because there are keyframes with different interpolation methods in one channel
19:16:10 | WARNING: Baking animation because there are keyframes with different interpolation methods in one channel
19:16:10 | WARNING: Baking animation because there are keyframes with different interpolation methods in one channel
19:16:10 | WARNING: Baking animation because there are keyframes with different interpolation methods in one channel
19:16:10 | WARNING: Baking animation because there are keyframes with different interpolation methods in one channel
19:16:10 | WARNING: Baking animation because there are keyframes with different interpolation methods in one channel
19:16:10 | WARNING: Baking animation because there are keyframes with different interpolation methods in one channel
19:16:10 | WARNING: Baking animation because there are keyframes with different interpolation methods in one channel
19:16:10 | WARNING: Baking animation because there are keyframes with different interpolation methods in one channel
19:16:10 | WARNING: Baking animation because there are keyframes with different interpolation methods in one channel
19:16:10 | WARNING: Baking animation because there are keyframes with different interpolation methods in one channel
19:16:10 | WARNING: Baking animation because there are keyframes with different interpolation methods in one channel
19:16:10 | WARNING: Baking animation because there are keyframes with different interpolation methods in one channel
19:16:10 | WARNING: Baking animation because there are keyframes with different interpolation methods in one channel
19:16:10 | WARNING: Baking animation because there are keyframes with different interpolation methods in one channel
19:16:10 | WARNING: Baking animation because there are keyframes with different interpolation methods in one channel
19:16:10 | WARNING: Baking animation because there are keyframes with different interpolation methods in one channel
19:16:10 | WARNING: Baking animation because there are keyframes with different interpolation methods in one channel
19:16:10 | WARNING: Baking animation because there are keyframes with different interpolation methods in one channel
19:16:10 | WARNING: Baking animation because there are keyframes with different interpolation methods in one channel
19:16:10 | WARNING: Baking animation because there are keyframes with different interpolation methods in one channel
19:16:10 | WARNING: Baking animation because there are keyframes with different interpolation methods in one channel
19:16:10 | WARNING: Baking animation because there are keyframes with different interpolation methods in one channel
19:16:10 | WARNING: Baking animation because there are keyframes with different interpolation methods in one channel
19:16:10 | WARNING: Baking animation because there are keyframes with different interpolation methods in one channel
19:16:10 | WARNING: Baking animation because there are keyframes with different interpolation methods in one channel
19:16:10 | WARNING: Baking animation because there are keyframes with different interpolation methods in one channel
19:16:10 | WARNING: Baking animation because there are keyframes with different interpolation methods in one channel
19:16:11 | WARNING: Baking animation because there are keyframes with different interpolation methods in one channel
19:16:11 | WARNING: Baking animation because there are keyframes with different interpolation methods in one channel
19:16:11 | WARNING: Baking animation because there are keyframes with different interpolation methods in one channel
19:16:11 | WARNING: Baking animation because there are keyframes with different interpolation methods in one channel
19:16:11 | WARNING: Baking animation because there are keyframes with different interpolation methods in one channel
19:16:11 | WARNING: Baking animation because there are keyframes with different interpolation methods in one channel
19:16:11 | WARNING: Baking animation because there are keyframes with different interpolation methods in one channel
19:16:11 | WARNING: Baking animation because there are keyframes with different interpolation methods in one channel
19:16:11 | WARNING: Baking animation because there are keyframes with different interpolation methods in one channel
19:16:11 | WARNING: Baking animation because there are keyframes with different interpolation methods in one channel
19:16:11 | WARNING: Baking animation because there are keyframes with different interpolation methods in one channel
19:16:11 | WARNING: Baking animation because there are keyframes with different interpolation methods in one channel
19:16:11 | WARNING: Baking animation because there are keyframes with different interpolation methods in one channel
19:16:11 | WARNING: Baking animation because there are keyframes with different interpolation methods in one channel
19:16:11 | WARNING: Baking animation because there are keyframes with different interpolation methods in one channel
19:16:11 | WARNING: Baking animation because there are keyframes with different interpolation methods in one channel
19:16:11 | WARNING: Baking animation because there are keyframes with different interpolation methods in one channel
19:16:11 | WARNING: Baking animation because there are keyframes with different interpolation methods in one channel
19:16:11 | WARNING: Baking animation because there are keyframes with different interpolation methods in one channel
19:16:11 | WARNING: Baking animation because there are keyframes with different interpolation methods in one channel
19:16:11 | WARNING: Baking animation because there are keyframes with different interpolation methods in one channel
19:16:11 | WARNING: Baking animation because there are keyframes with different interpolation methods in one channel
19:16:11 | WARNING: Baking animation because there are keyframes with different interpolation methods in one channel
19:16:11 | WARNING: Baking animation because there are keyframes with different interpolation methods in one channel
19:16:11 | WARNING: Baking animation because there are keyframes with different interpolation methods in one channel
19:16:11 | WARNING: Baking animation because there are keyframes with different interpolation methods in one channel
19:16:11 | WARNING: Baking animation because there are keyframes with different interpolation methods in one channel
19:16:11 | WARNING: Baking animation because there are keyframes with different interpolation methods in one channel
19:16:11 | WARNING: Baking animation because there are keyframes with different interpolation methods in one channel
19:16:11 | WARNING: Baking animation because there are keyframes with different interpolation methods in one channel
19:16:11 | WARNING: Baking animation because there are keyframes with different interpolation methods in one channel
19:16:11 | WARNING: Baking animation because there are keyframes with different interpolation methods in one channel
19:16:11 | WARNING: Baking animation because there are keyframes with different interpolation methods in one channel
19:16:11 | WARNING: Baking animation because there are keyframes with different interpolation methods in one channel
19:16:11 | WARNING: Baking animation because there are keyframes with different interpolation methods in one channel
19:16:11 | WARNING: Baking animation because there are keyframes with different interpolation methods in one channel
19:16:11 | WARNING: Baking animation because there are keyframes with different interpolation methods in one channel
19:16:11 | WARNING: Baking animation because there are keyframes with different interpolation methods in one channel
19:16:11 | WARNING: Baking animation because there are keyframes with different interpolation methods in one channel
19:16:11 | WARNING: Baking animation because there are keyframes with different interpolation methods in one channel
19:16:11 | WARNING: Baking animation because there are keyframes with different interpolation methods in one channel
19:16:11 | WARNING: Baking animation because there are keyframes with different interpolation methods in one channel
19:16:11 | WARNING: Baking animation because there are keyframes with different interpolation methods in one channel
19:16:11 | WARNING: Baking animation because there are keyframes with different interpolation methods in one channel
19:16:11 | WARNING: Baking animation because there are keyframes with different interpolation methods in one channel
19:16:11 | WARNING: Baking animation because there are keyframes with different interpolation methods in one channel
19:16:11 | WARNING: Baking animation because there are keyframes with different interpolation methods in one channel
19:16:11 | WARNING: Baking animation because there are keyframes with different interpolation methods in one channel
19:16:11 | WARNING: Baking animation because there are keyframes with different interpolation methods in one channel
19:16:11 | WARNING: Baking animation because there are keyframes with different interpolation methods in one channel
19:16:11 | WARNING: Baking animation because there are keyframes with different interpolation methods in one channel
19:16:11 | WARNING: Baking animation because there are keyframes with different interpolation methods in one channel
19:16:11 | WARNING: Baking animation because there are keyframes with different interpolation methods in one channel
19:16:15 | WARNING: Baking animation because there are keyframes with different interpolation methods in one channel
19:16:15 | WARNING: Baking animation because there are keyframes with different interpolation methods in one channel
19:16:15 | WARNING: Baking animation because there are keyframes with different interpolation methods in one channel
19:16:15 | WARNING: Baking animation because there are keyframes with different interpolation methods in one channel
19:16:15 | WARNING: Baking animation because there are keyframes with different interpolation methods in one channel
19:16:15 | WARNING: Baking animation because there are keyframes with different interpolation methods in one channel
19:16:15 | WARNING: Baking animation because there are keyframes with different interpolation methods in one channel
19:16:15 | WARNING: Baking animation because there are keyframes with different interpolation methods in one channel
19:16:15 | WARNING: Baking animation because there are keyframes with different interpolation methods in one channel
19:16:15 | WARNING: Baking animation because there are keyframes with different interpolation methods in one channel
19:16:15 | WARNING: Baking animation because there are keyframes with different interpolation methods in one channel
19:16:15 | WARNING: Baking animation because there are keyframes with different interpolation methods in one channel
19:16:15 | WARNING: Baking animation because there are keyframes with different interpolation methods in one channel
19:16:15 | WARNING: Baking animation because there are keyframes with different interpolation methods in one channel
19:16:15 | WARNING: Baking animation because there are keyframes with different interpolation methods in one channel
19:16:15 | WARNING: Baking animation because there are keyframes with different interpolation methods in one channel
19:16:15 | WARNING: Baking animation because there are keyframes with different interpolation methods in one channel
19:16:15 | WARNING: Baking animation because there are keyframes with different interpolation methods in one channel
19:16:15 | WARNING: Baking animation because there are keyframes with different interpolation methods in one channel
19:16:15 | WARNING: Baking animation because there are keyframes with different interpolation methods in one channel
19:16:15 | WARNING: Baking animation because there are keyframes with different interpolation methods in one channel
19:16:15 | WARNING: Baking animation because there are keyframes with different interpolation methods in one channel
19:16:15 | WARNING: Baking animation because there are keyframes with different interpolation methods in one channel
19:16:15 | WARNING: Baking animation because there are keyframes with different interpolation methods in one channel
19:16:15 | WARNING: Baking animation because there are keyframes with different interpolation methods in one channel
19:16:15 | WARNING: Baking animation because there are keyframes with different interpolation methods in one channel
19:16:15 | WARNING: Baking animation because there are keyframes with different interpolation methods in one channel
19:16:15 | WARNING: Baking animation because there are keyframes with different interpolation methods in one channel
19:16:15 | WARNING: Baking animation because there are keyframes with different interpolation methods in one channel
19:16:15 | WARNING: Baking animation because there are keyframes with different interpolation methods in one channel
19:16:15 | WARNING: Baking animation because there are keyframes with different interpolation methods in one channel
19:16:15 | WARNING: Baking animation because there are keyframes with different interpolation methods in one channel
19:16:15 | WARNING: Baking animation because there are keyframes with different interpolation methods in one channel
19:16:15 | WARNING: Baking animation because there are keyframes with different interpolation methods in one channel
19:16:15 | WARNING: Baking animation because there are keyframes with different interpolation methods in one channel
19:16:15 | WARNING: Baking animation because there are keyframes with different interpolation methods in one channel
19:16:15 | WARNING: Baking animation because there are keyframes with different interpolation methods in one channel
19:16:15 | WARNING: Baking animation because there are keyframes with different interpolation methods in one channel
19:16:15 | WARNING: Baking animation because there are keyframes with different interpolation methods in one channel
19:16:15 | WARNING: Baking animation because there are keyframes with different interpolation methods in one channel
19:16:15 | WARNING: Baking animation because there are keyframes with different interpolation methods in one channel
19:16:15 | WARNING: Baking animation because there are keyframes with different interpolation methods in one channel
19:16:15 | WARNING: Baking animation because there are keyframes with different interpolation methods in one channel
19:16:15 | WARNING: Baking animation because there are keyframes with different interpolation methods in one channel
19:16:15 | WARNING: Baking animation because there are keyframes with different interpolation methods in one channel
19:16:15 | WARNING: Baking animation because there are keyframes with different interpolation methods in one channel
19:16:15 | WARNING: Baking animation because there are keyframes with different interpolation methods in one channel
19:16:15 | WARNING: Baking animation because there are keyframes with different interpolation methods in one channel
19:16:15 | WARNING: Baking animation because there are keyframes with different interpolation methods in one channel
19:16:15 | WARNING: Baking animation because there are keyframes with different interpolation methods in one channel
19:16:15 | WARNING: Baking animation because there are keyframes with different interpolation methods in one channel
19:16:15 | WARNING: Baking animation because there are keyframes with different interpolation methods in one channel
19:16:15 | WARNING: Baking animation because there are keyframes with different interpolation methods in one channel
19:16:16 | WARNING: Baking animation because there are keyframes with different interpolation methods in one channel
19:16:16 | WARNING: Baking animation because there are keyframes with different interpolation methods in one channel
19:16:16 | WARNING: Baking animation because there are keyframes with different interpolation methods in one channel
19:16:16 | WARNING: Baking animation because there are keyframes with different interpolation methods in one channel
19:16:16 | WARNING: Baking animation because there are keyframes with different interpolation methods in one channel
19:16:16 | WARNING: Baking animation because there are keyframes with different interpolation methods in one channel
19:16:16 | WARNING: Baking animation because there are keyframes with different interpolation methods in one channel
19:16:16 | WARNING: Baking animation because there are keyframes with different interpolation methods in one channel
19:16:16 | WARNING: Baking animation because there are keyframes with different interpolation methods in one channel
19:16:16 | WARNING: Baking animation because there are keyframes with different interpolation methods in one channel
19:16:16 | WARNING: Baking animation because there are keyframes with different interpolation methods in one channel
19:16:16 | WARNING: Baking animation because there are keyframes with different interpolation methods in one channel
19:16:16 | WARNING: Baking animation because there are keyframes with different interpolation methods in one channel
19:16:16 | WARNING: Baking animation because there are keyframes with different interpolation methods in one channel
19:16:16 | WARNING: Baking animation because there are keyframes with different interpolation methods in one channel
19:16:16 | WARNING: Baking animation because there are keyframes with different interpolation methods in one channel
19:16:16 | WARNING: Baking animation because there are keyframes with different interpolation methods in one channel
19:16:16 | WARNING: Baking animation because there are keyframes with different interpolation methods in one channel
19:16:16 | WARNING: Baking animation because there are keyframes with different interpolation methods in one channel
19:16:16 | WARNING: Baking animation because there are keyframes with different interpolation methods in one channel
19:16:16 | WARNING: Baking animation because there are keyframes with different interpolation methods in one channel
19:16:16 | WARNING: Baking animation because there are keyframes with different interpolation methods in one channel
19:16:16 | WARNING: Baking animation because there are keyframes with different interpolation methods in one channel
19:16:16 | WARNING: Baking animation because there are keyframes with different interpolation methods in one channel
19:16:16 | WARNING: Baking animation because there are keyframes with different interpolation methods in one channel
19:16:16 | WARNING: Baking animation because there are keyframes with different interpolation methods in one channel
19:16:16 | WARNING: Baking animation because there are keyframes with different interpolation methods in one channel
19:16:16 | WARNING: Baking animation because there are keyframes with different interpolation methods in one channel
19:16:16 | WARNING: Baking animation because there are keyframes with different interpolation methods in one channel
19:16:16 | WARNING: Baking animation because there are keyframes with different interpolation methods in one channel
19:16:16 | WARNING: Baking animation because there are keyframes with different interpolation methods in one channel
19:16:16 | WARNING: Baking animation because there are keyframes with different interpolation methods in one channel
19:16:16 | WARNING: Baking animation because there are keyframes with different interpolation methods in one channel
19:16:16 | WARNING: Baking animation because there are keyframes with different interpolation methods in one channel
19:16:16 | WARNING: Baking animation because there are keyframes with different interpolation methods in one channel
19:16:16 | WARNING: Baking animation because there are keyframes with different interpolation methods in one channel
19:16:16 | WARNING: Baking animation because there are keyframes with different interpolation methods in one channel
19:16:16 | WARNING: Baking animation because there are keyframes with different interpolation methods in one channel
19:16:16 | WARNING: Baking animation because there are keyframes with different interpolation methods in one channel
19:16:16 | WARNING: Baking animation because there are keyframes with different interpolation methods in one channel
19:16:16 | WARNING: Baking animation because there are keyframes with different interpolation methods in one channel
19:16:16 | WARNING: Baking animation because there are keyframes with different interpolation methods in one channel
19:16:16 | WARNING: Baking animation because there are keyframes with different interpolation methods in one channel
19:16:16 | WARNING: Baking animation because there are keyframes with different interpolation methods in one channel
19:16:16 | WARNING: Baking animation because there are keyframes with different interpolation methods in one channel
19:16:16 | WARNING: Baking animation because there are keyframes with different interpolation methods in one channel
19:16:16 | WARNING: Baking animation because there are keyframes with different interpolation methods in one channel
19:16:16 | WARNING: Baking animation because there are keyframes with different interpolation methods in one channel
19:16:16 | WARNING: Baking animation because there are keyframes with different interpolation methods in one channel
19:16:16 | WARNING: Baking animation because there are keyframes with different interpolation methods in one channel
19:16:16 | WARNING: Baking animation because there are keyframes with different interpolation methods in one channel
19:16:16 | WARNING: Baking animation because there are keyframes with different interpolation methods in one channel
19:16:16 | WARNING: Baking animation because there are keyframes with different interpolation methods in one channel
19:16:16 | WARNING: Baking animation because there are keyframes with different interpolation methods in one channel
19:16:16 | WARNING: Baking animation because there are keyframes with different interpolation methods in one channel
19:16:16 | WARNING: Baking animation because there are keyframes with different interpolation methods in one channel
19:16:16 | WARNING: Baking animation because there are keyframes with different interpolation methods in one channel
19:16:16 | WARNING: Baking animation because there are keyframes with different interpolation methods in one channel
19:16:16 | WARNING: Baking animation because there are keyframes with different interpolation methods in one channel
19:16:16 | WARNING: Baking animation because there are keyframes with different interpolation methods in one channel
19:16:16 | WARNING: Baking animation because there are keyframes with different interpolation methods in one channel
19:16:16 | WARNING: Baking animation because there are keyframes with different interpolation methods in one channel
19:16:16 | WARNING: Baking animation because there are keyframes with different interpolation methods in one channel
19:16:16 | WARNING: Baking animation because there are keyframes with different interpolation methods in one channel
19:16:16 | WARNING: Baking animation because there are keyframes with different interpolation methods in one channel
19:16:16 | WARNING: Baking animation because there are keyframes with different interpolation methods in one channel
19:16:16 | WARNING: Baking animation because there are keyframes with different interpolation methods in one channel
19:16:16 | WARNING: Baking animation because there are keyframes with different interpolation methods in one channel
19:16:16 | WARNING: Baking animation because there are keyframes with different interpolation methods in one channel
19:16:16 | WARNING: Baking animation because there are keyframes with different interpolation methods in one channel
19:16:16 | WARNING: Baking animation because there are keyframes with different interpolation methods in one channel
19:16:16 | WARNING: Baking animation because there are keyframes with different interpolation methods in one channel
19:16:16 | WARNING: Baking animation because there are keyframes with different interpolation methods in one channel
19:16:16 | WARNING: Baking animation because there are keyframes with different interpolation methods in one channel
19:16:16 | WARNING: Baking animation because there are keyframes with different interpolation methods in one channel
19:16:16 | WARNING: Baking animation because there are keyframes with different interpolation methods in one channel
19:16:16 | WARNING: Baking animation because there are keyframes with different interpolation methods in one channel
19:16:16 | WARNING: Baking animation because there are keyframes with different interpolation methods in one channel
19:16:16 | WARNING: Baking animation because there are keyframes with different interpolation methods in one channel
19:16:16 | WARNING: Baking animation because there are keyframes with different interpolation methods in one channel
19:16:16 | WARNING: Baking animation because there are keyframes with different interpolation methods in one channel
19:16:16 | WARNING: Baking animation because there are keyframes with different interpolation methods in one channel
19:16:16 | WARNING: Baking animation because there are keyframes with different interpolation methods in one channel
19:16:16 | WARNING: Baking animation because there are keyframes with different interpolation methods in one channel
19:16:16 | WARNING: Baking animation because there are keyframes with different interpolation methods in one channel
19:16:16 | WARNING: Baking animation because there are keyframes with different interpolation methods in one channel
19:16:16 | WARNING: Baking animation because there are keyframes with different interpolation methods in one channel
19:16:16 | WARNING: Baking animation because there are keyframes with different interpolation methods in one channel
19:16:16 | WARNING: Baking animation because there are keyframes with different interpolation methods in one channel
19:16:16 | WARNING: Baking animation because there are keyframes with different interpolation methods in one channel
19:16:16 | WARNING: Baking animation because there are keyframes with different interpolation methods in one channel
19:16:16 | WARNING: Baking animation because there are keyframes with different interpolation methods in one channel
19:16:16 | WARNING: Baking animation because there are keyframes with different interpolation methods in one channel
19:16:16 | WARNING: Baking animation because there are keyframes with different interpolation methods in one channel
19:16:16 | WARNING: Baking animation because there are keyframes with different interpolation methods in one channel
19:16:16 | WARNING: Baking animation because there are keyframes with different interpolation methods in one channel
19:16:16 | WARNING: Baking animation because there are keyframes with different interpolation methods in one channel
19:16:16 | WARNING: Baking animation because there are keyframes with different interpolation methods in one channel
19:16:16 | WARNING: Baking animation because there are keyframes with different interpolation methods in one channel
19:16:16 | WARNING: Baking animation because there are keyframes with different interpolation methods in one channel
19:16:16 | WARNING: Baking animation because there are keyframes with different interpolation methods in one channel
19:16:16 | WARNING: Baking animation because there are keyframes with different interpolation methods in one channel
19:16:16 | WARNING: Baking animation because there are keyframes with different interpolation methods in one channel
19:16:16 | WARNING: Baking animation because there are keyframes with different interpolation methods in one channel
19:16:16 | WARNING: Baking animation because there are keyframes with different interpolation methods in one channel
19:16:16 | WARNING: Baking animation because there are keyframes with different interpolation methods in one channel
19:16:16 | WARNING: Baking animation because there are keyframes with different interpolation methods in one channel
19:16:16 | WARNING: Baking animation because there are keyframes with different interpolation methods in one channel
19:16:16 | WARNING: Baking animation because there are keyframes with different interpolation methods in one channel
19:16:16 | WARNING: Baking animation because there are keyframes with different interpolation methods in one channel
19:16:16 | WARNING: Baking animation because there are keyframes with different interpolation methods in one channel
19:16:16 | WARNING: Baking animation because there are keyframes with different interpolation methods in one channel
19:16:16 | WARNING: Baking animation because there are keyframes with different interpolation methods in one channel
19:16:16 | WARNING: Baking animation because there are keyframes with different interpolation methods in one channel
19:16:16 | WARNING: Baking animation because there are keyframes with different interpolation methods in one channel
19:16:16 | WARNING: Baking animation because there are keyframes with different interpolation methods in one channel
19:16:16 | WARNING: Baking animation because there are keyframes with different interpolation methods in one channel
19:16:16 | WARNING: Baking animation because there are keyframes with different interpolation methods in one channel
19:16:16 | WARNING: Baking animation because there are keyframes with different interpolation methods in one channel
19:16:16 | WARNING: Baking animation because there are keyframes with different interpolation methods in one channel
19:16:16 | WARNING: Baking animation because there are keyframes with different interpolation methods in one channel
19:16:16 | WARNING: Baking animation because there are keyframes with different interpolation methods in one channel
19:16:16 | WARNING: Baking animation because there are keyframes with different interpolation methods in one channel
19:16:16 | WARNING: Baking animation because there are keyframes with different interpolation methods in one channel
19:16:16 | WARNING: Baking animation because there are keyframes with different interpolation methods in one channel
19:16:16 | WARNING: Baking animation because there are keyframes with different interpolation methods in one channel
19:16:16 | WARNING: Baking animation because there are keyframes with different interpolation methods in one channel
19:16:16 | WARNING: Baking animation because there are keyframes with different interpolation methods in one channel
19:16:16 | WARNING: Baking animation because there are keyframes with different interpolation methods in one channel
19:16:16 | WARNING: Baking animation because there are keyframes with different interpolation methods in one channel
19:16:16 | WARNING: Baking animation because there are keyframes with different interpolation methods in one channel
19:16:16 | WARNING: Baking animation because there are keyframes with different interpolation methods in one channel
19:16:16 | WARNING: Baking animation because there are keyframes with different interpolation methods in one channel
19:16:16 | WARNING: Baking animation because there are keyframes with different interpolation methods in one channel
19:16:16 | WARNING: Baking animation because there are keyframes with different interpolation methods in one channel
19:16:16 | WARNING: Baking animation because there are keyframes with different interpolation methods in one channel
19:16:16 | WARNING: Baking animation because there are keyframes with different interpolation methods in one channel
19:16:16 | WARNING: Baking animation because there are keyframes with different interpolation methods in one channel
19:16:16 | WARNING: Baking animation because there are keyframes with different interpolation methods in one channel
19:16:16 | WARNING: Baking animation because there are keyframes with different interpolation methods in one channel
19:16:16 | WARNING: Baking animation because there are keyframes with different interpolation methods in one channel
19:16:16 | WARNING: Baking animation because there are keyframes with different interpolation methods in one channel
19:16:16 | WARNING: Baking animation because there are keyframes with different interpolation methods in one channel
19:16:16 | WARNING: Baking animation because there are keyframes with different interpolation methods in one channel
19:16:16 | WARNING: Baking animation because there are keyframes with different interpolation methods in one channel
19:16:16 | WARNING: Baking animation because there are keyframes with different interpolation methods in one channel
19:16:16 | WARNING: Baking animation because there are keyframes with different interpolation methods in one channel
19:16:16 | WARNING: Baking animation because there are keyframes with different interpolation methods in one channel
19:16:16 | WARNING: Baking animation because there are keyframes with different interpolation methods in one channel
19:16:16 | WARNING: Baking animation because there are keyframes with different interpolation methods in one channel
19:16:16 | WARNING: Baking animation because there are keyframes with different interpolation methods in one channel
19:16:16 | WARNING: Baking animation because there are keyframes with different interpolation methods in one channel
19:16:16 | WARNING: Baking animation because there are keyframes with different interpolation methods in one channel
19:16:16 | WARNING: Baking animation because there are keyframes with different interpolation methods in one channel
19:16:16 | WARNING: Baking animation because there are keyframes with different interpolation methods in one channel
19:16:16 | WARNING: Baking animation because there are keyframes with different interpolation methods in one channel
19:16:16 | WARNING: Baking animation because there are keyframes with different interpolation methods in one channel
19:16:16 | WARNING: Baking animation because there are keyframes with different interpolation methods in one channel
19:16:16 | WARNING: Baking animation because there are keyframes with different interpolation methods in one channel
19:16:16 | WARNING: Baking animation because there are keyframes with different interpolation methods in one channel
19:16:16 | WARNING: Baking animation because there are keyframes with different interpolation methods in one channel
19:16:16 | WARNING: Baking animation because there are keyframes with different interpolation methods in one channel
19:16:16 | WARNING: Baking animation because there are keyframes with different interpolation methods in one channel
19:16:16 | WARNING: Baking animation because there are keyframes with different interpolation methods in one channel
19:16:16 | WARNING: Baking animation because there are keyframes with different interpolation methods in one channel
19:16:16 | WARNING: Baking animation because there are keyframes with different interpolation methods in one channel
19:16:16 | WARNING: Baking animation because there are keyframes with different interpolation methods in one channel
19:16:16 | WARNING: Baking animation because there are keyframes with different interpolation methods in one channel
19:16:16 | WARNING: Baking animation because there are keyframes with different interpolation methods in one channel
19:16:16 | WARNING: Baking animation because there are keyframes with different interpolation methods in one channel
19:16:16 | WARNING: Baking animation because there are keyframes with different interpolation methods in one channel
19:16:16 | WARNING: Baking animation because there are keyframes with different interpolation methods in one channel
19:16:16 | WARNING: Baking animation because there are keyframes with different interpolation methods in one channel
19:16:16 | WARNING: Baking animation because there are keyframes with different interpolation methods in one channel
19:16:16 | WARNING: Baking animation because there are keyframes with different interpolation methods in one channel
19:16:16 | WARNING: Baking animation because there are keyframes with different interpolation methods in one channel
19:16:16 | WARNING: Baking animation because there are keyframes with different interpolation methods in one channel
19:16:16 | WARNING: Baking animation because there are keyframes with different interpolation methods in one channel
19:16:16 | WARNING: Baking animation because there are keyframes with different interpolation methods in one channel
19:16:16 | WARNING: Baking animation because there are keyframes with different interpolation methods in one channel
19:16:16 | WARNING: Baking animation because there are keyframes with different interpolation methods in one channel
19:16:16 | WARNING: Baking animation because there are keyframes with different interpolation methods in one channel
19:16:16 | WARNING: Baking animation because there are keyframes with different interpolation methods in one channel
19:16:16 | WARNING: Baking animation because there are keyframes with different interpolation methods in one channel
19:16:16 | WARNING: Baking animation because there are keyframes with different interpolation methods in one channel
19:16:16 | WARNING: Baking animation because there are keyframes with different interpolation methods in one channel
19:16:16 | WARNING: Baking animation because there are keyframes with different interpolation methods in one channel
19:16:16 | WARNING: Baking animation because there are keyframes with different interpolation methods in one channel
19:16:16 | WARNING: Baking animation because there are keyframes with different interpolation methods in one channel
19:16:16 | WARNING: Baking animation because there are keyframes with different interpolation methods in one channel
19:16:16 | WARNING: Baking animation because there are keyframes with different interpolation methods in one channel
19:16:16 | WARNING: Baking animation because there are keyframes with different interpolation methods in one channel
19:16:16 | WARNING: Baking animation because there are keyframes with different interpolation methods in one channel
19:16:16 | WARNING: Baking animation because there are keyframes with different interpolation methods in one channel
19:16:16 | WARNING: Baking animation because there are keyframes with different interpolation methods in one channel
19:16:16 | WARNING: Baking animation because there are keyframes with different interpolation methods in one channel
19:16:16 | WARNING: Baking animation because there are keyframes with different interpolation methods in one channel
19:16:16 | WARNING: Baking animation because there are keyframes with different interpolation methods in one channel
19:16:16 | WARNING: Baking animation because there are keyframes with different interpolation methods in one channel
19:16:16 | WARNING: Baking animation because there are keyframes with different interpolation methods in one channel
19:16:16 | WARNING: Baking animation because there are keyframes with different interpolation methods in one channel
19:16:16 | WARNING: Baking animation because there are keyframes with different interpolation methods in one channel
19:16:16 | WARNING: Baking animation because there are keyframes with different interpolation methods in one channel
19:16:16 | WARNING: Baking animation because there are keyframes with different interpolation methods in one channel
19:16:16 | WARNING: Baking animation because there are keyframes with different interpolation methods in one channel
19:16:16 | WARNING: Baking animation because there are keyframes with different interpolation methods in one channel
19:16:16 | WARNING: Baking animation because there are keyframes with different interpolation methods in one channel
19:16:16 | WARNING: Baking animation because there are keyframes with different interpolation methods in one channel
19:16:16 | WARNING: Baking animation because there are keyframes with different interpolation methods in one channel
19:16:16 | WARNING: Baking animation because there are keyframes with different interpolation methods in one channel
19:16:16 | WARNING: Baking animation because there are keyframes with different interpolation methods in one channel
19:16:16 | WARNING: Baking animation because there are keyframes with different interpolation methods in one channel
19:16:17 | WARNING: Baking animation because there are keyframes with different interpolation methods in one channel
19:16:17 | WARNING: Baking animation because there are keyframes with different interpolation methods in one channel
19:16:17 | WARNING: Baking animation because there are keyframes with different interpolation methods in one channel
19:16:17 | WARNING: Baking animation because there are keyframes with different interpolation methods in one channel
19:16:17 | WARNING: Baking animation because there are keyframes with different interpolation methods in one channel
19:16:17 | WARNING: Baking animation because there are keyframes with different interpolation methods in one channel
19:16:17 | WARNING: Baking animation because there are keyframes with different interpolation methods in one channel
19:16:17 | WARNING: Baking animation because there are keyframes with different interpolation methods in one channel
19:16:17 | WARNING: Baking animation because there are keyframes with different interpolation methods in one channel
19:16:17 | WARNING: Baking animation because there are keyframes with different interpolation methods in one channel
19:16:17 | WARNING: Baking animation because there are keyframes with different interpolation methods in one channel
19:16:17 | WARNING: Baking animation because there are keyframes with different interpolation methods in one channel
19:16:17 | WARNING: Baking animation because there are keyframes with different interpolation methods in one channel
19:16:17 | WARNING: Baking animation because there are keyframes with different interpolation methods in one channel
19:16:17 | WARNING: Baking animation because there are keyframes with different interpolation methods in one channel
19:16:17 | WARNING: Baking animation because there are keyframes with different interpolation methods in one channel
19:16:17 | WARNING: Baking animation because there are keyframes with different interpolation methods in one channel
19:16:17 | WARNING: Baking animation because there are keyframes with different interpolation methods in one channel
19:16:17 | WARNING: Baking animation because there are keyframes with different interpolation methods in one channel
19:16:17 | WARNING: Baking animation because there are keyframes with different interpolation methods in one channel
19:16:17 | WARNING: Baking animation because there are keyframes with different interpolation methods in one channel
19:16:17 | WARNING: Baking animation because there are keyframes with different interpolation methods in one channel
19:16:17 | WARNING: Baking animation because there are keyframes with different interpolation methods in one channel
19:16:17 | WARNING: Baking animation because there are keyframes with different interpolation methods in one channel
19:16:17 | WARNING: Baking animation because there are keyframes with different interpolation methods in one channel
19:16:17 | WARNING: Baking animation because there are keyframes with different interpolation methods in one channel
19:16:17 | WARNING: Baking animation because there are keyframes with different interpolation methods in one channel
19:16:17 | WARNING: Baking animation because there are keyframes with different interpolation methods in one channel
19:16:17 | WARNING: Baking animation because there are keyframes with different interpolation methods in one channel
19:16:17 | WARNING: Baking animation because there are keyframes with different interpolation methods in one channel
19:16:17 | WARNING: Baking animation because there are keyframes with different interpolation methods in one channel
19:16:17 | WARNING: Baking animation because there are keyframes with different interpolation methods in one channel
19:16:17 | WARNING: Baking animation because there are keyframes with different interpolation methods in one channel
19:16:17 | WARNING: Baking animation because there are keyframes with different interpolation methods in one channel
19:16:17 | WARNING: Baking animation because there are keyframes with different interpolation methods in one channel
19:16:17 | WARNING: Baking animation because there are keyframes with different interpolation methods in one channel
19:16:17 | WARNING: Baking animation because there are keyframes with different interpolation methods in one channel
19:16:17 | WARNING: Baking animation because there are keyframes with different interpolation methods in one channel
19:16:17 | WARNING: Baking animation because there are keyframes with different interpolation methods in one channel
19:16:17 | WARNING: Baking animation because there are keyframes with different interpolation methods in one channel
19:16:17 | WARNING: Baking animation because there are keyframes with different interpolation methods in one channel
19:16:17 | WARNING: Baking animation because there are keyframes with different interpolation methods in one channel
19:16:17 | WARNING: Baking animation because there are keyframes with different interpolation methods in one channel
19:16:17 | WARNING: Baking animation because there are keyframes with different interpolation methods in one channel
19:16:17 | WARNING: Baking animation because there are keyframes with different interpolation methods in one channel
19:16:17 | WARNING: Baking animation because there are keyframes with different interpolation methods in one channel
19:16:17 | WARNING: Baking animation because there are keyframes with different interpolation methods in one channel
19:16:17 | WARNING: Baking animation because there are keyframes with different interpolation methods in one channel
19:16:17 | WARNING: Baking animation because there are keyframes with different interpolation methods in one channel
19:16:17 | WARNING: Baking animation because there are keyframes with different interpolation methods in one channel
19:16:17 | WARNING: Baking animation because there are keyframes with different interpolation methods in one channel
19:16:17 | WARNING: Baking animation because there are keyframes with different interpolation methods in one channel
19:16:17 | WARNING: Baking animation because there are keyframes with different interpolation methods in one channel
19:16:17 | WARNING: Baking animation because there are keyframes with different interpolation methods in one channel
19:16:17 | WARNING: Baking animation because there are keyframes with different interpolation methods in one channel
19:16:17 | WARNING: Baking animation because there are keyframes with different interpolation methods in one channel
19:16:17 | WARNING: Baking animation because there are keyframes with different interpolation methods in one channel
19:16:17 | WARNING: Baking animation because there are keyframes with different interpolation methods in one channel
19:16:17 | WARNING: Baking animation because there are keyframes with different interpolation methods in one channel
19:16:17 | WARNING: Baking animation because there are keyframes with different interpolation methods in one channel
19:16:17 | WARNING: Baking animation because there are keyframes with different interpolation methods in one channel
19:16:17 | WARNING: Baking animation because there are keyframes with different interpolation methods in one channel
19:16:17 | WARNING: Baking animation because there are keyframes with different interpolation methods in one channel
19:16:17 | WARNING: Baking animation because there are keyframes with different interpolation methods in one channel
19:16:17 | WARNING: Baking animation because there are keyframes with different interpolation methods in one channel
19:16:17 | WARNING: Baking animation because there are keyframes with different interpolation methods in one channel
19:16:17 | WARNING: Baking animation because there are keyframes with different interpolation methods in one channel
19:16:17 | WARNING: Baking animation because there are keyframes with different interpolation methods in one channel
19:16:17 | WARNING: Baking animation because there are keyframes with different interpolation methods in one channel
19:16:17 | WARNING: Baking animation because there are keyframes with different interpolation methods in one channel
19:16:17 | WARNING: Baking animation because there are keyframes with different interpolation methods in one channel
19:16:17 | WARNING: Baking animation because there are keyframes with different interpolation methods in one channel
19:16:17 | WARNING: Baking animation because there are keyframes with different interpolation methods in one channel
19:16:17 | WARNING: Baking animation because there are keyframes with different interpolation methods in one channel
19:16:17 | WARNING: Baking animation because there are keyframes with different interpolation methods in one channel
19:16:17 | WARNING: Baking animation because there are keyframes with different interpolation methods in one channel
19:16:17 | WARNING: Baking animation because there are keyframes with different interpolation methods in one channel
19:16:17 | WARNING: Baking animation because there are keyframes with different interpolation methods in one channel
19:16:17 | WARNING: Baking animation because there are keyframes with different interpolation methods in one channel
19:16:17 | WARNING: Baking animation because there are keyframes with different interpolation methods in one channel
19:16:17 | WARNING: Baking animation because there are keyframes with different interpolation methods in one channel
19:16:17 | WARNING: Baking animation because there are keyframes with different interpolation methods in one channel
19:16:17 | WARNING: Baking animation because there are keyframes with different interpolation methods in one channel
19:16:17 | WARNING: Baking animation because there are keyframes with different interpolation methods in one channel
19:16:17 | WARNING: Baking animation because there are keyframes with different interpolation methods in one channel
19:16:17 | WARNING: Baking animation because there are keyframes with different interpolation methods in one channel
19:16:17 | WARNING: Baking animation because there are keyframes with different interpolation methods in one channel
19:16:17 | WARNING: Baking animation because there are keyframes with different interpolation methods in one channel
19:16:17 | WARNING: Baking animation because there are keyframes with different interpolation methods in one channel
19:16:17 | WARNING: Baking animation because there are keyframes with different interpolation methods in one channel
19:16:17 | WARNING: Baking animation because there are keyframes with different interpolation methods in one channel
19:16:17 | WARNING: Baking animation because there are keyframes with different interpolation methods in one channel
19:16:17 | WARNING: Baking animation because there are keyframes with different interpolation methods in one channel
19:16:17 | WARNING: Baking animation because there are keyframes with different interpolation methods in one channel
19:16:17 | WARNING: Baking animation because there are keyframes with different interpolation methods in one channel
19:16:17 | WARNING: Baking animation because there are keyframes with different interpolation methods in one channel
19:16:17 | WARNING: Baking animation because there are keyframes with different interpolation methods in one channel
19:16:17 | WARNING: Baking animation because there are keyframes with different interpolation methods in one channel
19:16:17 | WARNING: Baking animation because there are keyframes with different interpolation methods in one channel
19:16:17 | WARNING: Baking animation because there are keyframes with different interpolation methods in one channel
19:16:17 | WARNING: Baking animation because there are keyframes with different interpolation methods in one channel
19:16:17 | WARNING: Baking animation because there are keyframes with different interpolation methods in one channel
19:16:17 | WARNING: Baking animation because there are keyframes with different interpolation methods in one channel
19:16:17 | WARNING: Baking animation because there are keyframes with different interpolation methods in one channel
19:16:17 | WARNING: Baking animation because there are keyframes with different interpolation methods in one channel
19:16:17 | WARNING: Baking animation because there are keyframes with different interpolation methods in one channel
19:16:18 | WARNING: Baking animation because there are keyframes with different interpolation methods in one channel
19:16:18 | WARNING: Baking animation because there are keyframes with different interpolation methods in one channel
19:16:18 | WARNING: Baking animation because there are keyframes with different interpolation methods in one channel
19:16:18 | WARNING: Baking animation because there are keyframes with different interpolation methods in one channel
19:16:18 | WARNING: Baking animation because there are keyframes with different interpolation methods in one channel
19:16:18 | WARNING: Baking animation because there are keyframes with different interpolation methods in one channel
19:16:18 | WARNING: Baking animation because there are keyframes with different interpolation methods in one channel
19:16:18 | WARNING: Baking animation because there are keyframes with different interpolation methods in one channel
19:16:18 | WARNING: Baking animation because there are keyframes with different interpolation methods in one channel
19:16:18 | WARNING: Baking animation because there are keyframes with different interpolation methods in one channel
19:16:18 | WARNING: Baking animation because there are keyframes with different interpolation methods in one channel
19:16:18 | WARNING: Baking animation because there are keyframes with different interpolation methods in one channel
19:16:18 | WARNING: Baking animation because there are keyframes with different interpolation methods in one channel
19:16:18 | WARNING: Baking animation because there are keyframes with different interpolation methods in one channel
19:16:18 | WARNING: Baking animation because there are keyframes with different interpolation methods in one channel
19:16:18 | WARNING: Baking animation because there are keyframes with different interpolation methods in one channel
19:16:18 | WARNING: Baking animation because there are keyframes with different interpolation methods in one channel
19:16:18 | WARNING: Baking animation because there are keyframes with different interpolation methods in one channel
19:16:18 | WARNING: Baking animation because there are keyframes with different interpolation methods in one channel
19:16:18 | WARNING: Baking animation because there are keyframes with different interpolation methods in one channel
19:16:18 | WARNING: Baking animation because there are keyframes with different interpolation methods in one channel
19:16:18 | WARNING: Baking animation because there are keyframes with different interpolation methods in one channel
19:16:18 | WARNING: Baking animation because there are keyframes with different interpolation methods in one channel
19:16:18 | WARNING: Baking animation because there are keyframes with different interpolation methods in one channel
19:16:18 | WARNING: Baking animation because there are keyframes with different interpolation methods in one channel
19:16:18 | WARNING: Baking animation because there are keyframes with different interpolation methods in one channel
19:16:18 | WARNING: Baking animation because there are keyframes with different interpolation methods in one channel
19:16:18 | WARNING: Baking animation because there are keyframes with different interpolation methods in one channel
19:16:18 | WARNING: Baking animation because there are keyframes with different interpolation methods in one channel
19:16:18 | WARNING: Baking animation because there are keyframes with different interpolation methods in one channel
19:16:18 | WARNING: Baking animation because there are keyframes with different interpolation methods in one channel
19:16:18 | WARNING: Baking animation because there are keyframes with different interpolation methods in one channel
19:16:18 | WARNING: Baking animation because there are keyframes with different interpolation methods in one channel
19:16:18 | WARNING: Baking animation because there are keyframes with different interpolation methods in one channel
19:16:18 | WARNING: Baking animation because there are keyframes with different interpolation methods in one channel
19:16:18 | WARNING: Baking animation because there are keyframes with different interpolation methods in one channel
19:16:18 | WARNING: Baking animation because there are keyframes with different interpolation methods in one channel
19:16:18 | WARNING: Baking animation because there are keyframes with different interpolation methods in one channel
19:16:18 | WARNING: Baking animation because there are keyframes with different interpolation methods in one channel
19:16:18 | WARNING: Baking animation because there are keyframes with different interpolation methods in one channel
19:16:18 | WARNING: Baking animation because there are keyframes with different interpolation methods in one channel
19:16:18 | WARNING: Baking animation because there are keyframes with different interpolation methods in one channel
19:16:18 | WARNING: Baking animation because there are keyframes with different interpolation methods in one channel
19:16:18 | WARNING: Baking animation because there are keyframes with different interpolation methods in one channel
19:16:18 | WARNING: Baking animation because there are keyframes with different interpolation methods in one channel
19:16:18 | WARNING: Baking animation because there are keyframes with different interpolation methods in one channel
19:16:18 | WARNING: Baking animation because there are keyframes with different interpolation methods in one channel
19:16:18 | WARNING: Baking animation because there are keyframes with different interpolation methods in one channel
19:16:18 | WARNING: Baking animation because there are keyframes with different interpolation methods in one channel
19:16:18 | WARNING: Baking animation because there are keyframes with different interpolation methods in one channel
19:16:18 | WARNING: Baking animation because there are keyframes with different interpolation methods in one channel
19:16:18 | WARNING: Baking animation because there are keyframes with different interpolation methods in one channel
19:16:18 | WARNING: Baking animation because there are keyframes with different interpolation methods in one channel
19:16:29 | WARNING: Baking animation because there are keyframes with different interpolation methods in one channel
19:16:29 | WARNING: Baking animation because there are keyframes with different interpolation methods in one channel
19:16:29 | WARNING: Baking animation because there are keyframes with different interpolation methods in one channel
19:16:29 | WARNING: Baking animation because there are keyframes with different interpolation methods in one channel
19:16:29 | WARNING: Baking animation because there are keyframes with different interpolation methods in one channel
19:16:29 | WARNING: Baking animation because there are keyframes with different interpolation methods in one channel
19:16:29 | WARNING: Baking animation because there are keyframes with different interpolation methods in one channel
19:16:29 | WARNING: Baking animation because there are keyframes with different interpolation methods in one channel
19:16:29 | WARNING: Baking animation because there are keyframes with different interpolation methods in one channel
19:16:29 | WARNING: Baking animation because there are keyframes with different interpolation methods in one channel
19:16:29 | WARNING: Baking animation because there are keyframes with different interpolation methods in one channel
19:16:29 | WARNING: Baking animation because there are keyframes with different interpolation methods in one channel
19:16:29 | WARNING: Baking animation because there are keyframes with different interpolation methods in one channel
19:16:29 | WARNING: Baking animation because there are keyframes with different interpolation methods in one channel
19:16:29 | WARNING: Baking animation because there are keyframes with different interpolation methods in one channel
19:16:29 | WARNING: Baking animation because there are keyframes with different interpolation methods in one channel
19:16:29 | WARNING: Baking animation because there are keyframes with different interpolation methods in one channel
19:16:29 | WARNING: Baking animation because there are keyframes with different interpolation methods in one channel
19:16:29 | WARNING: Baking animation because there are keyframes with different interpolation methods in one channel
19:16:29 | WARNING: Baking animation because there are keyframes with different interpolation methods in one channel
19:16:29 | WARNING: Baking animation because there are keyframes with different interpolation methods in one channel
19:16:29 | WARNING: Baking animation because there are keyframes with different interpolation methods in one channel
19:16:29 | WARNING: Baking animation because there are keyframes with different interpolation methods in one channel
19:16:29 | WARNING: Baking animation because there are keyframes with different interpolation methods in one channel
19:16:29 | WARNING: Baking animation because there are keyframes with different interpolation methods in one channel
19:16:29 | WARNING: Baking animation because there are keyframes with different interpolation methods in one channel
19:16:29 | WARNING: Baking animation because there are keyframes with different interpolation methods in one channel
19:16:29 | WARNING: Baking animation because there are keyframes with different interpolation methods in one channel
19:16:29 | WARNING: Baking animation because there are keyframes with different interpolation methods in one channel
19:16:29 | WARNING: Baking animation because there are keyframes with different interpolation methods in one channel
19:16:29 | WARNING: Baking animation because there are keyframes with different interpolation methods in one channel
19:16:29 | WARNING: Baking animation because there are keyframes with different interpolation methods in one channel
19:16:29 | WARNING: Baking animation because there are keyframes with different interpolation methods in one channel
19:16:29 | WARNING: Baking animation because there are keyframes with different interpolation methods in one channel
19:16:29 | WARNING: Baking animation because there are keyframes with different interpolation methods in one channel
19:16:29 | WARNING: Baking animation because there are keyframes with different interpolation methods in one channel
19:16:29 | WARNING: Baking animation because there are keyframes with different interpolation methods in one channel
19:16:29 | WARNING: Baking animation because there are keyframes with different interpolation methods in one channel
19:16:29 | WARNING: Baking animation because there are keyframes with different interpolation methods in one channel
19:16:29 | WARNING: Baking animation because there are keyframes with different interpolation methods in one channel
19:16:29 | WARNING: Baking animation because there are keyframes with different interpolation methods in one channel
19:16:29 | WARNING: Baking animation because there are keyframes with different interpolation methods in one channel
19:16:29 | WARNING: Baking animation because there are keyframes with different interpolation methods in one channel
19:16:29 | WARNING: Baking animation because there are keyframes with different interpolation methods in one channel
19:16:29 | WARNING: Baking animation because there are keyframes with different interpolation methods in one channel
19:16:29 | WARNING: Baking animation because there are keyframes with different interpolation methods in one channel
19:16:29 | WARNING: Baking animation because there are keyframes with different interpolation methods in one channel
19:16:29 | WARNING: Baking animation because there are keyframes with different interpolation methods in one channel
19:16:29 | WARNING: Baking animation because there are keyframes with different interpolation methods in one channel
19:16:29 | WARNING: Baking animation because there are keyframes with different interpolation methods in one channel
19:16:29 | WARNING: Baking animation because there are keyframes with different interpolation methods in one channel
19:16:29 | WARNING: Baking animation because there are keyframes with different interpolation methods in one channel
19:16:29 | WARNING: Baking animation because there are keyframes with different interpolation methods in one channel
19:16:30 | WARNING: Baking animation because there are keyframes with different interpolation methods in one channel
19:16:30 | WARNING: Baking animation because there are keyframes with different interpolation methods in one channel
19:16:30 | WARNING: Baking animation because there are keyframes with different interpolation methods in one channel
19:16:30 | WARNING: Baking animation because there are keyframes with different interpolation methods in one channel
19:16:30 | WARNING: Baking animation because there are keyframes with different interpolation methods in one channel
19:16:30 | WARNING: Baking animation because there are keyframes with different interpolation methods in one channel
19:16:30 | WARNING: Baking animation because there are keyframes with different interpolation methods in one channel
19:16:30 | WARNING: Baking animation because there are keyframes with different interpolation methods in one channel
19:16:30 | WARNING: Baking animation because there are keyframes with different interpolation methods in one channel
19:16:30 | WARNING: Baking animation because there are keyframes with different interpolation methods in one channel
19:16:30 | WARNING: Baking animation because there are keyframes with different interpolation methods in one channel
19:16:30 | WARNING: Baking animation because there are keyframes with different interpolation methods in one channel
19:16:30 | WARNING: Baking animation because there are keyframes with different interpolation methods in one channel
19:16:30 | WARNING: Baking animation because there are keyframes with different interpolation methods in one channel
19:16:30 | WARNING: Baking animation because there are keyframes with different interpolation methods in one channel
19:16:30 | WARNING: Baking animation because there are keyframes with different interpolation methods in one channel
19:16:30 | WARNING: Baking animation because there are keyframes with different interpolation methods in one channel
19:16:30 | WARNING: Baking animation because there are keyframes with different interpolation methods in one channel
19:16:30 | WARNING: Baking animation because there are keyframes with different interpolation methods in one channel
19:16:30 | WARNING: Baking animation because there are keyframes with different interpolation methods in one channel
19:16:30 | WARNING: Baking animation because there are keyframes with different interpolation methods in one channel
19:16:30 | WARNING: Baking animation because there are keyframes with different interpolation methods in one channel
19:16:30 | WARNING: Baking animation because there are keyframes with different interpolation methods in one channel
19:16:30 | WARNING: Baking animation because there are keyframes with different interpolation methods in one channel
19:16:30 | WARNING: Baking animation because there are keyframes with different interpolation methods in one channel
19:16:30 | WARNING: Baking animation because there are keyframes with different interpolation methods in one channel
19:16:30 | WARNING: Baking animation because there are keyframes with different interpolation methods in one channel
19:16:30 | WARNING: Baking animation because there are keyframes with different interpolation methods in one channel
19:16:30 | WARNING: Baking animation because there are keyframes with different interpolation methods in one channel
19:16:30 | WARNING: Baking animation because there are keyframes with different interpolation methods in one channel
19:16:30 | WARNING: Baking animation because there are keyframes with different interpolation methods in one channel
19:16:30 | WARNING: Baking animation because there are keyframes with different interpolation methods in one channel
19:16:30 | WARNING: Baking animation because there are keyframes with different interpolation methods in one channel
19:16:30 | WARNING: Baking animation because there are keyframes with different interpolation methods in one channel
19:16:30 | WARNING: Baking animation because there are keyframes with different interpolation methods in one channel
19:16:30 | WARNING: Baking animation because there are keyframes with different interpolation methods in one channel
19:16:30 | WARNING: Baking animation because there are keyframes with different interpolation methods in one channel
19:16:30 | WARNING: Baking animation because there are keyframes with different interpolation methods in one channel
19:16:30 | WARNING: Baking animation because there are keyframes with different interpolation methods in one channel
19:16:30 | WARNING: Baking animation because there are keyframes with different interpolation methods in one channel
19:16:30 | WARNING: Baking animation because there are keyframes with different interpolation methods in one channel
19:16:30 | WARNING: Baking animation because there are keyframes with different interpolation methods in one channel
19:16:30 | WARNING: Baking animation because there are keyframes with different interpolation methods in one channel
19:16:30 | WARNING: Baking animation because there are keyframes with different interpolation methods in one channel
19:16:30 | WARNING: Baking animation because there are keyframes with different interpolation methods in one channel
19:16:30 | WARNING: Baking animation because there are keyframes with different interpolation methods in one channel
19:16:30 | WARNING: Baking animation because there are keyframes with different interpolation methods in one channel
19:16:30 | WARNING: Baking animation because there are keyframes with different interpolation methods in one channel
19:16:30 | WARNING: Baking animation because there are keyframes with different interpolation methods in one channel
19:16:30 | WARNING: Baking animation because there are keyframes with different interpolation methods in one channel
19:16:30 | WARNING: Baking animation because there are keyframes with different interpolation methods in one channel
19:16:30 | WARNING: Baking animation because there are keyframes with different interpolation methods in one channel
19:16:30 | WARNING: Baking animation because there are keyframes with different interpolation methods in one channel
19:16:33 | INFO: Finished glTF 2.0 export in 39.709776401519775 s

C14_DONE failed=[]
C14_DONE non_ok_bools=[]

Blender quit
Error: Not freed memory blocks: 7806, total unfreed memory 0.828075 MB
