Blender 4.5.0 (hash 8cb6b388974a built 2025-07-15 01:36:24)
Read blend: "I:\工作项目\BIGMANFIGHT\角色资产\美术资产\bigman_v001\bigman_anim_v001.blend"
Fra:0 Mem:104.41M (Peak 107.61M) | Time:00:00.65 | Rendering 1 / 64 samples
Fra:0 Mem:104.41M (Peak 107.61M) | Time:00:00.69 | Rendering 25 / 64 samples
Fra:0 Mem:104.41M (Peak 107.61M) | Time:00:00.73 | Rendering 50 / 64 samples
Fra:0 Mem:104.41M (Peak 107.61M) | Time:00:00.75 | Rendering 64 / 64 samples
Fra:0 Mem:72.37M (Peak 117.51M) | Time:00:00.77 | Compositing
Saved: 'I:\工作项目\BIGMANFIGHT\角色资产\美术资产\bigman_v001\previews\anim\guardloop_side_f0000.png'
Time: 00:00.83 (Saving: 00:00.05)

Fra:0 Mem:106.48M (Peak 109.64M) | Time:00:00.33 | Rendering 1 / 64 samples
Fra:0 Mem:106.48M (Peak 109.64M) | Time:00:00.36 | Rendering 25 / 64 samples
Fra:0 Mem:106.48M (Peak 109.64M) | Time:00:00.40 | Rendering 50 / 64 samples
Fra:0 Mem:106.48M (Peak 109.64M) | Time:00:00.42 | Rendering 64 / 64 samples
Fra:0 Mem:74.44M (Peak 119.58M) | Time:00:00.44 | Compositing
Saved: 'I:\工作项目\BIGMANFIGHT\角色资产\美术资产\bigman_v001\previews\anim\guardloop_front_f0000.png'
Time: 00:00.50 (Saving: 00:00.04)

Fra:0 Mem:106.49M (Peak 109.64M) | Time:00:00.30 | Rendering 1 / 64 samples
Fra:0 Mem:106.49M (Peak 109.64M) | Time:00:00.33 | Rendering 25 / 64 samples
Fra:0 Mem:106.49M (Peak 109.64M) | Time:00:00.37 | Rendering 50 / 64 samples
Fra:0 Mem:106.49M (Peak 109.64M) | Time:00:00.39 | Rendering 64 / 64 samples
Fra:0 Mem:74.44M (Peak 119.58M) | Time:00:00.40 | Compositing
Saved: 'I:\工作项目\BIGMANFIGHT\角色资产\美术资产\bigman_v001\previews\anim\guardloop_three_quarter_f0000.png'
Time: 00:00.46 (Saving: 00:00.04)

Fra:18 Mem:106.49M (Peak 109.64M) | Time:00:00.31 | Rendering 1 / 64 samples
Fra:18 Mem:106.49M (Peak 109.64M) | Time:00:00.35 | Rendering 25 / 64 samples
Fra:18 Mem:106.49M (Peak 109.64M) | Time:00:00.38 | Rendering 50 / 64 samples
Fra:18 Mem:106.49M (Peak 109.64M) | Time:00:00.40 | Rendering 64 / 64 samples
Fra:18 Mem:74.44M (Peak 119.58M) | Time:00:00.42 | Compositing
Saved: 'I:\工作项目\BIGMANFIGHT\角色资产\美术资产\bigman_v001\previews\anim\guardloop_side_f0018.png'
Time: 00:00.51 (Saving: 00:00.08)

Fra:18 Mem:106.49M (Peak 109.64M) | Time:00:00.31 | Rendering 1 / 64 samples
Fra:18 Mem:106.49M (Peak 109.64M) | Time:00:00.35 | Rendering 25 / 64 samples
Fra:18 Mem:106.49M (Peak 109.64M) | Time:00:00.38 | Rendering 50 / 64 samples
Fra:18 Mem:106.49M (Peak 109.64M) | Time:00:00.40 | Rendering 64 / 64 samples
Fra:18 Mem:74.44M (Peak 119.58M) | Time:00:00.43 | Compositing
Saved: 'I:\工作项目\BIGMANFIGHT\角色资产\美术资产\bigman_v001\previews\anim\guardloop_front_f0018.png'
Time: 00:00.48 (Saving: 00:00.04)

Fra:18 Mem:106.49M (Peak 106.49M) | Time:00:00.32 | Rendering 1 / 64 samples
Fra:18 Mem:106.49M (Peak 106.49M) | Time:00:00.35 | Rendering 25 / 64 samples
Fra:18 Mem:106.49M (Peak 106.49M) | Time:00:00.39 | Rendering 50 / 64 samples
Fra:18 Mem:106.49M (Peak 106.49M) | Time:00:00.41 | Rendering 64 / 64 samples
Fra:18 Mem:74.44M (Peak 119.58M) | Time:00:00.43 | Compositing
Saved: 'I:\工作项目\BIGMANFIGHT\角色资产\美术资产\bigman_v001\previews\anim\guardloop_three_quarter_f0018.png'
Time: 00:00.48 (Saving: 00:00.04)

Fra:36 Mem:106.49M (Peak 109.64M) | Time:00:00.31 | Rendering 1 / 64 samples
Fra:36 Mem:106.49M (Peak 109.64M) | Time:00:00.34 | Rendering 25 / 64 samples
Fra:36 Mem:106.49M (Peak 109.64M) | Time:00:00.38 | Rendering 50 / 64 samples
Fra:36 Mem:106.49M (Peak 109.64M) | Time:00:00.40 | Rendering 64 / 64 samples
Fra:36 Mem:74.44M (Peak 119.58M) | Time:00:00.42 | Compositing
Saved: 'I:\工作项目\BIGMANFIGHT\角色资产\美术资产\bigman_v001\previews\anim\guardloop_side_f0036.png'
Time: 00:00.48 (Saving: 00:00.04)

Fra:36 Mem:106.49M (Peak 109.64M) | Time:00:00.31 | Rendering 1 / 64 samples
Fra:36 Mem:106.49M (Peak 109.64M) | Time:00:00.34 | Rendering 25 / 64 samples
Fra:36 Mem:106.49M (Peak 109.64M) | Time:00:00.38 | Rendering 50 / 64 samples
Fra:36 Mem:106.49M (Peak 109.64M) | Time:00:00.40 | Rendering 64 / 64 samples
Fra:36 Mem:74.44M (Peak 119.58M) | Time:00:00.42 | Compositing
Saved: 'I:\工作项目\BIGMANFIGHT\角色资产\美术资产\bigman_v001\previews\anim\guardloop_front_f0036.png'
Time: 00:00.47 (Saving: 00:00.04)

Fra:36 Mem:106.49M (Peak 109.64M) | Time:00:00.30 | Rendering 1 / 64 samples
Fra:36 Mem:106.49M (Peak 109.64M) | Time:00:00.34 | Rendering 25 / 64 samples
Fra:36 Mem:106.49M (Peak 109.64M) | Time:00:00.37 | Rendering 50 / 64 samples
Fra:36 Mem:106.49M (Peak 109.64M) | Time:00:00.39 | Rendering 64 / 64 samples
Fra:36 Mem:74.44M (Peak 119.58M) | Time:00:00.41 | Compositing
Saved: 'I:\工作项目\BIGMANFIGHT\角色资产\美术资产\bigman_v001\previews\anim\guardloop_three_quarter_f0036.png'
Time: 00:00.47 (Saving: 00:00.04)

Fra:54 Mem:106.49M (Peak 109.64M) | Time:00:00.32 | Rendering 1 / 64 samples
Fra:54 Mem:106.49M (Peak 109.64M) | Time:00:00.35 | Rendering 25 / 64 samples
Fra:54 Mem:106.49M (Peak 109.64M) | Time:00:00.39 | Rendering 50 / 64 samples
Fra:54 Mem:106.49M (Peak 109.64M) | Time:00:00.41 | Rendering 64 / 64 samples
Fra:54 Mem:74.44M (Peak 119.58M) | Time:00:00.43 | Compositing
Saved: 'I:\工作项目\BIGMANFIGHT\角色资产\美术资产\bigman_v001\previews\anim\guardloop_side_f0054.png'
Time: 00:00.48 (Saving: 00:00.04)

Fra:54 Mem:106.49M (Peak 109.64M) | Time:00:00.31 | Rendering 1 / 64 samples
Fra:54 Mem:106.49M (Peak 109.64M) | Time:00:00.35 | Rendering 25 / 64 samples
Fra:54 Mem:106.49M (Peak 109.64M) | Time:00:00.38 | Rendering 50 / 64 samples
Fra:54 Mem:106.49M (Peak 109.64M) | Time:00:00.40 | Rendering 64 / 64 samples
Fra:54 Mem:74.44M (Peak 119.58M) | Time:00:00.43 | Compositing
Saved: 'I:\工作项目\BIGMANFIGHT\角色资产\美术资产\bigman_v001\previews\anim\guardloop_front_f0054.png'
Time: 00:00.48 (Saving: 00:00.04)

Fra:54 Mem:106.49M (Peak 109.64M) | Time:00:00.31 | Rendering 1 / 64 samples
Fra:54 Mem:106.49M (Peak 109.64M) | Time:00:00.34 | Rendering 25 / 64 samples
Fra:54 Mem:106.49M (Peak 109.64M) | Time:00:00.37 | Rendering 50 / 64 samples
Fra:54 Mem:106.49M (Peak 109.64M) | Time:00:00.39 | Rendering 64 / 64 samples
Fra:54 Mem:74.44M (Peak 119.58M) | Time:00:00.42 | Compositing
Saved: 'I:\工作项目\BIGMANFIGHT\角色资产\美术资产\bigman_v001\previews\anim\guardloop_three_quarter_f0054.png'
Time: 00:00.47 (Saving: 00:00.04)

Fra:72 Mem:106.49M (Peak 106.49M) | Time:00:00.31 | Rendering 1 / 64 samples
Fra:72 Mem:106.49M (Peak 106.49M) | Time:00:00.35 | Rendering 25 / 64 samples
Fra:72 Mem:106.49M (Peak 106.49M) | Time:00:00.39 | Rendering 50 / 64 samples
Fra:72 Mem:106.49M (Peak 106.49M) | Time:00:00.41 | Rendering 64 / 64 samples
Fra:72 Mem:74.44M (Peak 119.58M) | Time:00:00.43 | Compositing
Saved: 'I:\工作项目\BIGMANFIGHT\角色资产\美术资产\bigman_v001\previews\anim\guardloop_side_f0072.png'
Time: 00:00.49 (Saving: 00:00.05)

Fra:72 Mem:106.49M (Peak 109.64M) | Time:00:00.31 | Rendering 1 / 64 samples
Fra:72 Mem:106.49M (Peak 109.64M) | Time:00:00.34 | Rendering 25 / 64 samples
Fra:72 Mem:106.49M (Peak 109.64M) | Time:00:00.38 | Rendering 50 / 64 samples
Fra:72 Mem:106.49M (Peak 109.64M) | Time:00:00.40 | Rendering 64 / 64 samples
Fra:72 Mem:74.44M (Peak 119.58M) | Time:00:00.42 | Compositing
Saved: 'I:\工作项目\BIGMANFIGHT\角色资产\美术资产\bigman_v001\previews\anim\guardloop_front_f0072.png'
Time: 00:00.47 (Saving: 00:00.04)

Fra:72 Mem:106.49M (Peak 109.64M) | Time:00:00.31 | Rendering 1 / 64 samples
Fra:72 Mem:106.49M (Peak 109.64M) | Time:00:00.34 | Rendering 25 / 64 samples
Fra:72 Mem:106.49M (Peak 109.64M) | Time:00:00.38 | Rendering 50 / 64 samples
Fra:72 Mem:106.49M (Peak 109.64M) | Time:00:00.40 | Rendering 64 / 64 samples
Fra:72 Mem:74.44M (Peak 119.58M) | Time:00:00.42 | Compositing
Saved: 'I:\工作项目\BIGMANFIGHT\角色资产\美术资产\bigman_v001\previews\anim\guardloop_three_quarter_f0072.png'
Time: 00:00.47 (Saving: 00:00.04)

D01_LAYOUT {"total_frames": 24, "seconds": 0.4, "ease_end": 4, "slow_end": 5, "guard": 13, "peak": 16, "settle": 20, "frozen_tail": 4, "segments": 1, "hit_points": 0, "root_motion_m": [0.0, 0.0], "pelvis_z0_mm": 830.0, "ankle0_mm": {"L": [143.18, -169.57, 79.76], "R": [-141.58, 140.43, 79.83]}, "idle_fist_mm": {"L": [144.52, -307.73, 1271.06], "R": [-129.58, -273.48, 1298.18]}, "guard_fist_mm": {"L": [150.0, -230.0, 1510.0], "R": [-150.0, -230.0, 1510.0]}, "guard_elbow_dir": {"L": [-0.3, -0.1, -0.95], "R": [0.3, -0.1, -0.95]}, "tour": "起手接合 4 帧 → 慢起至 5 帧（走 12% 行程）→ 举防到位 13 帧 → 过冲 16 帧 → 定格 20 帧（20..24 逐位冻结）", "note": "D01 举防：本支是全项目第一支持护姿；肘内收 + 拳分列脸两侧（探针两轮目检回炉后定稿）"}
D02_LAYOUT {"total_frames": 72, "seconds": 1.2, "peak": 36, "mid": 18, "segments": 1, "hit_points": 0, "root_motion_m": [0.0, 0.0], "zero_source": "Guard_Start@24（落盘 action，非重演）", "zero_fist_mm": {"L": [150.0, -230.0, 1510.0], "R": [-150.0, -230.0, 1510.0]}, "zero_pelvis_z_mm": 830.0, "press_drop_mm": -7.0, "press_fist_offset_mm": [0.0, -9.0, 4.0], "torso_press_deg": {"pelvis": 0.35, "spine_01": 0.3, "spine_02": 0.3, "chest": 0.7, "neck": -0.5, "head": 0.3, "shoulder.L": 1.8, "shoulder.R": 1.8}, "d01_saved": {"action": "Guard_Start", "found": true, "last_frame": 24, "expected_last_frame": 24, "rot_bones": 57, "loc_bones": ["pelvis"], "frame_range": [0, 24]}, "d01_report_ref_src": "_d01_final.log", "d01_saved_vs_report_max_diff": 4.984e-05, "d01_replay_geom_pos_mm": 0.00269, "d01_replay_geom_pos_bone": "forearm.R", "d01_replay_geom_dir_deg": 0.018505, "d01_replay_geom_dir_bone": "chest", "d01_replay_euler_max_diff_deg": 18.000032, "d01_replay_euler_worst_bone": "hand.R", "d01_replay_roll_free_bones": {"hand.R": [-0.0, 18.0, 0.0]}, "note": "D02 防御：零位 = D01 落盘末帧（引擎真值）；单一承压脉冲 1.2 s；首尾共用同一 dict"}
D02_REPORT {"loop_seamless": true, "loop_angle_deg": 0.0, "loop_move_mm": 0.0, "foot_travel_mm_foot.L": 0.0, "no_foot_slide_foot.L": true, "foot_travel_mm_foot.R": 0.0, "no_foot_slide_foot.R": true, "ground_min_mm": -1.25, "ground_contact_ok": true, "max_frame_step_deg": 3.091, "max_frame_step_at": [1, "upperarm.R"], "no_teleport": true, "bone_travel_mm": {"pelvis": 7.0, "chest": 8.58, "head": 14.72, "hand.L": 10.47, "hand.R": 10.47}, "guard_cover_ok": true, "guard_elbow_ok": true, "min_in_front_mm": 186.1, "min_lateral_mm": 150.0, "min_raise_mm": 207.8, "guard_symmetry_hold_ok": true, "max_sym_mm": 0.0, "clip_max_mm": 0.0, "clip_at": null, "clip_frame": null, "guard_no_face_clip_ok": true, "sternum_range_mm": 8.98, "fist_range_mm": 4.0, "pelvis_range_mm": 7.0, "pelvis_horiz_mm": 0.0, "sternum_press_ok": true, "fist_press_ok": true, "pelvis_press_ok": true, "pelvis_horiz_ok": true, "guard_pressure_ok": true, "guard_loop_closure_ok": true, "seam_move_mm": 0.0, "guard_seam_ok": true, "reach_ratio_max": 0.33203, "reach_ok": true, "plant_mm": {"L": 0.001, "R": 0.001}, "plant_ok": true, "peak_fist_mm": {"L": [150.0, -239.0, 1506.0], "R": [-150.0, -239.0, 1506.0]}, "zero_fist_mm": {"L": [150.0, -230.0, 1510.0], "R": [-150.0, -230.0, 1510.0]}, "aspect": 0.3053, "fill_grid": 0.6119, "width_m": 0.5215, "height_m": 1.7083, "meta": {"anim_id": "Guard_Loop", "loop": true, "category": "防御", "note": "防御：稳定循环，身体持续承受压力（零位 = D01 举防定格），0 命中点、0 位移", "press_peak_frame": 36, "hitstop_frames": 0, "hit_points": 0, "root_motion_m": [0.0, 0.0], "hit_point_m": null, "start_pose_ref": "D01 Guard_Start 末帧", "fps": 60, "frames": [0, 72]}, "ua_start_delta_deg": 0.0, "ua_start_ok": true, "d01_end_saved_ok": true, "d01_saved_vs_report_max_diff": 4.984e-05, "d01_report_ref_src": "_d01_final.log", "d01_replay_geom_ok": true, "d01_replay_geom_pos_mm": 0.00269, "d01_replay_geom_dir_deg": 0.018505, "d01_replay_euler_max_diff_deg": 18.000032, "d01_replay_euler_worst_bone": "hand.R", "d01_replay_roll_free_bones": {"hand.R": [-0.0, 18.0, 0.0]}, "failed": [], "non_ok_bools": []}
Info: Saved as "bigman_anim_v001.blend"
INFO Draco mesh compression is available, use library at D:\Program Files\Blender Foundation\Blender 4.5\4.5\scripts\addons_core\io_scene_gltf2\extern_draco.dll
20:10:38 | INFO: Starting glTF 2.0 export
20:10:39 | INFO: Extracting primitive: Mesh
20:10:39 | INFO: Primitives created: 1
20:10:39 | INFO: Extracting primitive: Mesh
20:10:39 | INFO: Primitives created: 1
20:10:39 | INFO: Extracting primitive: Collar_Point_L
20:10:39 | INFO: Primitives created: 1
20:10:39 | INFO: Extracting primitive: Collar_Point_R
20:10:39 | INFO: Primitives created: 1
20:10:39 | INFO: Extracting primitive: Ear_Inner_L
20:10:39 | INFO: Primitives created: 1
20:10:39 | INFO: Extracting primitive: Ear_Inner_R
20:10:39 | INFO: Primitives created: 1
20:10:39 | INFO: Extracting primitive: Ear_L
20:10:39 | INFO: Primitives created: 1
20:10:39 | INFO: Extracting primitive: Ear_Lobe_L
20:10:39 | INFO: Primitives created: 1
20:10:39 | INFO: Extracting primitive: Ear_Lobe_R
20:10:39 | INFO: Primitives created: 1
20:10:39 | INFO: Extracting primitive: Ear_R
20:10:39 | INFO: Primitives created: 1
20:10:39 | INFO: Extracting primitive: Eye_Glint_L
20:10:39 | INFO: Primitives created: 1
20:10:39 | INFO: Extracting primitive: Eye_Glint_R
20:10:39 | INFO: Primitives created: 1
20:10:39 | INFO: Extracting primitive: Eye_Line_Upper_L
20:10:39 | INFO: Primitives created: 1
20:10:39 | INFO: Extracting primitive: Eye_Line_Upper_R
20:10:39 | INFO: Primitives created: 1
20:10:39 | INFO: Extracting primitive: Eye_White_L
20:10:39 | INFO: Primitives created: 1
20:10:39 | INFO: Extracting primitive: Eye_White_R
20:10:39 | INFO: Primitives created: 1
20:10:39 | INFO: Extracting primitive: Eyebrow_L
20:10:39 | INFO: Primitives created: 1
20:10:39 | INFO: Extracting primitive: Eyebrow_R
20:10:39 | INFO: Primitives created: 1
20:10:39 | INFO: Extracting primitive: Eyelid_Lower_L
20:10:39 | INFO: Primitives created: 1
20:10:39 | INFO: Extracting primitive: Eyelid_Lower_R
20:10:39 | INFO: Primitives created: 1
20:10:39 | INFO: Extracting primitive: Eyelid_Upper_L
20:10:39 | INFO: Primitives created: 1
20:10:39 | INFO: Extracting primitive: Eyelid_Upper_R
20:10:39 | INFO: Primitives created: 1
20:10:39 | INFO: Extracting primitive: Mesh
20:10:39 | INFO: Primitives created: 1
20:10:39 | INFO: Extracting primitive: Mesh
20:10:39 | INFO: Primitives created: 1
20:10:39 | INFO: Extracting primitive: Mesh
20:10:39 | INFO: Primitives created: 1
20:10:39 | INFO: Extracting primitive: Mesh
20:10:39 | INFO: Primitives created: 1
20:10:39 | INFO: Extracting primitive: Mesh
20:10:39 | INFO: Primitives created: 1
20:10:39 | INFO: Extracting primitive: Mesh
20:10:39 | INFO: Primitives created: 1
20:10:39 | INFO: Extracting primitive: Mesh
20:10:39 | INFO: Primitives created: 1
20:10:39 | INFO: Extracting primitive: Mesh
20:10:39 | INFO: Primitives created: 1
20:10:39 | INFO: Extracting primitive: Glasses_Bridge
20:10:39 | INFO: Primitives created: 1
20:10:39 | INFO: Extracting primitive: Glasses_Frame_L
20:10:39 | INFO: Primitives created: 1
20:10:39 | INFO: Extracting primitive: Glasses_Frame_R
20:10:39 | INFO: Primitives created: 1
20:10:39 | INFO: Extracting primitive: Glasses_Temple_L
20:10:39 | INFO: Primitives created: 1
20:10:39 | INFO: Extracting primitive: Glasses_Temple_R
20:10:39 | INFO: Primitives created: 1
20:10:39 | INFO: Extracting primitive: Mesh
20:10:39 | INFO: Primitives created: 1
20:10:39 | INFO: Extracting primitive: Mesh
20:10:39 | INFO: Primitives created: 1
20:10:39 | INFO: Extracting primitive: Mesh
20:10:39 | INFO: Primitives created: 1
20:10:39 | INFO: Extracting primitive: Mesh
20:10:39 | INFO: Primitives created: 1
20:10:39 | INFO: Extracting primitive: Mesh
20:10:39 | INFO: Primitives created: 1
20:10:39 | INFO: Extracting primitive: Iris_L
20:10:39 | INFO: Primitives created: 1
20:10:39 | INFO: Extracting primitive: Iris_R
20:10:39 | INFO: Primitives created: 1
20:10:39 | INFO: Extracting primitive: Iris_Ring_L
20:10:39 | INFO: Primitives created: 1
20:10:39 | INFO: Extracting primitive: Iris_Ring_R
20:10:39 | INFO: Primitives created: 1
20:10:39 | INFO: Extracting primitive: Jacket_Back_Seam
20:10:39 | INFO: Primitives created: 1
20:10:39 | INFO: Extracting primitive: Jacket_Button_1
20:10:39 | INFO: Primitives created: 1
20:10:39 | INFO: Extracting primitive: Jacket_Button_2
20:10:39 | INFO: Primitives created: 1
20:10:39 | INFO: Extracting primitive: Jacket_Collar
20:10:39 | INFO: Primitives created: 1
20:10:39 | INFO: Extracting primitive: Jacket_Lapel_L
20:10:39 | INFO: Primitives created: 1
20:10:39 | INFO: Extracting primitive: Jacket_Lapel_R
20:10:39 | INFO: Primitives created: 1
20:10:39 | INFO: Extracting primitive: Jacket_Vent
20:10:39 | INFO: Primitives created: 1
20:10:39 | INFO: Extracting primitive: Lapel_Fold_L
20:10:39 | INFO: Primitives created: 1
20:10:39 | INFO: Extracting primitive: Lapel_Fold_R
20:10:39 | INFO: Primitives created: 1
20:10:39 | INFO: Extracting primitive: Lapel_Notch_L
20:10:39 | INFO: Primitives created: 1
20:10:39 | INFO: Extracting primitive: Lapel_Notch_R
20:10:39 | INFO: Primitives created: 1
20:10:39 | INFO: Extracting primitive: Lower_Lip
20:10:39 | INFO: Primitives created: 1
20:10:39 | INFO: Extracting primitive: Mouth_Line
20:10:39 | INFO: Primitives created: 1
20:10:39 | INFO: Extracting primitive: Mesh
20:10:39 | INFO: Primitives created: 1
20:10:39 | INFO: Extracting primitive: Mesh
20:10:39 | INFO: Primitives created: 1
20:10:39 | INFO: Extracting primitive: Nose_Wing_L
20:10:39 | INFO: Primitives created: 1
20:10:39 | INFO: Extracting primitive: Nose_Wing_R
20:10:39 | INFO: Primitives created: 1
20:10:39 | INFO: Extracting primitive: Pocket_Flap_L
20:10:39 | INFO: Primitives created: 1
20:10:39 | INFO: Extracting primitive: Pocket_Flap_R
20:10:39 | INFO: Primitives created: 1
20:10:39 | INFO: Extracting primitive: Pupil_L
20:10:39 | INFO: Primitives created: 1
20:10:39 | INFO: Extracting primitive: Pupil_R
20:10:39 | INFO: Primitives created: 1
20:10:39 | INFO: Extracting primitive: Shirt_Collar
20:10:39 | INFO: Primitives created: 1
20:10:39 | INFO: Extracting primitive: Shirt_Cuff_L
20:10:39 | INFO: Primitives created: 1
20:10:39 | INFO: Extracting primitive: Shirt_Cuff_R
20:10:39 | INFO: Primitives created: 1
20:10:39 | INFO: Extracting primitive: Shirt_Front
20:10:39 | INFO: Primitives created: 1
20:10:39 | INFO: Extracting primitive: Mesh
20:10:39 | INFO: Primitives created: 1
20:10:39 | INFO: Extracting primitive: Mesh
20:10:39 | INFO: Primitives created: 1
20:10:39 | INFO: Extracting primitive: Mesh
20:10:39 | INFO: Primitives created: 1
20:10:39 | INFO: Extracting primitive: Mesh
20:10:39 | INFO: Primitives created: 1
20:10:39 | INFO: Extracting primitive: Shoe_Toe_Cap_L
20:10:39 | INFO: Primitives created: 1
20:10:39 | INFO: Extracting primitive: Shoe_Toe_Cap_R
20:10:39 | INFO: Primitives created: 1
20:10:39 | INFO: Extracting primitive: Mesh
20:10:39 | INFO: Primitives created: 1
20:10:39 | INFO: Extracting primitive: Mesh
20:10:39 | INFO: Primitives created: 1
20:10:39 | INFO: Extracting primitive: Sleeve_Button_1_L
20:10:39 | INFO: Primitives created: 1
20:10:39 | INFO: Extracting primitive: Sleeve_Button_1_R
20:10:39 | INFO: Primitives created: 1
20:10:39 | INFO: Extracting primitive: Sleeve_Button_2_L
20:10:39 | INFO: Primitives created: 1
20:10:39 | INFO: Extracting primitive: Sleeve_Button_2_R
20:10:39 | INFO: Primitives created: 1
20:10:39 | INFO: Extracting primitive: Sleeve_Button_3_L
20:10:39 | INFO: Primitives created: 1
20:10:39 | INFO: Extracting primitive: Sleeve_Button_3_R
20:10:39 | INFO: Primitives created: 1
20:10:39 | INFO: Extracting primitive: Mesh
20:10:39 | INFO: Primitives created: 1
20:10:39 | INFO: Extracting primitive: Mesh
20:10:39 | INFO: Primitives created: 1
20:10:39 | INFO: Extracting primitive: Mesh
20:10:39 | INFO: Primitives created: 1
20:10:39 | INFO: Extracting primitive: Mesh
20:10:39 | INFO: Primitives created: 1
20:10:39 | INFO: Extracting primitive: Mesh
20:10:39 | INFO: Primitives created: 1
20:10:39 | INFO: Extracting primitive: Mesh
20:10:39 | INFO: Primitives created: 1
20:10:39 | INFO: Extracting primitive: Mesh
20:10:39 | INFO: Primitives created: 1
20:10:39 | INFO: Extracting primitive: Upper_Lip
20:10:39 | INFO: Primitives created: 1
20:10:55 | WARNING: Baking animation because there are keyframes with different interpolation methods in one channel
20:10:55 | WARNING: Baking animation because there are keyframes with different interpolation methods in one channel
20:10:55 | WARNING: Baking animation because there are keyframes with different interpolation methods in one channel
20:10:55 | WARNING: Baking animation because there are keyframes with different interpolation methods in one channel
20:10:55 | WARNING: Baking animation because there are keyframes with different interpolation methods in one channel
20:10:55 | WARNING: Baking animation because there are keyframes with different interpolation methods in one channel
20:10:55 | WARNING: Baking animation because there are keyframes with different interpolation methods in one channel
20:10:55 | WARNING: Baking animation because there are keyframes with different interpolation methods in one channel
20:10:55 | WARNING: Baking animation because there are keyframes with different interpolation methods in one channel
20:10:55 | WARNING: Baking animation because there are keyframes with different interpolation methods in one channel
20:10:55 | WARNING: Baking animation because there are keyframes with different interpolation methods in one channel
20:10:55 | WARNING: Baking animation because there are keyframes with different interpolation methods in one channel
20:10:55 | WARNING: Baking animation because there are keyframes with different interpolation methods in one channel
20:10:55 | WARNING: Baking animation because there are keyframes with different interpolation methods in one channel
20:10:55 | WARNING: Baking animation because there are keyframes with different interpolation methods in one channel
20:10:55 | WARNING: Baking animation because there are keyframes with different interpolation methods in one channel
20:10:55 | WARNING: Baking animation because there are keyframes with different interpolation methods in one channel
20:10:55 | WARNING: Baking animation because there are keyframes with different interpolation methods in one channel
20:10:55 | WARNING: Baking animation because there are keyframes with different interpolation methods in one channel
20:10:55 | WARNING: Baking animation because there are keyframes with different interpolation methods in one channel
20:10:55 | WARNING: Baking animation because there are keyframes with different interpolation methods in one channel
20:10:55 | WARNING: Baking animation because there are keyframes with different interpolation methods in one channel
20:10:55 | WARNING: Baking animation because there are keyframes with different interpolation methods in one channel
20:10:55 | WARNING: Baking animation because there are keyframes with different interpolation methods in one channel
20:10:55 | WARNING: Baking animation because there are keyframes with different interpolation methods in one channel
20:10:55 | WARNING: Baking animation because there are keyframes with different interpolation methods in one channel
20:10:55 | WARNING: Baking animation because there are keyframes with different interpolation methods in one channel
20:10:55 | WARNING: Baking animation because there are keyframes with different interpolation methods in one channel
20:10:55 | WARNING: Baking animation because there are keyframes with different interpolation methods in one channel
20:10:55 | WARNING: Baking animation because there are keyframes with different interpolation methods in one channel
20:10:55 | WARNING: Baking animation because there are keyframes with different interpolation methods in one channel
20:10:55 | WARNING: Baking animation because there are keyframes with different interpolation methods in one channel
20:10:55 | WARNING: Baking animation because there are keyframes with different interpolation methods in one channel
20:10:55 | WARNING: Baking animation because there are keyframes with different interpolation methods in one channel
20:10:55 | WARNING: Baking animation because there are keyframes with different interpolation methods in one channel
20:10:55 | WARNING: Baking animation because there are keyframes with different interpolation methods in one channel
20:10:55 | WARNING: Baking animation because there are keyframes with different interpolation methods in one channel
20:10:55 | WARNING: Baking animation because there are keyframes with different interpolation methods in one channel
20:10:55 | WARNING: Baking animation because there are keyframes with different interpolation methods in one channel
20:10:55 | WARNING: Baking animation because there are keyframes with different interpolation methods in one channel
20:10:55 | WARNING: Baking animation because there are keyframes with different interpolation methods in one channel
20:10:55 | WARNING: Baking animation because there are keyframes with different interpolation methods in one channel
20:10:55 | WARNING: Baking animation because there are keyframes with different interpolation methods in one channel
20:10:55 | WARNING: Baking animation because there are keyframes with different interpolation methods in one channel
20:10:55 | WARNING: Baking animation because there are keyframes with different interpolation methods in one channel
20:10:55 | WARNING: Baking animation because there are keyframes with different interpolation methods in one channel
20:10:55 | WARNING: Baking animation because there are keyframes with different interpolation methods in one channel
20:10:55 | WARNING: Baking animation because there are keyframes with different interpolation methods in one channel
20:10:55 | WARNING: Baking animation because there are keyframes with different interpolation methods in one channel
20:10:55 | WARNING: Baking animation because there are keyframes with different interpolation methods in one channel
20:10:55 | WARNING: Baking animation because there are keyframes with different interpolation methods in one channel
20:10:55 | WARNING: Baking animation because there are keyframes with different interpolation methods in one channel
20:10:55 | WARNING: Baking animation because there are keyframes with different interpolation methods in one channel
20:10:56 | WARNING: Baking animation because there are keyframes with different interpolation methods in one channel
20:10:56 | WARNING: Baking animation because there are keyframes with different interpolation methods in one channel
20:10:56 | WARNING: Baking animation because there are keyframes with different interpolation methods in one channel
20:10:56 | WARNING: Baking animation because there are keyframes with different interpolation methods in one channel
20:10:56 | WARNING: Baking animation because there are keyframes with different interpolation methods in one channel
20:10:56 | WARNING: Baking animation because there are keyframes with different interpolation methods in one channel
20:10:56 | WARNING: Baking animation because there are keyframes with different interpolation methods in one channel
20:10:56 | WARNING: Baking animation because there are keyframes with different interpolation methods in one channel
20:10:56 | WARNING: Baking animation because there are keyframes with different interpolation methods in one channel
20:10:56 | WARNING: Baking animation because there are keyframes with different interpolation methods in one channel
20:10:56 | WARNING: Baking animation because there are keyframes with different interpolation methods in one channel
20:10:56 | WARNING: Baking animation because there are keyframes with different interpolation methods in one channel
20:10:56 | WARNING: Baking animation because there are keyframes with different interpolation methods in one channel
20:10:56 | WARNING: Baking animation because there are keyframes with different interpolation methods in one channel
20:10:56 | WARNING: Baking animation because there are keyframes with different interpolation methods in one channel
20:10:56 | WARNING: Baking animation because there are keyframes with different interpolation methods in one channel
20:10:56 | WARNING: Baking animation because there are keyframes with different interpolation methods in one channel
20:10:56 | WARNING: Baking animation because there are keyframes with different interpolation methods in one channel
20:10:56 | WARNING: Baking animation because there are keyframes with different interpolation methods in one channel
20:10:56 | WARNING: Baking animation because there are keyframes with different interpolation methods in one channel
20:10:56 | WARNING: Baking animation because there are keyframes with different interpolation methods in one channel
20:10:56 | WARNING: Baking animation because there are keyframes with different interpolation methods in one channel
20:10:56 | WARNING: Baking animation because there are keyframes with different interpolation methods in one channel
20:10:56 | WARNING: Baking animation because there are keyframes with different interpolation methods in one channel
20:10:56 | WARNING: Baking animation because there are keyframes with different interpolation methods in one channel
20:10:56 | WARNING: Baking animation because there are keyframes with different interpolation methods in one channel
20:10:56 | WARNING: Baking animation because there are keyframes with different interpolation methods in one channel
20:10:56 | WARNING: Baking animation because there are keyframes with different interpolation methods in one channel
20:10:56 | WARNING: Baking animation because there are keyframes with different interpolation methods in one channel
20:10:56 | WARNING: Baking animation because there are keyframes with different interpolation methods in one channel
20:10:56 | WARNING: Baking animation because there are keyframes with different interpolation methods in one channel
20:10:56 | WARNING: Baking animation because there are keyframes with different interpolation methods in one channel
20:10:56 | WARNING: Baking animation because there are keyframes with different interpolation methods in one channel
20:10:56 | WARNING: Baking animation because there are keyframes with different interpolation methods in one channel
20:10:56 | WARNING: Baking animation because there are keyframes with different interpolation methods in one channel
20:10:56 | WARNING: Baking animation because there are keyframes with different interpolation methods in one channel
20:10:56 | WARNING: Baking animation because there are keyframes with different interpolation methods in one channel
20:10:56 | WARNING: Baking animation because there are keyframes with different interpolation methods in one channel
20:10:56 | WARNING: Baking animation because there are keyframes with different interpolation methods in one channel
20:10:56 | WARNING: Baking animation because there are keyframes with different interpolation methods in one channel
20:10:56 | WARNING: Baking animation because there are keyframes with different interpolation methods in one channel
20:10:56 | WARNING: Baking animation because there are keyframes with different interpolation methods in one channel
20:10:56 | WARNING: Baking animation because there are keyframes with different interpolation methods in one channel
20:10:56 | WARNING: Baking animation because there are keyframes with different interpolation methods in one channel
20:10:56 | WARNING: Baking animation because there are keyframes with different interpolation methods in one channel
20:10:56 | WARNING: Baking animation because there are keyframes with different interpolation methods in one channel
20:10:56 | WARNING: Baking animation because there are keyframes with different interpolation methods in one channel
20:10:56 | WARNING: Baking animation because there are keyframes with different interpolation methods in one channel
20:10:56 | WARNING: Baking animation because there are keyframes with different interpolation methods in one channel
20:10:56 | WARNING: Baking animation because there are keyframes with different interpolation methods in one channel
20:10:56 | WARNING: Baking animation because there are keyframes with different interpolation methods in one channel
20:10:56 | WARNING: Baking animation because there are keyframes with different interpolation methods in one channel
20:10:56 | WARNING: Baking animation because there are keyframes with different interpolation methods in one channel
20:10:56 | WARNING: Baking animation because there are keyframes with different interpolation methods in one channel
20:10:56 | WARNING: Baking animation because there are keyframes with different interpolation methods in one channel
20:10:56 | WARNING: Baking animation because there are keyframes with different interpolation methods in one channel
20:10:56 | WARNING: Baking animation because there are keyframes with different interpolation methods in one channel
20:10:56 | WARNING: Baking animation because there are keyframes with different interpolation methods in one channel
20:10:56 | WARNING: Baking animation because there are keyframes with different interpolation methods in one channel
20:10:56 | WARNING: Baking animation because there are keyframes with different interpolation methods in one channel
20:10:56 | WARNING: Baking animation because there are keyframes with different interpolation methods in one channel
20:10:56 | WARNING: Baking animation because there are keyframes with different interpolation methods in one channel
20:10:56 | WARNING: Baking animation because there are keyframes with different interpolation methods in one channel
20:10:56 | WARNING: Baking animation because there are keyframes with different interpolation methods in one channel
20:10:56 | WARNING: Baking animation because there are keyframes with different interpolation methods in one channel
20:10:56 | WARNING: Baking animation because there are keyframes with different interpolation methods in one channel
20:10:56 | WARNING: Baking animation because there are keyframes with different interpolation methods in one channel
20:10:56 | WARNING: Baking animation because there are keyframes with different interpolation methods in one channel
20:10:56 | WARNING: Baking animation because there are keyframes with different interpolation methods in one channel
20:10:56 | WARNING: Baking animation because there are keyframes with different interpolation methods in one channel
20:10:56 | WARNING: Baking animation because there are keyframes with different interpolation methods in one channel
20:10:56 | WARNING: Baking animation because there are keyframes with different interpolation methods in one channel
20:10:56 | WARNING: Baking animation because there are keyframes with different interpolation methods in one channel
20:10:56 | WARNING: Baking animation because there are keyframes with different interpolation methods in one channel
20:10:56 | WARNING: Baking animation because there are keyframes with different interpolation methods in one channel
20:10:56 | WARNING: Baking animation because there are keyframes with different interpolation methods in one channel
20:10:56 | WARNING: Baking animation because there are keyframes with different interpolation methods in one channel
20:10:56 | WARNING: Baking animation because there are keyframes with different interpolation methods in one channel
20:10:56 | WARNING: Baking animation because there are keyframes with different interpolation methods in one channel
20:10:56 | WARNING: Baking animation because there are keyframes with different interpolation methods in one channel
20:10:56 | WARNING: Baking animation because there are keyframes with different interpolation methods in one channel
20:10:56 | WARNING: Baking animation because there are keyframes with different interpolation methods in one channel
20:10:56 | WARNING: Baking animation because there are keyframes with different interpolation methods in one channel
20:10:56 | WARNING: Baking animation because there are keyframes with different interpolation methods in one channel
20:10:56 | WARNING: Baking animation because there are keyframes with different interpolation methods in one channel
20:10:56 | WARNING: Baking animation because there are keyframes with different interpolation methods in one channel
20:10:56 | WARNING: Baking animation because there are keyframes with different interpolation methods in one channel
20:10:56 | WARNING: Baking animation because there are keyframes with different interpolation methods in one channel
20:10:56 | WARNING: Baking animation because there are keyframes with different interpolation methods in one channel
20:10:56 | WARNING: Baking animation because there are keyframes with different interpolation methods in one channel
20:10:56 | WARNING: Baking animation because there are keyframes with different interpolation methods in one channel
20:10:56 | WARNING: Baking animation because there are keyframes with different interpolation methods in one channel
20:10:56 | WARNING: Baking animation because there are keyframes with different interpolation methods in one channel
20:10:56 | WARNING: Baking animation because there are keyframes with different interpolation methods in one channel
20:10:56 | WARNING: Baking animation because there are keyframes with different interpolation methods in one channel
20:10:56 | WARNING: Baking animation because there are keyframes with different interpolation methods in one channel
20:10:56 | WARNING: Baking animation because there are keyframes with different interpolation methods in one channel
20:10:56 | WARNING: Baking animation because there are keyframes with different interpolation methods in one channel
20:10:56 | WARNING: Baking animation because there are keyframes with different interpolation methods in one channel
20:10:56 | WARNING: Baking animation because there are keyframes with different interpolation methods in one channel
20:10:56 | WARNING: Baking animation because there are keyframes with different interpolation methods in one channel
20:10:56 | WARNING: Baking animation because there are keyframes with different interpolation methods in one channel
20:10:56 | WARNING: Baking animation because there are keyframes with different interpolation methods in one channel
20:10:56 | WARNING: Baking animation because there are keyframes with different interpolation methods in one channel
20:10:56 | WARNING: Baking animation because there are keyframes with different interpolation methods in one channel
20:10:56 | WARNING: Baking animation because there are keyframes with different interpolation methods in one channel
20:10:57 | WARNING: Baking animation because there are keyframes with different interpolation methods in one channel
20:10:57 | WARNING: Baking animation because there are keyframes with different interpolation methods in one channel
20:10:57 | WARNING: Baking animation because there are keyframes with different interpolation methods in one channel
20:10:57 | WARNING: Baking animation because there are keyframes with different interpolation methods in one channel
20:10:57 | WARNING: Baking animation because there are keyframes with different interpolation methods in one channel
20:10:57 | WARNING: Baking animation because there are keyframes with different interpolation methods in one channel
20:10:57 | WARNING: Baking animation because there are keyframes with different interpolation methods in one channel
20:10:57 | WARNING: Baking animation because there are keyframes with different interpolation methods in one channel
20:10:57 | WARNING: Baking animation because there are keyframes with different interpolation methods in one channel
20:10:57 | WARNING: Baking animation because there are keyframes with different interpolation methods in one channel
20:10:57 | WARNING: Baking animation because there are keyframes with different interpolation methods in one channel
20:10:57 | WARNING: Baking animation because there are keyframes with different interpolation methods in one channel
20:10:57 | WARNING: Baking animation because there are keyframes with different interpolation methods in one channel
20:10:57 | WARNING: Baking animation because there are keyframes with different interpolation methods in one channel
20:10:57 | WARNING: Baking animation because there are keyframes with different interpolation methods in one channel
20:10:57 | WARNING: Baking animation because there are keyframes with different interpolation methods in one channel
20:10:57 | WARNING: Baking animation because there are keyframes with different interpolation methods in one channel
20:10:57 | WARNING: Baking animation because there are keyframes with different interpolation methods in one channel
20:10:57 | WARNING: Baking animation because there are keyframes with different interpolation methods in one channel
20:10:57 | WARNING: Baking animation because there are keyframes with different interpolation methods in one channel
20:10:57 | WARNING: Baking animation because there are keyframes with different interpolation methods in one channel
20:10:57 | WARNING: Baking animation because there are keyframes with different interpolation methods in one channel
20:10:57 | WARNING: Baking animation because there are keyframes with different interpolation methods in one channel
20:10:57 | WARNING: Baking animation because there are keyframes with different interpolation methods in one channel
20:10:57 | WARNING: Baking animation because there are keyframes with different interpolation methods in one channel
20:10:57 | WARNING: Baking animation because there are keyframes with different interpolation methods in one channel
20:10:57 | WARNING: Baking animation because there are keyframes with different interpolation methods in one channel
20:10:57 | WARNING: Baking animation because there are keyframes with different interpolation methods in one channel
20:10:57 | WARNING: Baking animation because there are keyframes with different interpolation methods in one channel
20:10:57 | WARNING: Baking animation because there are keyframes with different interpolation methods in one channel
20:10:57 | WARNING: Baking animation because there are keyframes with different interpolation methods in one channel
20:10:57 | WARNING: Baking animation because there are keyframes with different interpolation methods in one channel
20:10:57 | WARNING: Baking animation because there are keyframes with different interpolation methods in one channel
20:10:57 | WARNING: Baking animation because there are keyframes with different interpolation methods in one channel
20:10:57 | WARNING: Baking animation because there are keyframes with different interpolation methods in one channel
20:10:57 | WARNING: Baking animation because there are keyframes with different interpolation methods in one channel
20:10:57 | WARNING: Baking animation because there are keyframes with different interpolation methods in one channel
20:10:57 | WARNING: Baking animation because there are keyframes with different interpolation methods in one channel
20:10:57 | WARNING: Baking animation because there are keyframes with different interpolation methods in one channel
20:10:57 | WARNING: Baking animation because there are keyframes with different interpolation methods in one channel
20:10:57 | WARNING: Baking animation because there are keyframes with different interpolation methods in one channel
20:10:57 | WARNING: Baking animation because there are keyframes with different interpolation methods in one channel
20:10:57 | WARNING: Baking animation because there are keyframes with different interpolation methods in one channel
20:10:57 | WARNING: Baking animation because there are keyframes with different interpolation methods in one channel
20:10:57 | WARNING: Baking animation because there are keyframes with different interpolation methods in one channel
20:10:57 | WARNING: Baking animation because there are keyframes with different interpolation methods in one channel
20:10:57 | WARNING: Baking animation because there are keyframes with different interpolation methods in one channel
20:10:57 | WARNING: Baking animation because there are keyframes with different interpolation methods in one channel
20:10:57 | WARNING: Baking animation because there are keyframes with different interpolation methods in one channel
20:10:57 | WARNING: Baking animation because there are keyframes with different interpolation methods in one channel
20:10:57 | WARNING: Baking animation because there are keyframes with different interpolation methods in one channel
20:10:57 | WARNING: Baking animation because there are keyframes with different interpolation methods in one channel
20:10:57 | WARNING: Baking animation because there are keyframes with different interpolation methods in one channel
20:11:01 | WARNING: Baking animation because there are keyframes with different interpolation methods in one channel
20:11:01 | WARNING: Baking animation because there are keyframes with different interpolation methods in one channel
20:11:01 | WARNING: Baking animation because there are keyframes with different interpolation methods in one channel
20:11:01 | WARNING: Baking animation because there are keyframes with different interpolation methods in one channel
20:11:01 | WARNING: Baking animation because there are keyframes with different interpolation methods in one channel
20:11:01 | WARNING: Baking animation because there are keyframes with different interpolation methods in one channel
20:11:01 | WARNING: Baking animation because there are keyframes with different interpolation methods in one channel
20:11:01 | WARNING: Baking animation because there are keyframes with different interpolation methods in one channel
20:11:01 | WARNING: Baking animation because there are keyframes with different interpolation methods in one channel
20:11:01 | WARNING: Baking animation because there are keyframes with different interpolation methods in one channel
20:11:01 | WARNING: Baking animation because there are keyframes with different interpolation methods in one channel
20:11:01 | WARNING: Baking animation because there are keyframes with different interpolation methods in one channel
20:11:01 | WARNING: Baking animation because there are keyframes with different interpolation methods in one channel
20:11:01 | WARNING: Baking animation because there are keyframes with different interpolation methods in one channel
20:11:01 | WARNING: Baking animation because there are keyframes with different interpolation methods in one channel
20:11:01 | WARNING: Baking animation because there are keyframes with different interpolation methods in one channel
20:11:01 | WARNING: Baking animation because there are keyframes with different interpolation methods in one channel
20:11:01 | WARNING: Baking animation because there are keyframes with different interpolation methods in one channel
20:11:01 | WARNING: Baking animation because there are keyframes with different interpolation methods in one channel
20:11:01 | WARNING: Baking animation because there are keyframes with different interpolation methods in one channel
20:11:01 | WARNING: Baking animation because there are keyframes with different interpolation methods in one channel
20:11:01 | WARNING: Baking animation because there are keyframes with different interpolation methods in one channel
20:11:01 | WARNING: Baking animation because there are keyframes with different interpolation methods in one channel
20:11:01 | WARNING: Baking animation because there are keyframes with different interpolation methods in one channel
20:11:01 | WARNING: Baking animation because there are keyframes with different interpolation methods in one channel
20:11:01 | WARNING: Baking animation because there are keyframes with different interpolation methods in one channel
20:11:01 | WARNING: Baking animation because there are keyframes with different interpolation methods in one channel
20:11:01 | WARNING: Baking animation because there are keyframes with different interpolation methods in one channel
20:11:01 | WARNING: Baking animation because there are keyframes with different interpolation methods in one channel
20:11:01 | WARNING: Baking animation because there are keyframes with different interpolation methods in one channel
20:11:01 | WARNING: Baking animation because there are keyframes with different interpolation methods in one channel
20:11:01 | WARNING: Baking animation because there are keyframes with different interpolation methods in one channel
20:11:01 | WARNING: Baking animation because there are keyframes with different interpolation methods in one channel
20:11:01 | WARNING: Baking animation because there are keyframes with different interpolation methods in one channel
20:11:01 | WARNING: Baking animation because there are keyframes with different interpolation methods in one channel
20:11:01 | WARNING: Baking animation because there are keyframes with different interpolation methods in one channel
20:11:01 | WARNING: Baking animation because there are keyframes with different interpolation methods in one channel
20:11:01 | WARNING: Baking animation because there are keyframes with different interpolation methods in one channel
20:11:01 | WARNING: Baking animation because there are keyframes with different interpolation methods in one channel
20:11:01 | WARNING: Baking animation because there are keyframes with different interpolation methods in one channel
20:11:01 | WARNING: Baking animation because there are keyframes with different interpolation methods in one channel
20:11:01 | WARNING: Baking animation because there are keyframes with different interpolation methods in one channel
20:11:01 | WARNING: Baking animation because there are keyframes with different interpolation methods in one channel
20:11:01 | WARNING: Baking animation because there are keyframes with different interpolation methods in one channel
20:11:01 | WARNING: Baking animation because there are keyframes with different interpolation methods in one channel
20:11:01 | WARNING: Baking animation because there are keyframes with different interpolation methods in one channel
20:11:01 | WARNING: Baking animation because there are keyframes with different interpolation methods in one channel
20:11:01 | WARNING: Baking animation because there are keyframes with different interpolation methods in one channel
20:11:01 | WARNING: Baking animation because there are keyframes with different interpolation methods in one channel
20:11:01 | WARNING: Baking animation because there are keyframes with different interpolation methods in one channel
20:11:01 | WARNING: Baking animation because there are keyframes with different interpolation methods in one channel
20:11:01 | WARNING: Baking animation because there are keyframes with different interpolation methods in one channel
20:11:01 | WARNING: Baking animation because there are keyframes with different interpolation methods in one channel
20:11:02 | WARNING: Baking animation because there are keyframes with different interpolation methods in one channel
20:11:02 | WARNING: Baking animation because there are keyframes with different interpolation methods in one channel
20:11:02 | WARNING: Baking animation because there are keyframes with different interpolation methods in one channel
20:11:02 | WARNING: Baking animation because there are keyframes with different interpolation methods in one channel
20:11:02 | WARNING: Baking animation because there are keyframes with different interpolation methods in one channel
20:11:02 | WARNING: Baking animation because there are keyframes with different interpolation methods in one channel
20:11:02 | WARNING: Baking animation because there are keyframes with different interpolation methods in one channel
20:11:02 | WARNING: Baking animation because there are keyframes with different interpolation methods in one channel
20:11:02 | WARNING: Baking animation because there are keyframes with different interpolation methods in one channel
20:11:02 | WARNING: Baking animation because there are keyframes with different interpolation methods in one channel
20:11:02 | WARNING: Baking animation because there are keyframes with different interpolation methods in one channel
20:11:02 | WARNING: Baking animation because there are keyframes with different interpolation methods in one channel
20:11:02 | WARNING: Baking animation because there are keyframes with different interpolation methods in one channel
20:11:02 | WARNING: Baking animation because there are keyframes with different interpolation methods in one channel
20:11:02 | WARNING: Baking animation because there are keyframes with different interpolation methods in one channel
20:11:02 | WARNING: Baking animation because there are keyframes with different interpolation methods in one channel
20:11:02 | WARNING: Baking animation because there are keyframes with different interpolation methods in one channel
20:11:02 | WARNING: Baking animation because there are keyframes with different interpolation methods in one channel
20:11:02 | WARNING: Baking animation because there are keyframes with different interpolation methods in one channel
20:11:02 | WARNING: Baking animation because there are keyframes with different interpolation methods in one channel
20:11:02 | WARNING: Baking animation because there are keyframes with different interpolation methods in one channel
20:11:02 | WARNING: Baking animation because there are keyframes with different interpolation methods in one channel
20:11:02 | WARNING: Baking animation because there are keyframes with different interpolation methods in one channel
20:11:02 | WARNING: Baking animation because there are keyframes with different interpolation methods in one channel
20:11:02 | WARNING: Baking animation because there are keyframes with different interpolation methods in one channel
20:11:02 | WARNING: Baking animation because there are keyframes with different interpolation methods in one channel
20:11:02 | WARNING: Baking animation because there are keyframes with different interpolation methods in one channel
20:11:02 | WARNING: Baking animation because there are keyframes with different interpolation methods in one channel
20:11:02 | WARNING: Baking animation because there are keyframes with different interpolation methods in one channel
20:11:02 | WARNING: Baking animation because there are keyframes with different interpolation methods in one channel
20:11:02 | WARNING: Baking animation because there are keyframes with different interpolation methods in one channel
20:11:02 | WARNING: Baking animation because there are keyframes with different interpolation methods in one channel
20:11:02 | WARNING: Baking animation because there are keyframes with different interpolation methods in one channel
20:11:02 | WARNING: Baking animation because there are keyframes with different interpolation methods in one channel
20:11:02 | WARNING: Baking animation because there are keyframes with different interpolation methods in one channel
20:11:02 | WARNING: Baking animation because there are keyframes with different interpolation methods in one channel
20:11:02 | WARNING: Baking animation because there are keyframes with different interpolation methods in one channel
20:11:02 | WARNING: Baking animation because there are keyframes with different interpolation methods in one channel
20:11:02 | WARNING: Baking animation because there are keyframes with different interpolation methods in one channel
20:11:02 | WARNING: Baking animation because there are keyframes with different interpolation methods in one channel
20:11:02 | WARNING: Baking animation because there are keyframes with different interpolation methods in one channel
20:11:02 | WARNING: Baking animation because there are keyframes with different interpolation methods in one channel
20:11:02 | WARNING: Baking animation because there are keyframes with different interpolation methods in one channel
20:11:02 | WARNING: Baking animation because there are keyframes with different interpolation methods in one channel
20:11:02 | WARNING: Baking animation because there are keyframes with different interpolation methods in one channel
20:11:02 | WARNING: Baking animation because there are keyframes with different interpolation methods in one channel
20:11:02 | WARNING: Baking animation because there are keyframes with different interpolation methods in one channel
20:11:02 | WARNING: Baking animation because there are keyframes with different interpolation methods in one channel
20:11:02 | WARNING: Baking animation because there are keyframes with different interpolation methods in one channel
20:11:02 | WARNING: Baking animation because there are keyframes with different interpolation methods in one channel
20:11:02 | WARNING: Baking animation because there are keyframes with different interpolation methods in one channel
20:11:02 | WARNING: Baking animation because there are keyframes with different interpolation methods in one channel
20:11:02 | WARNING: Baking animation because there are keyframes with different interpolation methods in one channel
20:11:07 | WARNING: Baking animation because there are keyframes with different interpolation methods in one channel
20:11:07 | WARNING: Baking animation because there are keyframes with different interpolation methods in one channel
20:11:07 | WARNING: Baking animation because there are keyframes with different interpolation methods in one channel
20:11:07 | WARNING: Baking animation because there are keyframes with different interpolation methods in one channel
20:11:07 | WARNING: Baking animation because there are keyframes with different interpolation methods in one channel
20:11:07 | WARNING: Baking animation because there are keyframes with different interpolation methods in one channel
20:11:07 | WARNING: Baking animation because there are keyframes with different interpolation methods in one channel
20:11:07 | WARNING: Baking animation because there are keyframes with different interpolation methods in one channel
20:11:07 | WARNING: Baking animation because there are keyframes with different interpolation methods in one channel
20:11:07 | WARNING: Baking animation because there are keyframes with different interpolation methods in one channel
20:11:07 | WARNING: Baking animation because there are keyframes with different interpolation methods in one channel
20:11:07 | WARNING: Baking animation because there are keyframes with different interpolation methods in one channel
20:11:07 | WARNING: Baking animation because there are keyframes with different interpolation methods in one channel
20:11:07 | WARNING: Baking animation because there are keyframes with different interpolation methods in one channel
20:11:07 | WARNING: Baking animation because there are keyframes with different interpolation methods in one channel
20:11:07 | WARNING: Baking animation because there are keyframes with different interpolation methods in one channel
20:11:07 | WARNING: Baking animation because there are keyframes with different interpolation methods in one channel
20:11:07 | WARNING: Baking animation because there are keyframes with different interpolation methods in one channel
20:11:07 | WARNING: Baking animation because there are keyframes with different interpolation methods in one channel
20:11:07 | WARNING: Baking animation because there are keyframes with different interpolation methods in one channel
20:11:07 | WARNING: Baking animation because there are keyframes with different interpolation methods in one channel
20:11:07 | WARNING: Baking animation because there are keyframes with different interpolation methods in one channel
20:11:07 | WARNING: Baking animation because there are keyframes with different interpolation methods in one channel
20:11:07 | WARNING: Baking animation because there are keyframes with different interpolation methods in one channel
20:11:07 | WARNING: Baking animation because there are keyframes with different interpolation methods in one channel
20:11:07 | WARNING: Baking animation because there are keyframes with different interpolation methods in one channel
20:11:07 | WARNING: Baking animation because there are keyframes with different interpolation methods in one channel
20:11:07 | WARNING: Baking animation because there are keyframes with different interpolation methods in one channel
20:11:07 | WARNING: Baking animation because there are keyframes with different interpolation methods in one channel
20:11:07 | WARNING: Baking animation because there are keyframes with different interpolation methods in one channel
20:11:07 | WARNING: Baking animation because there are keyframes with different interpolation methods in one channel
20:11:07 | WARNING: Baking animation because there are keyframes with different interpolation methods in one channel
20:11:07 | WARNING: Baking animation because there are keyframes with different interpolation methods in one channel
20:11:07 | WARNING: Baking animation because there are keyframes with different interpolation methods in one channel
20:11:07 | WARNING: Baking animation because there are keyframes with different interpolation methods in one channel
20:11:07 | WARNING: Baking animation because there are keyframes with different interpolation methods in one channel
20:11:07 | WARNING: Baking animation because there are keyframes with different interpolation methods in one channel
20:11:07 | WARNING: Baking animation because there are keyframes with different interpolation methods in one channel
20:11:07 | WARNING: Baking animation because there are keyframes with different interpolation methods in one channel
20:11:07 | WARNING: Baking animation because there are keyframes with different interpolation methods in one channel
20:11:07 | WARNING: Baking animation because there are keyframes with different interpolation methods in one channel
20:11:07 | WARNING: Baking animation because there are keyframes with different interpolation methods in one channel
20:11:07 | WARNING: Baking animation because there are keyframes with different interpolation methods in one channel
20:11:07 | WARNING: Baking animation because there are keyframes with different interpolation methods in one channel
20:11:07 | WARNING: Baking animation because there are keyframes with different interpolation methods in one channel
20:11:07 | WARNING: Baking animation because there are keyframes with different interpolation methods in one channel
20:11:07 | WARNING: Baking animation because there are keyframes with different interpolation methods in one channel
20:11:07 | WARNING: Baking animation because there are keyframes with different interpolation methods in one channel
20:11:07 | WARNING: Baking animation because there are keyframes with different interpolation methods in one channel
20:11:07 | WARNING: Baking animation because there are keyframes with different interpolation methods in one channel
20:11:07 | WARNING: Baking animation because there are keyframes with different interpolation methods in one channel
20:11:07 | WARNING: Baking animation because there are keyframes with different interpolation methods in one channel
20:11:07 | WARNING: Baking animation because there are keyframes with different interpolation methods in one channel
20:11:08 | WARNING: Baking animation because there are keyframes with different interpolation methods in one channel
20:11:08 | WARNING: Baking animation because there are keyframes with different interpolation methods in one channel
20:11:08 | WARNING: Baking animation because there are keyframes with different interpolation methods in one channel
20:11:08 | WARNING: Baking animation because there are keyframes with different interpolation methods in one channel
20:11:08 | WARNING: Baking animation because there are keyframes with different interpolation methods in one channel
20:11:08 | WARNING: Baking animation because there are keyframes with different interpolation methods in one channel
20:11:08 | WARNING: Baking animation because there are keyframes with different interpolation methods in one channel
20:11:08 | WARNING: Baking animation because there are keyframes with different interpolation methods in one channel
20:11:08 | WARNING: Baking animation because there are keyframes with different interpolation methods in one channel
20:11:08 | WARNING: Baking animation because there are keyframes with different interpolation methods in one channel
20:11:08 | WARNING: Baking animation because there are keyframes with different interpolation methods in one channel
20:11:08 | WARNING: Baking animation because there are keyframes with different interpolation methods in one channel
20:11:08 | WARNING: Baking animation because there are keyframes with different interpolation methods in one channel
20:11:08 | WARNING: Baking animation because there are keyframes with different interpolation methods in one channel
20:11:08 | WARNING: Baking animation because there are keyframes with different interpolation methods in one channel
20:11:08 | WARNING: Baking animation because there are keyframes with different interpolation methods in one channel
20:11:08 | WARNING: Baking animation because there are keyframes with different interpolation methods in one channel
20:11:08 | WARNING: Baking animation because there are keyframes with different interpolation methods in one channel
20:11:08 | WARNING: Baking animation because there are keyframes with different interpolation methods in one channel
20:11:08 | WARNING: Baking animation because there are keyframes with different interpolation methods in one channel
20:11:08 | WARNING: Baking animation because there are keyframes with different interpolation methods in one channel
20:11:08 | WARNING: Baking animation because there are keyframes with different interpolation methods in one channel
20:11:08 | WARNING: Baking animation because there are keyframes with different interpolation methods in one channel
20:11:08 | WARNING: Baking animation because there are keyframes with different interpolation methods in one channel
20:11:08 | WARNING: Baking animation because there are keyframes with different interpolation methods in one channel
20:11:08 | WARNING: Baking animation because there are keyframes with different interpolation methods in one channel
20:11:08 | WARNING: Baking animation because there are keyframes with different interpolation methods in one channel
20:11:08 | WARNING: Baking animation because there are keyframes with different interpolation methods in one channel
20:11:08 | WARNING: Baking animation because there are keyframes with different interpolation methods in one channel
20:11:08 | WARNING: Baking animation because there are keyframes with different interpolation methods in one channel
20:11:08 | WARNING: Baking animation because there are keyframes with different interpolation methods in one channel
20:11:08 | WARNING: Baking animation because there are keyframes with different interpolation methods in one channel
20:11:08 | WARNING: Baking animation because there are keyframes with different interpolation methods in one channel
20:11:08 | WARNING: Baking animation because there are keyframes with different interpolation methods in one channel
20:11:08 | WARNING: Baking animation because there are keyframes with different interpolation methods in one channel
20:11:08 | WARNING: Baking animation because there are keyframes with different interpolation methods in one channel
20:11:08 | WARNING: Baking animation because there are keyframes with different interpolation methods in one channel
20:11:08 | WARNING: Baking animation because there are keyframes with different interpolation methods in one channel
20:11:08 | WARNING: Baking animation because there are keyframes with different interpolation methods in one channel
20:11:08 | WARNING: Baking animation because there are keyframes with different interpolation methods in one channel
20:11:08 | WARNING: Baking animation because there are keyframes with different interpolation methods in one channel
20:11:08 | WARNING: Baking animation because there are keyframes with different interpolation methods in one channel
20:11:08 | WARNING: Baking animation because there are keyframes with different interpolation methods in one channel
20:11:08 | WARNING: Baking animation because there are keyframes with different interpolation methods in one channel
20:11:08 | WARNING: Baking animation because there are keyframes with different interpolation methods in one channel
20:11:08 | WARNING: Baking animation because there are keyframes with different interpolation methods in one channel
20:11:08 | WARNING: Baking animation because there are keyframes with different interpolation methods in one channel
20:11:08 | WARNING: Baking animation because there are keyframes with different interpolation methods in one channel
20:11:08 | WARNING: Baking animation because there are keyframes with different interpolation methods in one channel
20:11:08 | WARNING: Baking animation because there are keyframes with different interpolation methods in one channel
20:11:08 | WARNING: Baking animation because there are keyframes with different interpolation methods in one channel
20:11:08 | WARNING: Baking animation because there are keyframes with different interpolation methods in one channel
20:11:08 | WARNING: Baking animation because there are keyframes with different interpolation methods in one channel
20:11:08 | WARNING: Baking animation because there are keyframes with different interpolation methods in one channel
20:11:08 | WARNING: Baking animation because there are keyframes with different interpolation methods in one channel
20:11:08 | WARNING: Baking animation because there are keyframes with different interpolation methods in one channel
20:11:08 | WARNING: Baking animation because there are keyframes with different interpolation methods in one channel
20:11:08 | WARNING: Baking animation because there are keyframes with different interpolation methods in one channel
20:11:08 | WARNING: Baking animation because there are keyframes with different interpolation methods in one channel
20:11:08 | WARNING: Baking animation because there are keyframes with different interpolation methods in one channel
20:11:08 | WARNING: Baking animation because there are keyframes with different interpolation methods in one channel
20:11:08 | WARNING: Baking animation because there are keyframes with different interpolation methods in one channel
20:11:08 | WARNING: Baking animation because there are keyframes with different interpolation methods in one channel
20:11:08 | WARNING: Baking animation because there are keyframes with different interpolation methods in one channel
20:11:08 | WARNING: Baking animation because there are keyframes with different interpolation methods in one channel
20:11:08 | WARNING: Baking animation because there are keyframes with different interpolation methods in one channel
20:11:08 | WARNING: Baking animation because there are keyframes with different interpolation methods in one channel
20:11:08 | WARNING: Baking animation because there are keyframes with different interpolation methods in one channel
20:11:08 | WARNING: Baking animation because there are keyframes with different interpolation methods in one channel
20:11:08 | WARNING: Baking animation because there are keyframes with different interpolation methods in one channel
20:11:08 | WARNING: Baking animation because there are keyframes with different interpolation methods in one channel
20:11:08 | WARNING: Baking animation because there are keyframes with different interpolation methods in one channel
20:11:08 | WARNING: Baking animation because there are keyframes with different interpolation methods in one channel
20:11:08 | WARNING: Baking animation because there are keyframes with different interpolation methods in one channel
20:11:08 | WARNING: Baking animation because there are keyframes with different interpolation methods in one channel
20:11:08 | WARNING: Baking animation because there are keyframes with different interpolation methods in one channel
20:11:08 | WARNING: Baking animation because there are keyframes with different interpolation methods in one channel
20:11:08 | WARNING: Baking animation because there are keyframes with different interpolation methods in one channel
20:11:08 | WARNING: Baking animation because there are keyframes with different interpolation methods in one channel
20:11:08 | WARNING: Baking animation because there are keyframes with different interpolation methods in one channel
20:11:08 | WARNING: Baking animation because there are keyframes with different interpolation methods in one channel
20:11:08 | WARNING: Baking animation because there are keyframes with different interpolation methods in one channel
20:11:08 | WARNING: Baking animation because there are keyframes with different interpolation methods in one channel
20:11:08 | WARNING: Baking animation because there are keyframes with different interpolation methods in one channel
20:11:08 | WARNING: Baking animation because there are keyframes with different interpolation methods in one channel
20:11:08 | WARNING: Baking animation because there are keyframes with different interpolation methods in one channel
20:11:08 | WARNING: Baking animation because there are keyframes with different interpolation methods in one channel
20:11:08 | WARNING: Baking animation because there are keyframes with different interpolation methods in one channel
20:11:08 | WARNING: Baking animation because there are keyframes with different interpolation methods in one channel
20:11:08 | WARNING: Baking animation because there are keyframes with different interpolation methods in one channel
20:11:08 | WARNING: Baking animation because there are keyframes with different interpolation methods in one channel
20:11:08 | WARNING: Baking animation because there are keyframes with different interpolation methods in one channel
20:11:08 | WARNING: Baking animation because there are keyframes with different interpolation methods in one channel
20:11:08 | WARNING: Baking animation because there are keyframes with different interpolation methods in one channel
20:11:08 | WARNING: Baking animation because there are keyframes with different interpolation methods in one channel
20:11:08 | WARNING: Baking animation because there are keyframes with different interpolation methods in one channel
20:11:08 | WARNING: Baking animation because there are keyframes with different interpolation methods in one channel
20:11:08 | WARNING: Baking animation because there are keyframes with different interpolation methods in one channel
20:11:08 | WARNING: Baking animation because there are keyframes with different interpolation methods in one channel
20:11:08 | WARNING: Baking animation because there are keyframes with different interpolation methods in one channel
20:11:08 | WARNING: Baking animation because there are keyframes with different interpolation methods in one channel
20:11:08 | WARNING: Baking animation because there are keyframes with different interpolation methods in one channel
20:11:08 | WARNING: Baking animation because there are keyframes with different interpolation methods in one channel
20:11:08 | WARNING: Baking animation because there are keyframes with different interpolation methods in one channel
20:11:08 | WARNING: Baking animation because there are keyframes with different interpolation methods in one channel
20:11:08 | WARNING: Baking animation because there are keyframes with different interpolation methods in one channel
20:11:09 | WARNING: Baking animation because there are keyframes with different interpolation methods in one channel
20:11:09 | WARNING: Baking animation because there are keyframes with different interpolation methods in one channel
20:11:09 | WARNING: Baking animation because there are keyframes with different interpolation methods in one channel
20:11:09 | WARNING: Baking animation because there are keyframes with different interpolation methods in one channel
20:11:09 | WARNING: Baking animation because there are keyframes with different interpolation methods in one channel
20:11:09 | WARNING: Baking animation because there are keyframes with different interpolation methods in one channel
20:11:09 | WARNING: Baking animation because there are keyframes with different interpolation methods in one channel
20:11:09 | WARNING: Baking animation because there are keyframes with different interpolation methods in one channel
20:11:09 | WARNING: Baking animation because there are keyframes with different interpolation methods in one channel
20:11:09 | WARNING: Baking animation because there are keyframes with different interpolation methods in one channel
20:11:09 | WARNING: Baking animation because there are keyframes with different interpolation methods in one channel
20:11:09 | WARNING: Baking animation because there are keyframes with different interpolation methods in one channel
20:11:09 | WARNING: Baking animation because there are keyframes with different interpolation methods in one channel
20:11:09 | WARNING: Baking animation because there are keyframes with different interpolation methods in one channel
20:11:09 | WARNING: Baking animation because there are keyframes with different interpolation methods in one channel
20:11:09 | WARNING: Baking animation because there are keyframes with different interpolation methods in one channel
20:11:09 | WARNING: Baking animation because there are keyframes with different interpolation methods in one channel
20:11:09 | WARNING: Baking animation because there are keyframes with different interpolation methods in one channel
20:11:09 | WARNING: Baking animation because there are keyframes with different interpolation methods in one channel
20:11:09 | WARNING: Baking animation because there are keyframes with different interpolation methods in one channel
20:11:09 | WARNING: Baking animation because there are keyframes with different interpolation methods in one channel
20:11:09 | WARNING: Baking animation because there are keyframes with different interpolation methods in one channel
20:11:09 | WARNING: Baking animation because there are keyframes with different interpolation methods in one channel
20:11:09 | WARNING: Baking animation because there are keyframes with different interpolation methods in one channel
20:11:09 | WARNING: Baking animation because there are keyframes with different interpolation methods in one channel
20:11:09 | WARNING: Baking animation because there are keyframes with different interpolation methods in one channel
20:11:09 | WARNING: Baking animation because there are keyframes with different interpolation methods in one channel
20:11:09 | WARNING: Baking animation because there are keyframes with different interpolation methods in one channel
20:11:09 | WARNING: Baking animation because there are keyframes with different interpolation methods in one channel
20:11:09 | WARNING: Baking animation because there are keyframes with different interpolation methods in one channel
20:11:09 | WARNING: Baking animation because there are keyframes with different interpolation methods in one channel
20:11:09 | WARNING: Baking animation because there are keyframes with different interpolation methods in one channel
20:11:09 | WARNING: Baking animation because there are keyframes with different interpolation methods in one channel
20:11:09 | WARNING: Baking animation because there are keyframes with different interpolation methods in one channel
20:11:09 | WARNING: Baking animation because there are keyframes with different interpolation methods in one channel
20:11:09 | WARNING: Baking animation because there are keyframes with different interpolation methods in one channel
20:11:09 | WARNING: Baking animation because there are keyframes with different interpolation methods in one channel
20:11:09 | WARNING: Baking animation because there are keyframes with different interpolation methods in one channel
20:11:09 | WARNING: Baking animation because there are keyframes with different interpolation methods in one channel
20:11:09 | WARNING: Baking animation because there are keyframes with different interpolation methods in one channel
20:11:09 | WARNING: Baking animation because there are keyframes with different interpolation methods in one channel
20:11:09 | WARNING: Baking animation because there are keyframes with different interpolation methods in one channel
20:11:09 | WARNING: Baking animation because there are keyframes with different interpolation methods in one channel
20:11:09 | WARNING: Baking animation because there are keyframes with different interpolation methods in one channel
20:11:09 | WARNING: Baking animation because there are keyframes with different interpolation methods in one channel
20:11:09 | WARNING: Baking animation because there are keyframes with different interpolation methods in one channel
20:11:09 | WARNING: Baking animation because there are keyframes with different interpolation methods in one channel
20:11:09 | WARNING: Baking animation because there are keyframes with different interpolation methods in one channel
20:11:09 | WARNING: Baking animation because there are keyframes with different interpolation methods in one channel
20:11:09 | WARNING: Baking animation because there are keyframes with different interpolation methods in one channel
20:11:09 | WARNING: Baking animation because there are keyframes with different interpolation methods in one channel
20:11:09 | WARNING: Baking animation because there are keyframes with different interpolation methods in one channel
20:11:09 | WARNING: Baking animation because there are keyframes with different interpolation methods in one channel
20:11:09 | WARNING: Baking animation because there are keyframes with different interpolation methods in one channel
20:11:09 | WARNING: Baking animation because there are keyframes with different interpolation methods in one channel
20:11:09 | WARNING: Baking animation because there are keyframes with different interpolation methods in one channel
20:11:09 | WARNING: Baking animation because there are keyframes with different interpolation methods in one channel
20:11:09 | WARNING: Baking animation because there are keyframes with different interpolation methods in one channel
20:11:09 | WARNING: Baking animation because there are keyframes with different interpolation methods in one channel
20:11:09 | WARNING: Baking animation because there are keyframes with different interpolation methods in one channel
20:11:09 | WARNING: Baking animation because there are keyframes with different interpolation methods in one channel
20:11:09 | WARNING: Baking animation because there are keyframes with different interpolation methods in one channel
20:11:09 | WARNING: Baking animation because there are keyframes with different interpolation methods in one channel
20:11:09 | WARNING: Baking animation because there are keyframes with different interpolation methods in one channel
20:11:09 | WARNING: Baking animation because there are keyframes with different interpolation methods in one channel
20:11:09 | WARNING: Baking animation because there are keyframes with different interpolation methods in one channel
20:11:09 | WARNING: Baking animation because there are keyframes with different interpolation methods in one channel
20:11:09 | WARNING: Baking animation because there are keyframes with different interpolation methods in one channel
20:11:09 | WARNING: Baking animation because there are keyframes with different interpolation methods in one channel
20:11:09 | WARNING: Baking animation because there are keyframes with different interpolation methods in one channel
20:11:09 | WARNING: Baking animation because there are keyframes with different interpolation methods in one channel
20:11:09 | WARNING: Baking animation because there are keyframes with different interpolation methods in one channel
20:11:09 | WARNING: Baking animation because there are keyframes with different interpolation methods in one channel
20:11:09 | WARNING: Baking animation because there are keyframes with different interpolation methods in one channel
20:11:09 | WARNING: Baking animation because there are keyframes with different interpolation methods in one channel
20:11:09 | WARNING: Baking animation because there are keyframes with different interpolation methods in one channel
20:11:09 | WARNING: Baking animation because there are keyframes with different interpolation methods in one channel
20:11:09 | WARNING: Baking animation because there are keyframes with different interpolation methods in one channel
20:11:09 | WARNING: Baking animation because there are keyframes with different interpolation methods in one channel
20:11:09 | WARNING: Baking animation because there are keyframes with different interpolation methods in one channel
20:11:09 | WARNING: Baking animation because there are keyframes with different interpolation methods in one channel
20:11:09 | WARNING: Baking animation because there are keyframes with different interpolation methods in one channel
20:11:09 | WARNING: Baking animation because there are keyframes with different interpolation methods in one channel
20:11:09 | WARNING: Baking animation because there are keyframes with different interpolation methods in one channel
20:11:09 | WARNING: Baking animation because there are keyframes with different interpolation methods in one channel
20:11:09 | WARNING: Baking animation because there are keyframes with different interpolation methods in one channel
20:11:09 | WARNING: Baking animation because there are keyframes with different interpolation methods in one channel
20:11:09 | WARNING: Baking animation because there are keyframes with different interpolation methods in one channel
20:11:09 | WARNING: Baking animation because there are keyframes with different interpolation methods in one channel
20:11:09 | WARNING: Baking animation because there are keyframes with different interpolation methods in one channel
20:11:09 | WARNING: Baking animation because there are keyframes with different interpolation methods in one channel
20:11:09 | WARNING: Baking animation because there are keyframes with different interpolation methods in one channel
20:11:09 | WARNING: Baking animation because there are keyframes with different interpolation methods in one channel
20:11:09 | WARNING: Baking animation because there are keyframes with different interpolation methods in one channel
20:11:09 | WARNING: Baking animation because there are keyframes with different interpolation methods in one channel
20:11:09 | WARNING: Baking animation because there are keyframes with different interpolation methods in one channel
20:11:09 | WARNING: Baking animation because there are keyframes with different interpolation methods in one channel
20:11:09 | WARNING: Baking animation because there are keyframes with different interpolation methods in one channel
20:11:09 | WARNING: Baking animation because there are keyframes with different interpolation methods in one channel
20:11:09 | WARNING: Baking animation because there are keyframes with different interpolation methods in one channel
20:11:09 | WARNING: Baking animation because there are keyframes with different interpolation methods in one channel
20:11:09 | WARNING: Baking animation because there are keyframes with different interpolation methods in one channel
20:11:09 | WARNING: Baking animation because there are keyframes with different interpolation methods in one channel
20:11:09 | WARNING: Baking animation because there are keyframes with different interpolation methods in one channel
20:11:09 | WARNING: Baking animation because there are keyframes with different interpolation methods in one channel
20:11:09 | WARNING: Baking animation because there are keyframes with different interpolation methods in one channel
20:11:10 | WARNING: Baking animation because there are keyframes with different interpolation methods in one channel
20:11:10 | WARNING: Baking animation because there are keyframes with different interpolation methods in one channel
20:11:10 | WARNING: Baking animation because there are keyframes with different interpolation methods in one channel
20:11:10 | WARNING: Baking animation because there are keyframes with different interpolation methods in one channel
20:11:10 | WARNING: Baking animation because there are keyframes with different interpolation methods in one channel
20:11:10 | WARNING: Baking animation because there are keyframes with different interpolation methods in one channel
20:11:10 | WARNING: Baking animation because there are keyframes with different interpolation methods in one channel
20:11:10 | WARNING: Baking animation because there are keyframes with different interpolation methods in one channel
20:11:10 | WARNING: Baking animation because there are keyframes with different interpolation methods in one channel
20:11:10 | WARNING: Baking animation because there are keyframes with different interpolation methods in one channel
20:11:10 | WARNING: Baking animation because there are keyframes with different interpolation methods in one channel
20:11:10 | WARNING: Baking animation because there are keyframes with different interpolation methods in one channel
20:11:10 | WARNING: Baking animation because there are keyframes with different interpolation methods in one channel
20:11:10 | WARNING: Baking animation because there are keyframes with different interpolation methods in one channel
20:11:10 | WARNING: Baking animation because there are keyframes with different interpolation methods in one channel
20:11:10 | WARNING: Baking animation because there are keyframes with different interpolation methods in one channel
20:11:10 | WARNING: Baking animation because there are keyframes with different interpolation methods in one channel
20:11:10 | WARNING: Baking animation because there are keyframes with different interpolation methods in one channel
20:11:10 | WARNING: Baking animation because there are keyframes with different interpolation methods in one channel
20:11:10 | WARNING: Baking animation because there are keyframes with different interpolation methods in one channel
20:11:10 | WARNING: Baking animation because there are keyframes with different interpolation methods in one channel
20:11:10 | WARNING: Baking animation because there are keyframes with different interpolation methods in one channel
20:11:10 | WARNING: Baking animation because there are keyframes with different interpolation methods in one channel
20:11:10 | WARNING: Baking animation because there are keyframes with different interpolation methods in one channel
20:11:10 | WARNING: Baking animation because there are keyframes with different interpolation methods in one channel
20:11:10 | WARNING: Baking animation because there are keyframes with different interpolation methods in one channel
20:11:10 | WARNING: Baking animation because there are keyframes with different interpolation methods in one channel
20:11:10 | WARNING: Baking animation because there are keyframes with different interpolation methods in one channel
20:11:10 | WARNING: Baking animation because there are keyframes with different interpolation methods in one channel
20:11:10 | WARNING: Baking animation because there are keyframes with different interpolation methods in one channel
20:11:10 | WARNING: Baking animation because there are keyframes with different interpolation methods in one channel
20:11:10 | WARNING: Baking animation because there are keyframes with different interpolation methods in one channel
20:11:10 | WARNING: Baking animation because there are keyframes with different interpolation methods in one channel
20:11:10 | WARNING: Baking animation because there are keyframes with different interpolation methods in one channel
20:11:10 | WARNING: Baking animation because there are keyframes with different interpolation methods in one channel
20:11:10 | WARNING: Baking animation because there are keyframes with different interpolation methods in one channel
20:11:10 | WARNING: Baking animation because there are keyframes with different interpolation methods in one channel
20:11:10 | WARNING: Baking animation because there are keyframes with different interpolation methods in one channel
20:11:10 | WARNING: Baking animation because there are keyframes with different interpolation methods in one channel
20:11:10 | WARNING: Baking animation because there are keyframes with different interpolation methods in one channel
20:11:10 | WARNING: Baking animation because there are keyframes with different interpolation methods in one channel
20:11:10 | WARNING: Baking animation because there are keyframes with different interpolation methods in one channel
20:11:10 | WARNING: Baking animation because there are keyframes with different interpolation methods in one channel
20:11:10 | WARNING: Baking animation because there are keyframes with different interpolation methods in one channel
20:11:10 | WARNING: Baking animation because there are keyframes with different interpolation methods in one channel
20:11:10 | WARNING: Baking animation because there are keyframes with different interpolation methods in one channel
20:11:10 | WARNING: Baking animation because there are keyframes with different interpolation methods in one channel
20:11:10 | WARNING: Baking animation because there are keyframes with different interpolation methods in one channel
20:11:10 | WARNING: Baking animation because there are keyframes with different interpolation methods in one channel
20:11:10 | WARNING: Baking animation because there are keyframes with different interpolation methods in one channel
20:11:10 | WARNING: Baking animation because there are keyframes with different interpolation methods in one channel
20:11:10 | WARNING: Baking animation because there are keyframes with different interpolation methods in one channel
20:11:10 | WARNING: Baking animation because there are keyframes with different interpolation methods in one channel
20:11:10 | WARNING: Baking animation because there are keyframes with different interpolation methods in one channel
20:11:10 | WARNING: Baking animation because there are keyframes with different interpolation methods in one channel
20:11:10 | WARNING: Baking animation because there are keyframes with different interpolation methods in one channel
20:11:10 | WARNING: Baking animation because there are keyframes with different interpolation methods in one channel
20:11:10 | WARNING: Baking animation because there are keyframes with different interpolation methods in one channel
20:11:10 | WARNING: Baking animation because there are keyframes with different interpolation methods in one channel
20:11:10 | WARNING: Baking animation because there are keyframes with different interpolation methods in one channel
20:11:10 | WARNING: Baking animation because there are keyframes with different interpolation methods in one channel
20:11:10 | WARNING: Baking animation because there are keyframes with different interpolation methods in one channel
20:11:10 | WARNING: Baking animation because there are keyframes with different interpolation methods in one channel
20:11:10 | WARNING: Baking animation because there are keyframes with different interpolation methods in one channel
20:11:10 | WARNING: Baking animation because there are keyframes with different interpolation methods in one channel
20:11:10 | WARNING: Baking animation because there are keyframes with different interpolation methods in one channel
20:11:10 | WARNING: Baking animation because there are keyframes with different interpolation methods in one channel
20:11:10 | WARNING: Baking animation because there are keyframes with different interpolation methods in one channel
20:11:10 | WARNING: Baking animation because there are keyframes with different interpolation methods in one channel
20:11:10 | WARNING: Baking animation because there are keyframes with different interpolation methods in one channel
20:11:10 | WARNING: Baking animation because there are keyframes with different interpolation methods in one channel
20:11:10 | WARNING: Baking animation because there are keyframes with different interpolation methods in one channel
20:11:10 | WARNING: Baking animation because there are keyframes with different interpolation methods in one channel
20:11:10 | WARNING: Baking animation because there are keyframes with different interpolation methods in one channel
20:11:10 | WARNING: Baking animation because there are keyframes with different interpolation methods in one channel
20:11:10 | WARNING: Baking animation because there are keyframes with different interpolation methods in one channel
20:11:10 | WARNING: Baking animation because there are keyframes with different interpolation methods in one channel
20:11:10 | WARNING: Baking animation because there are keyframes with different interpolation methods in one channel
20:11:10 | WARNING: Baking animation because there are keyframes with different interpolation methods in one channel
20:11:10 | WARNING: Baking animation because there are keyframes with different interpolation methods in one channel
20:11:10 | WARNING: Baking animation because there are keyframes with different interpolation methods in one channel
20:11:10 | WARNING: Baking animation because there are keyframes with different interpolation methods in one channel
20:11:10 | WARNING: Baking animation because there are keyframes with different interpolation methods in one channel
20:11:10 | WARNING: Baking animation because there are keyframes with different interpolation methods in one channel
20:11:10 | WARNING: Baking animation because there are keyframes with different interpolation methods in one channel
20:11:10 | WARNING: Baking animation because there are keyframes with different interpolation methods in one channel
20:11:10 | WARNING: Baking animation because there are keyframes with different interpolation methods in one channel
20:11:10 | WARNING: Baking animation because there are keyframes with different interpolation methods in one channel
20:11:10 | WARNING: Baking animation because there are keyframes with different interpolation methods in one channel
20:11:10 | WARNING: Baking animation because there are keyframes with different interpolation methods in one channel
20:11:10 | WARNING: Baking animation because there are keyframes with different interpolation methods in one channel
20:11:10 | WARNING: Baking animation because there are keyframes with different interpolation methods in one channel
20:11:10 | WARNING: Baking animation because there are keyframes with different interpolation methods in one channel
20:11:10 | WARNING: Baking animation because there are keyframes with different interpolation methods in one channel
20:11:10 | WARNING: Baking animation because there are keyframes with different interpolation methods in one channel
20:11:10 | WARNING: Baking animation because there are keyframes with different interpolation methods in one channel
20:11:10 | WARNING: Baking animation because there are keyframes with different interpolation methods in one channel
20:11:10 | WARNING: Baking animation because there are keyframes with different interpolation methods in one channel
20:11:10 | WARNING: Baking animation because there are keyframes with different interpolation methods in one channel
20:11:10 | WARNING: Baking animation because there are keyframes with different interpolation methods in one channel
20:11:10 | WARNING: Baking animation because there are keyframes with different interpolation methods in one channel
20:11:10 | WARNING: Baking animation because there are keyframes with different interpolation methods in one channel
20:11:10 | WARNING: Baking animation because there are keyframes with different interpolation methods in one channel
20:11:10 | WARNING: Baking animation because there are keyframes with different interpolation methods in one channel
20:11:10 | WARNING: Baking animation because there are keyframes with different interpolation methods in one channel
20:11:10 | WARNING: Baking animation because there are keyframes with different interpolation methods in one channel
20:11:12 | WARNING: Baking animation because there are keyframes with different interpolation methods in one channel
20:11:12 | WARNING: Baking animation because there are keyframes with different interpolation methods in one channel
20:11:12 | WARNING: Baking animation because there are keyframes with different interpolation methods in one channel
20:11:12 | WARNING: Baking animation because there are keyframes with different interpolation methods in one channel
20:11:12 | WARNING: Baking animation because there are keyframes with different interpolation methods in one channel
20:11:12 | WARNING: Baking animation because there are keyframes with different interpolation methods in one channel
20:11:12 | WARNING: Baking animation because there are keyframes with different interpolation methods in one channel
20:11:12 | WARNING: Baking animation because there are keyframes with different interpolation methods in one channel
20:11:12 | WARNING: Baking animation because there are keyframes with different interpolation methods in one channel
20:11:12 | WARNING: Baking animation because there are keyframes with different interpolation methods in one channel
20:11:12 | WARNING: Baking animation because there are keyframes with different interpolation methods in one channel
20:11:12 | WARNING: Baking animation because there are keyframes with different interpolation methods in one channel
20:11:12 | WARNING: Baking animation because there are keyframes with different interpolation methods in one channel
20:11:12 | WARNING: Baking animation because there are keyframes with different interpolation methods in one channel
20:11:12 | WARNING: Baking animation because there are keyframes with different interpolation methods in one channel
20:11:12 | WARNING: Baking animation because there are keyframes with different interpolation methods in one channel
20:11:12 | WARNING: Baking animation because there are keyframes with different interpolation methods in one channel
20:11:12 | WARNING: Baking animation because there are keyframes with different interpolation methods in one channel
20:11:12 | WARNING: Baking animation because there are keyframes with different interpolation methods in one channel
20:11:12 | WARNING: Baking animation because there are keyframes with different interpolation methods in one channel
20:11:12 | WARNING: Baking animation because there are keyframes with different interpolation methods in one channel
20:11:12 | WARNING: Baking animation because there are keyframes with different interpolation methods in one channel
20:11:12 | WARNING: Baking animation because there are keyframes with different interpolation methods in one channel
20:11:12 | WARNING: Baking animation because there are keyframes with different interpolation methods in one channel
20:11:12 | WARNING: Baking animation because there are keyframes with different interpolation methods in one channel
20:11:12 | WARNING: Baking animation because there are keyframes with different interpolation methods in one channel
20:11:12 | WARNING: Baking animation because there are keyframes with different interpolation methods in one channel
20:11:12 | WARNING: Baking animation because there are keyframes with different interpolation methods in one channel
20:11:12 | WARNING: Baking animation because there are keyframes with different interpolation methods in one channel
20:11:12 | WARNING: Baking animation because there are keyframes with different interpolation methods in one channel
20:11:12 | WARNING: Baking animation because there are keyframes with different interpolation methods in one channel
20:11:12 | WARNING: Baking animation because there are keyframes with different interpolation methods in one channel
20:11:12 | WARNING: Baking animation because there are keyframes with different interpolation methods in one channel
20:11:12 | WARNING: Baking animation because there are keyframes with different interpolation methods in one channel
20:11:12 | WARNING: Baking animation because there are keyframes with different interpolation methods in one channel
20:11:12 | WARNING: Baking animation because there are keyframes with different interpolation methods in one channel
20:11:12 | WARNING: Baking animation because there are keyframes with different interpolation methods in one channel
20:11:12 | WARNING: Baking animation because there are keyframes with different interpolation methods in one channel
20:11:12 | WARNING: Baking animation because there are keyframes with different interpolation methods in one channel
20:11:12 | WARNING: Baking animation because there are keyframes with different interpolation methods in one channel
20:11:12 | WARNING: Baking animation because there are keyframes with different interpolation methods in one channel
20:11:12 | WARNING: Baking animation because there are keyframes with different interpolation methods in one channel
20:11:12 | WARNING: Baking animation because there are keyframes with different interpolation methods in one channel
20:11:12 | WARNING: Baking animation because there are keyframes with different interpolation methods in one channel
20:11:12 | WARNING: Baking animation because there are keyframes with different interpolation methods in one channel
20:11:12 | WARNING: Baking animation because there are keyframes with different interpolation methods in one channel
20:11:12 | WARNING: Baking animation because there are keyframes with different interpolation methods in one channel
20:11:12 | WARNING: Baking animation because there are keyframes with different interpolation methods in one channel
20:11:12 | WARNING: Baking animation because there are keyframes with different interpolation methods in one channel
20:11:12 | WARNING: Baking animation because there are keyframes with different interpolation methods in one channel
20:11:12 | WARNING: Baking animation because there are keyframes with different interpolation methods in one channel
20:11:12 | WARNING: Baking animation because there are keyframes with different interpolation methods in one channel
20:11:12 | WARNING: Baking animation because there are keyframes with different interpolation methods in one channel
20:11:24 | WARNING: Baking animation because there are keyframes with different interpolation methods in one channel
20:11:24 | WARNING: Baking animation because there are keyframes with different interpolation methods in one channel
20:11:24 | WARNING: Baking animation because there are keyframes with different interpolation methods in one channel
20:11:24 | WARNING: Baking animation because there are keyframes with different interpolation methods in one channel
20:11:24 | WARNING: Baking animation because there are keyframes with different interpolation methods in one channel
20:11:24 | WARNING: Baking animation because there are keyframes with different interpolation methods in one channel
20:11:24 | WARNING: Baking animation because there are keyframes with different interpolation methods in one channel
20:11:24 | WARNING: Baking animation because there are keyframes with different interpolation methods in one channel
20:11:24 | WARNING: Baking animation because there are keyframes with different interpolation methods in one channel
20:11:24 | WARNING: Baking animation because there are keyframes with different interpolation methods in one channel
20:11:24 | WARNING: Baking animation because there are keyframes with different interpolation methods in one channel
20:11:24 | WARNING: Baking animation because there are keyframes with different interpolation methods in one channel
20:11:24 | WARNING: Baking animation because there are keyframes with different interpolation methods in one channel
20:11:24 | WARNING: Baking animation because there are keyframes with different interpolation methods in one channel
20:11:24 | WARNING: Baking animation because there are keyframes with different interpolation methods in one channel
20:11:24 | WARNING: Baking animation because there are keyframes with different interpolation methods in one channel
20:11:24 | WARNING: Baking animation because there are keyframes with different interpolation methods in one channel
20:11:24 | WARNING: Baking animation because there are keyframes with different interpolation methods in one channel
20:11:24 | WARNING: Baking animation because there are keyframes with different interpolation methods in one channel
20:11:24 | WARNING: Baking animation because there are keyframes with different interpolation methods in one channel
20:11:24 | WARNING: Baking animation because there are keyframes with different interpolation methods in one channel
20:11:24 | WARNING: Baking animation because there are keyframes with different interpolation methods in one channel
20:11:24 | WARNING: Baking animation because there are keyframes with different interpolation methods in one channel
20:11:24 | WARNING: Baking animation because there are keyframes with different interpolation methods in one channel
20:11:24 | WARNING: Baking animation because there are keyframes with different interpolation methods in one channel
20:11:24 | WARNING: Baking animation because there are keyframes with different interpolation methods in one channel
20:11:24 | WARNING: Baking animation because there are keyframes with different interpolation methods in one channel
20:11:24 | WARNING: Baking animation because there are keyframes with different interpolation methods in one channel
20:11:24 | WARNING: Baking animation because there are keyframes with different interpolation methods in one channel
20:11:24 | WARNING: Baking animation because there are keyframes with different interpolation methods in one channel
20:11:24 | WARNING: Baking animation because there are keyframes with different interpolation methods in one channel
20:11:24 | WARNING: Baking animation because there are keyframes with different interpolation methods in one channel
20:11:24 | WARNING: Baking animation because there are keyframes with different interpolation methods in one channel
20:11:24 | WARNING: Baking animation because there are keyframes with different interpolation methods in one channel
20:11:24 | WARNING: Baking animation because there are keyframes with different interpolation methods in one channel
20:11:24 | WARNING: Baking animation because there are keyframes with different interpolation methods in one channel
20:11:24 | WARNING: Baking animation because there are keyframes with different interpolation methods in one channel
20:11:24 | WARNING: Baking animation because there are keyframes with different interpolation methods in one channel
20:11:24 | WARNING: Baking animation because there are keyframes with different interpolation methods in one channel
20:11:24 | WARNING: Baking animation because there are keyframes with different interpolation methods in one channel
20:11:24 | WARNING: Baking animation because there are keyframes with different interpolation methods in one channel
20:11:24 | WARNING: Baking animation because there are keyframes with different interpolation methods in one channel
20:11:24 | WARNING: Baking animation because there are keyframes with different interpolation methods in one channel
20:11:24 | WARNING: Baking animation because there are keyframes with different interpolation methods in one channel
20:11:24 | WARNING: Baking animation because there are keyframes with different interpolation methods in one channel
20:11:24 | WARNING: Baking animation because there are keyframes with different interpolation methods in one channel
20:11:24 | WARNING: Baking animation because there are keyframes with different interpolation methods in one channel
20:11:24 | WARNING: Baking animation because there are keyframes with different interpolation methods in one channel
20:11:24 | WARNING: Baking animation because there are keyframes with different interpolation methods in one channel
20:11:24 | WARNING: Baking animation because there are keyframes with different interpolation methods in one channel
20:11:24 | WARNING: Baking animation because there are keyframes with different interpolation methods in one channel
20:11:24 | WARNING: Baking animation because there are keyframes with different interpolation methods in one channel
20:11:24 | WARNING: Baking animation because there are keyframes with different interpolation methods in one channel
20:11:25 | WARNING: Baking animation because there are keyframes with different interpolation methods in one channel
20:11:25 | WARNING: Baking animation because there are keyframes with different interpolation methods in one channel
20:11:25 | WARNING: Baking animation because there are keyframes with different interpolation methods in one channel
20:11:25 | WARNING: Baking animation because there are keyframes with different interpolation methods in one channel
20:11:25 | WARNING: Baking animation because there are keyframes with different interpolation methods in one channel
20:11:25 | WARNING: Baking animation because there are keyframes with different interpolation methods in one channel
20:11:25 | WARNING: Baking animation because there are keyframes with different interpolation methods in one channel
20:11:25 | WARNING: Baking animation because there are keyframes with different interpolation methods in one channel
20:11:25 | WARNING: Baking animation because there are keyframes with different interpolation methods in one channel
20:11:25 | WARNING: Baking animation because there are keyframes with different interpolation methods in one channel
20:11:25 | WARNING: Baking animation because there are keyframes with different interpolation methods in one channel
20:11:25 | WARNING: Baking animation because there are keyframes with different interpolation methods in one channel
20:11:25 | WARNING: Baking animation because there are keyframes with different interpolation methods in one channel
20:11:25 | WARNING: Baking animation because there are keyframes with different interpolation methods in one channel
20:11:25 | WARNING: Baking animation because there are keyframes with different interpolation methods in one channel
20:11:25 | WARNING: Baking animation because there are keyframes with different interpolation methods in one channel
20:11:25 | WARNING: Baking animation because there are keyframes with different interpolation methods in one channel
20:11:25 | WARNING: Baking animation because there are keyframes with different interpolation methods in one channel
20:11:25 | WARNING: Baking animation because there are keyframes with different interpolation methods in one channel
20:11:25 | WARNING: Baking animation because there are keyframes with different interpolation methods in one channel
20:11:25 | WARNING: Baking animation because there are keyframes with different interpolation methods in one channel
20:11:25 | WARNING: Baking animation because there are keyframes with different interpolation methods in one channel
20:11:25 | WARNING: Baking animation because there are keyframes with different interpolation methods in one channel
20:11:25 | WARNING: Baking animation because there are keyframes with different interpolation methods in one channel
20:11:25 | WARNING: Baking animation because there are keyframes with different interpolation methods in one channel
20:11:25 | WARNING: Baking animation because there are keyframes with different interpolation methods in one channel
20:11:25 | WARNING: Baking animation because there are keyframes with different interpolation methods in one channel
20:11:25 | WARNING: Baking animation because there are keyframes with different interpolation methods in one channel
20:11:25 | WARNING: Baking animation because there are keyframes with different interpolation methods in one channel
20:11:25 | WARNING: Baking animation because there are keyframes with different interpolation methods in one channel
20:11:25 | WARNING: Baking animation because there are keyframes with different interpolation methods in one channel
20:11:25 | WARNING: Baking animation because there are keyframes with different interpolation methods in one channel
20:11:25 | WARNING: Baking animation because there are keyframes with different interpolation methods in one channel
20:11:25 | WARNING: Baking animation because there are keyframes with different interpolation methods in one channel
20:11:25 | WARNING: Baking animation because there are keyframes with different interpolation methods in one channel
20:11:25 | WARNING: Baking animation because there are keyframes with different interpolation methods in one channel
20:11:25 | WARNING: Baking animation because there are keyframes with different interpolation methods in one channel
20:11:25 | WARNING: Baking animation because there are keyframes with different interpolation methods in one channel
20:11:25 | WARNING: Baking animation because there are keyframes with different interpolation methods in one channel
20:11:25 | WARNING: Baking animation because there are keyframes with different interpolation methods in one channel
20:11:25 | WARNING: Baking animation because there are keyframes with different interpolation methods in one channel
20:11:25 | WARNING: Baking animation because there are keyframes with different interpolation methods in one channel
20:11:25 | WARNING: Baking animation because there are keyframes with different interpolation methods in one channel
20:11:25 | WARNING: Baking animation because there are keyframes with different interpolation methods in one channel
20:11:25 | WARNING: Baking animation because there are keyframes with different interpolation methods in one channel
20:11:25 | WARNING: Baking animation because there are keyframes with different interpolation methods in one channel
20:11:25 | WARNING: Baking animation because there are keyframes with different interpolation methods in one channel
20:11:25 | WARNING: Baking animation because there are keyframes with different interpolation methods in one channel
20:11:25 | WARNING: Baking animation because there are keyframes with different interpolation methods in one channel
20:11:25 | WARNING: Baking animation because there are keyframes with different interpolation methods in one channel
20:11:25 | WARNING: Baking animation because there are keyframes with different interpolation methods in one channel
20:11:25 | WARNING: Baking animation because there are keyframes with different interpolation methods in one channel
20:11:25 | WARNING: Baking animation because there are keyframes with different interpolation methods in one channel
20:11:29 | INFO: Finished glTF 2.0 export in 50.65957760810852 s

D02_DONE failed=[]
D02_DONE non_ok_bools=[]

Blender quit
Error: Not freed memory blocks: 7806, total unfreed memory 0.828075 MB
