Blender 4.5.0 (hash 8cb6b388974a built 2025-07-15 01:36:24)
Read blend: "I:\工作项目\BIGMANFIGHT\角色资产\美术资产\bigman_v001\bigman_anim_v001.blend"
Fra:0 Mem:104.04M (Peak 107.23M) | Time:00:00.66 | Rendering 1 / 64 samples
Fra:0 Mem:104.04M (Peak 107.23M) | Time:00:00.69 | Rendering 25 / 64 samples
Fra:0 Mem:104.04M (Peak 107.23M) | Time:00:00.73 | Rendering 50 / 64 samples
Fra:0 Mem:104.04M (Peak 107.23M) | Time:00:00.75 | Rendering 64 / 64 samples
Fra:0 Mem:71.99M (Peak 117.13M) | Time:00:00.78 | Compositing
Saved: 'I:\工作项目\BIGMANFIGHT\角色资产\美术资产\bigman_v001\previews\anim\guardhit_side_f0000.png'
Time: 00:00.83 (Saving: 00:00.04)

Fra:0 Mem:106.11M (Peak 109.26M) | Time:00:00.32 | Rendering 1 / 64 samples
Fra:0 Mem:106.11M (Peak 109.26M) | Time:00:00.36 | Rendering 25 / 64 samples
Fra:0 Mem:106.11M (Peak 109.26M) | Time:00:00.39 | Rendering 50 / 64 samples
Fra:0 Mem:106.11M (Peak 109.26M) | Time:00:00.41 | Rendering 64 / 64 samples
Fra:0 Mem:74.06M (Peak 119.20M) | Time:00:00.43 | Compositing
Saved: 'I:\工作项目\BIGMANFIGHT\角色资产\美术资产\bigman_v001\previews\anim\guardhit_front_f0000.png'
Time: 00:00.47 (Saving: 00:00.03)

Fra:0 Mem:106.11M (Peak 109.27M) | Time:00:00.31 | Rendering 1 / 64 samples
Fra:0 Mem:106.11M (Peak 109.27M) | Time:00:00.34 | Rendering 25 / 64 samples
Fra:0 Mem:106.11M (Peak 109.27M) | Time:00:00.38 | Rendering 50 / 64 samples
Fra:0 Mem:106.11M (Peak 109.27M) | Time:00:00.40 | Rendering 64 / 64 samples
Fra:0 Mem:74.06M (Peak 119.20M) | Time:00:00.42 | Compositing
Saved: 'I:\工作项目\BIGMANFIGHT\角色资产\美术资产\bigman_v001\previews\anim\guardhit_three_quarter_f0000.png'
Time: 00:00.45 (Saving: 00:00.03)

Fra:2 Mem:106.11M (Peak 109.27M) | Time:00:00.27 | Rendering 1 / 64 samples
Fra:2 Mem:106.11M (Peak 109.27M) | Time:00:00.30 | Rendering 25 / 64 samples
Fra:2 Mem:106.11M (Peak 109.27M) | Time:00:00.34 | Rendering 50 / 64 samples
Fra:2 Mem:106.11M (Peak 109.27M) | Time:00:00.36 | Rendering 64 / 64 samples
Fra:2 Mem:74.06M (Peak 119.20M) | Time:00:00.38 | Compositing
Saved: 'I:\工作项目\BIGMANFIGHT\角色资产\美术资产\bigman_v001\previews\anim\guardhit_side_f0002.png'
Time: 00:00.42 (Saving: 00:00.03)

Fra:2 Mem:106.11M (Peak 109.27M) | Time:00:00.25 | Rendering 1 / 64 samples
Fra:2 Mem:106.11M (Peak 109.27M) | Time:00:00.29 | Rendering 25 / 64 samples
Fra:2 Mem:106.11M (Peak 109.27M) | Time:00:00.32 | Rendering 50 / 64 samples
Fra:2 Mem:106.11M (Peak 109.27M) | Time:00:00.34 | Rendering 64 / 64 samples
Fra:2 Mem:74.06M (Peak 119.20M) | Time:00:00.36 | Compositing
Saved: 'I:\工作项目\BIGMANFIGHT\角色资产\美术资产\bigman_v001\previews\anim\guardhit_front_f0002.png'
Time: 00:00.40 (Saving: 00:00.03)

Fra:2 Mem:106.11M (Peak 109.27M) | Time:00:00.31 | Rendering 1 / 64 samples
Fra:2 Mem:106.11M (Peak 109.27M) | Time:00:00.35 | Rendering 25 / 64 samples
Fra:2 Mem:106.11M (Peak 109.27M) | Time:00:00.38 | Rendering 50 / 64 samples
Fra:2 Mem:106.11M (Peak 109.27M) | Time:00:00.40 | Rendering 64 / 64 samples
Fra:2 Mem:74.06M (Peak 119.20M) | Time:00:00.42 | Compositing
Saved: 'I:\工作项目\BIGMANFIGHT\角色资产\美术资产\bigman_v001\previews\anim\guardhit_three_quarter_f0002.png'
Time: 00:00.46 (Saving: 00:00.03)

Fra:4 Mem:106.11M (Peak 109.27M) | Time:00:00.30 | Rendering 1 / 64 samples
Fra:4 Mem:106.11M (Peak 109.27M) | Time:00:00.33 | Rendering 25 / 64 samples
Fra:4 Mem:106.11M (Peak 109.27M) | Time:00:00.37 | Rendering 50 / 64 samples
Fra:4 Mem:106.11M (Peak 109.27M) | Time:00:00.39 | Rendering 64 / 64 samples
Fra:4 Mem:74.06M (Peak 119.20M) | Time:00:00.41 | Compositing
Saved: 'I:\工作项目\BIGMANFIGHT\角色资产\美术资产\bigman_v001\previews\anim\guardhit_side_f0004.png'
Time: 00:00.45 (Saving: 00:00.03)

Fra:4 Mem:106.11M (Peak 109.27M) | Time:00:00.32 | Rendering 1 / 64 samples
Fra:4 Mem:106.11M (Peak 109.27M) | Time:00:00.35 | Rendering 25 / 64 samples
Fra:4 Mem:106.11M (Peak 109.27M) | Time:00:00.39 | Rendering 50 / 64 samples
Fra:4 Mem:106.11M (Peak 109.27M) | Time:00:00.41 | Rendering 64 / 64 samples
Fra:4 Mem:74.06M (Peak 119.20M) | Time:00:00.43 | Compositing
Saved: 'I:\工作项目\BIGMANFIGHT\角色资产\美术资产\bigman_v001\previews\anim\guardhit_front_f0004.png'
Time: 00:00.46 (Saving: 00:00.03)

Fra:4 Mem:106.11M (Peak 109.27M) | Time:00:00.30 | Rendering 1 / 64 samples
Fra:4 Mem:106.11M (Peak 109.27M) | Time:00:00.34 | Rendering 25 / 64 samples
Fra:4 Mem:106.11M (Peak 109.27M) | Time:00:00.37 | Rendering 50 / 64 samples
Fra:4 Mem:106.11M (Peak 109.27M) | Time:00:00.39 | Rendering 64 / 64 samples
Fra:4 Mem:74.06M (Peak 119.20M) | Time:00:00.41 | Compositing
Saved: 'I:\工作项目\BIGMANFIGHT\角色资产\美术资产\bigman_v001\previews\anim\guardhit_three_quarter_f0004.png'
Time: 00:00.45 (Saving: 00:00.03)

Fra:6 Mem:106.11M (Peak 109.27M) | Time:00:00.30 | Rendering 1 / 64 samples
Fra:6 Mem:106.11M (Peak 109.27M) | Time:00:00.33 | Rendering 25 / 64 samples
Fra:6 Mem:106.11M (Peak 109.27M) | Time:00:00.37 | Rendering 50 / 64 samples
Fra:6 Mem:106.11M (Peak 109.27M) | Time:00:00.39 | Rendering 64 / 64 samples
Fra:6 Mem:74.06M (Peak 119.20M) | Time:00:00.41 | Compositing
Saved: 'I:\工作项目\BIGMANFIGHT\角色资产\美术资产\bigman_v001\previews\anim\guardhit_side_f0006.png'
Time: 00:00.45 (Saving: 00:00.03)

Fra:6 Mem:106.11M (Peak 109.27M) | Time:00:00.31 | Rendering 1 / 64 samples
Fra:6 Mem:106.11M (Peak 109.27M) | Time:00:00.34 | Rendering 25 / 64 samples
Fra:6 Mem:106.11M (Peak 109.27M) | Time:00:00.38 | Rendering 50 / 64 samples
Fra:6 Mem:106.11M (Peak 109.27M) | Time:00:00.40 | Rendering 64 / 64 samples
Fra:6 Mem:74.06M (Peak 119.20M) | Time:00:00.42 | Compositing
Saved: 'I:\工作项目\BIGMANFIGHT\角色资产\美术资产\bigman_v001\previews\anim\guardhit_front_f0006.png'
Time: 00:00.46 (Saving: 00:00.03)

Fra:6 Mem:106.11M (Peak 109.27M) | Time:00:00.30 | Rendering 1 / 64 samples
Fra:6 Mem:106.11M (Peak 109.27M) | Time:00:00.34 | Rendering 25 / 64 samples
Fra:6 Mem:106.11M (Peak 109.27M) | Time:00:00.37 | Rendering 50 / 64 samples
Fra:6 Mem:106.11M (Peak 109.27M) | Time:00:00.39 | Rendering 64 / 64 samples
Fra:6 Mem:74.06M (Peak 119.20M) | Time:00:00.41 | Compositing
Saved: 'I:\工作项目\BIGMANFIGHT\角色资产\美术资产\bigman_v001\previews\anim\guardhit_three_quarter_f0006.png'
Time: 00:00.45 (Saving: 00:00.03)

Fra:14 Mem:106.11M (Peak 109.27M) | Time:00:00.30 | Rendering 1 / 64 samples
Fra:14 Mem:106.11M (Peak 109.27M) | Time:00:00.34 | Rendering 25 / 64 samples
Fra:14 Mem:106.11M (Peak 109.27M) | Time:00:00.37 | Rendering 50 / 64 samples
Fra:14 Mem:106.11M (Peak 109.27M) | Time:00:00.39 | Rendering 64 / 64 samples
Fra:14 Mem:74.06M (Peak 119.20M) | Time:00:00.41 | Compositing
Saved: 'I:\工作项目\BIGMANFIGHT\角色资产\美术资产\bigman_v001\previews\anim\guardhit_side_f0014.png'
Time: 00:00.45 (Saving: 00:00.03)

Fra:14 Mem:106.11M (Peak 109.27M) | Time:00:00.30 | Rendering 1 / 64 samples
Fra:14 Mem:106.11M (Peak 109.27M) | Time:00:00.33 | Rendering 25 / 64 samples
Fra:14 Mem:106.11M (Peak 109.27M) | Time:00:00.37 | Rendering 50 / 64 samples
Fra:14 Mem:106.11M (Peak 109.27M) | Time:00:00.39 | Rendering 64 / 64 samples
Fra:14 Mem:74.06M (Peak 119.20M) | Time:00:00.41 | Compositing
Saved: 'I:\工作项目\BIGMANFIGHT\角色资产\美术资产\bigman_v001\previews\anim\guardhit_front_f0014.png'
Time: 00:00.45 (Saving: 00:00.03)

Fra:14 Mem:106.11M (Peak 109.27M) | Time:00:00.31 | Rendering 1 / 64 samples
Fra:14 Mem:106.11M (Peak 109.27M) | Time:00:00.35 | Rendering 25 / 64 samples
Fra:14 Mem:106.11M (Peak 109.27M) | Time:00:00.38 | Rendering 50 / 64 samples
Fra:14 Mem:106.11M (Peak 109.27M) | Time:00:00.40 | Rendering 64 / 64 samples
Fra:14 Mem:74.06M (Peak 119.20M) | Time:00:00.42 | Compositing
Saved: 'I:\工作项目\BIGMANFIGHT\角色资产\美术资产\bigman_v001\previews\anim\guardhit_three_quarter_f0014.png'
Time: 00:00.46 (Saving: 00:00.03)

Fra:32 Mem:106.11M (Peak 109.27M) | Time:00:00.31 | Rendering 1 / 64 samples
Fra:32 Mem:106.11M (Peak 109.27M) | Time:00:00.34 | Rendering 25 / 64 samples
Fra:32 Mem:106.11M (Peak 109.27M) | Time:00:00.38 | Rendering 50 / 64 samples
Fra:32 Mem:106.11M (Peak 109.27M) | Time:00:00.40 | Rendering 64 / 64 samples
Fra:32 Mem:74.06M (Peak 119.20M) | Time:00:00.42 | Compositing
Saved: 'I:\工作项目\BIGMANFIGHT\角色资产\美术资产\bigman_v001\previews\anim\guardhit_side_f0032.png'
Time: 00:00.46 (Saving: 00:00.03)

Fra:32 Mem:106.11M (Peak 109.27M) | Time:00:00.29 | Rendering 1 / 64 samples
Fra:32 Mem:106.11M (Peak 109.27M) | Time:00:00.33 | Rendering 25 / 64 samples
Fra:32 Mem:106.11M (Peak 109.27M) | Time:00:00.36 | Rendering 50 / 64 samples
Fra:32 Mem:106.11M (Peak 109.27M) | Time:00:00.38 | Rendering 64 / 64 samples
Fra:32 Mem:74.06M (Peak 119.20M) | Time:00:00.40 | Compositing
Saved: 'I:\工作项目\BIGMANFIGHT\角色资产\美术资产\bigman_v001\previews\anim\guardhit_front_f0032.png'
Time: 00:00.44 (Saving: 00:00.03)

Fra:32 Mem:106.11M (Peak 109.27M) | Time:00:00.29 | Rendering 1 / 64 samples
Fra:32 Mem:106.11M (Peak 109.27M) | Time:00:00.33 | Rendering 25 / 64 samples
Fra:32 Mem:106.11M (Peak 109.27M) | Time:00:00.36 | Rendering 50 / 64 samples
Fra:32 Mem:106.11M (Peak 109.27M) | Time:00:00.38 | Rendering 64 / 64 samples
Fra:32 Mem:74.06M (Peak 119.20M) | Time:00:00.40 | Compositing
Saved: 'I:\工作项目\BIGMANFIGHT\角色资产\美术资产\bigman_v001\previews\anim\guardhit_three_quarter_f0032.png'
Time: 00:00.44 (Saving: 00:00.03)

Fra:36 Mem:106.11M (Peak 109.27M) | Time:00:00.28 | Rendering 1 / 64 samples
Fra:36 Mem:106.11M (Peak 109.27M) | Time:00:00.31 | Rendering 25 / 64 samples
Fra:36 Mem:106.11M (Peak 109.27M) | Time:00:00.35 | Rendering 50 / 64 samples
Fra:36 Mem:106.11M (Peak 109.27M) | Time:00:00.37 | Rendering 64 / 64 samples
Fra:36 Mem:74.06M (Peak 119.20M) | Time:00:00.39 | Compositing
Saved: 'I:\工作项目\BIGMANFIGHT\角色资产\美术资产\bigman_v001\previews\anim\guardhit_side_f0036.png'
Time: 00:00.43 (Saving: 00:00.03)

Fra:36 Mem:106.11M (Peak 109.27M) | Time:00:00.23 | Rendering 1 / 64 samples
Fra:36 Mem:106.11M (Peak 109.27M) | Time:00:00.27 | Rendering 25 / 64 samples
Fra:36 Mem:106.11M (Peak 109.27M) | Time:00:00.30 | Rendering 50 / 64 samples
Fra:36 Mem:106.11M (Peak 109.27M) | Time:00:00.32 | Rendering 64 / 64 samples
Fra:36 Mem:74.06M (Peak 119.20M) | Time:00:00.34 | Compositing
Saved: 'I:\工作项目\BIGMANFIGHT\角色资产\美术资产\bigman_v001\previews\anim\guardhit_front_f0036.png'
Time: 00:00.38 (Saving: 00:00.03)

Fra:36 Mem:106.11M (Peak 109.27M) | Time:00:00.31 | Rendering 1 / 64 samples
Fra:36 Mem:106.11M (Peak 109.27M) | Time:00:00.34 | Rendering 25 / 64 samples
Fra:36 Mem:106.11M (Peak 109.27M) | Time:00:00.38 | Rendering 50 / 64 samples
Fra:36 Mem:106.11M (Peak 109.27M) | Time:00:00.40 | Rendering 64 / 64 samples
Fra:36 Mem:74.06M (Peak 119.20M) | Time:00:00.41 | Compositing
Saved: 'I:\工作项目\BIGMANFIGHT\角色资产\美术资产\bigman_v001\previews\anim\guardhit_three_quarter_f0036.png'
Time: 00:00.45 (Saving: 00:00.03)

D01_LAYOUT {"total_frames": 24, "seconds": 0.4, "ease_end": 4, "slow_end": 5, "guard": 13, "peak": 16, "settle": 20, "frozen_tail": 4, "segments": 1, "hit_points": 0, "root_motion_m": [0.0, 0.0], "pelvis_z0_mm": 830.0, "ankle0_mm": {"L": [143.18, -169.57, 79.76], "R": [-141.58, 140.43, 79.83]}, "idle_fist_mm": {"L": [144.52, -307.73, 1271.06], "R": [-129.58, -273.48, 1298.18]}, "guard_fist_mm": {"L": [150.0, -230.0, 1510.0], "R": [-150.0, -230.0, 1510.0]}, "guard_elbow_dir": {"L": [-0.3, -0.1, -0.95], "R": [0.3, -0.1, -0.95]}, "tour": "起手接合 4 帧 → 慢起至 5 帧（走 12% 行程）→ 举防到位 13 帧 → 过冲 16 帧 → 定格 20 帧（20..24 逐位冻结）", "note": "D01 举防：本支是全项目第一支持护姿；肘内收 + 拳分列脸两侧（探针两轮目检回炉后定稿）"}
D03_LAYOUT {"total_frames": 36, "seconds": 0.6, "impact": 4, "hold_end": 6, "recover_end": 32, "segments": 1, "hit_points": 0, "root_motion_m": [0.0, 0.0], "zero_source": "Guard_Start@24（落盘 action，非重演）", "zero_fist_mm": {"L": [150.0, -230.0, 1510.0], "R": [-150.0, -230.0, 1510.0]}, "zero_head_box_mm": [[-83.5, -235.8, 1446.4], [83.7, -37.3, 1716.5]], "zero_front_gap_mm": {"L": -5.79, "R": -5.79}, "zero_pelvis_z_mm": 830.0, "press_drop_mm": -14.0, "press_fist_offset_mm": [0.0, 44.0, 6.0], "torso_press_deg": {"pelvis": -0.6, "spine_01": -0.95, "spine_02": -0.95, "chest": -1.8, "neck": -2.4, "head": -3.4, "shoulder.L": 3.0, "shoulder.R": 3.0}, "d01_saved": {"action": "Guard_Start", "found": true, "last_frame": 24, "expected_last_frame": 24, "rot_bones": 57, "loc_bones": ["pelvis"], "frame_range": [0, 24]}, "d01_report_ref_src": "_d01_final.log", "d01_saved_vs_report_max_diff": 4.984e-05, "d01_replay_geom_pos_mm": 0.000521, "d01_replay_geom_pos_bone": "hand.L", "d01_replay_geom_dir_deg": 0.018505, "d01_replay_geom_dir_bone": "chest", "d01_replay_euler_max_diff_deg": 1.999997, "d01_replay_euler_worst_bone": "hand.L", "d01_replay_roll_free_bones": {"hand.L": [-0.0, -2.0, 0.0]}, "note": "D03 防御受击：零位 = D01 落盘末帧；不对称受击脉冲 0.6 s；上身后仰 + 双臂被压回 + 脚纹丝不动；首尾共用同一 dict"}
D03_REPORT {"loop_seamless": null, "foot_travel_mm_foot.L": 0.0, "no_foot_slide_foot.L": true, "foot_travel_mm_foot.R": 0.0, "no_foot_slide_foot.R": true, "ground_min_mm": -1.33, "ground_contact_ok": true, "max_frame_step_deg": 6.884, "max_frame_step_at": [1, "upperarm.R"], "no_teleport": true, "bone_travel_mm": {"pelvis": 14.0, "chest": 16.07, "head": 37.9, "hand.L": 35.88, "hand.R": 35.88}, "guard_cover_ok": true, "guard_elbow_ok": true, "min_in_front_mm": 151.8, "min_lateral_mm": 150.0, "min_raise_mm": 205.8, "guard_symmetry_hold_ok": true, "max_sym_mm": 0.0, "clip_max_mm": 0.0, "clip_at": null, "clip_frame": null, "guard_no_face_clip_ok": true, "fist_back_vs_pelvis_zero_mm": {"L": -230.0, "R": -230.0}, "fist_back_vs_pelvis_pull_mm": {"L": 44.0, "R": 44.0}, "fist_back_pull_mm": 44.0, "zero_arm_clip_mm": 0.0, "impact_arm_clip_mm": 0.0, "arm_pushed_back_ok": true, "chest_pitch_zero_deg": -15.0, "chest_pitch_impact_deg": -10.7, "chest_pitch_delta_deg": 4.3, "torso_lean_back_ok": true, "head_back_mm": 76.93, "neck_back_mm": 22.83, "head_snap_back_ok": true, "guard_hit_ok": true, "press_rise_frames": 4, "press_fall_frames": 26, "guard_hit_impact_ok": true, "end_pose_mm": {"L": 0.001, "R": 0.001}, "end_world_pose_mm": 0.0012, "end_world_pose_bone": "hand.L.tail", "end_last2_deg": 0.0, "guard_hit_recover_ok": true, "reach_ratio_max": 0.33091, "reach_ok": true, "plant_mm": {"L": 0.001, "R": 0.001}, "plant_ok": true, "zero_fist_mm": {"L": [150.0, -230.0, 1510.0], "R": [-150.0, -230.0, 1510.0]}, "impact_fist_mm": {"L": [150.0, -186.0, 1504.0], "R": [-150.0, -186.0, 1504.0]}, "impact_head_box_mm": [[-83.5, -187.8, 1450.7], [83.7, 30.4, 1704.9]], "zero_head_box_mm": [[-83.5, -235.8, 1446.4], [83.7, -37.3, 1716.5]], "aspect": 0.3043, "fill_grid": 0.6102, "width_m": 0.5226, "height_m": 1.7177, "meta": {"anim_id": "Guard_Hit", "loop": false, "category": "防御", "note": "防御受击：上身后仰、双臂被压回、脚不动（零位 = D01 举防定格），0 命中点、0 位移", "impact_frame": 4, "hold_end_frame": 6, "recover_frame": 32, "hitstop_frames": 2, "hit_points": 0, "root_motion_m": [0.0, 0.0], "hit_point_m": null, "start_pose_ref": "D01 Guard_Start 末帧", "end_pose_ref": "D01 Guard_Start 末帧（回到护架，可接 Guard_Loop）", "fps": 60, "frames": [0, 36]}, "ua_start_delta_deg": 0.0, "ua_start_ok": true, "d01_end_saved_ok": true, "d01_saved_vs_report_max_diff": 4.984e-05, "d01_report_ref_src": "_d01_final.log", "d01_replay_geom_ok": true, "d01_replay_geom_pos_mm": 0.000521, "d01_replay_geom_dir_deg": 0.018505, "d01_replay_euler_max_diff_deg": 1.999997, "d01_replay_euler_worst_bone": "hand.L", "d01_replay_roll_free_bones": {"hand.L": [-0.0, -2.0, 0.0]}, "failed": [], "non_ok_bools": []}
Info: Saved as "bigman_anim_v001.blend"
INFO Draco mesh compression is available, use library at D:\Program Files\Blender Foundation\Blender 4.5\4.5\scripts\addons_core\io_scene_gltf2\extern_draco.dll
20:40:15 | INFO: Starting glTF 2.0 export
20:40:15 | INFO: Extracting primitive: Mesh
20:40:15 | INFO: Primitives created: 1
20:40:15 | INFO: Extracting primitive: Mesh
20:40:15 | INFO: Primitives created: 1
20:40:15 | INFO: Extracting primitive: Collar_Point_L
20:40:15 | INFO: Primitives created: 1
20:40:15 | INFO: Extracting primitive: Collar_Point_R
20:40:15 | INFO: Primitives created: 1
20:40:15 | INFO: Extracting primitive: Ear_Inner_L
20:40:15 | INFO: Primitives created: 1
20:40:15 | INFO: Extracting primitive: Ear_Inner_R
20:40:15 | INFO: Primitives created: 1
20:40:15 | INFO: Extracting primitive: Ear_L
20:40:15 | INFO: Primitives created: 1
20:40:15 | INFO: Extracting primitive: Ear_Lobe_L
20:40:15 | INFO: Primitives created: 1
20:40:15 | INFO: Extracting primitive: Ear_Lobe_R
20:40:15 | INFO: Primitives created: 1
20:40:15 | INFO: Extracting primitive: Ear_R
20:40:15 | INFO: Primitives created: 1
20:40:15 | INFO: Extracting primitive: Eye_Glint_L
20:40:15 | INFO: Primitives created: 1
20:40:15 | INFO: Extracting primitive: Eye_Glint_R
20:40:15 | INFO: Primitives created: 1
20:40:15 | INFO: Extracting primitive: Eye_Line_Upper_L
20:40:15 | INFO: Primitives created: 1
20:40:15 | INFO: Extracting primitive: Eye_Line_Upper_R
20:40:15 | INFO: Primitives created: 1
20:40:15 | INFO: Extracting primitive: Eye_White_L
20:40:15 | INFO: Primitives created: 1
20:40:15 | INFO: Extracting primitive: Eye_White_R
20:40:15 | INFO: Primitives created: 1
20:40:15 | INFO: Extracting primitive: Eyebrow_L
20:40:15 | INFO: Primitives created: 1
20:40:15 | INFO: Extracting primitive: Eyebrow_R
20:40:15 | INFO: Primitives created: 1
20:40:15 | INFO: Extracting primitive: Eyelid_Lower_L
20:40:15 | INFO: Primitives created: 1
20:40:15 | INFO: Extracting primitive: Eyelid_Lower_R
20:40:15 | INFO: Primitives created: 1
20:40:15 | INFO: Extracting primitive: Eyelid_Upper_L
20:40:15 | INFO: Primitives created: 1
20:40:15 | INFO: Extracting primitive: Eyelid_Upper_R
20:40:15 | INFO: Primitives created: 1
20:40:15 | INFO: Extracting primitive: Mesh
20:40:15 | INFO: Primitives created: 1
20:40:15 | INFO: Extracting primitive: Mesh
20:40:15 | INFO: Primitives created: 1
20:40:15 | INFO: Extracting primitive: Mesh
20:40:15 | INFO: Primitives created: 1
20:40:15 | INFO: Extracting primitive: Mesh
20:40:15 | INFO: Primitives created: 1
20:40:15 | INFO: Extracting primitive: Mesh
20:40:15 | INFO: Primitives created: 1
20:40:15 | INFO: Extracting primitive: Mesh
20:40:15 | INFO: Primitives created: 1
20:40:15 | INFO: Extracting primitive: Mesh
20:40:15 | INFO: Primitives created: 1
20:40:15 | INFO: Extracting primitive: Mesh
20:40:15 | INFO: Primitives created: 1
20:40:15 | INFO: Extracting primitive: Glasses_Bridge
20:40:15 | INFO: Primitives created: 1
20:40:15 | INFO: Extracting primitive: Glasses_Frame_L
20:40:15 | INFO: Primitives created: 1
20:40:15 | INFO: Extracting primitive: Glasses_Frame_R
20:40:15 | INFO: Primitives created: 1
20:40:15 | INFO: Extracting primitive: Glasses_Temple_L
20:40:15 | INFO: Primitives created: 1
20:40:15 | INFO: Extracting primitive: Glasses_Temple_R
20:40:15 | INFO: Primitives created: 1
20:40:15 | INFO: Extracting primitive: Mesh
20:40:15 | INFO: Primitives created: 1
20:40:15 | INFO: Extracting primitive: Mesh
20:40:15 | INFO: Primitives created: 1
20:40:15 | INFO: Extracting primitive: Mesh
20:40:15 | INFO: Primitives created: 1
20:40:15 | INFO: Extracting primitive: Mesh
20:40:15 | INFO: Primitives created: 1
20:40:15 | INFO: Extracting primitive: Mesh
20:40:15 | INFO: Primitives created: 1
20:40:15 | INFO: Extracting primitive: Iris_L
20:40:15 | INFO: Primitives created: 1
20:40:15 | INFO: Extracting primitive: Iris_R
20:40:15 | INFO: Primitives created: 1
20:40:15 | INFO: Extracting primitive: Iris_Ring_L
20:40:15 | INFO: Primitives created: 1
20:40:15 | INFO: Extracting primitive: Iris_Ring_R
20:40:15 | INFO: Primitives created: 1
20:40:15 | INFO: Extracting primitive: Jacket_Back_Seam
20:40:15 | INFO: Primitives created: 1
20:40:15 | INFO: Extracting primitive: Jacket_Button_1
20:40:15 | INFO: Primitives created: 1
20:40:16 | INFO: Extracting primitive: Jacket_Button_2
20:40:16 | INFO: Primitives created: 1
20:40:16 | INFO: Extracting primitive: Jacket_Collar
20:40:16 | INFO: Primitives created: 1
20:40:16 | INFO: Extracting primitive: Jacket_Lapel_L
20:40:16 | INFO: Primitives created: 1
20:40:16 | INFO: Extracting primitive: Jacket_Lapel_R
20:40:16 | INFO: Primitives created: 1
20:40:16 | INFO: Extracting primitive: Jacket_Vent
20:40:16 | INFO: Primitives created: 1
20:40:16 | INFO: Extracting primitive: Lapel_Fold_L
20:40:16 | INFO: Primitives created: 1
20:40:16 | INFO: Extracting primitive: Lapel_Fold_R
20:40:16 | INFO: Primitives created: 1
20:40:16 | INFO: Extracting primitive: Lapel_Notch_L
20:40:16 | INFO: Primitives created: 1
20:40:16 | INFO: Extracting primitive: Lapel_Notch_R
20:40:16 | INFO: Primitives created: 1
20:40:16 | INFO: Extracting primitive: Lower_Lip
20:40:16 | INFO: Primitives created: 1
20:40:16 | INFO: Extracting primitive: Mouth_Line
20:40:16 | INFO: Primitives created: 1
20:40:16 | INFO: Extracting primitive: Mesh
20:40:16 | INFO: Primitives created: 1
20:40:16 | INFO: Extracting primitive: Mesh
20:40:16 | INFO: Primitives created: 1
20:40:16 | INFO: Extracting primitive: Nose_Wing_L
20:40:16 | INFO: Primitives created: 1
20:40:16 | INFO: Extracting primitive: Nose_Wing_R
20:40:16 | INFO: Primitives created: 1
20:40:16 | INFO: Extracting primitive: Pocket_Flap_L
20:40:16 | INFO: Primitives created: 1
20:40:16 | INFO: Extracting primitive: Pocket_Flap_R
20:40:16 | INFO: Primitives created: 1
20:40:16 | INFO: Extracting primitive: Pupil_L
20:40:16 | INFO: Primitives created: 1
20:40:16 | INFO: Extracting primitive: Pupil_R
20:40:16 | INFO: Primitives created: 1
20:40:16 | INFO: Extracting primitive: Shirt_Collar
20:40:16 | INFO: Primitives created: 1
20:40:16 | INFO: Extracting primitive: Shirt_Cuff_L
20:40:16 | INFO: Primitives created: 1
20:40:16 | INFO: Extracting primitive: Shirt_Cuff_R
20:40:16 | INFO: Primitives created: 1
20:40:16 | INFO: Extracting primitive: Shirt_Front
20:40:16 | INFO: Primitives created: 1
20:40:16 | INFO: Extracting primitive: Mesh
20:40:16 | INFO: Primitives created: 1
20:40:16 | INFO: Extracting primitive: Mesh
20:40:16 | INFO: Primitives created: 1
20:40:16 | INFO: Extracting primitive: Mesh
20:40:16 | INFO: Primitives created: 1
20:40:16 | INFO: Extracting primitive: Mesh
20:40:16 | INFO: Primitives created: 1
20:40:16 | INFO: Extracting primitive: Shoe_Toe_Cap_L
20:40:16 | INFO: Primitives created: 1
20:40:16 | INFO: Extracting primitive: Shoe_Toe_Cap_R
20:40:16 | INFO: Primitives created: 1
20:40:16 | INFO: Extracting primitive: Mesh
20:40:16 | INFO: Primitives created: 1
20:40:16 | INFO: Extracting primitive: Mesh
20:40:16 | INFO: Primitives created: 1
20:40:16 | INFO: Extracting primitive: Sleeve_Button_1_L
20:40:16 | INFO: Primitives created: 1
20:40:16 | INFO: Extracting primitive: Sleeve_Button_1_R
20:40:16 | INFO: Primitives created: 1
20:40:16 | INFO: Extracting primitive: Sleeve_Button_2_L
20:40:16 | INFO: Primitives created: 1
20:40:16 | INFO: Extracting primitive: Sleeve_Button_2_R
20:40:16 | INFO: Primitives created: 1
20:40:16 | INFO: Extracting primitive: Sleeve_Button_3_L
20:40:16 | INFO: Primitives created: 1
20:40:16 | INFO: Extracting primitive: Sleeve_Button_3_R
20:40:16 | INFO: Primitives created: 1
20:40:16 | INFO: Extracting primitive: Mesh
20:40:16 | INFO: Primitives created: 1
20:40:16 | INFO: Extracting primitive: Mesh
20:40:16 | INFO: Primitives created: 1
20:40:16 | INFO: Extracting primitive: Mesh
20:40:16 | INFO: Primitives created: 1
20:40:16 | INFO: Extracting primitive: Mesh
20:40:16 | INFO: Primitives created: 1
20:40:16 | INFO: Extracting primitive: Mesh
20:40:16 | INFO: Primitives created: 1
20:40:16 | INFO: Extracting primitive: Mesh
20:40:16 | INFO: Primitives created: 1
20:40:16 | INFO: Extracting primitive: Mesh
20:40:16 | INFO: Primitives created: 1
20:40:16 | INFO: Extracting primitive: Upper_Lip
20:40:16 | INFO: Primitives created: 1
20:40:33 | WARNING: Baking animation because there are keyframes with different interpolation methods in one channel
20:40:33 | WARNING: Baking animation because there are keyframes with different interpolation methods in one channel
20:40:33 | WARNING: Baking animation because there are keyframes with different interpolation methods in one channel
20:40:33 | WARNING: Baking animation because there are keyframes with different interpolation methods in one channel
20:40:33 | WARNING: Baking animation because there are keyframes with different interpolation methods in one channel
20:40:33 | WARNING: Baking animation because there are keyframes with different interpolation methods in one channel
20:40:33 | WARNING: Baking animation because there are keyframes with different interpolation methods in one channel
20:40:33 | WARNING: Baking animation because there are keyframes with different interpolation methods in one channel
20:40:33 | WARNING: Baking animation because there are keyframes with different interpolation methods in one channel
20:40:33 | WARNING: Baking animation because there are keyframes with different interpolation methods in one channel
20:40:33 | WARNING: Baking animation because there are keyframes with different interpolation methods in one channel
20:40:33 | WARNING: Baking animation because there are keyframes with different interpolation methods in one channel
20:40:33 | WARNING: Baking animation because there are keyframes with different interpolation methods in one channel
20:40:33 | WARNING: Baking animation because there are keyframes with different interpolation methods in one channel
20:40:33 | WARNING: Baking animation because there are keyframes with different interpolation methods in one channel
20:40:33 | WARNING: Baking animation because there are keyframes with different interpolation methods in one channel
20:40:33 | WARNING: Baking animation because there are keyframes with different interpolation methods in one channel
20:40:33 | WARNING: Baking animation because there are keyframes with different interpolation methods in one channel
20:40:33 | WARNING: Baking animation because there are keyframes with different interpolation methods in one channel
20:40:33 | WARNING: Baking animation because there are keyframes with different interpolation methods in one channel
20:40:33 | WARNING: Baking animation because there are keyframes with different interpolation methods in one channel
20:40:33 | WARNING: Baking animation because there are keyframes with different interpolation methods in one channel
20:40:33 | WARNING: Baking animation because there are keyframes with different interpolation methods in one channel
20:40:33 | WARNING: Baking animation because there are keyframes with different interpolation methods in one channel
20:40:33 | WARNING: Baking animation because there are keyframes with different interpolation methods in one channel
20:40:33 | WARNING: Baking animation because there are keyframes with different interpolation methods in one channel
20:40:33 | WARNING: Baking animation because there are keyframes with different interpolation methods in one channel
20:40:33 | WARNING: Baking animation because there are keyframes with different interpolation methods in one channel
20:40:33 | WARNING: Baking animation because there are keyframes with different interpolation methods in one channel
20:40:33 | WARNING: Baking animation because there are keyframes with different interpolation methods in one channel
20:40:33 | WARNING: Baking animation because there are keyframes with different interpolation methods in one channel
20:40:33 | WARNING: Baking animation because there are keyframes with different interpolation methods in one channel
20:40:33 | WARNING: Baking animation because there are keyframes with different interpolation methods in one channel
20:40:33 | WARNING: Baking animation because there are keyframes with different interpolation methods in one channel
20:40:33 | WARNING: Baking animation because there are keyframes with different interpolation methods in one channel
20:40:33 | WARNING: Baking animation because there are keyframes with different interpolation methods in one channel
20:40:33 | WARNING: Baking animation because there are keyframes with different interpolation methods in one channel
20:40:33 | WARNING: Baking animation because there are keyframes with different interpolation methods in one channel
20:40:33 | WARNING: Baking animation because there are keyframes with different interpolation methods in one channel
20:40:33 | WARNING: Baking animation because there are keyframes with different interpolation methods in one channel
20:40:33 | WARNING: Baking animation because there are keyframes with different interpolation methods in one channel
20:40:33 | WARNING: Baking animation because there are keyframes with different interpolation methods in one channel
20:40:33 | WARNING: Baking animation because there are keyframes with different interpolation methods in one channel
20:40:33 | WARNING: Baking animation because there are keyframes with different interpolation methods in one channel
20:40:33 | WARNING: Baking animation because there are keyframes with different interpolation methods in one channel
20:40:33 | WARNING: Baking animation because there are keyframes with different interpolation methods in one channel
20:40:33 | WARNING: Baking animation because there are keyframes with different interpolation methods in one channel
20:40:33 | WARNING: Baking animation because there are keyframes with different interpolation methods in one channel
20:40:33 | WARNING: Baking animation because there are keyframes with different interpolation methods in one channel
20:40:33 | WARNING: Baking animation because there are keyframes with different interpolation methods in one channel
20:40:33 | WARNING: Baking animation because there are keyframes with different interpolation methods in one channel
20:40:33 | WARNING: Baking animation because there are keyframes with different interpolation methods in one channel
20:40:33 | WARNING: Baking animation because there are keyframes with different interpolation methods in one channel
20:40:34 | WARNING: Baking animation because there are keyframes with different interpolation methods in one channel
20:40:34 | WARNING: Baking animation because there are keyframes with different interpolation methods in one channel
20:40:34 | WARNING: Baking animation because there are keyframes with different interpolation methods in one channel
20:40:34 | WARNING: Baking animation because there are keyframes with different interpolation methods in one channel
20:40:34 | WARNING: Baking animation because there are keyframes with different interpolation methods in one channel
20:40:34 | WARNING: Baking animation because there are keyframes with different interpolation methods in one channel
20:40:34 | WARNING: Baking animation because there are keyframes with different interpolation methods in one channel
20:40:34 | WARNING: Baking animation because there are keyframes with different interpolation methods in one channel
20:40:34 | WARNING: Baking animation because there are keyframes with different interpolation methods in one channel
20:40:34 | WARNING: Baking animation because there are keyframes with different interpolation methods in one channel
20:40:34 | WARNING: Baking animation because there are keyframes with different interpolation methods in one channel
20:40:34 | WARNING: Baking animation because there are keyframes with different interpolation methods in one channel
20:40:34 | WARNING: Baking animation because there are keyframes with different interpolation methods in one channel
20:40:34 | WARNING: Baking animation because there are keyframes with different interpolation methods in one channel
20:40:34 | WARNING: Baking animation because there are keyframes with different interpolation methods in one channel
20:40:34 | WARNING: Baking animation because there are keyframes with different interpolation methods in one channel
20:40:34 | WARNING: Baking animation because there are keyframes with different interpolation methods in one channel
20:40:34 | WARNING: Baking animation because there are keyframes with different interpolation methods in one channel
20:40:34 | WARNING: Baking animation because there are keyframes with different interpolation methods in one channel
20:40:34 | WARNING: Baking animation because there are keyframes with different interpolation methods in one channel
20:40:34 | WARNING: Baking animation because there are keyframes with different interpolation methods in one channel
20:40:34 | WARNING: Baking animation because there are keyframes with different interpolation methods in one channel
20:40:34 | WARNING: Baking animation because there are keyframes with different interpolation methods in one channel
20:40:34 | WARNING: Baking animation because there are keyframes with different interpolation methods in one channel
20:40:34 | WARNING: Baking animation because there are keyframes with different interpolation methods in one channel
20:40:34 | WARNING: Baking animation because there are keyframes with different interpolation methods in one channel
20:40:34 | WARNING: Baking animation because there are keyframes with different interpolation methods in one channel
20:40:34 | WARNING: Baking animation because there are keyframes with different interpolation methods in one channel
20:40:34 | WARNING: Baking animation because there are keyframes with different interpolation methods in one channel
20:40:34 | WARNING: Baking animation because there are keyframes with different interpolation methods in one channel
20:40:34 | WARNING: Baking animation because there are keyframes with different interpolation methods in one channel
20:40:34 | WARNING: Baking animation because there are keyframes with different interpolation methods in one channel
20:40:34 | WARNING: Baking animation because there are keyframes with different interpolation methods in one channel
20:40:34 | WARNING: Baking animation because there are keyframes with different interpolation methods in one channel
20:40:34 | WARNING: Baking animation because there are keyframes with different interpolation methods in one channel
20:40:34 | WARNING: Baking animation because there are keyframes with different interpolation methods in one channel
20:40:34 | WARNING: Baking animation because there are keyframes with different interpolation methods in one channel
20:40:34 | WARNING: Baking animation because there are keyframes with different interpolation methods in one channel
20:40:34 | WARNING: Baking animation because there are keyframes with different interpolation methods in one channel
20:40:34 | WARNING: Baking animation because there are keyframes with different interpolation methods in one channel
20:40:34 | WARNING: Baking animation because there are keyframes with different interpolation methods in one channel
20:40:34 | WARNING: Baking animation because there are keyframes with different interpolation methods in one channel
20:40:34 | WARNING: Baking animation because there are keyframes with different interpolation methods in one channel
20:40:34 | WARNING: Baking animation because there are keyframes with different interpolation methods in one channel
20:40:34 | WARNING: Baking animation because there are keyframes with different interpolation methods in one channel
20:40:34 | WARNING: Baking animation because there are keyframes with different interpolation methods in one channel
20:40:34 | WARNING: Baking animation because there are keyframes with different interpolation methods in one channel
20:40:34 | WARNING: Baking animation because there are keyframes with different interpolation methods in one channel
20:40:34 | WARNING: Baking animation because there are keyframes with different interpolation methods in one channel
20:40:34 | WARNING: Baking animation because there are keyframes with different interpolation methods in one channel
20:40:34 | WARNING: Baking animation because there are keyframes with different interpolation methods in one channel
20:40:34 | WARNING: Baking animation because there are keyframes with different interpolation methods in one channel
20:40:34 | WARNING: Baking animation because there are keyframes with different interpolation methods in one channel
20:40:34 | WARNING: Baking animation because there are keyframes with different interpolation methods in one channel
20:40:34 | WARNING: Baking animation because there are keyframes with different interpolation methods in one channel
20:40:34 | WARNING: Baking animation because there are keyframes with different interpolation methods in one channel
20:40:34 | WARNING: Baking animation because there are keyframes with different interpolation methods in one channel
20:40:34 | WARNING: Baking animation because there are keyframes with different interpolation methods in one channel
20:40:34 | WARNING: Baking animation because there are keyframes with different interpolation methods in one channel
20:40:34 | WARNING: Baking animation because there are keyframes with different interpolation methods in one channel
20:40:34 | WARNING: Baking animation because there are keyframes with different interpolation methods in one channel
20:40:34 | WARNING: Baking animation because there are keyframes with different interpolation methods in one channel
20:40:34 | WARNING: Baking animation because there are keyframes with different interpolation methods in one channel
20:40:34 | WARNING: Baking animation because there are keyframes with different interpolation methods in one channel
20:40:34 | WARNING: Baking animation because there are keyframes with different interpolation methods in one channel
20:40:34 | WARNING: Baking animation because there are keyframes with different interpolation methods in one channel
20:40:34 | WARNING: Baking animation because there are keyframes with different interpolation methods in one channel
20:40:34 | WARNING: Baking animation because there are keyframes with different interpolation methods in one channel
20:40:34 | WARNING: Baking animation because there are keyframes with different interpolation methods in one channel
20:40:34 | WARNING: Baking animation because there are keyframes with different interpolation methods in one channel
20:40:34 | WARNING: Baking animation because there are keyframes with different interpolation methods in one channel
20:40:34 | WARNING: Baking animation because there are keyframes with different interpolation methods in one channel
20:40:34 | WARNING: Baking animation because there are keyframes with different interpolation methods in one channel
20:40:34 | WARNING: Baking animation because there are keyframes with different interpolation methods in one channel
20:40:34 | WARNING: Baking animation because there are keyframes with different interpolation methods in one channel
20:40:34 | WARNING: Baking animation because there are keyframes with different interpolation methods in one channel
20:40:34 | WARNING: Baking animation because there are keyframes with different interpolation methods in one channel
20:40:34 | WARNING: Baking animation because there are keyframes with different interpolation methods in one channel
20:40:34 | WARNING: Baking animation because there are keyframes with different interpolation methods in one channel
20:40:34 | WARNING: Baking animation because there are keyframes with different interpolation methods in one channel
20:40:34 | WARNING: Baking animation because there are keyframes with different interpolation methods in one channel
20:40:34 | WARNING: Baking animation because there are keyframes with different interpolation methods in one channel
20:40:34 | WARNING: Baking animation because there are keyframes with different interpolation methods in one channel
20:40:34 | WARNING: Baking animation because there are keyframes with different interpolation methods in one channel
20:40:34 | WARNING: Baking animation because there are keyframes with different interpolation methods in one channel
20:40:34 | WARNING: Baking animation because there are keyframes with different interpolation methods in one channel
20:40:34 | WARNING: Baking animation because there are keyframes with different interpolation methods in one channel
20:40:34 | WARNING: Baking animation because there are keyframes with different interpolation methods in one channel
20:40:34 | WARNING: Baking animation because there are keyframes with different interpolation methods in one channel
20:40:34 | WARNING: Baking animation because there are keyframes with different interpolation methods in one channel
20:40:34 | WARNING: Baking animation because there are keyframes with different interpolation methods in one channel
20:40:34 | WARNING: Baking animation because there are keyframes with different interpolation methods in one channel
20:40:34 | WARNING: Baking animation because there are keyframes with different interpolation methods in one channel
20:40:34 | WARNING: Baking animation because there are keyframes with different interpolation methods in one channel
20:40:34 | WARNING: Baking animation because there are keyframes with different interpolation methods in one channel
20:40:34 | WARNING: Baking animation because there are keyframes with different interpolation methods in one channel
20:40:34 | WARNING: Baking animation because there are keyframes with different interpolation methods in one channel
20:40:34 | WARNING: Baking animation because there are keyframes with different interpolation methods in one channel
20:40:34 | WARNING: Baking animation because there are keyframes with different interpolation methods in one channel
20:40:34 | WARNING: Baking animation because there are keyframes with different interpolation methods in one channel
20:40:34 | WARNING: Baking animation because there are keyframes with different interpolation methods in one channel
20:40:34 | WARNING: Baking animation because there are keyframes with different interpolation methods in one channel
20:40:34 | WARNING: Baking animation because there are keyframes with different interpolation methods in one channel
20:40:34 | WARNING: Baking animation because there are keyframes with different interpolation methods in one channel
20:40:34 | WARNING: Baking animation because there are keyframes with different interpolation methods in one channel
20:40:34 | WARNING: Baking animation because there are keyframes with different interpolation methods in one channel
20:40:35 | WARNING: Baking animation because there are keyframes with different interpolation methods in one channel
20:40:35 | WARNING: Baking animation because there are keyframes with different interpolation methods in one channel
20:40:35 | WARNING: Baking animation because there are keyframes with different interpolation methods in one channel
20:40:35 | WARNING: Baking animation because there are keyframes with different interpolation methods in one channel
20:40:35 | WARNING: Baking animation because there are keyframes with different interpolation methods in one channel
20:40:35 | WARNING: Baking animation because there are keyframes with different interpolation methods in one channel
20:40:35 | WARNING: Baking animation because there are keyframes with different interpolation methods in one channel
20:40:35 | WARNING: Baking animation because there are keyframes with different interpolation methods in one channel
20:40:35 | WARNING: Baking animation because there are keyframes with different interpolation methods in one channel
20:40:35 | WARNING: Baking animation because there are keyframes with different interpolation methods in one channel
20:40:35 | WARNING: Baking animation because there are keyframes with different interpolation methods in one channel
20:40:35 | WARNING: Baking animation because there are keyframes with different interpolation methods in one channel
20:40:35 | WARNING: Baking animation because there are keyframes with different interpolation methods in one channel
20:40:35 | WARNING: Baking animation because there are keyframes with different interpolation methods in one channel
20:40:35 | WARNING: Baking animation because there are keyframes with different interpolation methods in one channel
20:40:35 | WARNING: Baking animation because there are keyframes with different interpolation methods in one channel
20:40:35 | WARNING: Baking animation because there are keyframes with different interpolation methods in one channel
20:40:35 | WARNING: Baking animation because there are keyframes with different interpolation methods in one channel
20:40:35 | WARNING: Baking animation because there are keyframes with different interpolation methods in one channel
20:40:35 | WARNING: Baking animation because there are keyframes with different interpolation methods in one channel
20:40:35 | WARNING: Baking animation because there are keyframes with different interpolation methods in one channel
20:40:35 | WARNING: Baking animation because there are keyframes with different interpolation methods in one channel
20:40:35 | WARNING: Baking animation because there are keyframes with different interpolation methods in one channel
20:40:35 | WARNING: Baking animation because there are keyframes with different interpolation methods in one channel
20:40:35 | WARNING: Baking animation because there are keyframes with different interpolation methods in one channel
20:40:35 | WARNING: Baking animation because there are keyframes with different interpolation methods in one channel
20:40:35 | WARNING: Baking animation because there are keyframes with different interpolation methods in one channel
20:40:35 | WARNING: Baking animation because there are keyframes with different interpolation methods in one channel
20:40:35 | WARNING: Baking animation because there are keyframes with different interpolation methods in one channel
20:40:35 | WARNING: Baking animation because there are keyframes with different interpolation methods in one channel
20:40:35 | WARNING: Baking animation because there are keyframes with different interpolation methods in one channel
20:40:35 | WARNING: Baking animation because there are keyframes with different interpolation methods in one channel
20:40:35 | WARNING: Baking animation because there are keyframes with different interpolation methods in one channel
20:40:35 | WARNING: Baking animation because there are keyframes with different interpolation methods in one channel
20:40:35 | WARNING: Baking animation because there are keyframes with different interpolation methods in one channel
20:40:35 | WARNING: Baking animation because there are keyframes with different interpolation methods in one channel
20:40:35 | WARNING: Baking animation because there are keyframes with different interpolation methods in one channel
20:40:35 | WARNING: Baking animation because there are keyframes with different interpolation methods in one channel
20:40:35 | WARNING: Baking animation because there are keyframes with different interpolation methods in one channel
20:40:35 | WARNING: Baking animation because there are keyframes with different interpolation methods in one channel
20:40:35 | WARNING: Baking animation because there are keyframes with different interpolation methods in one channel
20:40:35 | WARNING: Baking animation because there are keyframes with different interpolation methods in one channel
20:40:35 | WARNING: Baking animation because there are keyframes with different interpolation methods in one channel
20:40:35 | WARNING: Baking animation because there are keyframes with different interpolation methods in one channel
20:40:35 | WARNING: Baking animation because there are keyframes with different interpolation methods in one channel
20:40:35 | WARNING: Baking animation because there are keyframes with different interpolation methods in one channel
20:40:35 | WARNING: Baking animation because there are keyframes with different interpolation methods in one channel
20:40:35 | WARNING: Baking animation because there are keyframes with different interpolation methods in one channel
20:40:35 | WARNING: Baking animation because there are keyframes with different interpolation methods in one channel
20:40:35 | WARNING: Baking animation because there are keyframes with different interpolation methods in one channel
20:40:35 | WARNING: Baking animation because there are keyframes with different interpolation methods in one channel
20:40:35 | WARNING: Baking animation because there are keyframes with different interpolation methods in one channel
20:40:35 | WARNING: Baking animation because there are keyframes with different interpolation methods in one channel
20:40:39 | WARNING: Baking animation because there are keyframes with different interpolation methods in one channel
20:40:39 | WARNING: Baking animation because there are keyframes with different interpolation methods in one channel
20:40:39 | WARNING: Baking animation because there are keyframes with different interpolation methods in one channel
20:40:39 | WARNING: Baking animation because there are keyframes with different interpolation methods in one channel
20:40:39 | WARNING: Baking animation because there are keyframes with different interpolation methods in one channel
20:40:39 | WARNING: Baking animation because there are keyframes with different interpolation methods in one channel
20:40:39 | WARNING: Baking animation because there are keyframes with different interpolation methods in one channel
20:40:39 | WARNING: Baking animation because there are keyframes with different interpolation methods in one channel
20:40:39 | WARNING: Baking animation because there are keyframes with different interpolation methods in one channel
20:40:39 | WARNING: Baking animation because there are keyframes with different interpolation methods in one channel
20:40:39 | WARNING: Baking animation because there are keyframes with different interpolation methods in one channel
20:40:39 | WARNING: Baking animation because there are keyframes with different interpolation methods in one channel
20:40:39 | WARNING: Baking animation because there are keyframes with different interpolation methods in one channel
20:40:39 | WARNING: Baking animation because there are keyframes with different interpolation methods in one channel
20:40:39 | WARNING: Baking animation because there are keyframes with different interpolation methods in one channel
20:40:39 | WARNING: Baking animation because there are keyframes with different interpolation methods in one channel
20:40:39 | WARNING: Baking animation because there are keyframes with different interpolation methods in one channel
20:40:39 | WARNING: Baking animation because there are keyframes with different interpolation methods in one channel
20:40:39 | WARNING: Baking animation because there are keyframes with different interpolation methods in one channel
20:40:39 | WARNING: Baking animation because there are keyframes with different interpolation methods in one channel
20:40:39 | WARNING: Baking animation because there are keyframes with different interpolation methods in one channel
20:40:39 | WARNING: Baking animation because there are keyframes with different interpolation methods in one channel
20:40:39 | WARNING: Baking animation because there are keyframes with different interpolation methods in one channel
20:40:39 | WARNING: Baking animation because there are keyframes with different interpolation methods in one channel
20:40:39 | WARNING: Baking animation because there are keyframes with different interpolation methods in one channel
20:40:39 | WARNING: Baking animation because there are keyframes with different interpolation methods in one channel
20:40:39 | WARNING: Baking animation because there are keyframes with different interpolation methods in one channel
20:40:39 | WARNING: Baking animation because there are keyframes with different interpolation methods in one channel
20:40:39 | WARNING: Baking animation because there are keyframes with different interpolation methods in one channel
20:40:39 | WARNING: Baking animation because there are keyframes with different interpolation methods in one channel
20:40:39 | WARNING: Baking animation because there are keyframes with different interpolation methods in one channel
20:40:39 | WARNING: Baking animation because there are keyframes with different interpolation methods in one channel
20:40:39 | WARNING: Baking animation because there are keyframes with different interpolation methods in one channel
20:40:39 | WARNING: Baking animation because there are keyframes with different interpolation methods in one channel
20:40:39 | WARNING: Baking animation because there are keyframes with different interpolation methods in one channel
20:40:39 | WARNING: Baking animation because there are keyframes with different interpolation methods in one channel
20:40:39 | WARNING: Baking animation because there are keyframes with different interpolation methods in one channel
20:40:39 | WARNING: Baking animation because there are keyframes with different interpolation methods in one channel
20:40:39 | WARNING: Baking animation because there are keyframes with different interpolation methods in one channel
20:40:39 | WARNING: Baking animation because there are keyframes with different interpolation methods in one channel
20:40:39 | WARNING: Baking animation because there are keyframes with different interpolation methods in one channel
20:40:39 | WARNING: Baking animation because there are keyframes with different interpolation methods in one channel
20:40:39 | WARNING: Baking animation because there are keyframes with different interpolation methods in one channel
20:40:39 | WARNING: Baking animation because there are keyframes with different interpolation methods in one channel
20:40:39 | WARNING: Baking animation because there are keyframes with different interpolation methods in one channel
20:40:39 | WARNING: Baking animation because there are keyframes with different interpolation methods in one channel
20:40:39 | WARNING: Baking animation because there are keyframes with different interpolation methods in one channel
20:40:39 | WARNING: Baking animation because there are keyframes with different interpolation methods in one channel
20:40:39 | WARNING: Baking animation because there are keyframes with different interpolation methods in one channel
20:40:39 | WARNING: Baking animation because there are keyframes with different interpolation methods in one channel
20:40:39 | WARNING: Baking animation because there are keyframes with different interpolation methods in one channel
20:40:39 | WARNING: Baking animation because there are keyframes with different interpolation methods in one channel
20:40:39 | WARNING: Baking animation because there are keyframes with different interpolation methods in one channel
20:40:40 | WARNING: Baking animation because there are keyframes with different interpolation methods in one channel
20:40:40 | WARNING: Baking animation because there are keyframes with different interpolation methods in one channel
20:40:40 | WARNING: Baking animation because there are keyframes with different interpolation methods in one channel
20:40:40 | WARNING: Baking animation because there are keyframes with different interpolation methods in one channel
20:40:40 | WARNING: Baking animation because there are keyframes with different interpolation methods in one channel
20:40:40 | WARNING: Baking animation because there are keyframes with different interpolation methods in one channel
20:40:40 | WARNING: Baking animation because there are keyframes with different interpolation methods in one channel
20:40:40 | WARNING: Baking animation because there are keyframes with different interpolation methods in one channel
20:40:40 | WARNING: Baking animation because there are keyframes with different interpolation methods in one channel
20:40:40 | WARNING: Baking animation because there are keyframes with different interpolation methods in one channel
20:40:40 | WARNING: Baking animation because there are keyframes with different interpolation methods in one channel
20:40:40 | WARNING: Baking animation because there are keyframes with different interpolation methods in one channel
20:40:40 | WARNING: Baking animation because there are keyframes with different interpolation methods in one channel
20:40:40 | WARNING: Baking animation because there are keyframes with different interpolation methods in one channel
20:40:40 | WARNING: Baking animation because there are keyframes with different interpolation methods in one channel
20:40:40 | WARNING: Baking animation because there are keyframes with different interpolation methods in one channel
20:40:40 | WARNING: Baking animation because there are keyframes with different interpolation methods in one channel
20:40:40 | WARNING: Baking animation because there are keyframes with different interpolation methods in one channel
20:40:40 | WARNING: Baking animation because there are keyframes with different interpolation methods in one channel
20:40:40 | WARNING: Baking animation because there are keyframes with different interpolation methods in one channel
20:40:40 | WARNING: Baking animation because there are keyframes with different interpolation methods in one channel
20:40:40 | WARNING: Baking animation because there are keyframes with different interpolation methods in one channel
20:40:40 | WARNING: Baking animation because there are keyframes with different interpolation methods in one channel
20:40:40 | WARNING: Baking animation because there are keyframes with different interpolation methods in one channel
20:40:40 | WARNING: Baking animation because there are keyframes with different interpolation methods in one channel
20:40:40 | WARNING: Baking animation because there are keyframes with different interpolation methods in one channel
20:40:40 | WARNING: Baking animation because there are keyframes with different interpolation methods in one channel
20:40:40 | WARNING: Baking animation because there are keyframes with different interpolation methods in one channel
20:40:40 | WARNING: Baking animation because there are keyframes with different interpolation methods in one channel
20:40:40 | WARNING: Baking animation because there are keyframes with different interpolation methods in one channel
20:40:40 | WARNING: Baking animation because there are keyframes with different interpolation methods in one channel
20:40:40 | WARNING: Baking animation because there are keyframes with different interpolation methods in one channel
20:40:40 | WARNING: Baking animation because there are keyframes with different interpolation methods in one channel
20:40:40 | WARNING: Baking animation because there are keyframes with different interpolation methods in one channel
20:40:40 | WARNING: Baking animation because there are keyframes with different interpolation methods in one channel
20:40:40 | WARNING: Baking animation because there are keyframes with different interpolation methods in one channel
20:40:40 | WARNING: Baking animation because there are keyframes with different interpolation methods in one channel
20:40:40 | WARNING: Baking animation because there are keyframes with different interpolation methods in one channel
20:40:40 | WARNING: Baking animation because there are keyframes with different interpolation methods in one channel
20:40:40 | WARNING: Baking animation because there are keyframes with different interpolation methods in one channel
20:40:40 | WARNING: Baking animation because there are keyframes with different interpolation methods in one channel
20:40:40 | WARNING: Baking animation because there are keyframes with different interpolation methods in one channel
20:40:40 | WARNING: Baking animation because there are keyframes with different interpolation methods in one channel
20:40:40 | WARNING: Baking animation because there are keyframes with different interpolation methods in one channel
20:40:40 | WARNING: Baking animation because there are keyframes with different interpolation methods in one channel
20:40:40 | WARNING: Baking animation because there are keyframes with different interpolation methods in one channel
20:40:40 | WARNING: Baking animation because there are keyframes with different interpolation methods in one channel
20:40:40 | WARNING: Baking animation because there are keyframes with different interpolation methods in one channel
20:40:40 | WARNING: Baking animation because there are keyframes with different interpolation methods in one channel
20:40:40 | WARNING: Baking animation because there are keyframes with different interpolation methods in one channel
20:40:40 | WARNING: Baking animation because there are keyframes with different interpolation methods in one channel
20:40:40 | WARNING: Baking animation because there are keyframes with different interpolation methods in one channel
20:40:40 | WARNING: Baking animation because there are keyframes with different interpolation methods in one channel
20:40:45 | WARNING: Baking animation because there are keyframes with different interpolation methods in one channel
20:40:45 | WARNING: Baking animation because there are keyframes with different interpolation methods in one channel
20:40:45 | WARNING: Baking animation because there are keyframes with different interpolation methods in one channel
20:40:45 | WARNING: Baking animation because there are keyframes with different interpolation methods in one channel
20:40:45 | WARNING: Baking animation because there are keyframes with different interpolation methods in one channel
20:40:45 | WARNING: Baking animation because there are keyframes with different interpolation methods in one channel
20:40:45 | WARNING: Baking animation because there are keyframes with different interpolation methods in one channel
20:40:45 | WARNING: Baking animation because there are keyframes with different interpolation methods in one channel
20:40:45 | WARNING: Baking animation because there are keyframes with different interpolation methods in one channel
20:40:45 | WARNING: Baking animation because there are keyframes with different interpolation methods in one channel
20:40:45 | WARNING: Baking animation because there are keyframes with different interpolation methods in one channel
20:40:45 | WARNING: Baking animation because there are keyframes with different interpolation methods in one channel
20:40:45 | WARNING: Baking animation because there are keyframes with different interpolation methods in one channel
20:40:45 | WARNING: Baking animation because there are keyframes with different interpolation methods in one channel
20:40:45 | WARNING: Baking animation because there are keyframes with different interpolation methods in one channel
20:40:45 | WARNING: Baking animation because there are keyframes with different interpolation methods in one channel
20:40:45 | WARNING: Baking animation because there are keyframes with different interpolation methods in one channel
20:40:45 | WARNING: Baking animation because there are keyframes with different interpolation methods in one channel
20:40:45 | WARNING: Baking animation because there are keyframes with different interpolation methods in one channel
20:40:45 | WARNING: Baking animation because there are keyframes with different interpolation methods in one channel
20:40:45 | WARNING: Baking animation because there are keyframes with different interpolation methods in one channel
20:40:45 | WARNING: Baking animation because there are keyframes with different interpolation methods in one channel
20:40:45 | WARNING: Baking animation because there are keyframes with different interpolation methods in one channel
20:40:45 | WARNING: Baking animation because there are keyframes with different interpolation methods in one channel
20:40:45 | WARNING: Baking animation because there are keyframes with different interpolation methods in one channel
20:40:45 | WARNING: Baking animation because there are keyframes with different interpolation methods in one channel
20:40:45 | WARNING: Baking animation because there are keyframes with different interpolation methods in one channel
20:40:45 | WARNING: Baking animation because there are keyframes with different interpolation methods in one channel
20:40:45 | WARNING: Baking animation because there are keyframes with different interpolation methods in one channel
20:40:45 | WARNING: Baking animation because there are keyframes with different interpolation methods in one channel
20:40:45 | WARNING: Baking animation because there are keyframes with different interpolation methods in one channel
20:40:45 | WARNING: Baking animation because there are keyframes with different interpolation methods in one channel
20:40:45 | WARNING: Baking animation because there are keyframes with different interpolation methods in one channel
20:40:45 | WARNING: Baking animation because there are keyframes with different interpolation methods in one channel
20:40:45 | WARNING: Baking animation because there are keyframes with different interpolation methods in one channel
20:40:45 | WARNING: Baking animation because there are keyframes with different interpolation methods in one channel
20:40:45 | WARNING: Baking animation because there are keyframes with different interpolation methods in one channel
20:40:45 | WARNING: Baking animation because there are keyframes with different interpolation methods in one channel
20:40:45 | WARNING: Baking animation because there are keyframes with different interpolation methods in one channel
20:40:45 | WARNING: Baking animation because there are keyframes with different interpolation methods in one channel
20:40:45 | WARNING: Baking animation because there are keyframes with different interpolation methods in one channel
20:40:45 | WARNING: Baking animation because there are keyframes with different interpolation methods in one channel
20:40:45 | WARNING: Baking animation because there are keyframes with different interpolation methods in one channel
20:40:45 | WARNING: Baking animation because there are keyframes with different interpolation methods in one channel
20:40:45 | WARNING: Baking animation because there are keyframes with different interpolation methods in one channel
20:40:45 | WARNING: Baking animation because there are keyframes with different interpolation methods in one channel
20:40:45 | WARNING: Baking animation because there are keyframes with different interpolation methods in one channel
20:40:45 | WARNING: Baking animation because there are keyframes with different interpolation methods in one channel
20:40:45 | WARNING: Baking animation because there are keyframes with different interpolation methods in one channel
20:40:45 | WARNING: Baking animation because there are keyframes with different interpolation methods in one channel
20:40:45 | WARNING: Baking animation because there are keyframes with different interpolation methods in one channel
20:40:45 | WARNING: Baking animation because there are keyframes with different interpolation methods in one channel
20:40:45 | WARNING: Baking animation because there are keyframes with different interpolation methods in one channel
20:40:46 | WARNING: Baking animation because there are keyframes with different interpolation methods in one channel
20:40:46 | WARNING: Baking animation because there are keyframes with different interpolation methods in one channel
20:40:46 | WARNING: Baking animation because there are keyframes with different interpolation methods in one channel
20:40:46 | WARNING: Baking animation because there are keyframes with different interpolation methods in one channel
20:40:46 | WARNING: Baking animation because there are keyframes with different interpolation methods in one channel
20:40:46 | WARNING: Baking animation because there are keyframes with different interpolation methods in one channel
20:40:46 | WARNING: Baking animation because there are keyframes with different interpolation methods in one channel
20:40:46 | WARNING: Baking animation because there are keyframes with different interpolation methods in one channel
20:40:46 | WARNING: Baking animation because there are keyframes with different interpolation methods in one channel
20:40:46 | WARNING: Baking animation because there are keyframes with different interpolation methods in one channel
20:40:46 | WARNING: Baking animation because there are keyframes with different interpolation methods in one channel
20:40:46 | WARNING: Baking animation because there are keyframes with different interpolation methods in one channel
20:40:46 | WARNING: Baking animation because there are keyframes with different interpolation methods in one channel
20:40:46 | WARNING: Baking animation because there are keyframes with different interpolation methods in one channel
20:40:46 | WARNING: Baking animation because there are keyframes with different interpolation methods in one channel
20:40:46 | WARNING: Baking animation because there are keyframes with different interpolation methods in one channel
20:40:46 | WARNING: Baking animation because there are keyframes with different interpolation methods in one channel
20:40:46 | WARNING: Baking animation because there are keyframes with different interpolation methods in one channel
20:40:46 | WARNING: Baking animation because there are keyframes with different interpolation methods in one channel
20:40:46 | WARNING: Baking animation because there are keyframes with different interpolation methods in one channel
20:40:46 | WARNING: Baking animation because there are keyframes with different interpolation methods in one channel
20:40:46 | WARNING: Baking animation because there are keyframes with different interpolation methods in one channel
20:40:46 | WARNING: Baking animation because there are keyframes with different interpolation methods in one channel
20:40:46 | WARNING: Baking animation because there are keyframes with different interpolation methods in one channel
20:40:46 | WARNING: Baking animation because there are keyframes with different interpolation methods in one channel
20:40:46 | WARNING: Baking animation because there are keyframes with different interpolation methods in one channel
20:40:46 | WARNING: Baking animation because there are keyframes with different interpolation methods in one channel
20:40:46 | WARNING: Baking animation because there are keyframes with different interpolation methods in one channel
20:40:46 | WARNING: Baking animation because there are keyframes with different interpolation methods in one channel
20:40:46 | WARNING: Baking animation because there are keyframes with different interpolation methods in one channel
20:40:46 | WARNING: Baking animation because there are keyframes with different interpolation methods in one channel
20:40:46 | WARNING: Baking animation because there are keyframes with different interpolation methods in one channel
20:40:46 | WARNING: Baking animation because there are keyframes with different interpolation methods in one channel
20:40:46 | WARNING: Baking animation because there are keyframes with different interpolation methods in one channel
20:40:46 | WARNING: Baking animation because there are keyframes with different interpolation methods in one channel
20:40:46 | WARNING: Baking animation because there are keyframes with different interpolation methods in one channel
20:40:46 | WARNING: Baking animation because there are keyframes with different interpolation methods in one channel
20:40:46 | WARNING: Baking animation because there are keyframes with different interpolation methods in one channel
20:40:46 | WARNING: Baking animation because there are keyframes with different interpolation methods in one channel
20:40:46 | WARNING: Baking animation because there are keyframes with different interpolation methods in one channel
20:40:46 | WARNING: Baking animation because there are keyframes with different interpolation methods in one channel
20:40:46 | WARNING: Baking animation because there are keyframes with different interpolation methods in one channel
20:40:46 | WARNING: Baking animation because there are keyframes with different interpolation methods in one channel
20:40:46 | WARNING: Baking animation because there are keyframes with different interpolation methods in one channel
20:40:46 | WARNING: Baking animation because there are keyframes with different interpolation methods in one channel
20:40:46 | WARNING: Baking animation because there are keyframes with different interpolation methods in one channel
20:40:46 | WARNING: Baking animation because there are keyframes with different interpolation methods in one channel
20:40:46 | WARNING: Baking animation because there are keyframes with different interpolation methods in one channel
20:40:46 | WARNING: Baking animation because there are keyframes with different interpolation methods in one channel
20:40:46 | WARNING: Baking animation because there are keyframes with different interpolation methods in one channel
20:40:46 | WARNING: Baking animation because there are keyframes with different interpolation methods in one channel
20:40:46 | WARNING: Baking animation because there are keyframes with different interpolation methods in one channel
20:40:46 | WARNING: Baking animation because there are keyframes with different interpolation methods in one channel
20:40:46 | WARNING: Baking animation because there are keyframes with different interpolation methods in one channel
20:40:46 | WARNING: Baking animation because there are keyframes with different interpolation methods in one channel
20:40:46 | WARNING: Baking animation because there are keyframes with different interpolation methods in one channel
20:40:46 | WARNING: Baking animation because there are keyframes with different interpolation methods in one channel
20:40:46 | WARNING: Baking animation because there are keyframes with different interpolation methods in one channel
20:40:46 | WARNING: Baking animation because there are keyframes with different interpolation methods in one channel
20:40:46 | WARNING: Baking animation because there are keyframes with different interpolation methods in one channel
20:40:46 | WARNING: Baking animation because there are keyframes with different interpolation methods in one channel
20:40:46 | WARNING: Baking animation because there are keyframes with different interpolation methods in one channel
20:40:46 | WARNING: Baking animation because there are keyframes with different interpolation methods in one channel
20:40:46 | WARNING: Baking animation because there are keyframes with different interpolation methods in one channel
20:40:46 | WARNING: Baking animation because there are keyframes with different interpolation methods in one channel
20:40:46 | WARNING: Baking animation because there are keyframes with different interpolation methods in one channel
20:40:46 | WARNING: Baking animation because there are keyframes with different interpolation methods in one channel
20:40:46 | WARNING: Baking animation because there are keyframes with different interpolation methods in one channel
20:40:46 | WARNING: Baking animation because there are keyframes with different interpolation methods in one channel
20:40:46 | WARNING: Baking animation because there are keyframes with different interpolation methods in one channel
20:40:46 | WARNING: Baking animation because there are keyframes with different interpolation methods in one channel
20:40:46 | WARNING: Baking animation because there are keyframes with different interpolation methods in one channel
20:40:46 | WARNING: Baking animation because there are keyframes with different interpolation methods in one channel
20:40:46 | WARNING: Baking animation because there are keyframes with different interpolation methods in one channel
20:40:46 | WARNING: Baking animation because there are keyframes with different interpolation methods in one channel
20:40:46 | WARNING: Baking animation because there are keyframes with different interpolation methods in one channel
20:40:46 | WARNING: Baking animation because there are keyframes with different interpolation methods in one channel
20:40:46 | WARNING: Baking animation because there are keyframes with different interpolation methods in one channel
20:40:46 | WARNING: Baking animation because there are keyframes with different interpolation methods in one channel
20:40:46 | WARNING: Baking animation because there are keyframes with different interpolation methods in one channel
20:40:46 | WARNING: Baking animation because there are keyframes with different interpolation methods in one channel
20:40:46 | WARNING: Baking animation because there are keyframes with different interpolation methods in one channel
20:40:46 | WARNING: Baking animation because there are keyframes with different interpolation methods in one channel
20:40:46 | WARNING: Baking animation because there are keyframes with different interpolation methods in one channel
20:40:46 | WARNING: Baking animation because there are keyframes with different interpolation methods in one channel
20:40:46 | WARNING: Baking animation because there are keyframes with different interpolation methods in one channel
20:40:46 | WARNING: Baking animation because there are keyframes with different interpolation methods in one channel
20:40:46 | WARNING: Baking animation because there are keyframes with different interpolation methods in one channel
20:40:46 | WARNING: Baking animation because there are keyframes with different interpolation methods in one channel
20:40:46 | WARNING: Baking animation because there are keyframes with different interpolation methods in one channel
20:40:46 | WARNING: Baking animation because there are keyframes with different interpolation methods in one channel
20:40:46 | WARNING: Baking animation because there are keyframes with different interpolation methods in one channel
20:40:46 | WARNING: Baking animation because there are keyframes with different interpolation methods in one channel
20:40:46 | WARNING: Baking animation because there are keyframes with different interpolation methods in one channel
20:40:46 | WARNING: Baking animation because there are keyframes with different interpolation methods in one channel
20:40:46 | WARNING: Baking animation because there are keyframes with different interpolation methods in one channel
20:40:46 | WARNING: Baking animation because there are keyframes with different interpolation methods in one channel
20:40:46 | WARNING: Baking animation because there are keyframes with different interpolation methods in one channel
20:40:46 | WARNING: Baking animation because there are keyframes with different interpolation methods in one channel
20:40:46 | WARNING: Baking animation because there are keyframes with different interpolation methods in one channel
20:40:46 | WARNING: Baking animation because there are keyframes with different interpolation methods in one channel
20:40:46 | WARNING: Baking animation because there are keyframes with different interpolation methods in one channel
20:40:46 | WARNING: Baking animation because there are keyframes with different interpolation methods in one channel
20:40:46 | WARNING: Baking animation because there are keyframes with different interpolation methods in one channel
20:40:46 | WARNING: Baking animation because there are keyframes with different interpolation methods in one channel
20:40:46 | WARNING: Baking animation because there are keyframes with different interpolation methods in one channel
20:40:47 | WARNING: Baking animation because there are keyframes with different interpolation methods in one channel
20:40:47 | WARNING: Baking animation because there are keyframes with different interpolation methods in one channel
20:40:47 | WARNING: Baking animation because there are keyframes with different interpolation methods in one channel
20:40:47 | WARNING: Baking animation because there are keyframes with different interpolation methods in one channel
20:40:47 | WARNING: Baking animation because there are keyframes with different interpolation methods in one channel
20:40:47 | WARNING: Baking animation because there are keyframes with different interpolation methods in one channel
20:40:47 | WARNING: Baking animation because there are keyframes with different interpolation methods in one channel
20:40:47 | WARNING: Baking animation because there are keyframes with different interpolation methods in one channel
20:40:47 | WARNING: Baking animation because there are keyframes with different interpolation methods in one channel
20:40:47 | WARNING: Baking animation because there are keyframes with different interpolation methods in one channel
20:40:47 | WARNING: Baking animation because there are keyframes with different interpolation methods in one channel
20:40:47 | WARNING: Baking animation because there are keyframes with different interpolation methods in one channel
20:40:47 | WARNING: Baking animation because there are keyframes with different interpolation methods in one channel
20:40:47 | WARNING: Baking animation because there are keyframes with different interpolation methods in one channel
20:40:47 | WARNING: Baking animation because there are keyframes with different interpolation methods in one channel
20:40:47 | WARNING: Baking animation because there are keyframes with different interpolation methods in one channel
20:40:47 | WARNING: Baking animation because there are keyframes with different interpolation methods in one channel
20:40:47 | WARNING: Baking animation because there are keyframes with different interpolation methods in one channel
20:40:47 | WARNING: Baking animation because there are keyframes with different interpolation methods in one channel
20:40:47 | WARNING: Baking animation because there are keyframes with different interpolation methods in one channel
20:40:47 | WARNING: Baking animation because there are keyframes with different interpolation methods in one channel
20:40:47 | WARNING: Baking animation because there are keyframes with different interpolation methods in one channel
20:40:47 | WARNING: Baking animation because there are keyframes with different interpolation methods in one channel
20:40:47 | WARNING: Baking animation because there are keyframes with different interpolation methods in one channel
20:40:47 | WARNING: Baking animation because there are keyframes with different interpolation methods in one channel
20:40:47 | WARNING: Baking animation because there are keyframes with different interpolation methods in one channel
20:40:47 | WARNING: Baking animation because there are keyframes with different interpolation methods in one channel
20:40:47 | WARNING: Baking animation because there are keyframes with different interpolation methods in one channel
20:40:47 | WARNING: Baking animation because there are keyframes with different interpolation methods in one channel
20:40:47 | WARNING: Baking animation because there are keyframes with different interpolation methods in one channel
20:40:47 | WARNING: Baking animation because there are keyframes with different interpolation methods in one channel
20:40:47 | WARNING: Baking animation because there are keyframes with different interpolation methods in one channel
20:40:47 | WARNING: Baking animation because there are keyframes with different interpolation methods in one channel
20:40:47 | WARNING: Baking animation because there are keyframes with different interpolation methods in one channel
20:40:47 | WARNING: Baking animation because there are keyframes with different interpolation methods in one channel
20:40:47 | WARNING: Baking animation because there are keyframes with different interpolation methods in one channel
20:40:47 | WARNING: Baking animation because there are keyframes with different interpolation methods in one channel
20:40:47 | WARNING: Baking animation because there are keyframes with different interpolation methods in one channel
20:40:47 | WARNING: Baking animation because there are keyframes with different interpolation methods in one channel
20:40:47 | WARNING: Baking animation because there are keyframes with different interpolation methods in one channel
20:40:47 | WARNING: Baking animation because there are keyframes with different interpolation methods in one channel
20:40:47 | WARNING: Baking animation because there are keyframes with different interpolation methods in one channel
20:40:47 | WARNING: Baking animation because there are keyframes with different interpolation methods in one channel
20:40:47 | WARNING: Baking animation because there are keyframes with different interpolation methods in one channel
20:40:47 | WARNING: Baking animation because there are keyframes with different interpolation methods in one channel
20:40:47 | WARNING: Baking animation because there are keyframes with different interpolation methods in one channel
20:40:47 | WARNING: Baking animation because there are keyframes with different interpolation methods in one channel
20:40:47 | WARNING: Baking animation because there are keyframes with different interpolation methods in one channel
20:40:47 | WARNING: Baking animation because there are keyframes with different interpolation methods in one channel
20:40:47 | WARNING: Baking animation because there are keyframes with different interpolation methods in one channel
20:40:47 | WARNING: Baking animation because there are keyframes with different interpolation methods in one channel
20:40:47 | WARNING: Baking animation because there are keyframes with different interpolation methods in one channel
20:40:47 | WARNING: Baking animation because there are keyframes with different interpolation methods in one channel
20:40:47 | WARNING: Baking animation because there are keyframes with different interpolation methods in one channel
20:40:47 | WARNING: Baking animation because there are keyframes with different interpolation methods in one channel
20:40:47 | WARNING: Baking animation because there are keyframes with different interpolation methods in one channel
20:40:47 | WARNING: Baking animation because there are keyframes with different interpolation methods in one channel
20:40:47 | WARNING: Baking animation because there are keyframes with different interpolation methods in one channel
20:40:47 | WARNING: Baking animation because there are keyframes with different interpolation methods in one channel
20:40:47 | WARNING: Baking animation because there are keyframes with different interpolation methods in one channel
20:40:47 | WARNING: Baking animation because there are keyframes with different interpolation methods in one channel
20:40:47 | WARNING: Baking animation because there are keyframes with different interpolation methods in one channel
20:40:47 | WARNING: Baking animation because there are keyframes with different interpolation methods in one channel
20:40:47 | WARNING: Baking animation because there are keyframes with different interpolation methods in one channel
20:40:47 | WARNING: Baking animation because there are keyframes with different interpolation methods in one channel
20:40:47 | WARNING: Baking animation because there are keyframes with different interpolation methods in one channel
20:40:47 | WARNING: Baking animation because there are keyframes with different interpolation methods in one channel
20:40:47 | WARNING: Baking animation because there are keyframes with different interpolation methods in one channel
20:40:47 | WARNING: Baking animation because there are keyframes with different interpolation methods in one channel
20:40:47 | WARNING: Baking animation because there are keyframes with different interpolation methods in one channel
20:40:47 | WARNING: Baking animation because there are keyframes with different interpolation methods in one channel
20:40:47 | WARNING: Baking animation because there are keyframes with different interpolation methods in one channel
20:40:47 | WARNING: Baking animation because there are keyframes with different interpolation methods in one channel
20:40:47 | WARNING: Baking animation because there are keyframes with different interpolation methods in one channel
20:40:47 | WARNING: Baking animation because there are keyframes with different interpolation methods in one channel
20:40:47 | WARNING: Baking animation because there are keyframes with different interpolation methods in one channel
20:40:47 | WARNING: Baking animation because there are keyframes with different interpolation methods in one channel
20:40:47 | WARNING: Baking animation because there are keyframes with different interpolation methods in one channel
20:40:47 | WARNING: Baking animation because there are keyframes with different interpolation methods in one channel
20:40:47 | WARNING: Baking animation because there are keyframes with different interpolation methods in one channel
20:40:47 | WARNING: Baking animation because there are keyframes with different interpolation methods in one channel
20:40:47 | WARNING: Baking animation because there are keyframes with different interpolation methods in one channel
20:40:47 | WARNING: Baking animation because there are keyframes with different interpolation methods in one channel
20:40:47 | WARNING: Baking animation because there are keyframes with different interpolation methods in one channel
20:40:47 | WARNING: Baking animation because there are keyframes with different interpolation methods in one channel
20:40:47 | WARNING: Baking animation because there are keyframes with different interpolation methods in one channel
20:40:47 | WARNING: Baking animation because there are keyframes with different interpolation methods in one channel
20:40:47 | WARNING: Baking animation because there are keyframes with different interpolation methods in one channel
20:40:47 | WARNING: Baking animation because there are keyframes with different interpolation methods in one channel
20:40:47 | WARNING: Baking animation because there are keyframes with different interpolation methods in one channel
20:40:47 | WARNING: Baking animation because there are keyframes with different interpolation methods in one channel
20:40:47 | WARNING: Baking animation because there are keyframes with different interpolation methods in one channel
20:40:47 | WARNING: Baking animation because there are keyframes with different interpolation methods in one channel
20:40:47 | WARNING: Baking animation because there are keyframes with different interpolation methods in one channel
20:40:47 | WARNING: Baking animation because there are keyframes with different interpolation methods in one channel
20:40:47 | WARNING: Baking animation because there are keyframes with different interpolation methods in one channel
20:40:47 | WARNING: Baking animation because there are keyframes with different interpolation methods in one channel
20:40:47 | WARNING: Baking animation because there are keyframes with different interpolation methods in one channel
20:40:47 | WARNING: Baking animation because there are keyframes with different interpolation methods in one channel
20:40:47 | WARNING: Baking animation because there are keyframes with different interpolation methods in one channel
20:40:47 | WARNING: Baking animation because there are keyframes with different interpolation methods in one channel
20:40:47 | WARNING: Baking animation because there are keyframes with different interpolation methods in one channel
20:40:47 | WARNING: Baking animation because there are keyframes with different interpolation methods in one channel
20:40:47 | WARNING: Baking animation because there are keyframes with different interpolation methods in one channel
20:40:47 | WARNING: Baking animation because there are keyframes with different interpolation methods in one channel
20:40:47 | WARNING: Baking animation because there are keyframes with different interpolation methods in one channel
20:40:48 | WARNING: Baking animation because there are keyframes with different interpolation methods in one channel
20:40:48 | WARNING: Baking animation because there are keyframes with different interpolation methods in one channel
20:40:48 | WARNING: Baking animation because there are keyframes with different interpolation methods in one channel
20:40:48 | WARNING: Baking animation because there are keyframes with different interpolation methods in one channel
20:40:48 | WARNING: Baking animation because there are keyframes with different interpolation methods in one channel
20:40:48 | WARNING: Baking animation because there are keyframes with different interpolation methods in one channel
20:40:48 | WARNING: Baking animation because there are keyframes with different interpolation methods in one channel
20:40:48 | WARNING: Baking animation because there are keyframes with different interpolation methods in one channel
20:40:48 | WARNING: Baking animation because there are keyframes with different interpolation methods in one channel
20:40:48 | WARNING: Baking animation because there are keyframes with different interpolation methods in one channel
20:40:48 | WARNING: Baking animation because there are keyframes with different interpolation methods in one channel
20:40:48 | WARNING: Baking animation because there are keyframes with different interpolation methods in one channel
20:40:48 | WARNING: Baking animation because there are keyframes with different interpolation methods in one channel
20:40:48 | WARNING: Baking animation because there are keyframes with different interpolation methods in one channel
20:40:48 | WARNING: Baking animation because there are keyframes with different interpolation methods in one channel
20:40:48 | WARNING: Baking animation because there are keyframes with different interpolation methods in one channel
20:40:48 | WARNING: Baking animation because there are keyframes with different interpolation methods in one channel
20:40:48 | WARNING: Baking animation because there are keyframes with different interpolation methods in one channel
20:40:48 | WARNING: Baking animation because there are keyframes with different interpolation methods in one channel
20:40:48 | WARNING: Baking animation because there are keyframes with different interpolation methods in one channel
20:40:48 | WARNING: Baking animation because there are keyframes with different interpolation methods in one channel
20:40:48 | WARNING: Baking animation because there are keyframes with different interpolation methods in one channel
20:40:48 | WARNING: Baking animation because there are keyframes with different interpolation methods in one channel
20:40:48 | WARNING: Baking animation because there are keyframes with different interpolation methods in one channel
20:40:48 | WARNING: Baking animation because there are keyframes with different interpolation methods in one channel
20:40:48 | WARNING: Baking animation because there are keyframes with different interpolation methods in one channel
20:40:48 | WARNING: Baking animation because there are keyframes with different interpolation methods in one channel
20:40:48 | WARNING: Baking animation because there are keyframes with different interpolation methods in one channel
20:40:48 | WARNING: Baking animation because there are keyframes with different interpolation methods in one channel
20:40:48 | WARNING: Baking animation because there are keyframes with different interpolation methods in one channel
20:40:48 | WARNING: Baking animation because there are keyframes with different interpolation methods in one channel
20:40:48 | WARNING: Baking animation because there are keyframes with different interpolation methods in one channel
20:40:48 | WARNING: Baking animation because there are keyframes with different interpolation methods in one channel
20:40:48 | WARNING: Baking animation because there are keyframes with different interpolation methods in one channel
20:40:48 | WARNING: Baking animation because there are keyframes with different interpolation methods in one channel
20:40:48 | WARNING: Baking animation because there are keyframes with different interpolation methods in one channel
20:40:48 | WARNING: Baking animation because there are keyframes with different interpolation methods in one channel
20:40:48 | WARNING: Baking animation because there are keyframes with different interpolation methods in one channel
20:40:48 | WARNING: Baking animation because there are keyframes with different interpolation methods in one channel
20:40:48 | WARNING: Baking animation because there are keyframes with different interpolation methods in one channel
20:40:48 | WARNING: Baking animation because there are keyframes with different interpolation methods in one channel
20:40:48 | WARNING: Baking animation because there are keyframes with different interpolation methods in one channel
20:40:48 | WARNING: Baking animation because there are keyframes with different interpolation methods in one channel
20:40:48 | WARNING: Baking animation because there are keyframes with different interpolation methods in one channel
20:40:48 | WARNING: Baking animation because there are keyframes with different interpolation methods in one channel
20:40:48 | WARNING: Baking animation because there are keyframes with different interpolation methods in one channel
20:40:48 | WARNING: Baking animation because there are keyframes with different interpolation methods in one channel
20:40:48 | WARNING: Baking animation because there are keyframes with different interpolation methods in one channel
20:40:48 | WARNING: Baking animation because there are keyframes with different interpolation methods in one channel
20:40:48 | WARNING: Baking animation because there are keyframes with different interpolation methods in one channel
20:40:48 | WARNING: Baking animation because there are keyframes with different interpolation methods in one channel
20:40:48 | WARNING: Baking animation because there are keyframes with different interpolation methods in one channel
20:40:48 | WARNING: Baking animation because there are keyframes with different interpolation methods in one channel
20:40:48 | WARNING: Baking animation because there are keyframes with different interpolation methods in one channel
20:40:48 | WARNING: Baking animation because there are keyframes with different interpolation methods in one channel
20:40:48 | WARNING: Baking animation because there are keyframes with different interpolation methods in one channel
20:40:48 | WARNING: Baking animation because there are keyframes with different interpolation methods in one channel
20:40:48 | WARNING: Baking animation because there are keyframes with different interpolation methods in one channel
20:40:48 | WARNING: Baking animation because there are keyframes with different interpolation methods in one channel
20:40:48 | WARNING: Baking animation because there are keyframes with different interpolation methods in one channel
20:40:48 | WARNING: Baking animation because there are keyframes with different interpolation methods in one channel
20:40:48 | WARNING: Baking animation because there are keyframes with different interpolation methods in one channel
20:40:48 | WARNING: Baking animation because there are keyframes with different interpolation methods in one channel
20:40:48 | WARNING: Baking animation because there are keyframes with different interpolation methods in one channel
20:40:48 | WARNING: Baking animation because there are keyframes with different interpolation methods in one channel
20:40:48 | WARNING: Baking animation because there are keyframes with different interpolation methods in one channel
20:40:48 | WARNING: Baking animation because there are keyframes with different interpolation methods in one channel
20:40:48 | WARNING: Baking animation because there are keyframes with different interpolation methods in one channel
20:40:48 | WARNING: Baking animation because there are keyframes with different interpolation methods in one channel
20:40:48 | WARNING: Baking animation because there are keyframes with different interpolation methods in one channel
20:40:48 | WARNING: Baking animation because there are keyframes with different interpolation methods in one channel
20:40:48 | WARNING: Baking animation because there are keyframes with different interpolation methods in one channel
20:40:48 | WARNING: Baking animation because there are keyframes with different interpolation methods in one channel
20:40:48 | WARNING: Baking animation because there are keyframes with different interpolation methods in one channel
20:40:48 | WARNING: Baking animation because there are keyframes with different interpolation methods in one channel
20:40:48 | WARNING: Baking animation because there are keyframes with different interpolation methods in one channel
20:40:48 | WARNING: Baking animation because there are keyframes with different interpolation methods in one channel
20:40:48 | WARNING: Baking animation because there are keyframes with different interpolation methods in one channel
20:40:48 | WARNING: Baking animation because there are keyframes with different interpolation methods in one channel
20:40:48 | WARNING: Baking animation because there are keyframes with different interpolation methods in one channel
20:40:48 | WARNING: Baking animation because there are keyframes with different interpolation methods in one channel
20:40:48 | WARNING: Baking animation because there are keyframes with different interpolation methods in one channel
20:40:48 | WARNING: Baking animation because there are keyframes with different interpolation methods in one channel
20:40:48 | WARNING: Baking animation because there are keyframes with different interpolation methods in one channel
20:40:48 | WARNING: Baking animation because there are keyframes with different interpolation methods in one channel
20:40:48 | WARNING: Baking animation because there are keyframes with different interpolation methods in one channel
20:40:48 | WARNING: Baking animation because there are keyframes with different interpolation methods in one channel
20:40:48 | WARNING: Baking animation because there are keyframes with different interpolation methods in one channel
20:40:48 | WARNING: Baking animation because there are keyframes with different interpolation methods in one channel
20:40:48 | WARNING: Baking animation because there are keyframes with different interpolation methods in one channel
20:40:48 | WARNING: Baking animation because there are keyframes with different interpolation methods in one channel
20:40:48 | WARNING: Baking animation because there are keyframes with different interpolation methods in one channel
20:40:48 | WARNING: Baking animation because there are keyframes with different interpolation methods in one channel
20:40:48 | WARNING: Baking animation because there are keyframes with different interpolation methods in one channel
20:40:48 | WARNING: Baking animation because there are keyframes with different interpolation methods in one channel
20:40:48 | WARNING: Baking animation because there are keyframes with different interpolation methods in one channel
20:40:48 | WARNING: Baking animation because there are keyframes with different interpolation methods in one channel
20:40:48 | WARNING: Baking animation because there are keyframes with different interpolation methods in one channel
20:40:48 | WARNING: Baking animation because there are keyframes with different interpolation methods in one channel
20:40:48 | WARNING: Baking animation because there are keyframes with different interpolation methods in one channel
20:40:48 | WARNING: Baking animation because there are keyframes with different interpolation methods in one channel
20:40:48 | WARNING: Baking animation because there are keyframes with different interpolation methods in one channel
20:40:48 | WARNING: Baking animation because there are keyframes with different interpolation methods in one channel
20:40:48 | WARNING: Baking animation because there are keyframes with different interpolation methods in one channel
20:40:48 | WARNING: Baking animation because there are keyframes with different interpolation methods in one channel
20:40:48 | WARNING: Baking animation because there are keyframes with different interpolation methods in one channel
20:40:50 | WARNING: Baking animation because there are keyframes with different interpolation methods in one channel
20:40:50 | WARNING: Baking animation because there are keyframes with different interpolation methods in one channel
20:40:50 | WARNING: Baking animation because there are keyframes with different interpolation methods in one channel
20:40:50 | WARNING: Baking animation because there are keyframes with different interpolation methods in one channel
20:40:50 | WARNING: Baking animation because there are keyframes with different interpolation methods in one channel
20:40:50 | WARNING: Baking animation because there are keyframes with different interpolation methods in one channel
20:40:50 | WARNING: Baking animation because there are keyframes with different interpolation methods in one channel
20:40:50 | WARNING: Baking animation because there are keyframes with different interpolation methods in one channel
20:40:50 | WARNING: Baking animation because there are keyframes with different interpolation methods in one channel
20:40:50 | WARNING: Baking animation because there are keyframes with different interpolation methods in one channel
20:40:50 | WARNING: Baking animation because there are keyframes with different interpolation methods in one channel
20:40:50 | WARNING: Baking animation because there are keyframes with different interpolation methods in one channel
20:40:50 | WARNING: Baking animation because there are keyframes with different interpolation methods in one channel
20:40:50 | WARNING: Baking animation because there are keyframes with different interpolation methods in one channel
20:40:50 | WARNING: Baking animation because there are keyframes with different interpolation methods in one channel
20:40:50 | WARNING: Baking animation because there are keyframes with different interpolation methods in one channel
20:40:50 | WARNING: Baking animation because there are keyframes with different interpolation methods in one channel
20:40:50 | WARNING: Baking animation because there are keyframes with different interpolation methods in one channel
20:40:50 | WARNING: Baking animation because there are keyframes with different interpolation methods in one channel
20:40:50 | WARNING: Baking animation because there are keyframes with different interpolation methods in one channel
20:40:50 | WARNING: Baking animation because there are keyframes with different interpolation methods in one channel
20:40:50 | WARNING: Baking animation because there are keyframes with different interpolation methods in one channel
20:40:50 | WARNING: Baking animation because there are keyframes with different interpolation methods in one channel
20:40:50 | WARNING: Baking animation because there are keyframes with different interpolation methods in one channel
20:40:50 | WARNING: Baking animation because there are keyframes with different interpolation methods in one channel
20:40:50 | WARNING: Baking animation because there are keyframes with different interpolation methods in one channel
20:40:50 | WARNING: Baking animation because there are keyframes with different interpolation methods in one channel
20:40:50 | WARNING: Baking animation because there are keyframes with different interpolation methods in one channel
20:40:50 | WARNING: Baking animation because there are keyframes with different interpolation methods in one channel
20:40:50 | WARNING: Baking animation because there are keyframes with different interpolation methods in one channel
20:40:50 | WARNING: Baking animation because there are keyframes with different interpolation methods in one channel
20:40:50 | WARNING: Baking animation because there are keyframes with different interpolation methods in one channel
20:40:50 | WARNING: Baking animation because there are keyframes with different interpolation methods in one channel
20:40:50 | WARNING: Baking animation because there are keyframes with different interpolation methods in one channel
20:40:50 | WARNING: Baking animation because there are keyframes with different interpolation methods in one channel
20:40:50 | WARNING: Baking animation because there are keyframes with different interpolation methods in one channel
20:40:50 | WARNING: Baking animation because there are keyframes with different interpolation methods in one channel
20:40:50 | WARNING: Baking animation because there are keyframes with different interpolation methods in one channel
20:40:50 | WARNING: Baking animation because there are keyframes with different interpolation methods in one channel
20:40:50 | WARNING: Baking animation because there are keyframes with different interpolation methods in one channel
20:40:50 | WARNING: Baking animation because there are keyframes with different interpolation methods in one channel
20:40:50 | WARNING: Baking animation because there are keyframes with different interpolation methods in one channel
20:40:50 | WARNING: Baking animation because there are keyframes with different interpolation methods in one channel
20:40:50 | WARNING: Baking animation because there are keyframes with different interpolation methods in one channel
20:40:50 | WARNING: Baking animation because there are keyframes with different interpolation methods in one channel
20:40:50 | WARNING: Baking animation because there are keyframes with different interpolation methods in one channel
20:40:50 | WARNING: Baking animation because there are keyframes with different interpolation methods in one channel
20:40:50 | WARNING: Baking animation because there are keyframes with different interpolation methods in one channel
20:40:50 | WARNING: Baking animation because there are keyframes with different interpolation methods in one channel
20:40:50 | WARNING: Baking animation because there are keyframes with different interpolation methods in one channel
20:40:50 | WARNING: Baking animation because there are keyframes with different interpolation methods in one channel
20:40:50 | WARNING: Baking animation because there are keyframes with different interpolation methods in one channel
20:40:50 | WARNING: Baking animation because there are keyframes with different interpolation methods in one channel
20:41:02 | WARNING: Baking animation because there are keyframes with different interpolation methods in one channel
20:41:02 | WARNING: Baking animation because there are keyframes with different interpolation methods in one channel
20:41:02 | WARNING: Baking animation because there are keyframes with different interpolation methods in one channel
20:41:02 | WARNING: Baking animation because there are keyframes with different interpolation methods in one channel
20:41:02 | WARNING: Baking animation because there are keyframes with different interpolation methods in one channel
20:41:02 | WARNING: Baking animation because there are keyframes with different interpolation methods in one channel
20:41:02 | WARNING: Baking animation because there are keyframes with different interpolation methods in one channel
20:41:02 | WARNING: Baking animation because there are keyframes with different interpolation methods in one channel
20:41:02 | WARNING: Baking animation because there are keyframes with different interpolation methods in one channel
20:41:02 | WARNING: Baking animation because there are keyframes with different interpolation methods in one channel
20:41:02 | WARNING: Baking animation because there are keyframes with different interpolation methods in one channel
20:41:02 | WARNING: Baking animation because there are keyframes with different interpolation methods in one channel
20:41:02 | WARNING: Baking animation because there are keyframes with different interpolation methods in one channel
20:41:02 | WARNING: Baking animation because there are keyframes with different interpolation methods in one channel
20:41:02 | WARNING: Baking animation because there are keyframes with different interpolation methods in one channel
20:41:02 | WARNING: Baking animation because there are keyframes with different interpolation methods in one channel
20:41:02 | WARNING: Baking animation because there are keyframes with different interpolation methods in one channel
20:41:02 | WARNING: Baking animation because there are keyframes with different interpolation methods in one channel
20:41:02 | WARNING: Baking animation because there are keyframes with different interpolation methods in one channel
20:41:02 | WARNING: Baking animation because there are keyframes with different interpolation methods in one channel
20:41:02 | WARNING: Baking animation because there are keyframes with different interpolation methods in one channel
20:41:02 | WARNING: Baking animation because there are keyframes with different interpolation methods in one channel
20:41:02 | WARNING: Baking animation because there are keyframes with different interpolation methods in one channel
20:41:02 | WARNING: Baking animation because there are keyframes with different interpolation methods in one channel
20:41:02 | WARNING: Baking animation because there are keyframes with different interpolation methods in one channel
20:41:02 | WARNING: Baking animation because there are keyframes with different interpolation methods in one channel
20:41:02 | WARNING: Baking animation because there are keyframes with different interpolation methods in one channel
20:41:02 | WARNING: Baking animation because there are keyframes with different interpolation methods in one channel
20:41:02 | WARNING: Baking animation because there are keyframes with different interpolation methods in one channel
20:41:02 | WARNING: Baking animation because there are keyframes with different interpolation methods in one channel
20:41:02 | WARNING: Baking animation because there are keyframes with different interpolation methods in one channel
20:41:02 | WARNING: Baking animation because there are keyframes with different interpolation methods in one channel
20:41:02 | WARNING: Baking animation because there are keyframes with different interpolation methods in one channel
20:41:02 | WARNING: Baking animation because there are keyframes with different interpolation methods in one channel
20:41:02 | WARNING: Baking animation because there are keyframes with different interpolation methods in one channel
20:41:02 | WARNING: Baking animation because there are keyframes with different interpolation methods in one channel
20:41:02 | WARNING: Baking animation because there are keyframes with different interpolation methods in one channel
20:41:02 | WARNING: Baking animation because there are keyframes with different interpolation methods in one channel
20:41:02 | WARNING: Baking animation because there are keyframes with different interpolation methods in one channel
20:41:02 | WARNING: Baking animation because there are keyframes with different interpolation methods in one channel
20:41:02 | WARNING: Baking animation because there are keyframes with different interpolation methods in one channel
20:41:02 | WARNING: Baking animation because there are keyframes with different interpolation methods in one channel
20:41:02 | WARNING: Baking animation because there are keyframes with different interpolation methods in one channel
20:41:02 | WARNING: Baking animation because there are keyframes with different interpolation methods in one channel
20:41:02 | WARNING: Baking animation because there are keyframes with different interpolation methods in one channel
20:41:02 | WARNING: Baking animation because there are keyframes with different interpolation methods in one channel
20:41:02 | WARNING: Baking animation because there are keyframes with different interpolation methods in one channel
20:41:02 | WARNING: Baking animation because there are keyframes with different interpolation methods in one channel
20:41:02 | WARNING: Baking animation because there are keyframes with different interpolation methods in one channel
20:41:02 | WARNING: Baking animation because there are keyframes with different interpolation methods in one channel
20:41:02 | WARNING: Baking animation because there are keyframes with different interpolation methods in one channel
20:41:02 | WARNING: Baking animation because there are keyframes with different interpolation methods in one channel
20:41:02 | WARNING: Baking animation because there are keyframes with different interpolation methods in one channel
20:41:04 | WARNING: Baking animation because there are keyframes with different interpolation methods in one channel
20:41:04 | WARNING: Baking animation because there are keyframes with different interpolation methods in one channel
20:41:04 | WARNING: Baking animation because there are keyframes with different interpolation methods in one channel
20:41:04 | WARNING: Baking animation because there are keyframes with different interpolation methods in one channel
20:41:04 | WARNING: Baking animation because there are keyframes with different interpolation methods in one channel
20:41:04 | WARNING: Baking animation because there are keyframes with different interpolation methods in one channel
20:41:04 | WARNING: Baking animation because there are keyframes with different interpolation methods in one channel
20:41:04 | WARNING: Baking animation because there are keyframes with different interpolation methods in one channel
20:41:04 | WARNING: Baking animation because there are keyframes with different interpolation methods in one channel
20:41:04 | WARNING: Baking animation because there are keyframes with different interpolation methods in one channel
20:41:04 | WARNING: Baking animation because there are keyframes with different interpolation methods in one channel
20:41:04 | WARNING: Baking animation because there are keyframes with different interpolation methods in one channel
20:41:04 | WARNING: Baking animation because there are keyframes with different interpolation methods in one channel
20:41:04 | WARNING: Baking animation because there are keyframes with different interpolation methods in one channel
20:41:04 | WARNING: Baking animation because there are keyframes with different interpolation methods in one channel
20:41:04 | WARNING: Baking animation because there are keyframes with different interpolation methods in one channel
20:41:04 | WARNING: Baking animation because there are keyframes with different interpolation methods in one channel
20:41:04 | WARNING: Baking animation because there are keyframes with different interpolation methods in one channel
20:41:04 | WARNING: Baking animation because there are keyframes with different interpolation methods in one channel
20:41:04 | WARNING: Baking animation because there are keyframes with different interpolation methods in one channel
20:41:04 | WARNING: Baking animation because there are keyframes with different interpolation methods in one channel
20:41:04 | WARNING: Baking animation because there are keyframes with different interpolation methods in one channel
20:41:04 | WARNING: Baking animation because there are keyframes with different interpolation methods in one channel
20:41:04 | WARNING: Baking animation because there are keyframes with different interpolation methods in one channel
20:41:04 | WARNING: Baking animation because there are keyframes with different interpolation methods in one channel
20:41:04 | WARNING: Baking animation because there are keyframes with different interpolation methods in one channel
20:41:04 | WARNING: Baking animation because there are keyframes with different interpolation methods in one channel
20:41:04 | WARNING: Baking animation because there are keyframes with different interpolation methods in one channel
20:41:04 | WARNING: Baking animation because there are keyframes with different interpolation methods in one channel
20:41:04 | WARNING: Baking animation because there are keyframes with different interpolation methods in one channel
20:41:04 | WARNING: Baking animation because there are keyframes with different interpolation methods in one channel
20:41:04 | WARNING: Baking animation because there are keyframes with different interpolation methods in one channel
20:41:04 | WARNING: Baking animation because there are keyframes with different interpolation methods in one channel
20:41:04 | WARNING: Baking animation because there are keyframes with different interpolation methods in one channel
20:41:04 | WARNING: Baking animation because there are keyframes with different interpolation methods in one channel
20:41:04 | WARNING: Baking animation because there are keyframes with different interpolation methods in one channel
20:41:04 | WARNING: Baking animation because there are keyframes with different interpolation methods in one channel
20:41:04 | WARNING: Baking animation because there are keyframes with different interpolation methods in one channel
20:41:04 | WARNING: Baking animation because there are keyframes with different interpolation methods in one channel
20:41:04 | WARNING: Baking animation because there are keyframes with different interpolation methods in one channel
20:41:04 | WARNING: Baking animation because there are keyframes with different interpolation methods in one channel
20:41:04 | WARNING: Baking animation because there are keyframes with different interpolation methods in one channel
20:41:04 | WARNING: Baking animation because there are keyframes with different interpolation methods in one channel
20:41:04 | WARNING: Baking animation because there are keyframes with different interpolation methods in one channel
20:41:04 | WARNING: Baking animation because there are keyframes with different interpolation methods in one channel
20:41:04 | WARNING: Baking animation because there are keyframes with different interpolation methods in one channel
20:41:04 | WARNING: Baking animation because there are keyframes with different interpolation methods in one channel
20:41:04 | WARNING: Baking animation because there are keyframes with different interpolation methods in one channel
20:41:04 | WARNING: Baking animation because there are keyframes with different interpolation methods in one channel
20:41:04 | WARNING: Baking animation because there are keyframes with different interpolation methods in one channel
20:41:04 | WARNING: Baking animation because there are keyframes with different interpolation methods in one channel
20:41:04 | WARNING: Baking animation because there are keyframes with different interpolation methods in one channel
20:41:04 | WARNING: Baking animation because there are keyframes with different interpolation methods in one channel
20:41:08 | INFO: Finished glTF 2.0 export in 52.92016243934631 s

D03_DONE failed=[]
D03_DONE non_ok_bools=[]

Blender quit
Error: Not freed memory blocks: 7806, total unfreed memory 0.828075 MB
