Blender 4.5.0 (hash 8cb6b388974a built 2025-07-15 01:36:24)
Read blend: "I:\工作项目\BIGMANFIGHT\角色资产\美术资产\bigman_v001\bigman_anim_v001.blend"
Fra:0 Mem:105.98M (Peak 109.17M) | Time:00:00.84 | Rendering 1 / 64 samples
Fra:0 Mem:105.98M (Peak 109.17M) | Time:00:00.89 | Rendering 25 / 64 samples
Fra:0 Mem:105.98M (Peak 109.17M) | Time:00:00.95 | Rendering 50 / 64 samples
Fra:0 Mem:105.98M (Peak 109.17M) | Time:00:00.98 | Rendering 64 / 64 samples
Fra:0 Mem:73.94M (Peak 119.07M) | Time:00:01.02 | Compositing
Saved: 'I:\工作项目\BIGMANFIGHT\角色资产\美术资产\bigman_v001\previews\anim\hitheavyf_side_f0000.png'
Time: 00:01.10 (Saving: 00:00.07)

Fra:0 Mem:108.05M (Peak 111.20M) | Time:00:00.28 | Rendering 1 / 64 samples
Fra:0 Mem:108.05M (Peak 111.20M) | Time:00:00.33 | Rendering 25 / 64 samples
Fra:0 Mem:108.05M (Peak 111.20M) | Time:00:00.39 | Rendering 50 / 64 samples
Fra:0 Mem:108.05M (Peak 111.20M) | Time:00:00.43 | Rendering 64 / 64 samples
Fra:0 Mem:76.00M (Peak 121.14M) | Time:00:00.46 | Compositing
Saved: 'I:\工作项目\BIGMANFIGHT\角色资产\美术资产\bigman_v001\previews\anim\hitheavyf_front_f0000.png'
Time: 00:00.53 (Saving: 00:00.05)

Fra:0 Mem:108.05M (Peak 111.21M) | Time:00:00.27 | Rendering 1 / 64 samples
Fra:0 Mem:108.05M (Peak 111.21M) | Time:00:00.32 | Rendering 25 / 64 samples
Fra:0 Mem:108.05M (Peak 111.21M) | Time:00:00.38 | Rendering 50 / 64 samples
Fra:0 Mem:108.05M (Peak 111.21M) | Time:00:00.41 | Rendering 64 / 64 samples
Fra:0 Mem:76.00M (Peak 121.14M) | Time:00:00.44 | Compositing
Saved: 'I:\工作项目\BIGMANFIGHT\角色资产\美术资产\bigman_v001\previews\anim\hitheavyf_three_quarter_f0000.png'
Time: 00:00.50 (Saving: 00:00.04)

Fra:4 Mem:108.05M (Peak 111.21M) | Time:00:00.23 | Rendering 1 / 64 samples
Fra:4 Mem:108.05M (Peak 111.21M) | Time:00:00.27 | Rendering 25 / 64 samples
Fra:4 Mem:108.05M (Peak 111.21M) | Time:00:00.31 | Rendering 50 / 64 samples
Fra:4 Mem:108.05M (Peak 111.21M) | Time:00:00.34 | Rendering 64 / 64 samples
Fra:4 Mem:76.00M (Peak 121.14M) | Time:00:00.36 | Compositing
Saved: 'I:\工作项目\BIGMANFIGHT\角色资产\美术资产\bigman_v001\previews\anim\hitheavyf_side_f0004.png'
Time: 00:00.41 (Saving: 00:00.03)

Fra:4 Mem:108.05M (Peak 111.21M) | Time:00:00.22 | Rendering 1 / 64 samples
Fra:4 Mem:108.05M (Peak 111.21M) | Time:00:00.26 | Rendering 25 / 64 samples
Fra:4 Mem:108.05M (Peak 111.21M) | Time:00:00.30 | Rendering 50 / 64 samples
Fra:4 Mem:108.05M (Peak 111.21M) | Time:00:00.32 | Rendering 64 / 64 samples
Fra:4 Mem:76.00M (Peak 121.14M) | Time:00:00.35 | Compositing
Saved: 'I:\工作项目\BIGMANFIGHT\角色资产\美术资产\bigman_v001\previews\anim\hitheavyf_front_f0004.png'
Time: 00:00.39 (Saving: 00:00.03)

Fra:4 Mem:108.05M (Peak 111.21M) | Time:00:00.23 | Rendering 1 / 64 samples
Fra:4 Mem:108.05M (Peak 111.21M) | Time:00:00.27 | Rendering 25 / 64 samples
Fra:4 Mem:108.05M (Peak 111.21M) | Time:00:00.31 | Rendering 50 / 64 samples
Fra:4 Mem:108.05M (Peak 111.21M) | Time:00:00.33 | Rendering 64 / 64 samples
Fra:4 Mem:76.00M (Peak 121.14M) | Time:00:00.36 | Compositing
Saved: 'I:\工作项目\BIGMANFIGHT\角色资产\美术资产\bigman_v001\previews\anim\hitheavyf_three_quarter_f0004.png'
Time: 00:00.40 (Saving: 00:00.04)

Fra:6 Mem:108.05M (Peak 111.21M) | Time:00:00.22 | Rendering 1 / 64 samples
Fra:6 Mem:108.05M (Peak 111.21M) | Time:00:00.27 | Rendering 25 / 64 samples
Fra:6 Mem:108.05M (Peak 111.21M) | Time:00:00.31 | Rendering 50 / 64 samples
Fra:6 Mem:108.05M (Peak 111.21M) | Time:00:00.33 | Rendering 64 / 64 samples
Fra:6 Mem:76.00M (Peak 121.14M) | Time:00:00.36 | Compositing
Saved: 'I:\工作项目\BIGMANFIGHT\角色资产\美术资产\bigman_v001\previews\anim\hitheavyf_side_f0006.png'
Time: 00:00.41 (Saving: 00:00.04)

Fra:6 Mem:108.05M (Peak 111.21M) | Time:00:00.22 | Rendering 1 / 64 samples
Fra:6 Mem:108.05M (Peak 111.21M) | Time:00:00.26 | Rendering 25 / 64 samples
Fra:6 Mem:108.05M (Peak 111.21M) | Time:00:00.30 | Rendering 50 / 64 samples
Fra:6 Mem:108.05M (Peak 111.21M) | Time:00:00.33 | Rendering 64 / 64 samples
Fra:6 Mem:76.00M (Peak 121.14M) | Time:00:00.35 | Compositing
Saved: 'I:\工作项目\BIGMANFIGHT\角色资产\美术资产\bigman_v001\previews\anim\hitheavyf_front_f0006.png'
Time: 00:00.40 (Saving: 00:00.04)

Fra:6 Mem:108.05M (Peak 111.21M) | Time:00:00.22 | Rendering 1 / 64 samples
Fra:6 Mem:108.05M (Peak 111.21M) | Time:00:00.27 | Rendering 25 / 64 samples
Fra:6 Mem:108.05M (Peak 111.21M) | Time:00:00.31 | Rendering 50 / 64 samples
Fra:6 Mem:108.05M (Peak 111.21M) | Time:00:00.34 | Rendering 64 / 64 samples
Fra:6 Mem:76.00M (Peak 121.14M) | Time:00:00.36 | Compositing
Saved: 'I:\工作项目\BIGMANFIGHT\角色资产\美术资产\bigman_v001\previews\anim\hitheavyf_three_quarter_f0006.png'
Time: 00:00.40 (Saving: 00:00.03)

Fra:11 Mem:108.05M (Peak 111.21M) | Time:00:00.23 | Rendering 1 / 64 samples
Fra:11 Mem:108.05M (Peak 111.21M) | Time:00:00.27 | Rendering 25 / 64 samples
Fra:11 Mem:108.05M (Peak 111.21M) | Time:00:00.31 | Rendering 50 / 64 samples
Fra:11 Mem:108.05M (Peak 111.21M) | Time:00:00.33 | Rendering 64 / 64 samples
Fra:11 Mem:76.01M (Peak 121.14M) | Time:00:00.35 | Compositing
Saved: 'I:\工作项目\BIGMANFIGHT\角色资产\美术资产\bigman_v001\previews\anim\hitheavyf_side_f0011.png'
Time: 00:00.39 (Saving: 00:00.03)

Fra:11 Mem:108.05M (Peak 111.21M) | Time:00:00.23 | Rendering 1 / 64 samples
Fra:11 Mem:108.05M (Peak 111.21M) | Time:00:00.27 | Rendering 25 / 64 samples
Fra:11 Mem:108.05M (Peak 111.21M) | Time:00:00.31 | Rendering 50 / 64 samples
Fra:11 Mem:108.05M (Peak 111.21M) | Time:00:00.33 | Rendering 64 / 64 samples
Fra:11 Mem:76.01M (Peak 121.14M) | Time:00:00.35 | Compositing
Saved: 'I:\工作项目\BIGMANFIGHT\角色资产\美术资产\bigman_v001\previews\anim\hitheavyf_front_f0011.png'
Time: 00:00.39 (Saving: 00:00.03)

Fra:11 Mem:108.05M (Peak 111.21M) | Time:00:00.22 | Rendering 1 / 64 samples
Fra:11 Mem:108.05M (Peak 111.21M) | Time:00:00.26 | Rendering 25 / 64 samples
Fra:11 Mem:108.05M (Peak 111.21M) | Time:00:00.30 | Rendering 50 / 64 samples
Fra:11 Mem:108.05M (Peak 111.21M) | Time:00:00.32 | Rendering 64 / 64 samples
Fra:11 Mem:76.01M (Peak 121.14M) | Time:00:00.34 | Compositing
Saved: 'I:\工作项目\BIGMANFIGHT\角色资产\美术资产\bigman_v001\previews\anim\hitheavyf_three_quarter_f0011.png'
Time: 00:00.39 (Saving: 00:00.03)

Fra:17 Mem:108.05M (Peak 111.21M) | Time:00:00.23 | Rendering 1 / 64 samples
Fra:17 Mem:108.05M (Peak 111.21M) | Time:00:00.26 | Rendering 25 / 64 samples
Fra:17 Mem:108.05M (Peak 111.21M) | Time:00:00.30 | Rendering 50 / 64 samples
Fra:17 Mem:108.05M (Peak 111.21M) | Time:00:00.32 | Rendering 64 / 64 samples
Fra:17 Mem:76.01M (Peak 121.14M) | Time:00:00.34 | Compositing
Saved: 'I:\工作项目\BIGMANFIGHT\角色资产\美术资产\bigman_v001\previews\anim\hitheavyf_side_f0017.png'
Time: 00:00.38 (Saving: 00:00.03)

Fra:17 Mem:108.05M (Peak 111.21M) | Time:00:00.23 | Rendering 1 / 64 samples
Fra:17 Mem:108.05M (Peak 111.21M) | Time:00:00.27 | Rendering 25 / 64 samples
Fra:17 Mem:108.05M (Peak 111.21M) | Time:00:00.31 | Rendering 50 / 64 samples
Fra:17 Mem:108.05M (Peak 111.21M) | Time:00:00.33 | Rendering 64 / 64 samples
Fra:17 Mem:76.01M (Peak 121.14M) | Time:00:00.35 | Compositing
Saved: 'I:\工作项目\BIGMANFIGHT\角色资产\美术资产\bigman_v001\previews\anim\hitheavyf_front_f0017.png'
Time: 00:00.39 (Saving: 00:00.03)

Fra:17 Mem:108.05M (Peak 111.21M) | Time:00:00.24 | Rendering 1 / 64 samples
Fra:17 Mem:108.05M (Peak 111.21M) | Time:00:00.28 | Rendering 25 / 64 samples
Fra:17 Mem:108.05M (Peak 111.21M) | Time:00:00.32 | Rendering 50 / 64 samples
Fra:17 Mem:108.05M (Peak 111.21M) | Time:00:00.34 | Rendering 64 / 64 samples
Fra:17 Mem:76.01M (Peak 121.14M) | Time:00:00.37 | Compositing
Saved: 'I:\工作项目\BIGMANFIGHT\角色资产\美术资产\bigman_v001\previews\anim\hitheavyf_three_quarter_f0017.png'
Time: 00:00.42 (Saving: 00:00.03)

Fra:29 Mem:108.05M (Peak 111.21M) | Time:00:00.26 | Rendering 1 / 64 samples
Fra:29 Mem:108.05M (Peak 111.21M) | Time:00:00.29 | Rendering 25 / 64 samples
Fra:29 Mem:108.05M (Peak 111.21M) | Time:00:00.33 | Rendering 50 / 64 samples
Fra:29 Mem:108.05M (Peak 111.21M) | Time:00:00.35 | Rendering 64 / 64 samples
Fra:29 Mem:76.01M (Peak 121.14M) | Time:00:00.38 | Compositing
Saved: 'I:\工作项目\BIGMANFIGHT\角色资产\美术资产\bigman_v001\previews\anim\hitheavyf_side_f0029.png'
Time: 00:00.42 (Saving: 00:00.03)

Fra:29 Mem:108.05M (Peak 111.21M) | Time:00:00.23 | Rendering 1 / 64 samples
Fra:29 Mem:108.05M (Peak 111.21M) | Time:00:00.26 | Rendering 25 / 64 samples
Fra:29 Mem:108.05M (Peak 111.21M) | Time:00:00.30 | Rendering 50 / 64 samples
Fra:29 Mem:108.05M (Peak 111.21M) | Time:00:00.33 | Rendering 64 / 64 samples
Fra:29 Mem:76.01M (Peak 121.14M) | Time:00:00.35 | Compositing
Saved: 'I:\工作项目\BIGMANFIGHT\角色资产\美术资产\bigman_v001\previews\anim\hitheavyf_front_f0029.png'
Time: 00:00.39 (Saving: 00:00.03)

Fra:29 Mem:108.05M (Peak 111.21M) | Time:00:00.23 | Rendering 1 / 64 samples
Fra:29 Mem:108.05M (Peak 111.21M) | Time:00:00.27 | Rendering 25 / 64 samples
Fra:29 Mem:108.05M (Peak 111.21M) | Time:00:00.31 | Rendering 50 / 64 samples
Fra:29 Mem:108.05M (Peak 111.21M) | Time:00:00.33 | Rendering 64 / 64 samples
Fra:29 Mem:76.01M (Peak 121.14M) | Time:00:00.35 | Compositing
Saved: 'I:\工作项目\BIGMANFIGHT\角色资产\美术资产\bigman_v001\previews\anim\hitheavyf_three_quarter_f0029.png'
Time: 00:00.39 (Saving: 00:00.03)

Fra:34 Mem:108.05M (Peak 111.21M) | Time:00:00.23 | Rendering 1 / 64 samples
Fra:34 Mem:108.05M (Peak 111.21M) | Time:00:00.26 | Rendering 25 / 64 samples
Fra:34 Mem:108.05M (Peak 111.21M) | Time:00:00.30 | Rendering 50 / 64 samples
Fra:34 Mem:108.05M (Peak 111.21M) | Time:00:00.33 | Rendering 64 / 64 samples
Fra:34 Mem:76.01M (Peak 121.14M) | Time:00:00.35 | Compositing
Saved: 'I:\工作项目\BIGMANFIGHT\角色资产\美术资产\bigman_v001\previews\anim\hitheavyf_side_f0034.png'
Time: 00:00.39 (Saving: 00:00.03)

Fra:34 Mem:108.05M (Peak 111.21M) | Time:00:00.22 | Rendering 1 / 64 samples
Fra:34 Mem:108.05M (Peak 111.21M) | Time:00:00.26 | Rendering 25 / 64 samples
Fra:34 Mem:108.05M (Peak 111.21M) | Time:00:00.30 | Rendering 50 / 64 samples
Fra:34 Mem:108.05M (Peak 111.21M) | Time:00:00.32 | Rendering 64 / 64 samples
Fra:34 Mem:76.01M (Peak 121.14M) | Time:00:00.34 | Compositing
Saved: 'I:\工作项目\BIGMANFIGHT\角色资产\美术资产\bigman_v001\previews\anim\hitheavyf_front_f0034.png'
Time: 00:00.38 (Saving: 00:00.03)

Fra:34 Mem:108.05M (Peak 111.21M) | Time:00:00.24 | Rendering 1 / 64 samples
Fra:34 Mem:108.05M (Peak 111.21M) | Time:00:00.28 | Rendering 25 / 64 samples
Fra:34 Mem:108.05M (Peak 111.21M) | Time:00:00.32 | Rendering 50 / 64 samples
Fra:34 Mem:108.05M (Peak 111.21M) | Time:00:00.34 | Rendering 64 / 64 samples
Fra:34 Mem:76.01M (Peak 121.14M) | Time:00:00.36 | Compositing
Saved: 'I:\工作项目\BIGMANFIGHT\角色资产\美术资产\bigman_v001\previews\anim\hitheavyf_three_quarter_f0034.png'
Time: 00:00.40 (Saving: 00:00.03)

Fra:42 Mem:108.05M (Peak 111.21M) | Time:00:00.22 | Rendering 1 / 64 samples
Fra:42 Mem:108.05M (Peak 111.21M) | Time:00:00.26 | Rendering 25 / 64 samples
Fra:42 Mem:108.05M (Peak 111.21M) | Time:00:00.30 | Rendering 50 / 64 samples
Fra:42 Mem:108.05M (Peak 111.21M) | Time:00:00.32 | Rendering 64 / 64 samples
Fra:42 Mem:76.01M (Peak 121.14M) | Time:00:00.35 | Compositing
Saved: 'I:\工作项目\BIGMANFIGHT\角色资产\美术资产\bigman_v001\previews\anim\hitheavyf_side_f0042.png'
Time: 00:00.39 (Saving: 00:00.04)

Fra:42 Mem:108.05M (Peak 111.21M) | Time:00:00.23 | Rendering 1 / 64 samples
Fra:42 Mem:108.05M (Peak 111.21M) | Time:00:00.27 | Rendering 25 / 64 samples
Fra:42 Mem:108.05M (Peak 111.21M) | Time:00:00.31 | Rendering 50 / 64 samples
Fra:42 Mem:108.05M (Peak 111.21M) | Time:00:00.33 | Rendering 64 / 64 samples
Fra:42 Mem:76.01M (Peak 121.14M) | Time:00:00.35 | Compositing
Saved: 'I:\工作项目\BIGMANFIGHT\角色资产\美术资产\bigman_v001\previews\anim\hitheavyf_front_f0042.png'
Time: 00:00.40 (Saving: 00:00.04)

Fra:42 Mem:108.05M (Peak 111.21M) | Time:00:00.24 | Rendering 1 / 64 samples
Fra:42 Mem:108.05M (Peak 111.21M) | Time:00:00.27 | Rendering 25 / 64 samples
Fra:42 Mem:108.05M (Peak 111.21M) | Time:00:00.31 | Rendering 50 / 64 samples
Fra:42 Mem:108.05M (Peak 111.21M) | Time:00:00.33 | Rendering 64 / 64 samples
Fra:42 Mem:76.01M (Peak 121.14M) | Time:00:00.36 | Compositing
Saved: 'I:\工作项目\BIGMANFIGHT\角色资产\美术资产\bigman_v001\previews\anim\hitheavyf_three_quarter_f0042.png'
Time: 00:00.40 (Saving: 00:00.03)

D07_LAYOUT {"total_frames": 42, "seconds": 0.7, "impact": 4, "hold_end": 8, "hit_hold": 4, "step_off": 8, "step_plant": 29, "skid_end": 20, "recover_end": 32, "cancel": 34, "segments": 3, "hit_points": 0, "root_motion_m": [0.0, 0.25], "force_direction": "正面（力把上身往 +Y 身后推）", "zero_source": "Idle_01@0（落盘 action，非重演）", "zero_pose_src": {"action": "Idle_01", "found": true, "frame": 0, "expected_frame": 0, "rot_bones": 52, "loc_bones": ["pelvis"], "frame_range": [0, 180]}, "zero_vs_idle_pose_euler_max_diff_deg": 4e-06, "zero_vs_idle_pose_worst_bone": "shin.L", "zero_vs_idle_pose_geom_pos_mm": 0.0, "zero_vs_idle_pose_geom_dir_deg": 0.029956, "zero_pelvis_z_mm": 830.0, "zero_fist_mm": {"L": [144.52, -307.73, 1271.06], "R": [-129.58, -273.48, 1298.18]}, "zero_fist_spread_mm": 274.1, "zero_ankle_mm": {"L": [143.18, -169.57, 79.76], "R": [-141.58, 140.43, 79.83]}, "zero_knee_dir": {"L": [-0.0194, -0.9755, 0.2191], "R": [-0.0077, -0.983, -0.1835]}, "zero_wrist_mm": {"L": [164.2, -238.87, 1204.17], "R": [-147.21, -214.71, 1221.77]}, "zero_hand_dir": {"L": [-0.2008, -0.7027, 0.6826], "R": [0.1799, -0.5998, 0.7797]}, "zero_hand_bend_deg": {"L": 21.3429, "R": 26.163}, "zero_euler_y_deg": {"upperarm.L": -13.165, "forearm.L": 13.2682, "hand.L": -0.475, "upperarm.R": 15.1944, "forearm.R": -8.9002, "hand.R": 1.8547}, "zero_euler_y_lock_risk": {"upperarm.L": 76.835, "forearm.L": 76.732, "hand.L": 89.525, "upperarm.R": 74.806, "forearm.R": 81.1, "hand.R": 88.145}, "step_back_m": 0.387, "step_source": "A03 Walk_F 实测 stride_m 0.3871", "body_back_m": 0.25, "push_mm": 55.0, "skid_m": 0.14, "lift_peak_mm": 110.0, "rel_back_mm": 277.0, "rel_front_mm": -280.0, "hit_side_mm": 6.0, "hit_fist_offset_mm": [14.0, 28.0, 8.0], "torso_hit_deg": {"pelvis": -1.1, "spine_01": -1.35, "spine_02": -1.6, "chest": -2.75, "neck": -0.95, "head": -1.45, "shoulder.L": -3.0, "shoulder.R": 3.0}, "torso_yaw_deg": {"pelvis": 0.6, "spine_01": 0.7, "spine_02": 0.7, "chest": 0.9, "neck": 0.8, "head": 1.1}, "pz_keys_mm": [[0, 0.0], [4, -12.0], [8, -12.0], [18, -26.0], [29, -14.0], [34, 0.0], [42, 0.0]], "elbow_hit_delta": [0.1, 0.08, -0.06], "pitch_gate_deg": [5.0, 10.0], "head_back_gate_mm": [100.0, 175.0], "lead_gamma": 1.0, "lead_bones": ["neck", "head", "shoulder.L", "shoulder.R"], "roll_return": true, "roll_weight_mode": "tail", "note": "D07 正面重受击：零位 = Idle_01 落盘帧 0；升 4 / 硬直 4 / 降 24；大幅**后仰**（chest 俯仰 +5.0~+10.0°）+ 头后甩 100~175 mm；★ **退 1 步**（后脚世界后移 0.387 m = A03 实测步长，带离地弧；前脚只蹭 0.14 m ≤ 后脚一半）；骨盆被推走 0.25 m（登记 root_motion）；拳被往后/外带开但保持防御形状；末帧躯干+臂逐位回零位**形状**、脚站**新站位**"}
D07_REPORT {"loop_seamless": null, "ground_min_mm": -1.72, "ground_contact_ok": true, "max_frame_step_deg": 6.734, "max_frame_step_at": [27, "shin.R"], "no_teleport": true, "bone_travel_mm": {"pelvis": 269.28, "chest": 279.03, "head": 302.14, "hand.L": 285.65, "hand.R": 285.64}, "chest_pitch_zero_deg": -9.0, "chest_pitch_impact_deg": -2.2017, "chest_pitch_delta_deg": 6.7983, "head_back_mm": 145.09, "neck_back_mm": 92.09, "chest_pitch_delta_max_deg": 6.7983, "head_back_max_mm": 324.16, "hit_heavy_pitch_ok": true, "hit_heavy_head_ok": true, "hit_heavy_direction_can_fail_ok": true, "hit_heavy_ok": true, "pelvis_side_shift_mm": 6.0, "pelvis_back_hit_mm": 55.0, "fist_delta_mm": {"L": [14.0, 83.0, -8.0], "R": [-14.0, 83.0, -8.0]}, "fist_spread_zero_mm": 274.1, "fist_spread_impact_mm": 302.1, "fist_spread_delta_mm": 28.0, "fist_back_delta_mm": 28.0, "guard_kept_ok": true, "press_rise_frames": 4, "press_fall_frames": 24, "hit_heavy_speed_ok": true, "lead_scale_at_f1": 0.25, "press_at_f1": 0.25, "hitstop_frames": 4, "hitstop_drift_deg": 0.0, "hitstop_drift_at": null, "hitstop_present": true, "step_back_mm": {"L": 139.989, "R": 387.005}, "step_back_m": 0.387, "step_skid_m": 0.14, "step_back_ok": true, "step_back_dir_can_fail_ok": true, "step_order_ok": true, "max_foot_step_mm": 29.353, "max_foot_step_at": [17, "R"], "no_foot_teleport_ok": true, "back_foot_lift_peak_mm": 107.0, "back_foot_low_at_off_mm": -0.98, "back_foot_low_at_plant_mm": -1.34, "foot_lift_ok": true, "front_foot_low_min_mm": -1.72, "front_foot_low_max_mm": 1.59, "front_foot_planted_ok": true, "body_back_at_off_mm": 55.0, "body_back_at_plant_mm": 250.0, "body_back_end_mm": 250.0, "body_back_lead_ok": true, "end_world_pose_mm": 0.0, "end_world_pose_bone": "hand.L", "end_world_per_bone_mm": {}, "end_torso_euler_deg": 0.0, "end_torso_euler_bone": null, "end_torso_ok": true, "end_stance_err_mm": 0.024, "end_stance_bone": "R", "end_sole_mm": {"L": -1.72, "R": -1.06}, "end_stance_ok": true, "end_last2_deg": 0.0, "zero_shortcut_frames": 11, "zero_shortcut_expect": 11, "zero_shortcut_ok": true, "end_roll_deg": 0.0396, "end_roll_bone": "hand.L", "end_roll_bones": {}, "end_roll_ok": true, "hit_heavy_recover_ok": true, "clip_max_mm": 0.0, "clip_at": null, "clip_frame": null, "no_face_clip_ok": true, "reach_ratio_max": 0.41611, "reach_ratio_at": [4, "L"], "reach_ok": true, "leg_reach_ratio_max": 0.97665, "leg_reach_ratio_at": [34, "L"], "leg_reach_ok": true, "knee_delta_deg": {"L": 0.9672, "R": 6.8962}, "knee_delta_max_deg": 6.8962, "knee_passive_ok": true, "zero_fist_mm": {"L": [144.5, -307.7, 1271.1], "R": [-129.6, -273.5, 1298.2]}, "impact_fist_mm": {"L": [158.5, -224.7, 1263.1], "R": [-143.6, -190.5, 1290.2]}, "px_per_mm": 0.556, "head_back_px": 80.67, "body_back_px": 139.0, "step_back_px": 215.17, "aspect": 0.335, "fill_grid": 0.5933, "width_m": 0.5805, "height_m": 1.7331, "meta": {"anim_id": "Hit_Heavy_F", "loop": false, "category": "防御与受击", "note": "正面重受击：大幅后仰 + 头后甩 + **退 1 步**（后脚后移 0.387 m 带离地弧、前脚只蹭）；骨盆被推走 0.25 m（root_motion）；拳被往后/外带开但双臂保持防御形状；末帧躯干+臂逐位回零位形状、脚站新站位", "antic_frame": 0, "hit_frame": 4, "cancel_frame": 34, "stagger_end_frame": 8, "hitstop_frames": 4, "hit_points": 0, "root_motion_m": [0.0, 0.25], "hit_point_m": null, "step_back_m": 0.387, "start_pose_ref": "Idle_01 帧 0（战斗待机）", "end_pose_ref": "Idle_01 帧 0 的**姿态形状** + 整体后移 0.250 m（新站位）", "fps": 60, "frames": [0, 42]}, "ua_start_delta_deg": 0.0, "ua_start_ok": true, "idle_zero_saved_ok": true, "idle_zero_src": "Idle_01@0", "idle_zero_euler_max_diff_deg": 4e-06, "idle_zero_euler_worst_bone": "shin.L", "idle_zero_euler_roll_free_bones": {}, "idle_zero_geom_pos_mm": 0.0, "idle_zero_geom_dir_deg": 0.029956, "failed": [], "non_ok_bools": []}
Info: Saved as "bigman_anim_v001.blend"
INFO Draco mesh compression is available, use library at D:\Program Files\Blender Foundation\Blender 4.5\4.5\scripts\addons_core\io_scene_gltf2\extern_draco.dll
22:15:23 | INFO: Starting glTF 2.0 export
22:15:23 | INFO: Extracting primitive: Mesh
22:15:23 | INFO: Primitives created: 1
22:15:23 | INFO: Extracting primitive: Mesh
22:15:23 | INFO: Primitives created: 1
22:15:23 | INFO: Extracting primitive: Collar_Point_L
22:15:23 | INFO: Primitives created: 1
22:15:23 | INFO: Extracting primitive: Collar_Point_R
22:15:23 | INFO: Primitives created: 1
22:15:23 | INFO: Extracting primitive: Ear_Inner_L
22:15:23 | INFO: Primitives created: 1
22:15:23 | INFO: Extracting primitive: Ear_Inner_R
22:15:23 | INFO: Primitives created: 1
22:15:23 | INFO: Extracting primitive: Ear_L
22:15:23 | INFO: Primitives created: 1
22:15:23 | INFO: Extracting primitive: Ear_Lobe_L
22:15:23 | INFO: Primitives created: 1
22:15:23 | INFO: Extracting primitive: Ear_Lobe_R
22:15:23 | INFO: Primitives created: 1
22:15:23 | INFO: Extracting primitive: Ear_R
22:15:23 | INFO: Primitives created: 1
22:15:23 | INFO: Extracting primitive: Eye_Glint_L
22:15:23 | INFO: Primitives created: 1
22:15:23 | INFO: Extracting primitive: Eye_Glint_R
22:15:23 | INFO: Primitives created: 1
22:15:23 | INFO: Extracting primitive: Eye_Line_Upper_L
22:15:23 | INFO: Primitives created: 1
22:15:23 | INFO: Extracting primitive: Eye_Line_Upper_R
22:15:23 | INFO: Primitives created: 1
22:15:23 | INFO: Extracting primitive: Eye_White_L
22:15:23 | INFO: Primitives created: 1
22:15:23 | INFO: Extracting primitive: Eye_White_R
22:15:23 | INFO: Primitives created: 1
22:15:23 | INFO: Extracting primitive: Eyebrow_L
22:15:23 | INFO: Primitives created: 1
22:15:23 | INFO: Extracting primitive: Eyebrow_R
22:15:23 | INFO: Primitives created: 1
22:15:23 | INFO: Extracting primitive: Eyelid_Lower_L
22:15:23 | INFO: Primitives created: 1
22:15:23 | INFO: Extracting primitive: Eyelid_Lower_R
22:15:23 | INFO: Primitives created: 1
22:15:23 | INFO: Extracting primitive: Eyelid_Upper_L
22:15:23 | INFO: Primitives created: 1
22:15:23 | INFO: Extracting primitive: Eyelid_Upper_R
22:15:23 | INFO: Primitives created: 1
22:15:23 | INFO: Extracting primitive: Mesh
22:15:23 | INFO: Primitives created: 1
22:15:23 | INFO: Extracting primitive: Mesh
22:15:23 | INFO: Primitives created: 1
22:15:23 | INFO: Extracting primitive: Mesh
22:15:23 | INFO: Primitives created: 1
22:15:23 | INFO: Extracting primitive: Mesh
22:15:23 | INFO: Primitives created: 1
22:15:23 | INFO: Extracting primitive: Mesh
22:15:23 | INFO: Primitives created: 1
22:15:23 | INFO: Extracting primitive: Mesh
22:15:23 | INFO: Primitives created: 1
22:15:23 | INFO: Extracting primitive: Mesh
22:15:23 | INFO: Primitives created: 1
22:15:23 | INFO: Extracting primitive: Mesh
22:15:23 | INFO: Primitives created: 1
22:15:23 | INFO: Extracting primitive: Glasses_Bridge
22:15:23 | INFO: Primitives created: 1
22:15:23 | INFO: Extracting primitive: Glasses_Frame_L
22:15:23 | INFO: Primitives created: 1
22:15:23 | INFO: Extracting primitive: Glasses_Frame_R
22:15:23 | INFO: Primitives created: 1
22:15:23 | INFO: Extracting primitive: Glasses_Temple_L
22:15:23 | INFO: Primitives created: 1
22:15:23 | INFO: Extracting primitive: Glasses_Temple_R
22:15:23 | INFO: Primitives created: 1
22:15:23 | INFO: Extracting primitive: Mesh
22:15:23 | INFO: Primitives created: 1
22:15:23 | INFO: Extracting primitive: Mesh
22:15:23 | INFO: Primitives created: 1
22:15:23 | INFO: Extracting primitive: Mesh
22:15:23 | INFO: Primitives created: 1
22:15:23 | INFO: Extracting primitive: Mesh
22:15:23 | INFO: Primitives created: 1
22:15:23 | INFO: Extracting primitive: Mesh
22:15:23 | INFO: Primitives created: 1
22:15:23 | INFO: Extracting primitive: Iris_L
22:15:23 | INFO: Primitives created: 1
22:15:23 | INFO: Extracting primitive: Iris_R
22:15:23 | INFO: Primitives created: 1
22:15:23 | INFO: Extracting primitive: Iris_Ring_L
22:15:23 | INFO: Primitives created: 1
22:15:23 | INFO: Extracting primitive: Iris_Ring_R
22:15:23 | INFO: Primitives created: 1
22:15:23 | INFO: Extracting primitive: Jacket_Back_Seam
22:15:23 | INFO: Primitives created: 1
22:15:23 | INFO: Extracting primitive: Jacket_Button_1
22:15:23 | INFO: Primitives created: 1
22:15:23 | INFO: Extracting primitive: Jacket_Button_2
22:15:23 | INFO: Primitives created: 1
22:15:23 | INFO: Extracting primitive: Jacket_Collar
22:15:23 | INFO: Primitives created: 1
22:15:23 | INFO: Extracting primitive: Jacket_Lapel_L
22:15:23 | INFO: Primitives created: 1
22:15:23 | INFO: Extracting primitive: Jacket_Lapel_R
22:15:23 | INFO: Primitives created: 1
22:15:23 | INFO: Extracting primitive: Jacket_Vent
22:15:23 | INFO: Primitives created: 1
22:15:23 | INFO: Extracting primitive: Lapel_Fold_L
22:15:23 | INFO: Primitives created: 1
22:15:23 | INFO: Extracting primitive: Lapel_Fold_R
22:15:23 | INFO: Primitives created: 1
22:15:23 | INFO: Extracting primitive: Lapel_Notch_L
22:15:23 | INFO: Primitives created: 1
22:15:23 | INFO: Extracting primitive: Lapel_Notch_R
22:15:23 | INFO: Primitives created: 1
22:15:23 | INFO: Extracting primitive: Lower_Lip
22:15:23 | INFO: Primitives created: 1
22:15:23 | INFO: Extracting primitive: Mouth_Line
22:15:23 | INFO: Primitives created: 1
22:15:23 | INFO: Extracting primitive: Mesh
22:15:23 | INFO: Primitives created: 1
22:15:23 | INFO: Extracting primitive: Mesh
22:15:23 | INFO: Primitives created: 1
22:15:23 | INFO: Extracting primitive: Nose_Wing_L
22:15:23 | INFO: Primitives created: 1
22:15:23 | INFO: Extracting primitive: Nose_Wing_R
22:15:23 | INFO: Primitives created: 1
22:15:23 | INFO: Extracting primitive: Pocket_Flap_L
22:15:23 | INFO: Primitives created: 1
22:15:23 | INFO: Extracting primitive: Pocket_Flap_R
22:15:23 | INFO: Primitives created: 1
22:15:23 | INFO: Extracting primitive: Pupil_L
22:15:23 | INFO: Primitives created: 1
22:15:23 | INFO: Extracting primitive: Pupil_R
22:15:23 | INFO: Primitives created: 1
22:15:23 | INFO: Extracting primitive: Shirt_Collar
22:15:23 | INFO: Primitives created: 1
22:15:23 | INFO: Extracting primitive: Shirt_Cuff_L
22:15:23 | INFO: Primitives created: 1
22:15:23 | INFO: Extracting primitive: Shirt_Cuff_R
22:15:23 | INFO: Primitives created: 1
22:15:23 | INFO: Extracting primitive: Shirt_Front
22:15:23 | INFO: Primitives created: 1
22:15:23 | INFO: Extracting primitive: Mesh
22:15:23 | INFO: Primitives created: 1
22:15:23 | INFO: Extracting primitive: Mesh
22:15:23 | INFO: Primitives created: 1
22:15:23 | INFO: Extracting primitive: Mesh
22:15:23 | INFO: Primitives created: 1
22:15:23 | INFO: Extracting primitive: Mesh
22:15:23 | INFO: Primitives created: 1
22:15:23 | INFO: Extracting primitive: Shoe_Toe_Cap_L
22:15:23 | INFO: Primitives created: 1
22:15:23 | INFO: Extracting primitive: Shoe_Toe_Cap_R
22:15:23 | INFO: Primitives created: 1
22:15:23 | INFO: Extracting primitive: Mesh
22:15:23 | INFO: Primitives created: 1
22:15:23 | INFO: Extracting primitive: Mesh
22:15:23 | INFO: Primitives created: 1
22:15:23 | INFO: Extracting primitive: Sleeve_Button_1_L
22:15:23 | INFO: Primitives created: 1
22:15:23 | INFO: Extracting primitive: Sleeve_Button_1_R
22:15:23 | INFO: Primitives created: 1
22:15:23 | INFO: Extracting primitive: Sleeve_Button_2_L
22:15:23 | INFO: Primitives created: 1
22:15:23 | INFO: Extracting primitive: Sleeve_Button_2_R
22:15:23 | INFO: Primitives created: 1
22:15:23 | INFO: Extracting primitive: Sleeve_Button_3_L
22:15:23 | INFO: Primitives created: 1
22:15:23 | INFO: Extracting primitive: Sleeve_Button_3_R
22:15:23 | INFO: Primitives created: 1
22:15:23 | INFO: Extracting primitive: Mesh
22:15:23 | INFO: Primitives created: 1
22:15:23 | INFO: Extracting primitive: Mesh
22:15:23 | INFO: Primitives created: 1
22:15:23 | INFO: Extracting primitive: Mesh
22:15:23 | INFO: Primitives created: 1
22:15:23 | INFO: Extracting primitive: Mesh
22:15:23 | INFO: Primitives created: 1
22:15:23 | INFO: Extracting primitive: Mesh
22:15:23 | INFO: Primitives created: 1
22:15:23 | INFO: Extracting primitive: Mesh
22:15:23 | INFO: Primitives created: 1
22:15:23 | INFO: Extracting primitive: Mesh
22:15:23 | INFO: Primitives created: 1
22:15:23 | INFO: Extracting primitive: Upper_Lip
22:15:23 | INFO: Primitives created: 1
22:15:38 | WARNING: Baking animation because there are keyframes with different interpolation methods in one channel
22:15:38 | WARNING: Baking animation because there are keyframes with different interpolation methods in one channel
22:15:38 | WARNING: Baking animation because there are keyframes with different interpolation methods in one channel
22:15:38 | WARNING: Baking animation because there are keyframes with different interpolation methods in one channel
22:15:38 | WARNING: Baking animation because there are keyframes with different interpolation methods in one channel
22:15:38 | WARNING: Baking animation because there are keyframes with different interpolation methods in one channel
22:15:38 | WARNING: Baking animation because there are keyframes with different interpolation methods in one channel
22:15:38 | WARNING: Baking animation because there are keyframes with different interpolation methods in one channel
22:15:38 | WARNING: Baking animation because there are keyframes with different interpolation methods in one channel
22:15:38 | WARNING: Baking animation because there are keyframes with different interpolation methods in one channel
22:15:38 | WARNING: Baking animation because there are keyframes with different interpolation methods in one channel
22:15:38 | WARNING: Baking animation because there are keyframes with different interpolation methods in one channel
22:15:38 | WARNING: Baking animation because there are keyframes with different interpolation methods in one channel
22:15:38 | WARNING: Baking animation because there are keyframes with different interpolation methods in one channel
22:15:38 | WARNING: Baking animation because there are keyframes with different interpolation methods in one channel
22:15:38 | WARNING: Baking animation because there are keyframes with different interpolation methods in one channel
22:15:38 | WARNING: Baking animation because there are keyframes with different interpolation methods in one channel
22:15:38 | WARNING: Baking animation because there are keyframes with different interpolation methods in one channel
22:15:38 | WARNING: Baking animation because there are keyframes with different interpolation methods in one channel
22:15:38 | WARNING: Baking animation because there are keyframes with different interpolation methods in one channel
22:15:38 | WARNING: Baking animation because there are keyframes with different interpolation methods in one channel
22:15:38 | WARNING: Baking animation because there are keyframes with different interpolation methods in one channel
22:15:38 | WARNING: Baking animation because there are keyframes with different interpolation methods in one channel
22:15:38 | WARNING: Baking animation because there are keyframes with different interpolation methods in one channel
22:15:38 | WARNING: Baking animation because there are keyframes with different interpolation methods in one channel
22:15:38 | WARNING: Baking animation because there are keyframes with different interpolation methods in one channel
22:15:38 | WARNING: Baking animation because there are keyframes with different interpolation methods in one channel
22:15:38 | WARNING: Baking animation because there are keyframes with different interpolation methods in one channel
22:15:38 | WARNING: Baking animation because there are keyframes with different interpolation methods in one channel
22:15:38 | WARNING: Baking animation because there are keyframes with different interpolation methods in one channel
22:15:38 | WARNING: Baking animation because there are keyframes with different interpolation methods in one channel
22:15:38 | WARNING: Baking animation because there are keyframes with different interpolation methods in one channel
22:15:38 | WARNING: Baking animation because there are keyframes with different interpolation methods in one channel
22:15:38 | WARNING: Baking animation because there are keyframes with different interpolation methods in one channel
22:15:38 | WARNING: Baking animation because there are keyframes with different interpolation methods in one channel
22:15:38 | WARNING: Baking animation because there are keyframes with different interpolation methods in one channel
22:15:38 | WARNING: Baking animation because there are keyframes with different interpolation methods in one channel
22:15:38 | WARNING: Baking animation because there are keyframes with different interpolation methods in one channel
22:15:38 | WARNING: Baking animation because there are keyframes with different interpolation methods in one channel
22:15:38 | WARNING: Baking animation because there are keyframes with different interpolation methods in one channel
22:15:38 | WARNING: Baking animation because there are keyframes with different interpolation methods in one channel
22:15:38 | WARNING: Baking animation because there are keyframes with different interpolation methods in one channel
22:15:38 | WARNING: Baking animation because there are keyframes with different interpolation methods in one channel
22:15:38 | WARNING: Baking animation because there are keyframes with different interpolation methods in one channel
22:15:38 | WARNING: Baking animation because there are keyframes with different interpolation methods in one channel
22:15:38 | WARNING: Baking animation because there are keyframes with different interpolation methods in one channel
22:15:38 | WARNING: Baking animation because there are keyframes with different interpolation methods in one channel
22:15:38 | WARNING: Baking animation because there are keyframes with different interpolation methods in one channel
22:15:38 | WARNING: Baking animation because there are keyframes with different interpolation methods in one channel
22:15:38 | WARNING: Baking animation because there are keyframes with different interpolation methods in one channel
22:15:38 | WARNING: Baking animation because there are keyframes with different interpolation methods in one channel
22:15:38 | WARNING: Baking animation because there are keyframes with different interpolation methods in one channel
22:15:38 | WARNING: Baking animation because there are keyframes with different interpolation methods in one channel
22:15:39 | WARNING: Baking animation because there are keyframes with different interpolation methods in one channel
22:15:39 | WARNING: Baking animation because there are keyframes with different interpolation methods in one channel
22:15:39 | WARNING: Baking animation because there are keyframes with different interpolation methods in one channel
22:15:39 | WARNING: Baking animation because there are keyframes with different interpolation methods in one channel
22:15:39 | WARNING: Baking animation because there are keyframes with different interpolation methods in one channel
22:15:39 | WARNING: Baking animation because there are keyframes with different interpolation methods in one channel
22:15:39 | WARNING: Baking animation because there are keyframes with different interpolation methods in one channel
22:15:39 | WARNING: Baking animation because there are keyframes with different interpolation methods in one channel
22:15:39 | WARNING: Baking animation because there are keyframes with different interpolation methods in one channel
22:15:39 | WARNING: Baking animation because there are keyframes with different interpolation methods in one channel
22:15:39 | WARNING: Baking animation because there are keyframes with different interpolation methods in one channel
22:15:39 | WARNING: Baking animation because there are keyframes with different interpolation methods in one channel
22:15:39 | WARNING: Baking animation because there are keyframes with different interpolation methods in one channel
22:15:39 | WARNING: Baking animation because there are keyframes with different interpolation methods in one channel
22:15:39 | WARNING: Baking animation because there are keyframes with different interpolation methods in one channel
22:15:39 | WARNING: Baking animation because there are keyframes with different interpolation methods in one channel
22:15:39 | WARNING: Baking animation because there are keyframes with different interpolation methods in one channel
22:15:39 | WARNING: Baking animation because there are keyframes with different interpolation methods in one channel
22:15:39 | WARNING: Baking animation because there are keyframes with different interpolation methods in one channel
22:15:39 | WARNING: Baking animation because there are keyframes with different interpolation methods in one channel
22:15:39 | WARNING: Baking animation because there are keyframes with different interpolation methods in one channel
22:15:39 | WARNING: Baking animation because there are keyframes with different interpolation methods in one channel
22:15:39 | WARNING: Baking animation because there are keyframes with different interpolation methods in one channel
22:15:39 | WARNING: Baking animation because there are keyframes with different interpolation methods in one channel
22:15:39 | WARNING: Baking animation because there are keyframes with different interpolation methods in one channel
22:15:39 | WARNING: Baking animation because there are keyframes with different interpolation methods in one channel
22:15:39 | WARNING: Baking animation because there are keyframes with different interpolation methods in one channel
22:15:39 | WARNING: Baking animation because there are keyframes with different interpolation methods in one channel
22:15:39 | WARNING: Baking animation because there are keyframes with different interpolation methods in one channel
22:15:39 | WARNING: Baking animation because there are keyframes with different interpolation methods in one channel
22:15:39 | WARNING: Baking animation because there are keyframes with different interpolation methods in one channel
22:15:39 | WARNING: Baking animation because there are keyframes with different interpolation methods in one channel
22:15:39 | WARNING: Baking animation because there are keyframes with different interpolation methods in one channel
22:15:39 | WARNING: Baking animation because there are keyframes with different interpolation methods in one channel
22:15:39 | WARNING: Baking animation because there are keyframes with different interpolation methods in one channel
22:15:39 | WARNING: Baking animation because there are keyframes with different interpolation methods in one channel
22:15:39 | WARNING: Baking animation because there are keyframes with different interpolation methods in one channel
22:15:39 | WARNING: Baking animation because there are keyframes with different interpolation methods in one channel
22:15:39 | WARNING: Baking animation because there are keyframes with different interpolation methods in one channel
22:15:39 | WARNING: Baking animation because there are keyframes with different interpolation methods in one channel
22:15:39 | WARNING: Baking animation because there are keyframes with different interpolation methods in one channel
22:15:39 | WARNING: Baking animation because there are keyframes with different interpolation methods in one channel
22:15:39 | WARNING: Baking animation because there are keyframes with different interpolation methods in one channel
22:15:39 | WARNING: Baking animation because there are keyframes with different interpolation methods in one channel
22:15:39 | WARNING: Baking animation because there are keyframes with different interpolation methods in one channel
22:15:39 | WARNING: Baking animation because there are keyframes with different interpolation methods in one channel
22:15:39 | WARNING: Baking animation because there are keyframes with different interpolation methods in one channel
22:15:39 | WARNING: Baking animation because there are keyframes with different interpolation methods in one channel
22:15:39 | WARNING: Baking animation because there are keyframes with different interpolation methods in one channel
22:15:39 | WARNING: Baking animation because there are keyframes with different interpolation methods in one channel
22:15:39 | WARNING: Baking animation because there are keyframes with different interpolation methods in one channel
22:15:39 | WARNING: Baking animation because there are keyframes with different interpolation methods in one channel
22:15:39 | WARNING: Baking animation because there are keyframes with different interpolation methods in one channel
22:15:39 | WARNING: Baking animation because there are keyframes with different interpolation methods in one channel
22:15:39 | WARNING: Baking animation because there are keyframes with different interpolation methods in one channel
22:15:39 | WARNING: Baking animation because there are keyframes with different interpolation methods in one channel
22:15:39 | WARNING: Baking animation because there are keyframes with different interpolation methods in one channel
22:15:39 | WARNING: Baking animation because there are keyframes with different interpolation methods in one channel
22:15:39 | WARNING: Baking animation because there are keyframes with different interpolation methods in one channel
22:15:39 | WARNING: Baking animation because there are keyframes with different interpolation methods in one channel
22:15:39 | WARNING: Baking animation because there are keyframes with different interpolation methods in one channel
22:15:39 | WARNING: Baking animation because there are keyframes with different interpolation methods in one channel
22:15:39 | WARNING: Baking animation because there are keyframes with different interpolation methods in one channel
22:15:39 | WARNING: Baking animation because there are keyframes with different interpolation methods in one channel
22:15:39 | WARNING: Baking animation because there are keyframes with different interpolation methods in one channel
22:15:39 | WARNING: Baking animation because there are keyframes with different interpolation methods in one channel
22:15:39 | WARNING: Baking animation because there are keyframes with different interpolation methods in one channel
22:15:39 | WARNING: Baking animation because there are keyframes with different interpolation methods in one channel
22:15:39 | WARNING: Baking animation because there are keyframes with different interpolation methods in one channel
22:15:39 | WARNING: Baking animation because there are keyframes with different interpolation methods in one channel
22:15:39 | WARNING: Baking animation because there are keyframes with different interpolation methods in one channel
22:15:39 | WARNING: Baking animation because there are keyframes with different interpolation methods in one channel
22:15:39 | WARNING: Baking animation because there are keyframes with different interpolation methods in one channel
22:15:39 | WARNING: Baking animation because there are keyframes with different interpolation methods in one channel
22:15:39 | WARNING: Baking animation because there are keyframes with different interpolation methods in one channel
22:15:39 | WARNING: Baking animation because there are keyframes with different interpolation methods in one channel
22:15:39 | WARNING: Baking animation because there are keyframes with different interpolation methods in one channel
22:15:39 | WARNING: Baking animation because there are keyframes with different interpolation methods in one channel
22:15:39 | WARNING: Baking animation because there are keyframes with different interpolation methods in one channel
22:15:39 | WARNING: Baking animation because there are keyframes with different interpolation methods in one channel
22:15:39 | WARNING: Baking animation because there are keyframes with different interpolation methods in one channel
22:15:39 | WARNING: Baking animation because there are keyframes with different interpolation methods in one channel
22:15:39 | WARNING: Baking animation because there are keyframes with different interpolation methods in one channel
22:15:39 | WARNING: Baking animation because there are keyframes with different interpolation methods in one channel
22:15:39 | WARNING: Baking animation because there are keyframes with different interpolation methods in one channel
22:15:39 | WARNING: Baking animation because there are keyframes with different interpolation methods in one channel
22:15:39 | WARNING: Baking animation because there are keyframes with different interpolation methods in one channel
22:15:39 | WARNING: Baking animation because there are keyframes with different interpolation methods in one channel
22:15:39 | WARNING: Baking animation because there are keyframes with different interpolation methods in one channel
22:15:39 | WARNING: Baking animation because there are keyframes with different interpolation methods in one channel
22:15:39 | WARNING: Baking animation because there are keyframes with different interpolation methods in one channel
22:15:39 | WARNING: Baking animation because there are keyframes with different interpolation methods in one channel
22:15:39 | WARNING: Baking animation because there are keyframes with different interpolation methods in one channel
22:15:39 | WARNING: Baking animation because there are keyframes with different interpolation methods in one channel
22:15:39 | WARNING: Baking animation because there are keyframes with different interpolation methods in one channel
22:15:39 | WARNING: Baking animation because there are keyframes with different interpolation methods in one channel
22:15:39 | WARNING: Baking animation because there are keyframes with different interpolation methods in one channel
22:15:39 | WARNING: Baking animation because there are keyframes with different interpolation methods in one channel
22:15:39 | WARNING: Baking animation because there are keyframes with different interpolation methods in one channel
22:15:39 | WARNING: Baking animation because there are keyframes with different interpolation methods in one channel
22:15:39 | WARNING: Baking animation because there are keyframes with different interpolation methods in one channel
22:15:39 | WARNING: Baking animation because there are keyframes with different interpolation methods in one channel
22:15:39 | WARNING: Baking animation because there are keyframes with different interpolation methods in one channel
22:15:39 | WARNING: Baking animation because there are keyframes with different interpolation methods in one channel
22:15:39 | WARNING: Baking animation because there are keyframes with different interpolation methods in one channel
22:15:39 | WARNING: Baking animation because there are keyframes with different interpolation methods in one channel
22:15:40 | WARNING: Baking animation because there are keyframes with different interpolation methods in one channel
22:15:40 | WARNING: Baking animation because there are keyframes with different interpolation methods in one channel
22:15:40 | WARNING: Baking animation because there are keyframes with different interpolation methods in one channel
22:15:40 | WARNING: Baking animation because there are keyframes with different interpolation methods in one channel
22:15:40 | WARNING: Baking animation because there are keyframes with different interpolation methods in one channel
22:15:40 | WARNING: Baking animation because there are keyframes with different interpolation methods in one channel
22:15:40 | WARNING: Baking animation because there are keyframes with different interpolation methods in one channel
22:15:40 | WARNING: Baking animation because there are keyframes with different interpolation methods in one channel
22:15:40 | WARNING: Baking animation because there are keyframes with different interpolation methods in one channel
22:15:40 | WARNING: Baking animation because there are keyframes with different interpolation methods in one channel
22:15:40 | WARNING: Baking animation because there are keyframes with different interpolation methods in one channel
22:15:40 | WARNING: Baking animation because there are keyframes with different interpolation methods in one channel
22:15:40 | WARNING: Baking animation because there are keyframes with different interpolation methods in one channel
22:15:40 | WARNING: Baking animation because there are keyframes with different interpolation methods in one channel
22:15:40 | WARNING: Baking animation because there are keyframes with different interpolation methods in one channel
22:15:40 | WARNING: Baking animation because there are keyframes with different interpolation methods in one channel
22:15:40 | WARNING: Baking animation because there are keyframes with different interpolation methods in one channel
22:15:40 | WARNING: Baking animation because there are keyframes with different interpolation methods in one channel
22:15:40 | WARNING: Baking animation because there are keyframes with different interpolation methods in one channel
22:15:40 | WARNING: Baking animation because there are keyframes with different interpolation methods in one channel
22:15:40 | WARNING: Baking animation because there are keyframes with different interpolation methods in one channel
22:15:40 | WARNING: Baking animation because there are keyframes with different interpolation methods in one channel
22:15:40 | WARNING: Baking animation because there are keyframes with different interpolation methods in one channel
22:15:40 | WARNING: Baking animation because there are keyframes with different interpolation methods in one channel
22:15:40 | WARNING: Baking animation because there are keyframes with different interpolation methods in one channel
22:15:40 | WARNING: Baking animation because there are keyframes with different interpolation methods in one channel
22:15:40 | WARNING: Baking animation because there are keyframes with different interpolation methods in one channel
22:15:40 | WARNING: Baking animation because there are keyframes with different interpolation methods in one channel
22:15:40 | WARNING: Baking animation because there are keyframes with different interpolation methods in one channel
22:15:40 | WARNING: Baking animation because there are keyframes with different interpolation methods in one channel
22:15:40 | WARNING: Baking animation because there are keyframes with different interpolation methods in one channel
22:15:40 | WARNING: Baking animation because there are keyframes with different interpolation methods in one channel
22:15:40 | WARNING: Baking animation because there are keyframes with different interpolation methods in one channel
22:15:40 | WARNING: Baking animation because there are keyframes with different interpolation methods in one channel
22:15:40 | WARNING: Baking animation because there are keyframes with different interpolation methods in one channel
22:15:40 | WARNING: Baking animation because there are keyframes with different interpolation methods in one channel
22:15:40 | WARNING: Baking animation because there are keyframes with different interpolation methods in one channel
22:15:40 | WARNING: Baking animation because there are keyframes with different interpolation methods in one channel
22:15:40 | WARNING: Baking animation because there are keyframes with different interpolation methods in one channel
22:15:40 | WARNING: Baking animation because there are keyframes with different interpolation methods in one channel
22:15:40 | WARNING: Baking animation because there are keyframes with different interpolation methods in one channel
22:15:40 | WARNING: Baking animation because there are keyframes with different interpolation methods in one channel
22:15:40 | WARNING: Baking animation because there are keyframes with different interpolation methods in one channel
22:15:40 | WARNING: Baking animation because there are keyframes with different interpolation methods in one channel
22:15:40 | WARNING: Baking animation because there are keyframes with different interpolation methods in one channel
22:15:40 | WARNING: Baking animation because there are keyframes with different interpolation methods in one channel
22:15:40 | WARNING: Baking animation because there are keyframes with different interpolation methods in one channel
22:15:40 | WARNING: Baking animation because there are keyframes with different interpolation methods in one channel
22:15:40 | WARNING: Baking animation because there are keyframes with different interpolation methods in one channel
22:15:40 | WARNING: Baking animation because there are keyframes with different interpolation methods in one channel
22:15:40 | WARNING: Baking animation because there are keyframes with different interpolation methods in one channel
22:15:40 | WARNING: Baking animation because there are keyframes with different interpolation methods in one channel
22:15:40 | WARNING: Baking animation because there are keyframes with different interpolation methods in one channel
22:15:40 | WARNING: Baking animation because there are keyframes with different interpolation methods in one channel
22:15:40 | WARNING: Baking animation because there are keyframes with different interpolation methods in one channel
22:15:40 | WARNING: Baking animation because there are keyframes with different interpolation methods in one channel
22:15:40 | WARNING: Baking animation because there are keyframes with different interpolation methods in one channel
22:15:40 | WARNING: Baking animation because there are keyframes with different interpolation methods in one channel
22:15:40 | WARNING: Baking animation because there are keyframes with different interpolation methods in one channel
22:15:40 | WARNING: Baking animation because there are keyframes with different interpolation methods in one channel
22:15:40 | WARNING: Baking animation because there are keyframes with different interpolation methods in one channel
22:15:40 | WARNING: Baking animation because there are keyframes with different interpolation methods in one channel
22:15:40 | WARNING: Baking animation because there are keyframes with different interpolation methods in one channel
22:15:40 | WARNING: Baking animation because there are keyframes with different interpolation methods in one channel
22:15:40 | WARNING: Baking animation because there are keyframes with different interpolation methods in one channel
22:15:40 | WARNING: Baking animation because there are keyframes with different interpolation methods in one channel
22:15:40 | WARNING: Baking animation because there are keyframes with different interpolation methods in one channel
22:15:40 | WARNING: Baking animation because there are keyframes with different interpolation methods in one channel
22:15:40 | WARNING: Baking animation because there are keyframes with different interpolation methods in one channel
22:15:40 | WARNING: Baking animation because there are keyframes with different interpolation methods in one channel
22:15:40 | WARNING: Baking animation because there are keyframes with different interpolation methods in one channel
22:15:40 | WARNING: Baking animation because there are keyframes with different interpolation methods in one channel
22:15:40 | WARNING: Baking animation because there are keyframes with different interpolation methods in one channel
22:15:40 | WARNING: Baking animation because there are keyframes with different interpolation methods in one channel
22:15:40 | WARNING: Baking animation because there are keyframes with different interpolation methods in one channel
22:15:40 | WARNING: Baking animation because there are keyframes with different interpolation methods in one channel
22:15:40 | WARNING: Baking animation because there are keyframes with different interpolation methods in one channel
22:15:40 | WARNING: Baking animation because there are keyframes with different interpolation methods in one channel
22:15:40 | WARNING: Baking animation because there are keyframes with different interpolation methods in one channel
22:15:40 | WARNING: Baking animation because there are keyframes with different interpolation methods in one channel
22:15:40 | WARNING: Baking animation because there are keyframes with different interpolation methods in one channel
22:15:40 | WARNING: Baking animation because there are keyframes with different interpolation methods in one channel
22:15:40 | WARNING: Baking animation because there are keyframes with different interpolation methods in one channel
22:15:40 | WARNING: Baking animation because there are keyframes with different interpolation methods in one channel
22:15:40 | WARNING: Baking animation because there are keyframes with different interpolation methods in one channel
22:15:40 | WARNING: Baking animation because there are keyframes with different interpolation methods in one channel
22:15:40 | WARNING: Baking animation because there are keyframes with different interpolation methods in one channel
22:15:40 | WARNING: Baking animation because there are keyframes with different interpolation methods in one channel
22:15:40 | WARNING: Baking animation because there are keyframes with different interpolation methods in one channel
22:15:40 | WARNING: Baking animation because there are keyframes with different interpolation methods in one channel
22:15:40 | WARNING: Baking animation because there are keyframes with different interpolation methods in one channel
22:15:40 | WARNING: Baking animation because there are keyframes with different interpolation methods in one channel
22:15:40 | WARNING: Baking animation because there are keyframes with different interpolation methods in one channel
22:15:40 | WARNING: Baking animation because there are keyframes with different interpolation methods in one channel
22:15:40 | WARNING: Baking animation because there are keyframes with different interpolation methods in one channel
22:15:40 | WARNING: Baking animation because there are keyframes with different interpolation methods in one channel
22:15:40 | WARNING: Baking animation because there are keyframes with different interpolation methods in one channel
22:15:40 | WARNING: Baking animation because there are keyframes with different interpolation methods in one channel
22:15:40 | WARNING: Baking animation because there are keyframes with different interpolation methods in one channel
22:15:40 | WARNING: Baking animation because there are keyframes with different interpolation methods in one channel
22:15:40 | WARNING: Baking animation because there are keyframes with different interpolation methods in one channel
22:15:40 | WARNING: Baking animation because there are keyframes with different interpolation methods in one channel
22:15:40 | WARNING: Baking animation because there are keyframes with different interpolation methods in one channel
22:15:40 | WARNING: Baking animation because there are keyframes with different interpolation methods in one channel
22:15:40 | WARNING: Baking animation because there are keyframes with different interpolation methods in one channel
22:15:40 | WARNING: Baking animation because there are keyframes with different interpolation methods in one channel
22:15:41 | WARNING: Baking animation because there are keyframes with different interpolation methods in one channel
22:15:41 | WARNING: Baking animation because there are keyframes with different interpolation methods in one channel
22:15:41 | WARNING: Baking animation because there are keyframes with different interpolation methods in one channel
22:15:41 | WARNING: Baking animation because there are keyframes with different interpolation methods in one channel
22:15:41 | WARNING: Baking animation because there are keyframes with different interpolation methods in one channel
22:15:41 | WARNING: Baking animation because there are keyframes with different interpolation methods in one channel
22:15:41 | WARNING: Baking animation because there are keyframes with different interpolation methods in one channel
22:15:41 | WARNING: Baking animation because there are keyframes with different interpolation methods in one channel
22:15:41 | WARNING: Baking animation because there are keyframes with different interpolation methods in one channel
22:15:41 | WARNING: Baking animation because there are keyframes with different interpolation methods in one channel
22:15:41 | WARNING: Baking animation because there are keyframes with different interpolation methods in one channel
22:15:41 | WARNING: Baking animation because there are keyframes with different interpolation methods in one channel
22:15:41 | WARNING: Baking animation because there are keyframes with different interpolation methods in one channel
22:15:41 | WARNING: Baking animation because there are keyframes with different interpolation methods in one channel
22:15:41 | WARNING: Baking animation because there are keyframes with different interpolation methods in one channel
22:15:41 | WARNING: Baking animation because there are keyframes with different interpolation methods in one channel
22:15:41 | WARNING: Baking animation because there are keyframes with different interpolation methods in one channel
22:15:41 | WARNING: Baking animation because there are keyframes with different interpolation methods in one channel
22:15:41 | WARNING: Baking animation because there are keyframes with different interpolation methods in one channel
22:15:41 | WARNING: Baking animation because there are keyframes with different interpolation methods in one channel
22:15:41 | WARNING: Baking animation because there are keyframes with different interpolation methods in one channel
22:15:41 | WARNING: Baking animation because there are keyframes with different interpolation methods in one channel
22:15:41 | WARNING: Baking animation because there are keyframes with different interpolation methods in one channel
22:15:41 | WARNING: Baking animation because there are keyframes with different interpolation methods in one channel
22:15:41 | WARNING: Baking animation because there are keyframes with different interpolation methods in one channel
22:15:41 | WARNING: Baking animation because there are keyframes with different interpolation methods in one channel
22:15:41 | WARNING: Baking animation because there are keyframes with different interpolation methods in one channel
22:15:41 | WARNING: Baking animation because there are keyframes with different interpolation methods in one channel
22:15:41 | WARNING: Baking animation because there are keyframes with different interpolation methods in one channel
22:15:41 | WARNING: Baking animation because there are keyframes with different interpolation methods in one channel
22:15:41 | WARNING: Baking animation because there are keyframes with different interpolation methods in one channel
22:15:41 | WARNING: Baking animation because there are keyframes with different interpolation methods in one channel
22:15:41 | WARNING: Baking animation because there are keyframes with different interpolation methods in one channel
22:15:41 | WARNING: Baking animation because there are keyframes with different interpolation methods in one channel
22:15:41 | WARNING: Baking animation because there are keyframes with different interpolation methods in one channel
22:15:41 | WARNING: Baking animation because there are keyframes with different interpolation methods in one channel
22:15:41 | WARNING: Baking animation because there are keyframes with different interpolation methods in one channel
22:15:41 | WARNING: Baking animation because there are keyframes with different interpolation methods in one channel
22:15:41 | WARNING: Baking animation because there are keyframes with different interpolation methods in one channel
22:15:41 | WARNING: Baking animation because there are keyframes with different interpolation methods in one channel
22:15:41 | WARNING: Baking animation because there are keyframes with different interpolation methods in one channel
22:15:41 | WARNING: Baking animation because there are keyframes with different interpolation methods in one channel
22:15:41 | WARNING: Baking animation because there are keyframes with different interpolation methods in one channel
22:15:41 | WARNING: Baking animation because there are keyframes with different interpolation methods in one channel
22:15:41 | WARNING: Baking animation because there are keyframes with different interpolation methods in one channel
22:15:41 | WARNING: Baking animation because there are keyframes with different interpolation methods in one channel
22:15:41 | WARNING: Baking animation because there are keyframes with different interpolation methods in one channel
22:15:41 | WARNING: Baking animation because there are keyframes with different interpolation methods in one channel
22:15:41 | WARNING: Baking animation because there are keyframes with different interpolation methods in one channel
22:15:41 | WARNING: Baking animation because there are keyframes with different interpolation methods in one channel
22:15:41 | WARNING: Baking animation because there are keyframes with different interpolation methods in one channel
22:15:41 | WARNING: Baking animation because there are keyframes with different interpolation methods in one channel
22:15:41 | WARNING: Baking animation because there are keyframes with different interpolation methods in one channel
22:15:46 | WARNING: Baking animation because there are keyframes with different interpolation methods in one channel
22:15:46 | WARNING: Baking animation because there are keyframes with different interpolation methods in one channel
22:15:46 | WARNING: Baking animation because there are keyframes with different interpolation methods in one channel
22:15:46 | WARNING: Baking animation because there are keyframes with different interpolation methods in one channel
22:15:46 | WARNING: Baking animation because there are keyframes with different interpolation methods in one channel
22:15:46 | WARNING: Baking animation because there are keyframes with different interpolation methods in one channel
22:15:46 | WARNING: Baking animation because there are keyframes with different interpolation methods in one channel
22:15:46 | WARNING: Baking animation because there are keyframes with different interpolation methods in one channel
22:15:46 | WARNING: Baking animation because there are keyframes with different interpolation methods in one channel
22:15:46 | WARNING: Baking animation because there are keyframes with different interpolation methods in one channel
22:15:46 | WARNING: Baking animation because there are keyframes with different interpolation methods in one channel
22:15:46 | WARNING: Baking animation because there are keyframes with different interpolation methods in one channel
22:15:46 | WARNING: Baking animation because there are keyframes with different interpolation methods in one channel
22:15:46 | WARNING: Baking animation because there are keyframes with different interpolation methods in one channel
22:15:46 | WARNING: Baking animation because there are keyframes with different interpolation methods in one channel
22:15:46 | WARNING: Baking animation because there are keyframes with different interpolation methods in one channel
22:15:46 | WARNING: Baking animation because there are keyframes with different interpolation methods in one channel
22:15:46 | WARNING: Baking animation because there are keyframes with different interpolation methods in one channel
22:15:46 | WARNING: Baking animation because there are keyframes with different interpolation methods in one channel
22:15:46 | WARNING: Baking animation because there are keyframes with different interpolation methods in one channel
22:15:46 | WARNING: Baking animation because there are keyframes with different interpolation methods in one channel
22:15:46 | WARNING: Baking animation because there are keyframes with different interpolation methods in one channel
22:15:46 | WARNING: Baking animation because there are keyframes with different interpolation methods in one channel
22:15:46 | WARNING: Baking animation because there are keyframes with different interpolation methods in one channel
22:15:46 | WARNING: Baking animation because there are keyframes with different interpolation methods in one channel
22:15:46 | WARNING: Baking animation because there are keyframes with different interpolation methods in one channel
22:15:46 | WARNING: Baking animation because there are keyframes with different interpolation methods in one channel
22:15:46 | WARNING: Baking animation because there are keyframes with different interpolation methods in one channel
22:15:46 | WARNING: Baking animation because there are keyframes with different interpolation methods in one channel
22:15:46 | WARNING: Baking animation because there are keyframes with different interpolation methods in one channel
22:15:46 | WARNING: Baking animation because there are keyframes with different interpolation methods in one channel
22:15:46 | WARNING: Baking animation because there are keyframes with different interpolation methods in one channel
22:15:46 | WARNING: Baking animation because there are keyframes with different interpolation methods in one channel
22:15:46 | WARNING: Baking animation because there are keyframes with different interpolation methods in one channel
22:15:46 | WARNING: Baking animation because there are keyframes with different interpolation methods in one channel
22:15:46 | WARNING: Baking animation because there are keyframes with different interpolation methods in one channel
22:15:46 | WARNING: Baking animation because there are keyframes with different interpolation methods in one channel
22:15:46 | WARNING: Baking animation because there are keyframes with different interpolation methods in one channel
22:15:46 | WARNING: Baking animation because there are keyframes with different interpolation methods in one channel
22:15:46 | WARNING: Baking animation because there are keyframes with different interpolation methods in one channel
22:15:46 | WARNING: Baking animation because there are keyframes with different interpolation methods in one channel
22:15:46 | WARNING: Baking animation because there are keyframes with different interpolation methods in one channel
22:15:46 | WARNING: Baking animation because there are keyframes with different interpolation methods in one channel
22:15:46 | WARNING: Baking animation because there are keyframes with different interpolation methods in one channel
22:15:46 | WARNING: Baking animation because there are keyframes with different interpolation methods in one channel
22:15:46 | WARNING: Baking animation because there are keyframes with different interpolation methods in one channel
22:15:46 | WARNING: Baking animation because there are keyframes with different interpolation methods in one channel
22:15:46 | WARNING: Baking animation because there are keyframes with different interpolation methods in one channel
22:15:46 | WARNING: Baking animation because there are keyframes with different interpolation methods in one channel
22:15:46 | WARNING: Baking animation because there are keyframes with different interpolation methods in one channel
22:15:46 | WARNING: Baking animation because there are keyframes with different interpolation methods in one channel
22:15:46 | WARNING: Baking animation because there are keyframes with different interpolation methods in one channel
22:15:46 | WARNING: Baking animation because there are keyframes with different interpolation methods in one channel
22:15:46 | WARNING: Baking animation because there are keyframes with different interpolation methods in one channel
22:15:46 | WARNING: Baking animation because there are keyframes with different interpolation methods in one channel
22:15:46 | WARNING: Baking animation because there are keyframes with different interpolation methods in one channel
22:15:46 | WARNING: Baking animation because there are keyframes with different interpolation methods in one channel
22:15:46 | WARNING: Baking animation because there are keyframes with different interpolation methods in one channel
22:15:46 | WARNING: Baking animation because there are keyframes with different interpolation methods in one channel
22:15:46 | WARNING: Baking animation because there are keyframes with different interpolation methods in one channel
22:15:46 | WARNING: Baking animation because there are keyframes with different interpolation methods in one channel
22:15:46 | WARNING: Baking animation because there are keyframes with different interpolation methods in one channel
22:15:46 | WARNING: Baking animation because there are keyframes with different interpolation methods in one channel
22:15:46 | WARNING: Baking animation because there are keyframes with different interpolation methods in one channel
22:15:46 | WARNING: Baking animation because there are keyframes with different interpolation methods in one channel
22:15:46 | WARNING: Baking animation because there are keyframes with different interpolation methods in one channel
22:15:46 | WARNING: Baking animation because there are keyframes with different interpolation methods in one channel
22:15:46 | WARNING: Baking animation because there are keyframes with different interpolation methods in one channel
22:15:46 | WARNING: Baking animation because there are keyframes with different interpolation methods in one channel
22:15:46 | WARNING: Baking animation because there are keyframes with different interpolation methods in one channel
22:15:46 | WARNING: Baking animation because there are keyframes with different interpolation methods in one channel
22:15:46 | WARNING: Baking animation because there are keyframes with different interpolation methods in one channel
22:15:46 | WARNING: Baking animation because there are keyframes with different interpolation methods in one channel
22:15:46 | WARNING: Baking animation because there are keyframes with different interpolation methods in one channel
22:15:46 | WARNING: Baking animation because there are keyframes with different interpolation methods in one channel
22:15:46 | WARNING: Baking animation because there are keyframes with different interpolation methods in one channel
22:15:46 | WARNING: Baking animation because there are keyframes with different interpolation methods in one channel
22:15:46 | WARNING: Baking animation because there are keyframes with different interpolation methods in one channel
22:15:46 | WARNING: Baking animation because there are keyframes with different interpolation methods in one channel
22:15:46 | WARNING: Baking animation because there are keyframes with different interpolation methods in one channel
22:15:46 | WARNING: Baking animation because there are keyframes with different interpolation methods in one channel
22:15:46 | WARNING: Baking animation because there are keyframes with different interpolation methods in one channel
22:15:46 | WARNING: Baking animation because there are keyframes with different interpolation methods in one channel
22:15:46 | WARNING: Baking animation because there are keyframes with different interpolation methods in one channel
22:15:46 | WARNING: Baking animation because there are keyframes with different interpolation methods in one channel
22:15:46 | WARNING: Baking animation because there are keyframes with different interpolation methods in one channel
22:15:46 | WARNING: Baking animation because there are keyframes with different interpolation methods in one channel
22:15:46 | WARNING: Baking animation because there are keyframes with different interpolation methods in one channel
22:15:46 | WARNING: Baking animation because there are keyframes with different interpolation methods in one channel
22:15:46 | WARNING: Baking animation because there are keyframes with different interpolation methods in one channel
22:15:46 | WARNING: Baking animation because there are keyframes with different interpolation methods in one channel
22:15:46 | WARNING: Baking animation because there are keyframes with different interpolation methods in one channel
22:15:46 | WARNING: Baking animation because there are keyframes with different interpolation methods in one channel
22:15:46 | WARNING: Baking animation because there are keyframes with different interpolation methods in one channel
22:15:46 | WARNING: Baking animation because there are keyframes with different interpolation methods in one channel
22:15:46 | WARNING: Baking animation because there are keyframes with different interpolation methods in one channel
22:15:46 | WARNING: Baking animation because there are keyframes with different interpolation methods in one channel
22:15:46 | WARNING: Baking animation because there are keyframes with different interpolation methods in one channel
22:15:46 | WARNING: Baking animation because there are keyframes with different interpolation methods in one channel
22:15:46 | WARNING: Baking animation because there are keyframes with different interpolation methods in one channel
22:15:46 | WARNING: Baking animation because there are keyframes with different interpolation methods in one channel
22:15:46 | WARNING: Baking animation because there are keyframes with different interpolation methods in one channel
22:15:46 | WARNING: Baking animation because there are keyframes with different interpolation methods in one channel
22:15:46 | WARNING: Baking animation because there are keyframes with different interpolation methods in one channel
22:15:46 | WARNING: Baking animation because there are keyframes with different interpolation methods in one channel
22:15:46 | WARNING: Baking animation because there are keyframes with different interpolation methods in one channel
22:15:50 | WARNING: Baking animation because there are keyframes with different interpolation methods in one channel
22:15:50 | WARNING: Baking animation because there are keyframes with different interpolation methods in one channel
22:15:50 | WARNING: Baking animation because there are keyframes with different interpolation methods in one channel
22:15:50 | WARNING: Baking animation because there are keyframes with different interpolation methods in one channel
22:15:50 | WARNING: Baking animation because there are keyframes with different interpolation methods in one channel
22:15:50 | WARNING: Baking animation because there are keyframes with different interpolation methods in one channel
22:15:50 | WARNING: Baking animation because there are keyframes with different interpolation methods in one channel
22:15:50 | WARNING: Baking animation because there are keyframes with different interpolation methods in one channel
22:15:50 | WARNING: Baking animation because there are keyframes with different interpolation methods in one channel
22:15:50 | WARNING: Baking animation because there are keyframes with different interpolation methods in one channel
22:15:50 | WARNING: Baking animation because there are keyframes with different interpolation methods in one channel
22:15:50 | WARNING: Baking animation because there are keyframes with different interpolation methods in one channel
22:15:50 | WARNING: Baking animation because there are keyframes with different interpolation methods in one channel
22:15:50 | WARNING: Baking animation because there are keyframes with different interpolation methods in one channel
22:15:50 | WARNING: Baking animation because there are keyframes with different interpolation methods in one channel
22:15:50 | WARNING: Baking animation because there are keyframes with different interpolation methods in one channel
22:15:50 | WARNING: Baking animation because there are keyframes with different interpolation methods in one channel
22:15:50 | WARNING: Baking animation because there are keyframes with different interpolation methods in one channel
22:15:50 | WARNING: Baking animation because there are keyframes with different interpolation methods in one channel
22:15:50 | WARNING: Baking animation because there are keyframes with different interpolation methods in one channel
22:15:50 | WARNING: Baking animation because there are keyframes with different interpolation methods in one channel
22:15:50 | WARNING: Baking animation because there are keyframes with different interpolation methods in one channel
22:15:50 | WARNING: Baking animation because there are keyframes with different interpolation methods in one channel
22:15:50 | WARNING: Baking animation because there are keyframes with different interpolation methods in one channel
22:15:50 | WARNING: Baking animation because there are keyframes with different interpolation methods in one channel
22:15:50 | WARNING: Baking animation because there are keyframes with different interpolation methods in one channel
22:15:50 | WARNING: Baking animation because there are keyframes with different interpolation methods in one channel
22:15:50 | WARNING: Baking animation because there are keyframes with different interpolation methods in one channel
22:15:50 | WARNING: Baking animation because there are keyframes with different interpolation methods in one channel
22:15:50 | WARNING: Baking animation because there are keyframes with different interpolation methods in one channel
22:15:50 | WARNING: Baking animation because there are keyframes with different interpolation methods in one channel
22:15:50 | WARNING: Baking animation because there are keyframes with different interpolation methods in one channel
22:15:50 | WARNING: Baking animation because there are keyframes with different interpolation methods in one channel
22:15:50 | WARNING: Baking animation because there are keyframes with different interpolation methods in one channel
22:15:50 | WARNING: Baking animation because there are keyframes with different interpolation methods in one channel
22:15:50 | WARNING: Baking animation because there are keyframes with different interpolation methods in one channel
22:15:50 | WARNING: Baking animation because there are keyframes with different interpolation methods in one channel
22:15:50 | WARNING: Baking animation because there are keyframes with different interpolation methods in one channel
22:15:50 | WARNING: Baking animation because there are keyframes with different interpolation methods in one channel
22:15:50 | WARNING: Baking animation because there are keyframes with different interpolation methods in one channel
22:15:50 | WARNING: Baking animation because there are keyframes with different interpolation methods in one channel
22:15:50 | WARNING: Baking animation because there are keyframes with different interpolation methods in one channel
22:15:50 | WARNING: Baking animation because there are keyframes with different interpolation methods in one channel
22:15:50 | WARNING: Baking animation because there are keyframes with different interpolation methods in one channel
22:15:50 | WARNING: Baking animation because there are keyframes with different interpolation methods in one channel
22:15:50 | WARNING: Baking animation because there are keyframes with different interpolation methods in one channel
22:15:50 | WARNING: Baking animation because there are keyframes with different interpolation methods in one channel
22:15:50 | WARNING: Baking animation because there are keyframes with different interpolation methods in one channel
22:15:50 | WARNING: Baking animation because there are keyframes with different interpolation methods in one channel
22:15:50 | WARNING: Baking animation because there are keyframes with different interpolation methods in one channel
22:15:50 | WARNING: Baking animation because there are keyframes with different interpolation methods in one channel
22:15:50 | WARNING: Baking animation because there are keyframes with different interpolation methods in one channel
22:15:50 | WARNING: Baking animation because there are keyframes with different interpolation methods in one channel
22:15:51 | WARNING: Baking animation because there are keyframes with different interpolation methods in one channel
22:15:51 | WARNING: Baking animation because there are keyframes with different interpolation methods in one channel
22:15:51 | WARNING: Baking animation because there are keyframes with different interpolation methods in one channel
22:15:51 | WARNING: Baking animation because there are keyframes with different interpolation methods in one channel
22:15:51 | WARNING: Baking animation because there are keyframes with different interpolation methods in one channel
22:15:51 | WARNING: Baking animation because there are keyframes with different interpolation methods in one channel
22:15:51 | WARNING: Baking animation because there are keyframes with different interpolation methods in one channel
22:15:51 | WARNING: Baking animation because there are keyframes with different interpolation methods in one channel
22:15:51 | WARNING: Baking animation because there are keyframes with different interpolation methods in one channel
22:15:51 | WARNING: Baking animation because there are keyframes with different interpolation methods in one channel
22:15:51 | WARNING: Baking animation because there are keyframes with different interpolation methods in one channel
22:15:51 | WARNING: Baking animation because there are keyframes with different interpolation methods in one channel
22:15:51 | WARNING: Baking animation because there are keyframes with different interpolation methods in one channel
22:15:51 | WARNING: Baking animation because there are keyframes with different interpolation methods in one channel
22:15:51 | WARNING: Baking animation because there are keyframes with different interpolation methods in one channel
22:15:51 | WARNING: Baking animation because there are keyframes with different interpolation methods in one channel
22:15:51 | WARNING: Baking animation because there are keyframes with different interpolation methods in one channel
22:15:51 | WARNING: Baking animation because there are keyframes with different interpolation methods in one channel
22:15:51 | WARNING: Baking animation because there are keyframes with different interpolation methods in one channel
22:15:51 | WARNING: Baking animation because there are keyframes with different interpolation methods in one channel
22:15:51 | WARNING: Baking animation because there are keyframes with different interpolation methods in one channel
22:15:51 | WARNING: Baking animation because there are keyframes with different interpolation methods in one channel
22:15:51 | WARNING: Baking animation because there are keyframes with different interpolation methods in one channel
22:15:51 | WARNING: Baking animation because there are keyframes with different interpolation methods in one channel
22:15:51 | WARNING: Baking animation because there are keyframes with different interpolation methods in one channel
22:15:51 | WARNING: Baking animation because there are keyframes with different interpolation methods in one channel
22:15:51 | WARNING: Baking animation because there are keyframes with different interpolation methods in one channel
22:15:51 | WARNING: Baking animation because there are keyframes with different interpolation methods in one channel
22:15:51 | WARNING: Baking animation because there are keyframes with different interpolation methods in one channel
22:15:51 | WARNING: Baking animation because there are keyframes with different interpolation methods in one channel
22:15:51 | WARNING: Baking animation because there are keyframes with different interpolation methods in one channel
22:15:51 | WARNING: Baking animation because there are keyframes with different interpolation methods in one channel
22:15:51 | WARNING: Baking animation because there are keyframes with different interpolation methods in one channel
22:15:51 | WARNING: Baking animation because there are keyframes with different interpolation methods in one channel
22:15:51 | WARNING: Baking animation because there are keyframes with different interpolation methods in one channel
22:15:51 | WARNING: Baking animation because there are keyframes with different interpolation methods in one channel
22:15:51 | WARNING: Baking animation because there are keyframes with different interpolation methods in one channel
22:15:51 | WARNING: Baking animation because there are keyframes with different interpolation methods in one channel
22:15:51 | WARNING: Baking animation because there are keyframes with different interpolation methods in one channel
22:15:51 | WARNING: Baking animation because there are keyframes with different interpolation methods in one channel
22:15:51 | WARNING: Baking animation because there are keyframes with different interpolation methods in one channel
22:15:51 | WARNING: Baking animation because there are keyframes with different interpolation methods in one channel
22:15:51 | WARNING: Baking animation because there are keyframes with different interpolation methods in one channel
22:15:51 | WARNING: Baking animation because there are keyframes with different interpolation methods in one channel
22:15:51 | WARNING: Baking animation because there are keyframes with different interpolation methods in one channel
22:15:51 | WARNING: Baking animation because there are keyframes with different interpolation methods in one channel
22:15:51 | WARNING: Baking animation because there are keyframes with different interpolation methods in one channel
22:15:51 | WARNING: Baking animation because there are keyframes with different interpolation methods in one channel
22:15:51 | WARNING: Baking animation because there are keyframes with different interpolation methods in one channel
22:15:51 | WARNING: Baking animation because there are keyframes with different interpolation methods in one channel
22:15:51 | WARNING: Baking animation because there are keyframes with different interpolation methods in one channel
22:15:51 | WARNING: Baking animation because there are keyframes with different interpolation methods in one channel
22:15:51 | WARNING: Baking animation because there are keyframes with different interpolation methods in one channel
22:15:51 | WARNING: Baking animation because there are keyframes with different interpolation methods in one channel
22:15:51 | WARNING: Baking animation because there are keyframes with different interpolation methods in one channel
22:15:51 | WARNING: Baking animation because there are keyframes with different interpolation methods in one channel
22:15:51 | WARNING: Baking animation because there are keyframes with different interpolation methods in one channel
22:15:51 | WARNING: Baking animation because there are keyframes with different interpolation methods in one channel
22:15:51 | WARNING: Baking animation because there are keyframes with different interpolation methods in one channel
22:15:51 | WARNING: Baking animation because there are keyframes with different interpolation methods in one channel
22:15:51 | WARNING: Baking animation because there are keyframes with different interpolation methods in one channel
22:15:51 | WARNING: Baking animation because there are keyframes with different interpolation methods in one channel
22:15:51 | WARNING: Baking animation because there are keyframes with different interpolation methods in one channel
22:15:51 | WARNING: Baking animation because there are keyframes with different interpolation methods in one channel
22:15:51 | WARNING: Baking animation because there are keyframes with different interpolation methods in one channel
22:15:51 | WARNING: Baking animation because there are keyframes with different interpolation methods in one channel
22:15:51 | WARNING: Baking animation because there are keyframes with different interpolation methods in one channel
22:15:51 | WARNING: Baking animation because there are keyframes with different interpolation methods in one channel
22:15:51 | WARNING: Baking animation because there are keyframes with different interpolation methods in one channel
22:15:51 | WARNING: Baking animation because there are keyframes with different interpolation methods in one channel
22:15:51 | WARNING: Baking animation because there are keyframes with different interpolation methods in one channel
22:15:51 | WARNING: Baking animation because there are keyframes with different interpolation methods in one channel
22:15:51 | WARNING: Baking animation because there are keyframes with different interpolation methods in one channel
22:15:51 | WARNING: Baking animation because there are keyframes with different interpolation methods in one channel
22:15:51 | WARNING: Baking animation because there are keyframes with different interpolation methods in one channel
22:15:51 | WARNING: Baking animation because there are keyframes with different interpolation methods in one channel
22:15:51 | WARNING: Baking animation because there are keyframes with different interpolation methods in one channel
22:15:51 | WARNING: Baking animation because there are keyframes with different interpolation methods in one channel
22:15:51 | WARNING: Baking animation because there are keyframes with different interpolation methods in one channel
22:15:51 | WARNING: Baking animation because there are keyframes with different interpolation methods in one channel
22:15:51 | WARNING: Baking animation because there are keyframes with different interpolation methods in one channel
22:15:51 | WARNING: Baking animation because there are keyframes with different interpolation methods in one channel
22:15:51 | WARNING: Baking animation because there are keyframes with different interpolation methods in one channel
22:15:51 | WARNING: Baking animation because there are keyframes with different interpolation methods in one channel
22:15:51 | WARNING: Baking animation because there are keyframes with different interpolation methods in one channel
22:15:51 | WARNING: Baking animation because there are keyframes with different interpolation methods in one channel
22:15:51 | WARNING: Baking animation because there are keyframes with different interpolation methods in one channel
22:15:51 | WARNING: Baking animation because there are keyframes with different interpolation methods in one channel
22:15:51 | WARNING: Baking animation because there are keyframes with different interpolation methods in one channel
22:15:51 | WARNING: Baking animation because there are keyframes with different interpolation methods in one channel
22:15:51 | WARNING: Baking animation because there are keyframes with different interpolation methods in one channel
22:15:51 | WARNING: Baking animation because there are keyframes with different interpolation methods in one channel
22:15:51 | WARNING: Baking animation because there are keyframes with different interpolation methods in one channel
22:15:51 | WARNING: Baking animation because there are keyframes with different interpolation methods in one channel
22:15:51 | WARNING: Baking animation because there are keyframes with different interpolation methods in one channel
22:15:51 | WARNING: Baking animation because there are keyframes with different interpolation methods in one channel
22:15:51 | WARNING: Baking animation because there are keyframes with different interpolation methods in one channel
22:15:51 | WARNING: Baking animation because there are keyframes with different interpolation methods in one channel
22:15:51 | WARNING: Baking animation because there are keyframes with different interpolation methods in one channel
22:15:51 | WARNING: Baking animation because there are keyframes with different interpolation methods in one channel
22:15:51 | WARNING: Baking animation because there are keyframes with different interpolation methods in one channel
22:15:51 | WARNING: Baking animation because there are keyframes with different interpolation methods in one channel
22:15:51 | WARNING: Baking animation because there are keyframes with different interpolation methods in one channel
22:15:51 | WARNING: Baking animation because there are keyframes with different interpolation methods in one channel
22:15:51 | WARNING: Baking animation because there are keyframes with different interpolation methods in one channel
22:15:51 | WARNING: Baking animation because there are keyframes with different interpolation methods in one channel
22:15:52 | WARNING: Baking animation because there are keyframes with different interpolation methods in one channel
22:15:52 | WARNING: Baking animation because there are keyframes with different interpolation methods in one channel
22:15:52 | WARNING: Baking animation because there are keyframes with different interpolation methods in one channel
22:15:52 | WARNING: Baking animation because there are keyframes with different interpolation methods in one channel
22:15:52 | WARNING: Baking animation because there are keyframes with different interpolation methods in one channel
22:15:52 | WARNING: Baking animation because there are keyframes with different interpolation methods in one channel
22:15:52 | WARNING: Baking animation because there are keyframes with different interpolation methods in one channel
22:15:52 | WARNING: Baking animation because there are keyframes with different interpolation methods in one channel
22:15:52 | WARNING: Baking animation because there are keyframes with different interpolation methods in one channel
22:15:52 | WARNING: Baking animation because there are keyframes with different interpolation methods in one channel
22:15:52 | WARNING: Baking animation because there are keyframes with different interpolation methods in one channel
22:15:52 | WARNING: Baking animation because there are keyframes with different interpolation methods in one channel
22:15:52 | WARNING: Baking animation because there are keyframes with different interpolation methods in one channel
22:15:52 | WARNING: Baking animation because there are keyframes with different interpolation methods in one channel
22:15:52 | WARNING: Baking animation because there are keyframes with different interpolation methods in one channel
22:15:52 | WARNING: Baking animation because there are keyframes with different interpolation methods in one channel
22:15:52 | WARNING: Baking animation because there are keyframes with different interpolation methods in one channel
22:15:52 | WARNING: Baking animation because there are keyframes with different interpolation methods in one channel
22:15:52 | WARNING: Baking animation because there are keyframes with different interpolation methods in one channel
22:15:52 | WARNING: Baking animation because there are keyframes with different interpolation methods in one channel
22:15:52 | WARNING: Baking animation because there are keyframes with different interpolation methods in one channel
22:15:52 | WARNING: Baking animation because there are keyframes with different interpolation methods in one channel
22:15:52 | WARNING: Baking animation because there are keyframes with different interpolation methods in one channel
22:15:52 | WARNING: Baking animation because there are keyframes with different interpolation methods in one channel
22:15:52 | WARNING: Baking animation because there are keyframes with different interpolation methods in one channel
22:15:52 | WARNING: Baking animation because there are keyframes with different interpolation methods in one channel
22:15:52 | WARNING: Baking animation because there are keyframes with different interpolation methods in one channel
22:15:52 | WARNING: Baking animation because there are keyframes with different interpolation methods in one channel
22:15:52 | WARNING: Baking animation because there are keyframes with different interpolation methods in one channel
22:15:52 | WARNING: Baking animation because there are keyframes with different interpolation methods in one channel
22:15:52 | WARNING: Baking animation because there are keyframes with different interpolation methods in one channel
22:15:52 | WARNING: Baking animation because there are keyframes with different interpolation methods in one channel
22:15:52 | WARNING: Baking animation because there are keyframes with different interpolation methods in one channel
22:15:52 | WARNING: Baking animation because there are keyframes with different interpolation methods in one channel
22:15:52 | WARNING: Baking animation because there are keyframes with different interpolation methods in one channel
22:15:52 | WARNING: Baking animation because there are keyframes with different interpolation methods in one channel
22:15:52 | WARNING: Baking animation because there are keyframes with different interpolation methods in one channel
22:15:52 | WARNING: Baking animation because there are keyframes with different interpolation methods in one channel
22:15:52 | WARNING: Baking animation because there are keyframes with different interpolation methods in one channel
22:15:52 | WARNING: Baking animation because there are keyframes with different interpolation methods in one channel
22:15:52 | WARNING: Baking animation because there are keyframes with different interpolation methods in one channel
22:15:52 | WARNING: Baking animation because there are keyframes with different interpolation methods in one channel
22:15:52 | WARNING: Baking animation because there are keyframes with different interpolation methods in one channel
22:15:52 | WARNING: Baking animation because there are keyframes with different interpolation methods in one channel
22:15:52 | WARNING: Baking animation because there are keyframes with different interpolation methods in one channel
22:15:52 | WARNING: Baking animation because there are keyframes with different interpolation methods in one channel
22:15:52 | WARNING: Baking animation because there are keyframes with different interpolation methods in one channel
22:15:52 | WARNING: Baking animation because there are keyframes with different interpolation methods in one channel
22:15:52 | WARNING: Baking animation because there are keyframes with different interpolation methods in one channel
22:15:52 | WARNING: Baking animation because there are keyframes with different interpolation methods in one channel
22:15:52 | WARNING: Baking animation because there are keyframes with different interpolation methods in one channel
22:15:52 | WARNING: Baking animation because there are keyframes with different interpolation methods in one channel
22:15:52 | WARNING: Baking animation because there are keyframes with different interpolation methods in one channel
22:15:52 | WARNING: Baking animation because there are keyframes with different interpolation methods in one channel
22:15:52 | WARNING: Baking animation because there are keyframes with different interpolation methods in one channel
22:15:52 | WARNING: Baking animation because there are keyframes with different interpolation methods in one channel
22:15:52 | WARNING: Baking animation because there are keyframes with different interpolation methods in one channel
22:15:52 | WARNING: Baking animation because there are keyframes with different interpolation methods in one channel
22:15:52 | WARNING: Baking animation because there are keyframes with different interpolation methods in one channel
22:15:52 | WARNING: Baking animation because there are keyframes with different interpolation methods in one channel
22:15:52 | WARNING: Baking animation because there are keyframes with different interpolation methods in one channel
22:15:52 | WARNING: Baking animation because there are keyframes with different interpolation methods in one channel
22:15:52 | WARNING: Baking animation because there are keyframes with different interpolation methods in one channel
22:15:52 | WARNING: Baking animation because there are keyframes with different interpolation methods in one channel
22:15:52 | WARNING: Baking animation because there are keyframes with different interpolation methods in one channel
22:15:52 | WARNING: Baking animation because there are keyframes with different interpolation methods in one channel
22:15:52 | WARNING: Baking animation because there are keyframes with different interpolation methods in one channel
22:15:52 | WARNING: Baking animation because there are keyframes with different interpolation methods in one channel
22:15:52 | WARNING: Baking animation because there are keyframes with different interpolation methods in one channel
22:15:52 | WARNING: Baking animation because there are keyframes with different interpolation methods in one channel
22:15:52 | WARNING: Baking animation because there are keyframes with different interpolation methods in one channel
22:15:52 | WARNING: Baking animation because there are keyframes with different interpolation methods in one channel
22:15:52 | WARNING: Baking animation because there are keyframes with different interpolation methods in one channel
22:15:52 | WARNING: Baking animation because there are keyframes with different interpolation methods in one channel
22:15:52 | WARNING: Baking animation because there are keyframes with different interpolation methods in one channel
22:15:52 | WARNING: Baking animation because there are keyframes with different interpolation methods in one channel
22:15:52 | WARNING: Baking animation because there are keyframes with different interpolation methods in one channel
22:15:52 | WARNING: Baking animation because there are keyframes with different interpolation methods in one channel
22:15:52 | WARNING: Baking animation because there are keyframes with different interpolation methods in one channel
22:15:52 | WARNING: Baking animation because there are keyframes with different interpolation methods in one channel
22:15:52 | WARNING: Baking animation because there are keyframes with different interpolation methods in one channel
22:15:52 | WARNING: Baking animation because there are keyframes with different interpolation methods in one channel
22:15:52 | WARNING: Baking animation because there are keyframes with different interpolation methods in one channel
22:15:52 | WARNING: Baking animation because there are keyframes with different interpolation methods in one channel
22:15:52 | WARNING: Baking animation because there are keyframes with different interpolation methods in one channel
22:15:52 | WARNING: Baking animation because there are keyframes with different interpolation methods in one channel
22:15:52 | WARNING: Baking animation because there are keyframes with different interpolation methods in one channel
22:15:52 | WARNING: Baking animation because there are keyframes with different interpolation methods in one channel
22:15:52 | WARNING: Baking animation because there are keyframes with different interpolation methods in one channel
22:15:52 | WARNING: Baking animation because there are keyframes with different interpolation methods in one channel
22:15:52 | WARNING: Baking animation because there are keyframes with different interpolation methods in one channel
22:15:52 | WARNING: Baking animation because there are keyframes with different interpolation methods in one channel
22:15:52 | WARNING: Baking animation because there are keyframes with different interpolation methods in one channel
22:15:52 | WARNING: Baking animation because there are keyframes with different interpolation methods in one channel
22:15:52 | WARNING: Baking animation because there are keyframes with different interpolation methods in one channel
22:15:52 | WARNING: Baking animation because there are keyframes with different interpolation methods in one channel
22:15:52 | WARNING: Baking animation because there are keyframes with different interpolation methods in one channel
22:15:52 | WARNING: Baking animation because there are keyframes with different interpolation methods in one channel
22:15:52 | WARNING: Baking animation because there are keyframes with different interpolation methods in one channel
22:15:52 | WARNING: Baking animation because there are keyframes with different interpolation methods in one channel
22:15:52 | WARNING: Baking animation because there are keyframes with different interpolation methods in one channel
22:15:52 | WARNING: Baking animation because there are keyframes with different interpolation methods in one channel
22:15:52 | WARNING: Baking animation because there are keyframes with different interpolation methods in one channel
22:15:52 | WARNING: Baking animation because there are keyframes with different interpolation methods in one channel
22:15:52 | WARNING: Baking animation because there are keyframes with different interpolation methods in one channel
22:15:52 | WARNING: Baking animation because there are keyframes with different interpolation methods in one channel
22:15:53 | WARNING: Baking animation because there are keyframes with different interpolation methods in one channel
22:15:53 | WARNING: Baking animation because there are keyframes with different interpolation methods in one channel
22:15:53 | WARNING: Baking animation because there are keyframes with different interpolation methods in one channel
22:15:53 | WARNING: Baking animation because there are keyframes with different interpolation methods in one channel
22:15:53 | WARNING: Baking animation because there are keyframes with different interpolation methods in one channel
22:15:53 | WARNING: Baking animation because there are keyframes with different interpolation methods in one channel
22:15:53 | WARNING: Baking animation because there are keyframes with different interpolation methods in one channel
22:15:53 | WARNING: Baking animation because there are keyframes with different interpolation methods in one channel
22:15:53 | WARNING: Baking animation because there are keyframes with different interpolation methods in one channel
22:15:53 | WARNING: Baking animation because there are keyframes with different interpolation methods in one channel
22:15:53 | WARNING: Baking animation because there are keyframes with different interpolation methods in one channel
22:15:53 | WARNING: Baking animation because there are keyframes with different interpolation methods in one channel
22:15:53 | WARNING: Baking animation because there are keyframes with different interpolation methods in one channel
22:15:53 | WARNING: Baking animation because there are keyframes with different interpolation methods in one channel
22:15:53 | WARNING: Baking animation because there are keyframes with different interpolation methods in one channel
22:15:53 | WARNING: Baking animation because there are keyframes with different interpolation methods in one channel
22:15:53 | WARNING: Baking animation because there are keyframes with different interpolation methods in one channel
22:15:53 | WARNING: Baking animation because there are keyframes with different interpolation methods in one channel
22:15:53 | WARNING: Baking animation because there are keyframes with different interpolation methods in one channel
22:15:53 | WARNING: Baking animation because there are keyframes with different interpolation methods in one channel
22:15:53 | WARNING: Baking animation because there are keyframes with different interpolation methods in one channel
22:15:53 | WARNING: Baking animation because there are keyframes with different interpolation methods in one channel
22:15:53 | WARNING: Baking animation because there are keyframes with different interpolation methods in one channel
22:15:53 | WARNING: Baking animation because there are keyframes with different interpolation methods in one channel
22:15:53 | WARNING: Baking animation because there are keyframes with different interpolation methods in one channel
22:15:53 | WARNING: Baking animation because there are keyframes with different interpolation methods in one channel
22:15:53 | WARNING: Baking animation because there are keyframes with different interpolation methods in one channel
22:15:53 | WARNING: Baking animation because there are keyframes with different interpolation methods in one channel
22:15:53 | WARNING: Baking animation because there are keyframes with different interpolation methods in one channel
22:15:53 | WARNING: Baking animation because there are keyframes with different interpolation methods in one channel
22:15:53 | WARNING: Baking animation because there are keyframes with different interpolation methods in one channel
22:15:53 | WARNING: Baking animation because there are keyframes with different interpolation methods in one channel
22:15:53 | WARNING: Baking animation because there are keyframes with different interpolation methods in one channel
22:15:53 | WARNING: Baking animation because there are keyframes with different interpolation methods in one channel
22:15:53 | WARNING: Baking animation because there are keyframes with different interpolation methods in one channel
22:15:53 | WARNING: Baking animation because there are keyframes with different interpolation methods in one channel
22:15:53 | WARNING: Baking animation because there are keyframes with different interpolation methods in one channel
22:15:53 | WARNING: Baking animation because there are keyframes with different interpolation methods in one channel
22:15:53 | WARNING: Baking animation because there are keyframes with different interpolation methods in one channel
22:15:53 | WARNING: Baking animation because there are keyframes with different interpolation methods in one channel
22:15:53 | WARNING: Baking animation because there are keyframes with different interpolation methods in one channel
22:15:53 | WARNING: Baking animation because there are keyframes with different interpolation methods in one channel
22:15:53 | WARNING: Baking animation because there are keyframes with different interpolation methods in one channel
22:15:53 | WARNING: Baking animation because there are keyframes with different interpolation methods in one channel
22:15:53 | WARNING: Baking animation because there are keyframes with different interpolation methods in one channel
22:15:53 | WARNING: Baking animation because there are keyframes with different interpolation methods in one channel
22:15:53 | WARNING: Baking animation because there are keyframes with different interpolation methods in one channel
22:15:53 | WARNING: Baking animation because there are keyframes with different interpolation methods in one channel
22:15:53 | WARNING: Baking animation because there are keyframes with different interpolation methods in one channel
22:15:53 | WARNING: Baking animation because there are keyframes with different interpolation methods in one channel
22:15:53 | WARNING: Baking animation because there are keyframes with different interpolation methods in one channel
22:15:53 | WARNING: Baking animation because there are keyframes with different interpolation methods in one channel
22:15:53 | WARNING: Baking animation because there are keyframes with different interpolation methods in one channel
22:15:53 | WARNING: Baking animation because there are keyframes with different interpolation methods in one channel
22:15:53 | WARNING: Baking animation because there are keyframes with different interpolation methods in one channel
22:15:53 | WARNING: Baking animation because there are keyframes with different interpolation methods in one channel
22:15:53 | WARNING: Baking animation because there are keyframes with different interpolation methods in one channel
22:15:53 | WARNING: Baking animation because there are keyframes with different interpolation methods in one channel
22:15:53 | WARNING: Baking animation because there are keyframes with different interpolation methods in one channel
22:15:53 | WARNING: Baking animation because there are keyframes with different interpolation methods in one channel
22:15:53 | WARNING: Baking animation because there are keyframes with different interpolation methods in one channel
22:15:53 | WARNING: Baking animation because there are keyframes with different interpolation methods in one channel
22:15:53 | WARNING: Baking animation because there are keyframes with different interpolation methods in one channel
22:15:53 | WARNING: Baking animation because there are keyframes with different interpolation methods in one channel
22:15:53 | WARNING: Baking animation because there are keyframes with different interpolation methods in one channel
22:15:53 | WARNING: Baking animation because there are keyframes with different interpolation methods in one channel
22:15:53 | WARNING: Baking animation because there are keyframes with different interpolation methods in one channel
22:15:53 | WARNING: Baking animation because there are keyframes with different interpolation methods in one channel
22:15:53 | WARNING: Baking animation because there are keyframes with different interpolation methods in one channel
22:15:53 | WARNING: Baking animation because there are keyframes with different interpolation methods in one channel
22:15:53 | WARNING: Baking animation because there are keyframes with different interpolation methods in one channel
22:15:53 | WARNING: Baking animation because there are keyframes with different interpolation methods in one channel
22:15:53 | WARNING: Baking animation because there are keyframes with different interpolation methods in one channel
22:15:53 | WARNING: Baking animation because there are keyframes with different interpolation methods in one channel
22:15:53 | WARNING: Baking animation because there are keyframes with different interpolation methods in one channel
22:15:53 | WARNING: Baking animation because there are keyframes with different interpolation methods in one channel
22:15:53 | WARNING: Baking animation because there are keyframes with different interpolation methods in one channel
22:15:53 | WARNING: Baking animation because there are keyframes with different interpolation methods in one channel
22:15:53 | WARNING: Baking animation because there are keyframes with different interpolation methods in one channel
22:15:53 | WARNING: Baking animation because there are keyframes with different interpolation methods in one channel
22:15:53 | WARNING: Baking animation because there are keyframes with different interpolation methods in one channel
22:15:53 | WARNING: Baking animation because there are keyframes with different interpolation methods in one channel
22:15:53 | WARNING: Baking animation because there are keyframes with different interpolation methods in one channel
22:15:53 | WARNING: Baking animation because there are keyframes with different interpolation methods in one channel
22:15:53 | WARNING: Baking animation because there are keyframes with different interpolation methods in one channel
22:15:53 | WARNING: Baking animation because there are keyframes with different interpolation methods in one channel
22:15:53 | WARNING: Baking animation because there are keyframes with different interpolation methods in one channel
22:15:53 | WARNING: Baking animation because there are keyframes with different interpolation methods in one channel
22:15:53 | WARNING: Baking animation because there are keyframes with different interpolation methods in one channel
22:15:53 | WARNING: Baking animation because there are keyframes with different interpolation methods in one channel
22:15:53 | WARNING: Baking animation because there are keyframes with different interpolation methods in one channel
22:15:53 | WARNING: Baking animation because there are keyframes with different interpolation methods in one channel
22:15:53 | WARNING: Baking animation because there are keyframes with different interpolation methods in one channel
22:15:53 | WARNING: Baking animation because there are keyframes with different interpolation methods in one channel
22:15:53 | WARNING: Baking animation because there are keyframes with different interpolation methods in one channel
22:15:53 | WARNING: Baking animation because there are keyframes with different interpolation methods in one channel
22:15:53 | WARNING: Baking animation because there are keyframes with different interpolation methods in one channel
22:15:53 | WARNING: Baking animation because there are keyframes with different interpolation methods in one channel
22:15:53 | WARNING: Baking animation because there are keyframes with different interpolation methods in one channel
22:15:53 | WARNING: Baking animation because there are keyframes with different interpolation methods in one channel
22:15:53 | WARNING: Baking animation because there are keyframes with different interpolation methods in one channel
22:15:53 | WARNING: Baking animation because there are keyframes with different interpolation methods in one channel
22:15:53 | WARNING: Baking animation because there are keyframes with different interpolation methods in one channel
22:15:53 | WARNING: Baking animation because there are keyframes with different interpolation methods in one channel
22:15:53 | WARNING: Baking animation because there are keyframes with different interpolation methods in one channel
22:15:53 | WARNING: Baking animation because there are keyframes with different interpolation methods in one channel
22:15:54 | WARNING: Baking animation because there are keyframes with different interpolation methods in one channel
22:15:54 | WARNING: Baking animation because there are keyframes with different interpolation methods in one channel
22:15:54 | WARNING: Baking animation because there are keyframes with different interpolation methods in one channel
22:15:54 | WARNING: Baking animation because there are keyframes with different interpolation methods in one channel
22:15:54 | WARNING: Baking animation because there are keyframes with different interpolation methods in one channel
22:15:54 | WARNING: Baking animation because there are keyframes with different interpolation methods in one channel
22:15:54 | WARNING: Baking animation because there are keyframes with different interpolation methods in one channel
22:15:54 | WARNING: Baking animation because there are keyframes with different interpolation methods in one channel
22:15:54 | WARNING: Baking animation because there are keyframes with different interpolation methods in one channel
22:15:54 | WARNING: Baking animation because there are keyframes with different interpolation methods in one channel
22:15:54 | WARNING: Baking animation because there are keyframes with different interpolation methods in one channel
22:15:54 | WARNING: Baking animation because there are keyframes with different interpolation methods in one channel
22:15:54 | WARNING: Baking animation because there are keyframes with different interpolation methods in one channel
22:15:54 | WARNING: Baking animation because there are keyframes with different interpolation methods in one channel
22:15:54 | WARNING: Baking animation because there are keyframes with different interpolation methods in one channel
22:15:54 | WARNING: Baking animation because there are keyframes with different interpolation methods in one channel
22:15:54 | WARNING: Baking animation because there are keyframes with different interpolation methods in one channel
22:15:54 | WARNING: Baking animation because there are keyframes with different interpolation methods in one channel
22:15:54 | WARNING: Baking animation because there are keyframes with different interpolation methods in one channel
22:15:54 | WARNING: Baking animation because there are keyframes with different interpolation methods in one channel
22:15:54 | WARNING: Baking animation because there are keyframes with different interpolation methods in one channel
22:15:54 | WARNING: Baking animation because there are keyframes with different interpolation methods in one channel
22:15:54 | WARNING: Baking animation because there are keyframes with different interpolation methods in one channel
22:15:54 | WARNING: Baking animation because there are keyframes with different interpolation methods in one channel
22:15:54 | WARNING: Baking animation because there are keyframes with different interpolation methods in one channel
22:15:54 | WARNING: Baking animation because there are keyframes with different interpolation methods in one channel
22:15:54 | WARNING: Baking animation because there are keyframes with different interpolation methods in one channel
22:15:54 | WARNING: Baking animation because there are keyframes with different interpolation methods in one channel
22:15:54 | WARNING: Baking animation because there are keyframes with different interpolation methods in one channel
22:15:54 | WARNING: Baking animation because there are keyframes with different interpolation methods in one channel
22:15:54 | WARNING: Baking animation because there are keyframes with different interpolation methods in one channel
22:15:54 | WARNING: Baking animation because there are keyframes with different interpolation methods in one channel
22:15:54 | WARNING: Baking animation because there are keyframes with different interpolation methods in one channel
22:15:54 | WARNING: Baking animation because there are keyframes with different interpolation methods in one channel
22:15:54 | WARNING: Baking animation because there are keyframes with different interpolation methods in one channel
22:15:54 | WARNING: Baking animation because there are keyframes with different interpolation methods in one channel
22:15:54 | WARNING: Baking animation because there are keyframes with different interpolation methods in one channel
22:15:54 | WARNING: Baking animation because there are keyframes with different interpolation methods in one channel
22:15:54 | WARNING: Baking animation because there are keyframes with different interpolation methods in one channel
22:15:54 | WARNING: Baking animation because there are keyframes with different interpolation methods in one channel
22:15:54 | WARNING: Baking animation because there are keyframes with different interpolation methods in one channel
22:15:54 | WARNING: Baking animation because there are keyframes with different interpolation methods in one channel
22:15:54 | WARNING: Baking animation because there are keyframes with different interpolation methods in one channel
22:15:54 | WARNING: Baking animation because there are keyframes with different interpolation methods in one channel
22:15:54 | WARNING: Baking animation because there are keyframes with different interpolation methods in one channel
22:15:54 | WARNING: Baking animation because there are keyframes with different interpolation methods in one channel
22:15:54 | WARNING: Baking animation because there are keyframes with different interpolation methods in one channel
22:15:54 | WARNING: Baking animation because there are keyframes with different interpolation methods in one channel
22:15:54 | WARNING: Baking animation because there are keyframes with different interpolation methods in one channel
22:15:54 | WARNING: Baking animation because there are keyframes with different interpolation methods in one channel
22:15:54 | WARNING: Baking animation because there are keyframes with different interpolation methods in one channel
22:15:54 | WARNING: Baking animation because there are keyframes with different interpolation methods in one channel
22:15:54 | WARNING: Baking animation because there are keyframes with different interpolation methods in one channel
22:16:04 | WARNING: Baking animation because there are keyframes with different interpolation methods in one channel
22:16:04 | WARNING: Baking animation because there are keyframes with different interpolation methods in one channel
22:16:04 | WARNING: Baking animation because there are keyframes with different interpolation methods in one channel
22:16:04 | WARNING: Baking animation because there are keyframes with different interpolation methods in one channel
22:16:04 | WARNING: Baking animation because there are keyframes with different interpolation methods in one channel
22:16:04 | WARNING: Baking animation because there are keyframes with different interpolation methods in one channel
22:16:04 | WARNING: Baking animation because there are keyframes with different interpolation methods in one channel
22:16:04 | WARNING: Baking animation because there are keyframes with different interpolation methods in one channel
22:16:04 | WARNING: Baking animation because there are keyframes with different interpolation methods in one channel
22:16:04 | WARNING: Baking animation because there are keyframes with different interpolation methods in one channel
22:16:04 | WARNING: Baking animation because there are keyframes with different interpolation methods in one channel
22:16:04 | WARNING: Baking animation because there are keyframes with different interpolation methods in one channel
22:16:04 | WARNING: Baking animation because there are keyframes with different interpolation methods in one channel
22:16:04 | WARNING: Baking animation because there are keyframes with different interpolation methods in one channel
22:16:04 | WARNING: Baking animation because there are keyframes with different interpolation methods in one channel
22:16:04 | WARNING: Baking animation because there are keyframes with different interpolation methods in one channel
22:16:04 | WARNING: Baking animation because there are keyframes with different interpolation methods in one channel
22:16:04 | WARNING: Baking animation because there are keyframes with different interpolation methods in one channel
22:16:04 | WARNING: Baking animation because there are keyframes with different interpolation methods in one channel
22:16:04 | WARNING: Baking animation because there are keyframes with different interpolation methods in one channel
22:16:04 | WARNING: Baking animation because there are keyframes with different interpolation methods in one channel
22:16:04 | WARNING: Baking animation because there are keyframes with different interpolation methods in one channel
22:16:04 | WARNING: Baking animation because there are keyframes with different interpolation methods in one channel
22:16:04 | WARNING: Baking animation because there are keyframes with different interpolation methods in one channel
22:16:04 | WARNING: Baking animation because there are keyframes with different interpolation methods in one channel
22:16:04 | WARNING: Baking animation because there are keyframes with different interpolation methods in one channel
22:16:04 | WARNING: Baking animation because there are keyframes with different interpolation methods in one channel
22:16:04 | WARNING: Baking animation because there are keyframes with different interpolation methods in one channel
22:16:04 | WARNING: Baking animation because there are keyframes with different interpolation methods in one channel
22:16:04 | WARNING: Baking animation because there are keyframes with different interpolation methods in one channel
22:16:04 | WARNING: Baking animation because there are keyframes with different interpolation methods in one channel
22:16:04 | WARNING: Baking animation because there are keyframes with different interpolation methods in one channel
22:16:04 | WARNING: Baking animation because there are keyframes with different interpolation methods in one channel
22:16:04 | WARNING: Baking animation because there are keyframes with different interpolation methods in one channel
22:16:04 | WARNING: Baking animation because there are keyframes with different interpolation methods in one channel
22:16:04 | WARNING: Baking animation because there are keyframes with different interpolation methods in one channel
22:16:04 | WARNING: Baking animation because there are keyframes with different interpolation methods in one channel
22:16:04 | WARNING: Baking animation because there are keyframes with different interpolation methods in one channel
22:16:04 | WARNING: Baking animation because there are keyframes with different interpolation methods in one channel
22:16:04 | WARNING: Baking animation because there are keyframes with different interpolation methods in one channel
22:16:04 | WARNING: Baking animation because there are keyframes with different interpolation methods in one channel
22:16:04 | WARNING: Baking animation because there are keyframes with different interpolation methods in one channel
22:16:04 | WARNING: Baking animation because there are keyframes with different interpolation methods in one channel
22:16:04 | WARNING: Baking animation because there are keyframes with different interpolation methods in one channel
22:16:04 | WARNING: Baking animation because there are keyframes with different interpolation methods in one channel
22:16:04 | WARNING: Baking animation because there are keyframes with different interpolation methods in one channel
22:16:04 | WARNING: Baking animation because there are keyframes with different interpolation methods in one channel
22:16:04 | WARNING: Baking animation because there are keyframes with different interpolation methods in one channel
22:16:04 | WARNING: Baking animation because there are keyframes with different interpolation methods in one channel
22:16:04 | WARNING: Baking animation because there are keyframes with different interpolation methods in one channel
22:16:04 | WARNING: Baking animation because there are keyframes with different interpolation methods in one channel
22:16:04 | WARNING: Baking animation because there are keyframes with different interpolation methods in one channel
22:16:04 | WARNING: Baking animation because there are keyframes with different interpolation methods in one channel
22:16:05 | WARNING: Baking animation because there are keyframes with different interpolation methods in one channel
22:16:05 | WARNING: Baking animation because there are keyframes with different interpolation methods in one channel
22:16:05 | WARNING: Baking animation because there are keyframes with different interpolation methods in one channel
22:16:05 | WARNING: Baking animation because there are keyframes with different interpolation methods in one channel
22:16:05 | WARNING: Baking animation because there are keyframes with different interpolation methods in one channel
22:16:05 | WARNING: Baking animation because there are keyframes with different interpolation methods in one channel
22:16:05 | WARNING: Baking animation because there are keyframes with different interpolation methods in one channel
22:16:05 | WARNING: Baking animation because there are keyframes with different interpolation methods in one channel
22:16:05 | WARNING: Baking animation because there are keyframes with different interpolation methods in one channel
22:16:05 | WARNING: Baking animation because there are keyframes with different interpolation methods in one channel
22:16:05 | WARNING: Baking animation because there are keyframes with different interpolation methods in one channel
22:16:05 | WARNING: Baking animation because there are keyframes with different interpolation methods in one channel
22:16:05 | WARNING: Baking animation because there are keyframes with different interpolation methods in one channel
22:16:05 | WARNING: Baking animation because there are keyframes with different interpolation methods in one channel
22:16:05 | WARNING: Baking animation because there are keyframes with different interpolation methods in one channel
22:16:05 | WARNING: Baking animation because there are keyframes with different interpolation methods in one channel
22:16:05 | WARNING: Baking animation because there are keyframes with different interpolation methods in one channel
22:16:05 | WARNING: Baking animation because there are keyframes with different interpolation methods in one channel
22:16:05 | WARNING: Baking animation because there are keyframes with different interpolation methods in one channel
22:16:05 | WARNING: Baking animation because there are keyframes with different interpolation methods in one channel
22:16:05 | WARNING: Baking animation because there are keyframes with different interpolation methods in one channel
22:16:05 | WARNING: Baking animation because there are keyframes with different interpolation methods in one channel
22:16:05 | WARNING: Baking animation because there are keyframes with different interpolation methods in one channel
22:16:05 | WARNING: Baking animation because there are keyframes with different interpolation methods in one channel
22:16:05 | WARNING: Baking animation because there are keyframes with different interpolation methods in one channel
22:16:05 | WARNING: Baking animation because there are keyframes with different interpolation methods in one channel
22:16:05 | WARNING: Baking animation because there are keyframes with different interpolation methods in one channel
22:16:05 | WARNING: Baking animation because there are keyframes with different interpolation methods in one channel
22:16:05 | WARNING: Baking animation because there are keyframes with different interpolation methods in one channel
22:16:05 | WARNING: Baking animation because there are keyframes with different interpolation methods in one channel
22:16:05 | WARNING: Baking animation because there are keyframes with different interpolation methods in one channel
22:16:05 | WARNING: Baking animation because there are keyframes with different interpolation methods in one channel
22:16:05 | WARNING: Baking animation because there are keyframes with different interpolation methods in one channel
22:16:05 | WARNING: Baking animation because there are keyframes with different interpolation methods in one channel
22:16:05 | WARNING: Baking animation because there are keyframes with different interpolation methods in one channel
22:16:05 | WARNING: Baking animation because there are keyframes with different interpolation methods in one channel
22:16:05 | WARNING: Baking animation because there are keyframes with different interpolation methods in one channel
22:16:05 | WARNING: Baking animation because there are keyframes with different interpolation methods in one channel
22:16:05 | WARNING: Baking animation because there are keyframes with different interpolation methods in one channel
22:16:05 | WARNING: Baking animation because there are keyframes with different interpolation methods in one channel
22:16:05 | WARNING: Baking animation because there are keyframes with different interpolation methods in one channel
22:16:05 | WARNING: Baking animation because there are keyframes with different interpolation methods in one channel
22:16:05 | WARNING: Baking animation because there are keyframes with different interpolation methods in one channel
22:16:05 | WARNING: Baking animation because there are keyframes with different interpolation methods in one channel
22:16:05 | WARNING: Baking animation because there are keyframes with different interpolation methods in one channel
22:16:05 | WARNING: Baking animation because there are keyframes with different interpolation methods in one channel
22:16:05 | WARNING: Baking animation because there are keyframes with different interpolation methods in one channel
22:16:05 | WARNING: Baking animation because there are keyframes with different interpolation methods in one channel
22:16:05 | WARNING: Baking animation because there are keyframes with different interpolation methods in one channel
22:16:05 | WARNING: Baking animation because there are keyframes with different interpolation methods in one channel
22:16:05 | WARNING: Baking animation because there are keyframes with different interpolation methods in one channel
22:16:05 | WARNING: Baking animation because there are keyframes with different interpolation methods in one channel
22:16:05 | WARNING: Baking animation because there are keyframes with different interpolation methods in one channel
22:16:08 | INFO: Finished glTF 2.0 export in 45.22693228721619 s

D07_DONE failed=[]
D07_DONE non_ok_bools=[]

Blender quit
Error: Not freed memory blocks: 7806, total unfreed memory 0.828075 MB
