Blender 4.5.0 (hash 8cb6b388974a built 2025-07-15 01:36:24)
Read blend: "I:\工作项目\BIGMANFIGHT\角色资产\美术资产\bigman_v001\bigman_anim_v001.blend"
Fra:0 Mem:106.73M (Peak 109.92M) | Time:00:00.65 | Rendering 1 / 64 samples
Fra:0 Mem:106.73M (Peak 109.92M) | Time:00:00.68 | Rendering 25 / 64 samples
Fra:0 Mem:106.73M (Peak 109.92M) | Time:00:00.72 | Rendering 50 / 64 samples
Fra:0 Mem:106.73M (Peak 109.92M) | Time:00:00.74 | Rendering 64 / 64 samples
Fra:0 Mem:74.69M (Peak 119.82M) | Time:00:00.76 | Compositing
Saved: 'I:\工作项目\BIGMANFIGHT\角色资产\美术资产\bigman_v001\previews\anim\hithead_side_f0000.png'
Time: 00:00.81 (Saving: 00:00.04)

Fra:0 Mem:108.80M (Peak 111.95M) | Time:00:00.33 | Rendering 1 / 64 samples
Fra:0 Mem:108.80M (Peak 111.95M) | Time:00:00.36 | Rendering 25 / 64 samples
Fra:0 Mem:108.80M (Peak 111.95M) | Time:00:00.40 | Rendering 50 / 64 samples
Fra:0 Mem:108.80M (Peak 111.95M) | Time:00:00.42 | Rendering 64 / 64 samples
Fra:0 Mem:76.75M (Peak 121.89M) | Time:00:00.44 | Compositing
Saved: 'I:\工作项目\BIGMANFIGHT\角色资产\美术资产\bigman_v001\previews\anim\hithead_front_f0000.png'
Time: 00:00.48 (Saving: 00:00.03)

Fra:0 Mem:108.80M (Peak 111.96M) | Time:00:00.28 | Rendering 1 / 64 samples
Fra:0 Mem:108.80M (Peak 111.96M) | Time:00:00.31 | Rendering 25 / 64 samples
Fra:0 Mem:108.80M (Peak 111.96M) | Time:00:00.35 | Rendering 50 / 64 samples
Fra:0 Mem:108.80M (Peak 111.96M) | Time:00:00.37 | Rendering 64 / 64 samples
Fra:0 Mem:76.75M (Peak 121.89M) | Time:00:00.39 | Compositing
Saved: 'I:\工作项目\BIGMANFIGHT\角色资产\美术资产\bigman_v001\previews\anim\hithead_three_quarter_f0000.png'
Time: 00:00.43 (Saving: 00:00.03)

Fra:3 Mem:108.80M (Peak 111.96M) | Time:00:00.29 | Rendering 1 / 64 samples
Fra:3 Mem:108.80M (Peak 111.96M) | Time:00:00.33 | Rendering 25 / 64 samples
Fra:3 Mem:108.80M (Peak 111.96M) | Time:00:00.37 | Rendering 50 / 64 samples
Fra:3 Mem:108.80M (Peak 111.96M) | Time:00:00.39 | Rendering 64 / 64 samples
Fra:3 Mem:76.75M (Peak 121.89M) | Time:00:00.40 | Compositing
Saved: 'I:\工作项目\BIGMANFIGHT\角色资产\美术资产\bigman_v001\previews\anim\hithead_side_f0003.png'
Time: 00:00.45 (Saving: 00:00.03)

Fra:3 Mem:108.80M (Peak 111.96M) | Time:00:00.32 | Rendering 1 / 64 samples
Fra:3 Mem:108.80M (Peak 111.96M) | Time:00:00.35 | Rendering 25 / 64 samples
Fra:3 Mem:108.80M (Peak 111.96M) | Time:00:00.39 | Rendering 50 / 64 samples
Fra:3 Mem:108.80M (Peak 111.96M) | Time:00:00.41 | Rendering 64 / 64 samples
Fra:3 Mem:76.75M (Peak 121.89M) | Time:00:00.43 | Compositing
Saved: 'I:\工作项目\BIGMANFIGHT\角色资产\美术资产\bigman_v001\previews\anim\hithead_front_f0003.png'
Time: 00:00.47 (Saving: 00:00.03)

Fra:3 Mem:108.80M (Peak 111.96M) | Time:00:00.30 | Rendering 1 / 64 samples
Fra:3 Mem:108.80M (Peak 111.96M) | Time:00:00.33 | Rendering 25 / 64 samples
Fra:3 Mem:108.80M (Peak 111.96M) | Time:00:00.37 | Rendering 50 / 64 samples
Fra:3 Mem:108.80M (Peak 111.96M) | Time:00:00.39 | Rendering 64 / 64 samples
Fra:3 Mem:76.75M (Peak 121.89M) | Time:00:00.41 | Compositing
Saved: 'I:\工作项目\BIGMANFIGHT\角色资产\美术资产\bigman_v001\previews\anim\hithead_three_quarter_f0003.png'
Time: 00:00.45 (Saving: 00:00.03)

Fra:5 Mem:108.80M (Peak 111.96M) | Time:00:00.31 | Rendering 1 / 64 samples
Fra:5 Mem:108.80M (Peak 111.96M) | Time:00:00.34 | Rendering 25 / 64 samples
Fra:5 Mem:108.80M (Peak 111.96M) | Time:00:00.38 | Rendering 50 / 64 samples
Fra:5 Mem:108.80M (Peak 111.96M) | Time:00:00.40 | Rendering 64 / 64 samples
Fra:5 Mem:76.75M (Peak 121.89M) | Time:00:00.42 | Compositing
Saved: 'I:\工作项目\BIGMANFIGHT\角色资产\美术资产\bigman_v001\previews\anim\hithead_side_f0005.png'
Time: 00:00.46 (Saving: 00:00.03)

Fra:5 Mem:108.80M (Peak 111.96M) | Time:00:00.30 | Rendering 1 / 64 samples
Fra:5 Mem:108.80M (Peak 111.96M) | Time:00:00.33 | Rendering 25 / 64 samples
Fra:5 Mem:108.80M (Peak 111.96M) | Time:00:00.37 | Rendering 50 / 64 samples
Fra:5 Mem:108.80M (Peak 111.96M) | Time:00:00.39 | Rendering 64 / 64 samples
Fra:5 Mem:76.75M (Peak 121.89M) | Time:00:00.41 | Compositing
Saved: 'I:\工作项目\BIGMANFIGHT\角色资产\美术资产\bigman_v001\previews\anim\hithead_front_f0005.png'
Time: 00:00.45 (Saving: 00:00.03)

Fra:5 Mem:108.80M (Peak 111.96M) | Time:00:00.31 | Rendering 1 / 64 samples
Fra:5 Mem:108.80M (Peak 111.96M) | Time:00:00.34 | Rendering 25 / 64 samples
Fra:5 Mem:108.80M (Peak 111.96M) | Time:00:00.38 | Rendering 50 / 64 samples
Fra:5 Mem:108.80M (Peak 111.96M) | Time:00:00.40 | Rendering 64 / 64 samples
Fra:5 Mem:76.75M (Peak 121.89M) | Time:00:00.42 | Compositing
Saved: 'I:\工作项目\BIGMANFIGHT\角色资产\美术资产\bigman_v001\previews\anim\hithead_three_quarter_f0005.png'
Time: 00:00.46 (Saving: 00:00.03)

Fra:6 Mem:108.80M (Peak 108.80M) | Time:00:00.31 | Rendering 1 / 64 samples
Fra:6 Mem:108.80M (Peak 108.80M) | Time:00:00.34 | Rendering 25 / 64 samples
Fra:6 Mem:108.80M (Peak 108.80M) | Time:00:00.38 | Rendering 50 / 64 samples
Fra:6 Mem:108.80M (Peak 108.80M) | Time:00:00.40 | Rendering 64 / 64 samples
Fra:6 Mem:76.75M (Peak 121.89M) | Time:00:00.42 | Compositing
Saved: 'I:\工作项目\BIGMANFIGHT\角色资产\美术资产\bigman_v001\previews\anim\hithead_side_f0006.png'
Time: 00:00.46 (Saving: 00:00.03)

Fra:6 Mem:108.80M (Peak 111.96M) | Time:00:00.29 | Rendering 1 / 64 samples
Fra:6 Mem:108.80M (Peak 111.96M) | Time:00:00.33 | Rendering 25 / 64 samples
Fra:6 Mem:108.80M (Peak 111.96M) | Time:00:00.36 | Rendering 50 / 64 samples
Fra:6 Mem:108.80M (Peak 111.96M) | Time:00:00.38 | Rendering 64 / 64 samples
Fra:6 Mem:76.75M (Peak 121.89M) | Time:00:00.41 | Compositing
Saved: 'I:\工作项目\BIGMANFIGHT\角色资产\美术资产\bigman_v001\previews\anim\hithead_front_f0006.png'
Time: 00:00.44 (Saving: 00:00.03)

Fra:6 Mem:108.80M (Peak 111.96M) | Time:00:00.30 | Rendering 1 / 64 samples
Fra:6 Mem:108.80M (Peak 111.96M) | Time:00:00.33 | Rendering 25 / 64 samples
Fra:6 Mem:108.80M (Peak 111.96M) | Time:00:00.37 | Rendering 50 / 64 samples
Fra:6 Mem:108.80M (Peak 111.96M) | Time:00:00.39 | Rendering 64 / 64 samples
Fra:6 Mem:76.75M (Peak 121.89M) | Time:00:00.41 | Compositing
Saved: 'I:\工作项目\BIGMANFIGHT\角色资产\美术资产\bigman_v001\previews\anim\hithead_three_quarter_f0006.png'
Time: 00:00.45 (Saving: 00:00.03)

Fra:12 Mem:108.80M (Peak 111.96M) | Time:00:00.30 | Rendering 1 / 64 samples
Fra:12 Mem:108.80M (Peak 111.96M) | Time:00:00.34 | Rendering 25 / 64 samples
Fra:12 Mem:108.80M (Peak 111.96M) | Time:00:00.37 | Rendering 50 / 64 samples
Fra:12 Mem:108.80M (Peak 111.96M) | Time:00:00.39 | Rendering 64 / 64 samples
Fra:12 Mem:76.75M (Peak 121.89M) | Time:00:00.41 | Compositing
Saved: 'I:\工作项目\BIGMANFIGHT\角色资产\美术资产\bigman_v001\previews\anim\hithead_side_f0012.png'
Time: 00:00.45 (Saving: 00:00.03)

Fra:12 Mem:108.80M (Peak 111.96M) | Time:00:00.31 | Rendering 1 / 64 samples
Fra:12 Mem:108.80M (Peak 111.96M) | Time:00:00.35 | Rendering 25 / 64 samples
Fra:12 Mem:108.80M (Peak 111.96M) | Time:00:00.39 | Rendering 50 / 64 samples
Fra:12 Mem:108.80M (Peak 111.96M) | Time:00:00.41 | Rendering 64 / 64 samples
Fra:12 Mem:76.75M (Peak 121.89M) | Time:00:00.43 | Compositing
Saved: 'I:\工作项目\BIGMANFIGHT\角色资产\美术资产\bigman_v001\previews\anim\hithead_front_f0012.png'
Time: 00:00.47 (Saving: 00:00.03)

Fra:12 Mem:108.80M (Peak 111.96M) | Time:00:00.30 | Rendering 1 / 64 samples
Fra:12 Mem:108.80M (Peak 111.96M) | Time:00:00.34 | Rendering 25 / 64 samples
Fra:12 Mem:108.80M (Peak 111.96M) | Time:00:00.37 | Rendering 50 / 64 samples
Fra:12 Mem:108.80M (Peak 111.96M) | Time:00:00.39 | Rendering 64 / 64 samples
Fra:12 Mem:76.75M (Peak 121.89M) | Time:00:00.42 | Compositing
Saved: 'I:\工作项目\BIGMANFIGHT\角色资产\美术资产\bigman_v001\previews\anim\hithead_three_quarter_f0012.png'
Time: 00:00.46 (Saving: 00:00.03)

Fra:18 Mem:108.80M (Peak 111.96M) | Time:00:00.31 | Rendering 1 / 64 samples
Fra:18 Mem:108.80M (Peak 111.96M) | Time:00:00.35 | Rendering 25 / 64 samples
Fra:18 Mem:108.80M (Peak 111.96M) | Time:00:00.38 | Rendering 50 / 64 samples
Fra:18 Mem:108.80M (Peak 111.96M) | Time:00:00.40 | Rendering 64 / 64 samples
Fra:18 Mem:76.75M (Peak 121.89M) | Time:00:00.42 | Compositing
Saved: 'I:\工作项目\BIGMANFIGHT\角色资产\美术资产\bigman_v001\previews\anim\hithead_side_f0018.png'
Time: 00:00.47 (Saving: 00:00.03)

Fra:18 Mem:108.80M (Peak 111.96M) | Time:00:00.30 | Rendering 1 / 64 samples
Fra:18 Mem:108.80M (Peak 111.96M) | Time:00:00.33 | Rendering 25 / 64 samples
Fra:18 Mem:108.80M (Peak 111.96M) | Time:00:00.37 | Rendering 50 / 64 samples
Fra:18 Mem:108.80M (Peak 111.96M) | Time:00:00.39 | Rendering 64 / 64 samples
Fra:18 Mem:76.75M (Peak 121.89M) | Time:00:00.41 | Compositing
Saved: 'I:\工作项目\BIGMANFIGHT\角色资产\美术资产\bigman_v001\previews\anim\hithead_front_f0018.png'
Time: 00:00.45 (Saving: 00:00.03)

Fra:18 Mem:108.80M (Peak 111.96M) | Time:00:00.28 | Rendering 1 / 64 samples
Fra:18 Mem:108.80M (Peak 111.96M) | Time:00:00.32 | Rendering 25 / 64 samples
Fra:18 Mem:108.80M (Peak 111.96M) | Time:00:00.36 | Rendering 50 / 64 samples
Fra:18 Mem:108.80M (Peak 111.96M) | Time:00:00.38 | Rendering 64 / 64 samples
Fra:18 Mem:76.75M (Peak 121.89M) | Time:00:00.40 | Compositing
Saved: 'I:\工作项目\BIGMANFIGHT\角色资产\美术资产\bigman_v001\previews\anim\hithead_three_quarter_f0018.png'
Time: 00:00.44 (Saving: 00:00.03)

Fra:22 Mem:108.80M (Peak 111.96M) | Time:00:00.28 | Rendering 1 / 64 samples
Fra:22 Mem:108.80M (Peak 111.96M) | Time:00:00.32 | Rendering 25 / 64 samples
Fra:22 Mem:108.80M (Peak 111.96M) | Time:00:00.35 | Rendering 50 / 64 samples
Fra:22 Mem:108.80M (Peak 111.96M) | Time:00:00.37 | Rendering 64 / 64 samples
Fra:22 Mem:76.75M (Peak 121.89M) | Time:00:00.39 | Compositing
Saved: 'I:\工作项目\BIGMANFIGHT\角色资产\美术资产\bigman_v001\previews\anim\hithead_side_f0022.png'
Time: 00:00.43 (Saving: 00:00.03)

Fra:22 Mem:108.80M (Peak 111.96M) | Time:00:00.24 | Rendering 1 / 64 samples
Fra:22 Mem:108.80M (Peak 111.96M) | Time:00:00.28 | Rendering 25 / 64 samples
Fra:22 Mem:108.80M (Peak 111.96M) | Time:00:00.32 | Rendering 50 / 64 samples
Fra:22 Mem:108.80M (Peak 111.96M) | Time:00:00.34 | Rendering 64 / 64 samples
Fra:22 Mem:76.75M (Peak 121.89M) | Time:00:00.36 | Compositing
Saved: 'I:\工作项目\BIGMANFIGHT\角色资产\美术资产\bigman_v001\previews\anim\hithead_front_f0022.png'
Time: 00:00.40 (Saving: 00:00.03)

Fra:22 Mem:108.80M (Peak 111.96M) | Time:00:00.27 | Rendering 1 / 64 samples
Fra:22 Mem:108.80M (Peak 111.96M) | Time:00:00.30 | Rendering 25 / 64 samples
Fra:22 Mem:108.80M (Peak 111.96M) | Time:00:00.34 | Rendering 50 / 64 samples
Fra:22 Mem:108.80M (Peak 111.96M) | Time:00:00.36 | Rendering 64 / 64 samples
Fra:22 Mem:76.75M (Peak 121.89M) | Time:00:00.38 | Compositing
Saved: 'I:\工作项目\BIGMANFIGHT\角色资产\美术资产\bigman_v001\previews\anim\hithead_three_quarter_f0022.png'
Time: 00:00.42 (Saving: 00:00.03)

Fra:30 Mem:108.80M (Peak 111.96M) | Time:00:00.30 | Rendering 1 / 64 samples
Fra:30 Mem:108.80M (Peak 111.96M) | Time:00:00.34 | Rendering 25 / 64 samples
Fra:30 Mem:108.80M (Peak 111.96M) | Time:00:00.37 | Rendering 50 / 64 samples
Fra:30 Mem:108.80M (Peak 111.96M) | Time:00:00.39 | Rendering 64 / 64 samples
Fra:30 Mem:76.75M (Peak 121.89M) | Time:00:00.41 | Compositing
Saved: 'I:\工作项目\BIGMANFIGHT\角色资产\美术资产\bigman_v001\previews\anim\hithead_side_f0030.png'
Time: 00:00.45 (Saving: 00:00.03)

Fra:30 Mem:108.80M (Peak 111.96M) | Time:00:00.30 | Rendering 1 / 64 samples
Fra:30 Mem:108.80M (Peak 111.96M) | Time:00:00.33 | Rendering 25 / 64 samples
Fra:30 Mem:108.80M (Peak 111.96M) | Time:00:00.37 | Rendering 50 / 64 samples
Fra:30 Mem:108.80M (Peak 111.96M) | Time:00:00.39 | Rendering 64 / 64 samples
Fra:30 Mem:76.75M (Peak 121.89M) | Time:00:00.41 | Compositing
Saved: 'I:\工作项目\BIGMANFIGHT\角色资产\美术资产\bigman_v001\previews\anim\hithead_front_f0030.png'
Time: 00:00.45 (Saving: 00:00.03)

Fra:30 Mem:108.80M (Peak 111.96M) | Time:00:00.30 | Rendering 1 / 64 samples
Fra:30 Mem:108.80M (Peak 111.96M) | Time:00:00.33 | Rendering 25 / 64 samples
Fra:30 Mem:108.80M (Peak 111.96M) | Time:00:00.37 | Rendering 50 / 64 samples
Fra:30 Mem:108.80M (Peak 111.96M) | Time:00:00.39 | Rendering 64 / 64 samples
Fra:30 Mem:76.75M (Peak 121.89M) | Time:00:00.41 | Compositing
Saved: 'I:\工作项目\BIGMANFIGHT\角色资产\美术资产\bigman_v001\previews\anim\hithead_three_quarter_f0030.png'
Time: 00:00.45 (Saving: 00:00.03)

Fra:34 Mem:108.80M (Peak 111.96M) | Time:00:00.30 | Rendering 1 / 64 samples
Fra:34 Mem:108.80M (Peak 111.96M) | Time:00:00.34 | Rendering 25 / 64 samples
Fra:34 Mem:108.80M (Peak 111.96M) | Time:00:00.37 | Rendering 50 / 64 samples
Fra:34 Mem:108.80M (Peak 111.96M) | Time:00:00.40 | Rendering 64 / 64 samples
Fra:34 Mem:76.75M (Peak 121.89M) | Time:00:00.41 | Compositing
Saved: 'I:\工作项目\BIGMANFIGHT\角色资产\美术资产\bigman_v001\previews\anim\hithead_side_f0034.png'
Time: 00:00.45 (Saving: 00:00.03)

Fra:34 Mem:108.80M (Peak 111.96M) | Time:00:00.31 | Rendering 1 / 64 samples
Fra:34 Mem:108.80M (Peak 111.96M) | Time:00:00.35 | Rendering 25 / 64 samples
Fra:34 Mem:108.80M (Peak 111.96M) | Time:00:00.38 | Rendering 50 / 64 samples
Fra:34 Mem:108.80M (Peak 111.96M) | Time:00:00.40 | Rendering 64 / 64 samples
Fra:34 Mem:76.75M (Peak 121.89M) | Time:00:00.42 | Compositing
Saved: 'I:\工作项目\BIGMANFIGHT\角色资产\美术资产\bigman_v001\previews\anim\hithead_front_f0034.png'
Time: 00:00.46 (Saving: 00:00.03)

Fra:34 Mem:108.80M (Peak 111.96M) | Time:00:00.31 | Rendering 1 / 64 samples
Fra:34 Mem:108.80M (Peak 111.96M) | Time:00:00.34 | Rendering 25 / 64 samples
Fra:34 Mem:108.80M (Peak 111.96M) | Time:00:00.38 | Rendering 50 / 64 samples
Fra:34 Mem:108.80M (Peak 111.96M) | Time:00:00.40 | Rendering 64 / 64 samples
Fra:34 Mem:76.75M (Peak 121.89M) | Time:00:00.42 | Compositing
Saved: 'I:\工作项目\BIGMANFIGHT\角色资产\美术资产\bigman_v001\previews\anim\hithead_three_quarter_f0034.png'
Time: 00:00.46 (Saving: 00:00.03)

D09_LAYOUT {"total_frames": 34, "seconds": 0.567, "impact": 3, "hold_end": 6, "hit_hold": 3, "rebound": 18, "dump_end": 22, "shake_end": 25, "recover_end": 26, "cancel": 30, "segments": 3, "hit_points": 0, "root_motion_m": [0.0, 0.0], "force_direction": "头部（力把头顶往 +Y 身后甩）", "leg_plan": "无步态：踝目标 = 零位常量，脚全程钉住", "zero_source": "Idle_01@0（落盘 action，非重演）", "zero_pose_src": {"action": "Idle_01", "found": true, "frame": 0, "expected_frame": 0, "rot_bones": 52, "loc_bones": ["pelvis"], "frame_range": [0, 180]}, "zero_vs_idle_pose_euler_max_diff_deg": 4e-06, "zero_vs_idle_pose_worst_bone": "ring_03.R", "zero_vs_idle_pose_geom_pos_mm": 0.0, "zero_vs_idle_pose_geom_dir_deg": 0.029956, "zero_pelvis_z_mm": 830.0, "zero_head_pitch_deg": -8.0, "zero_neck_pitch_deg": -3.0, "zero_fist_mm": {"L": [144.52, -307.73, 1271.06], "R": [-129.58, -273.48, 1298.18]}, "zero_fist_spread_mm": 274.1, "zero_ankle_mm": {"L": [143.18, -169.57, 79.76], "R": [-141.58, 140.43, 79.83]}, "zero_knee_dir": {"L": [-0.0194, -0.9755, 0.2191], "R": [-0.0077, -0.983, -0.1835]}, "bone_len_mm": {"neck": 120.0, "head": 230.0}, "neck_whip_deg": -19.0, "head_whip_deg": -6.65, "head_whip_ratio": 0.35, "shoulder_whip_deg": 2.0, "neck_yaw_deg": 1.2, "head_yaw_deg": 1.8, "whip_keys": [[0, 0.0], [1, 0.3], [2, 0.68], [3, 1.0], [6, 1.0], [12, 0.22], [16, -0.07], [18, -0.1], [22, 0.014], [25, -0.005], [26, 0.0], [34, 0.0]], "head_pitch_gate_deg": [14.0, 28.0], "head_rebound_gate_deg": [-6.0, -0.5], "head_back_gate_mm": [50.0, 180.0], "overshoot_gate": [0.08, 0.12], "note": "D09 头部受击：零位 = Idle_01 落盘帧 0；升 3 / 硬直 3 / 降 20；★ **局部受力** —— 躯干清 0（骨盆/脊柱逐位不动）、只 neck + head 后甩（分工比 1 : 0.35）；峰值后**反向过冲 8~12%**（惯性）再微抖归零；腿无步态、脚全程钉住（no_foot_slide 回归默认口径）；末帧**逐位回零位**（含位置）"}
D09_REPORT {"loop_seamless": null, "foot_travel_mm_toe.L": 0.02, "no_foot_slide_toe.L": true, "foot_travel_mm_toe.R": 0.02, "no_foot_slide_toe.R": true, "ground_min_mm": -0.98, "ground_contact_ok": true, "max_frame_step_deg": 7.22, "max_frame_step_at": [2, "neck"], "no_teleport": true, "bone_travel_mm": {"pelvis": 0.0, "chest": 0.0, "head": 39.61, "hand.L": 0.0, "hand.R": 0.0}, "head_pitch_zero_deg": -8.0, "head_pitch_impact_deg": 25.6432, "head_pitch_peak_deg": 25.6432, "head_pitch_rebound_deg": -2.5649, "head_pitch_peak_at": 3, "head_pitch_rebound_at": 18, "head_pitch_at_impact_ok": true, "head_pitch_delta_ok": true, "head_pitch_direction_can_fail_ok": true, "head_back_mm": 141.06, "head_back_max_mm": 141.06, "head_back_min_mm": -14.13, "neck_back_mm": 0.0, "head_rise_mm": -13.08, "head_back_ok": true, "head_back_direction_can_fail_ok": true, "hit_head_ok": true, "neck_delta_rx_deg": -19.0, "head_delta_rx_deg": -6.65, "neck_head_ratio": 0.35, "neck_head_ratio_ok": true, "torso_delta_deg": 0.0, "torso_delta_bone": null, "torso_pitch_delta_deg": 0.0, "pelvis_move_mm": 0.0, "torso_still_ok": true, "torso_still_can_fail_ok": true, "overshoot_ratio": 0.1, "overshoot_ok": true, "settle_max_deg": 0.0, "settle_step_deg": 0.0, "shake_tail_deg": [0.3591, -0.1283, 0.0], "settle_ok": true, "lead_f1_pitch_deg": 7.6951, "lead_f1_ratio": 0.3001, "lead_torso_progress_deg": 0.0, "lead_at_f1_ok": true, "lead_at_f1_can_fail_ok": true, "fist_dev_mm": 0.0, "fist_dev_at": ["L", 17], "fist_held_ok": true, "shoulder_rise_mm": 3.67, "fist_spread_zero_mm": 274.1, "fist_spread_impact_mm": 274.1, "press_rise_frames": 3, "press_fall_frames": 20, "hit_speed_ok": true, "press_at_f1": 0.3333, "whip_at_f1": 0.3, "hitstop_frames": 3, "hitstop_drift_deg": 0.0, "hitstop_drift_at": [4, "forearm.R"], "hitstop_present": true, "foot_slide_mm": {"L": 0.0, "R": 0.0}, "no_foot_slide_ok": true, "end_world_pose_mm": 0.0, "end_world_pose_bone": null, "end_world_per_bone_mm": {}, "end_torso_euler_deg": 0.0, "end_torso_euler_bone": null, "end_torso_ok": true, "end_stance_err_mm": 0.0, "end_stance_bone": null, "end_sole_mm": {"L": 1.06, "R": -0.96}, "end_stance_ok": true, "end_last2_deg": 0.0, "zero_shortcut_frames": 9, "zero_shortcut_expect": 9, "zero_shortcut_ok": true, "end_identical_mm": 0.0, "end_identical_bone": null, "end_identical_ok": true, "end_roll_deg": 0.0396, "end_roll_bone": "hand.L", "end_roll_bones": {}, "end_roll_ok": true, "hit_head_recover_ok": true, "clip_max_mm": 0.0, "clip_at": null, "clip_frame": null, "no_face_clip_ok": true, "reach_ratio_max": 0.40035, "reach_ratio_at": [18, "L"], "reach_ok": true, "leg_reach_ratio_max": 0.93843, "leg_reach_ratio_at": [0, "L"], "leg_reach_ok": true, "knee_delta_deg": {"L": 0.0092, "R": 0.0086}, "knee_delta_max_deg": 0.0092, "knee_passive_ok": true, "px_per_mm": 0.556, "head_back_px": 78.43, "head_pitch_px_equiv": 11.12, "zero_fist_mm": {"L": [144.5, -307.7, 1271.1], "R": [-129.6, -273.5, 1298.2]}, "impact_fist_mm": {"L": [144.5, -307.7, 1271.1], "R": [-129.6, -273.5, 1298.2]}, "aspect": 0.3351, "fill_grid": 0.5932, "width_m": 0.5805, "height_m": 1.7323, "meta": {"anim_id": "Hit_Head", "loop": false, "category": "防御与受击", "note": "头部受击：局部受力，躯干清 0、只头颈后甩（neck : head = 1 : 0.35），峰值后反向过冲 8~12% 再微抖归零；腿无步态、脚全程钉住；末帧逐位回零位（含位置）", "antic_frame": 0, "hit_frame": 3, "cancel_frame": 30, "stagger_end_frame": 6, "hitstop_frames": 3, "hit_points": 0, "root_motion_m": [0.0, 0.0], "hit_point_m": null, "start_pose_ref": "Idle_01 帧 0（战斗待机）", "end_pose_ref": "Idle_01 帧 0（**逐位回原位**）", "fps": 60, "frames": [0, 34]}, "ua_start_delta_deg": 0.0, "ua_start_ok": true, "idle_zero_saved_ok": true, "idle_zero_src": "Idle_01@0", "idle_zero_euler_max_diff_deg": 4e-06, "idle_zero_euler_worst_bone": "ring_03.R", "idle_zero_euler_roll_free_bones": {}, "idle_zero_geom_pos_mm": 0.0, "idle_zero_geom_dir_deg": 0.029956, "failed": [], "non_ok_bools": []}
Info: Saved as "bigman_anim_v001.blend"
INFO Draco mesh compression is available, use library at D:\Program Files\Blender Foundation\Blender 4.5\4.5\scripts\addons_core\io_scene_gltf2\extern_draco.dll
23:09:51 | INFO: Starting glTF 2.0 export
23:09:51 | INFO: Extracting primitive: Mesh
23:09:51 | INFO: Primitives created: 1
23:09:51 | INFO: Extracting primitive: Mesh
23:09:51 | INFO: Primitives created: 1
23:09:51 | INFO: Extracting primitive: Collar_Point_L
23:09:51 | INFO: Primitives created: 1
23:09:51 | INFO: Extracting primitive: Collar_Point_R
23:09:51 | INFO: Primitives created: 1
23:09:51 | INFO: Extracting primitive: Ear_Inner_L
23:09:51 | INFO: Primitives created: 1
23:09:51 | INFO: Extracting primitive: Ear_Inner_R
23:09:51 | INFO: Primitives created: 1
23:09:51 | INFO: Extracting primitive: Ear_L
23:09:51 | INFO: Primitives created: 1
23:09:51 | INFO: Extracting primitive: Ear_Lobe_L
23:09:51 | INFO: Primitives created: 1
23:09:51 | INFO: Extracting primitive: Ear_Lobe_R
23:09:51 | INFO: Primitives created: 1
23:09:51 | INFO: Extracting primitive: Ear_R
23:09:51 | INFO: Primitives created: 1
23:09:51 | INFO: Extracting primitive: Eye_Glint_L
23:09:51 | INFO: Primitives created: 1
23:09:51 | INFO: Extracting primitive: Eye_Glint_R
23:09:51 | INFO: Primitives created: 1
23:09:51 | INFO: Extracting primitive: Eye_Line_Upper_L
23:09:51 | INFO: Primitives created: 1
23:09:51 | INFO: Extracting primitive: Eye_Line_Upper_R
23:09:51 | INFO: Primitives created: 1
23:09:51 | INFO: Extracting primitive: Eye_White_L
23:09:51 | INFO: Primitives created: 1
23:09:51 | INFO: Extracting primitive: Eye_White_R
23:09:51 | INFO: Primitives created: 1
23:09:51 | INFO: Extracting primitive: Eyebrow_L
23:09:51 | INFO: Primitives created: 1
23:09:51 | INFO: Extracting primitive: Eyebrow_R
23:09:51 | INFO: Primitives created: 1
23:09:51 | INFO: Extracting primitive: Eyelid_Lower_L
23:09:51 | INFO: Primitives created: 1
23:09:51 | INFO: Extracting primitive: Eyelid_Lower_R
23:09:51 | INFO: Primitives created: 1
23:09:51 | INFO: Extracting primitive: Eyelid_Upper_L
23:09:51 | INFO: Primitives created: 1
23:09:51 | INFO: Extracting primitive: Eyelid_Upper_R
23:09:51 | INFO: Primitives created: 1
23:09:51 | INFO: Extracting primitive: Mesh
23:09:51 | INFO: Primitives created: 1
23:09:51 | INFO: Extracting primitive: Mesh
23:09:51 | INFO: Primitives created: 1
23:09:51 | INFO: Extracting primitive: Mesh
23:09:51 | INFO: Primitives created: 1
23:09:51 | INFO: Extracting primitive: Mesh
23:09:51 | INFO: Primitives created: 1
23:09:51 | INFO: Extracting primitive: Mesh
23:09:51 | INFO: Primitives created: 1
23:09:51 | INFO: Extracting primitive: Mesh
23:09:51 | INFO: Primitives created: 1
23:09:51 | INFO: Extracting primitive: Mesh
23:09:51 | INFO: Primitives created: 1
23:09:51 | INFO: Extracting primitive: Mesh
23:09:51 | INFO: Primitives created: 1
23:09:51 | INFO: Extracting primitive: Glasses_Bridge
23:09:51 | INFO: Primitives created: 1
23:09:51 | INFO: Extracting primitive: Glasses_Frame_L
23:09:51 | INFO: Primitives created: 1
23:09:51 | INFO: Extracting primitive: Glasses_Frame_R
23:09:51 | INFO: Primitives created: 1
23:09:51 | INFO: Extracting primitive: Glasses_Temple_L
23:09:51 | INFO: Primitives created: 1
23:09:51 | INFO: Extracting primitive: Glasses_Temple_R
23:09:51 | INFO: Primitives created: 1
23:09:51 | INFO: Extracting primitive: Mesh
23:09:51 | INFO: Primitives created: 1
23:09:51 | INFO: Extracting primitive: Mesh
23:09:51 | INFO: Primitives created: 1
23:09:51 | INFO: Extracting primitive: Mesh
23:09:51 | INFO: Primitives created: 1
23:09:51 | INFO: Extracting primitive: Mesh
23:09:51 | INFO: Primitives created: 1
23:09:51 | INFO: Extracting primitive: Mesh
23:09:51 | INFO: Primitives created: 1
23:09:51 | INFO: Extracting primitive: Iris_L
23:09:51 | INFO: Primitives created: 1
23:09:51 | INFO: Extracting primitive: Iris_R
23:09:51 | INFO: Primitives created: 1
23:09:51 | INFO: Extracting primitive: Iris_Ring_L
23:09:51 | INFO: Primitives created: 1
23:09:51 | INFO: Extracting primitive: Iris_Ring_R
23:09:51 | INFO: Primitives created: 1
23:09:51 | INFO: Extracting primitive: Jacket_Back_Seam
23:09:51 | INFO: Primitives created: 1
23:09:51 | INFO: Extracting primitive: Jacket_Button_1
23:09:51 | INFO: Primitives created: 1
23:09:51 | INFO: Extracting primitive: Jacket_Button_2
23:09:51 | INFO: Primitives created: 1
23:09:51 | INFO: Extracting primitive: Jacket_Collar
23:09:51 | INFO: Primitives created: 1
23:09:51 | INFO: Extracting primitive: Jacket_Lapel_L
23:09:51 | INFO: Primitives created: 1
23:09:51 | INFO: Extracting primitive: Jacket_Lapel_R
23:09:51 | INFO: Primitives created: 1
23:09:51 | INFO: Extracting primitive: Jacket_Vent
23:09:51 | INFO: Primitives created: 1
23:09:51 | INFO: Extracting primitive: Lapel_Fold_L
23:09:51 | INFO: Primitives created: 1
23:09:51 | INFO: Extracting primitive: Lapel_Fold_R
23:09:51 | INFO: Primitives created: 1
23:09:51 | INFO: Extracting primitive: Lapel_Notch_L
23:09:51 | INFO: Primitives created: 1
23:09:51 | INFO: Extracting primitive: Lapel_Notch_R
23:09:51 | INFO: Primitives created: 1
23:09:51 | INFO: Extracting primitive: Lower_Lip
23:09:51 | INFO: Primitives created: 1
23:09:51 | INFO: Extracting primitive: Mouth_Line
23:09:51 | INFO: Primitives created: 1
23:09:51 | INFO: Extracting primitive: Mesh
23:09:51 | INFO: Primitives created: 1
23:09:51 | INFO: Extracting primitive: Mesh
23:09:51 | INFO: Primitives created: 1
23:09:51 | INFO: Extracting primitive: Nose_Wing_L
23:09:51 | INFO: Primitives created: 1
23:09:51 | INFO: Extracting primitive: Nose_Wing_R
23:09:51 | INFO: Primitives created: 1
23:09:51 | INFO: Extracting primitive: Pocket_Flap_L
23:09:51 | INFO: Primitives created: 1
23:09:51 | INFO: Extracting primitive: Pocket_Flap_R
23:09:51 | INFO: Primitives created: 1
23:09:51 | INFO: Extracting primitive: Pupil_L
23:09:51 | INFO: Primitives created: 1
23:09:51 | INFO: Extracting primitive: Pupil_R
23:09:51 | INFO: Primitives created: 1
23:09:51 | INFO: Extracting primitive: Shirt_Collar
23:09:51 | INFO: Primitives created: 1
23:09:51 | INFO: Extracting primitive: Shirt_Cuff_L
23:09:51 | INFO: Primitives created: 1
23:09:51 | INFO: Extracting primitive: Shirt_Cuff_R
23:09:51 | INFO: Primitives created: 1
23:09:51 | INFO: Extracting primitive: Shirt_Front
23:09:51 | INFO: Primitives created: 1
23:09:51 | INFO: Extracting primitive: Mesh
23:09:51 | INFO: Primitives created: 1
23:09:51 | INFO: Extracting primitive: Mesh
23:09:51 | INFO: Primitives created: 1
23:09:51 | INFO: Extracting primitive: Mesh
23:09:51 | INFO: Primitives created: 1
23:09:51 | INFO: Extracting primitive: Mesh
23:09:51 | INFO: Primitives created: 1
23:09:51 | INFO: Extracting primitive: Shoe_Toe_Cap_L
23:09:51 | INFO: Primitives created: 1
23:09:51 | INFO: Extracting primitive: Shoe_Toe_Cap_R
23:09:51 | INFO: Primitives created: 1
23:09:51 | INFO: Extracting primitive: Mesh
23:09:51 | INFO: Primitives created: 1
23:09:51 | INFO: Extracting primitive: Mesh
23:09:51 | INFO: Primitives created: 1
23:09:51 | INFO: Extracting primitive: Sleeve_Button_1_L
23:09:51 | INFO: Primitives created: 1
23:09:51 | INFO: Extracting primitive: Sleeve_Button_1_R
23:09:51 | INFO: Primitives created: 1
23:09:51 | INFO: Extracting primitive: Sleeve_Button_2_L
23:09:51 | INFO: Primitives created: 1
23:09:51 | INFO: Extracting primitive: Sleeve_Button_2_R
23:09:51 | INFO: Primitives created: 1
23:09:51 | INFO: Extracting primitive: Sleeve_Button_3_L
23:09:51 | INFO: Primitives created: 1
23:09:51 | INFO: Extracting primitive: Sleeve_Button_3_R
23:09:51 | INFO: Primitives created: 1
23:09:51 | INFO: Extracting primitive: Mesh
23:09:51 | INFO: Primitives created: 1
23:09:51 | INFO: Extracting primitive: Mesh
23:09:51 | INFO: Primitives created: 1
23:09:51 | INFO: Extracting primitive: Mesh
23:09:51 | INFO: Primitives created: 1
23:09:51 | INFO: Extracting primitive: Mesh
23:09:51 | INFO: Primitives created: 1
23:09:51 | INFO: Extracting primitive: Mesh
23:09:51 | INFO: Primitives created: 1
23:09:51 | INFO: Extracting primitive: Mesh
23:09:51 | INFO: Primitives created: 1
23:09:51 | INFO: Extracting primitive: Mesh
23:09:51 | INFO: Primitives created: 1
23:09:51 | INFO: Extracting primitive: Upper_Lip
23:09:51 | INFO: Primitives created: 1
23:10:10 | WARNING: Baking animation because there are keyframes with different interpolation methods in one channel
23:10:10 | WARNING: Baking animation because there are keyframes with different interpolation methods in one channel
23:10:10 | WARNING: Baking animation because there are keyframes with different interpolation methods in one channel
23:10:10 | WARNING: Baking animation because there are keyframes with different interpolation methods in one channel
23:10:10 | WARNING: Baking animation because there are keyframes with different interpolation methods in one channel
23:10:10 | WARNING: Baking animation because there are keyframes with different interpolation methods in one channel
23:10:10 | WARNING: Baking animation because there are keyframes with different interpolation methods in one channel
23:10:10 | WARNING: Baking animation because there are keyframes with different interpolation methods in one channel
23:10:10 | WARNING: Baking animation because there are keyframes with different interpolation methods in one channel
23:10:10 | WARNING: Baking animation because there are keyframes with different interpolation methods in one channel
23:10:10 | WARNING: Baking animation because there are keyframes with different interpolation methods in one channel
23:10:10 | WARNING: Baking animation because there are keyframes with different interpolation methods in one channel
23:10:10 | WARNING: Baking animation because there are keyframes with different interpolation methods in one channel
23:10:10 | WARNING: Baking animation because there are keyframes with different interpolation methods in one channel
23:10:10 | WARNING: Baking animation because there are keyframes with different interpolation methods in one channel
23:10:10 | WARNING: Baking animation because there are keyframes with different interpolation methods in one channel
23:10:10 | WARNING: Baking animation because there are keyframes with different interpolation methods in one channel
23:10:10 | WARNING: Baking animation because there are keyframes with different interpolation methods in one channel
23:10:10 | WARNING: Baking animation because there are keyframes with different interpolation methods in one channel
23:10:10 | WARNING: Baking animation because there are keyframes with different interpolation methods in one channel
23:10:10 | WARNING: Baking animation because there are keyframes with different interpolation methods in one channel
23:10:10 | WARNING: Baking animation because there are keyframes with different interpolation methods in one channel
23:10:10 | WARNING: Baking animation because there are keyframes with different interpolation methods in one channel
23:10:10 | WARNING: Baking animation because there are keyframes with different interpolation methods in one channel
23:10:10 | WARNING: Baking animation because there are keyframes with different interpolation methods in one channel
23:10:10 | WARNING: Baking animation because there are keyframes with different interpolation methods in one channel
23:10:10 | WARNING: Baking animation because there are keyframes with different interpolation methods in one channel
23:10:10 | WARNING: Baking animation because there are keyframes with different interpolation methods in one channel
23:10:10 | WARNING: Baking animation because there are keyframes with different interpolation methods in one channel
23:10:10 | WARNING: Baking animation because there are keyframes with different interpolation methods in one channel
23:10:10 | WARNING: Baking animation because there are keyframes with different interpolation methods in one channel
23:10:10 | WARNING: Baking animation because there are keyframes with different interpolation methods in one channel
23:10:10 | WARNING: Baking animation because there are keyframes with different interpolation methods in one channel
23:10:10 | WARNING: Baking animation because there are keyframes with different interpolation methods in one channel
23:10:10 | WARNING: Baking animation because there are keyframes with different interpolation methods in one channel
23:10:10 | WARNING: Baking animation because there are keyframes with different interpolation methods in one channel
23:10:10 | WARNING: Baking animation because there are keyframes with different interpolation methods in one channel
23:10:10 | WARNING: Baking animation because there are keyframes with different interpolation methods in one channel
23:10:10 | WARNING: Baking animation because there are keyframes with different interpolation methods in one channel
23:10:10 | WARNING: Baking animation because there are keyframes with different interpolation methods in one channel
23:10:10 | WARNING: Baking animation because there are keyframes with different interpolation methods in one channel
23:10:10 | WARNING: Baking animation because there are keyframes with different interpolation methods in one channel
23:10:10 | WARNING: Baking animation because there are keyframes with different interpolation methods in one channel
23:10:10 | WARNING: Baking animation because there are keyframes with different interpolation methods in one channel
23:10:10 | WARNING: Baking animation because there are keyframes with different interpolation methods in one channel
23:10:10 | WARNING: Baking animation because there are keyframes with different interpolation methods in one channel
23:10:10 | WARNING: Baking animation because there are keyframes with different interpolation methods in one channel
23:10:10 | WARNING: Baking animation because there are keyframes with different interpolation methods in one channel
23:10:10 | WARNING: Baking animation because there are keyframes with different interpolation methods in one channel
23:10:10 | WARNING: Baking animation because there are keyframes with different interpolation methods in one channel
23:10:10 | WARNING: Baking animation because there are keyframes with different interpolation methods in one channel
23:10:10 | WARNING: Baking animation because there are keyframes with different interpolation methods in one channel
23:10:10 | WARNING: Baking animation because there are keyframes with different interpolation methods in one channel
23:10:11 | WARNING: Baking animation because there are keyframes with different interpolation methods in one channel
23:10:11 | WARNING: Baking animation because there are keyframes with different interpolation methods in one channel
23:10:11 | WARNING: Baking animation because there are keyframes with different interpolation methods in one channel
23:10:11 | WARNING: Baking animation because there are keyframes with different interpolation methods in one channel
23:10:11 | WARNING: Baking animation because there are keyframes with different interpolation methods in one channel
23:10:11 | WARNING: Baking animation because there are keyframes with different interpolation methods in one channel
23:10:11 | WARNING: Baking animation because there are keyframes with different interpolation methods in one channel
23:10:11 | WARNING: Baking animation because there are keyframes with different interpolation methods in one channel
23:10:11 | WARNING: Baking animation because there are keyframes with different interpolation methods in one channel
23:10:11 | WARNING: Baking animation because there are keyframes with different interpolation methods in one channel
23:10:11 | WARNING: Baking animation because there are keyframes with different interpolation methods in one channel
23:10:11 | WARNING: Baking animation because there are keyframes with different interpolation methods in one channel
23:10:11 | WARNING: Baking animation because there are keyframes with different interpolation methods in one channel
23:10:11 | WARNING: Baking animation because there are keyframes with different interpolation methods in one channel
23:10:11 | WARNING: Baking animation because there are keyframes with different interpolation methods in one channel
23:10:11 | WARNING: Baking animation because there are keyframes with different interpolation methods in one channel
23:10:11 | WARNING: Baking animation because there are keyframes with different interpolation methods in one channel
23:10:11 | WARNING: Baking animation because there are keyframes with different interpolation methods in one channel
23:10:11 | WARNING: Baking animation because there are keyframes with different interpolation methods in one channel
23:10:11 | WARNING: Baking animation because there are keyframes with different interpolation methods in one channel
23:10:11 | WARNING: Baking animation because there are keyframes with different interpolation methods in one channel
23:10:11 | WARNING: Baking animation because there are keyframes with different interpolation methods in one channel
23:10:11 | WARNING: Baking animation because there are keyframes with different interpolation methods in one channel
23:10:11 | WARNING: Baking animation because there are keyframes with different interpolation methods in one channel
23:10:11 | WARNING: Baking animation because there are keyframes with different interpolation methods in one channel
23:10:11 | WARNING: Baking animation because there are keyframes with different interpolation methods in one channel
23:10:11 | WARNING: Baking animation because there are keyframes with different interpolation methods in one channel
23:10:11 | WARNING: Baking animation because there are keyframes with different interpolation methods in one channel
23:10:11 | WARNING: Baking animation because there are keyframes with different interpolation methods in one channel
23:10:11 | WARNING: Baking animation because there are keyframes with different interpolation methods in one channel
23:10:11 | WARNING: Baking animation because there are keyframes with different interpolation methods in one channel
23:10:11 | WARNING: Baking animation because there are keyframes with different interpolation methods in one channel
23:10:11 | WARNING: Baking animation because there are keyframes with different interpolation methods in one channel
23:10:11 | WARNING: Baking animation because there are keyframes with different interpolation methods in one channel
23:10:11 | WARNING: Baking animation because there are keyframes with different interpolation methods in one channel
23:10:11 | WARNING: Baking animation because there are keyframes with different interpolation methods in one channel
23:10:11 | WARNING: Baking animation because there are keyframes with different interpolation methods in one channel
23:10:11 | WARNING: Baking animation because there are keyframes with different interpolation methods in one channel
23:10:11 | WARNING: Baking animation because there are keyframes with different interpolation methods in one channel
23:10:11 | WARNING: Baking animation because there are keyframes with different interpolation methods in one channel
23:10:11 | WARNING: Baking animation because there are keyframes with different interpolation methods in one channel
23:10:11 | WARNING: Baking animation because there are keyframes with different interpolation methods in one channel
23:10:11 | WARNING: Baking animation because there are keyframes with different interpolation methods in one channel
23:10:11 | WARNING: Baking animation because there are keyframes with different interpolation methods in one channel
23:10:11 | WARNING: Baking animation because there are keyframes with different interpolation methods in one channel
23:10:11 | WARNING: Baking animation because there are keyframes with different interpolation methods in one channel
23:10:11 | WARNING: Baking animation because there are keyframes with different interpolation methods in one channel
23:10:11 | WARNING: Baking animation because there are keyframes with different interpolation methods in one channel
23:10:11 | WARNING: Baking animation because there are keyframes with different interpolation methods in one channel
23:10:11 | WARNING: Baking animation because there are keyframes with different interpolation methods in one channel
23:10:11 | WARNING: Baking animation because there are keyframes with different interpolation methods in one channel
23:10:11 | WARNING: Baking animation because there are keyframes with different interpolation methods in one channel
23:10:11 | WARNING: Baking animation because there are keyframes with different interpolation methods in one channel
23:10:11 | WARNING: Baking animation because there are keyframes with different interpolation methods in one channel
23:10:11 | WARNING: Baking animation because there are keyframes with different interpolation methods in one channel
23:10:11 | WARNING: Baking animation because there are keyframes with different interpolation methods in one channel
23:10:11 | WARNING: Baking animation because there are keyframes with different interpolation methods in one channel
23:10:11 | WARNING: Baking animation because there are keyframes with different interpolation methods in one channel
23:10:11 | WARNING: Baking animation because there are keyframes with different interpolation methods in one channel
23:10:11 | WARNING: Baking animation because there are keyframes with different interpolation methods in one channel
23:10:11 | WARNING: Baking animation because there are keyframes with different interpolation methods in one channel
23:10:11 | WARNING: Baking animation because there are keyframes with different interpolation methods in one channel
23:10:11 | WARNING: Baking animation because there are keyframes with different interpolation methods in one channel
23:10:11 | WARNING: Baking animation because there are keyframes with different interpolation methods in one channel
23:10:11 | WARNING: Baking animation because there are keyframes with different interpolation methods in one channel
23:10:11 | WARNING: Baking animation because there are keyframes with different interpolation methods in one channel
23:10:11 | WARNING: Baking animation because there are keyframes with different interpolation methods in one channel
23:10:11 | WARNING: Baking animation because there are keyframes with different interpolation methods in one channel
23:10:11 | WARNING: Baking animation because there are keyframes with different interpolation methods in one channel
23:10:11 | WARNING: Baking animation because there are keyframes with different interpolation methods in one channel
23:10:11 | WARNING: Baking animation because there are keyframes with different interpolation methods in one channel
23:10:11 | WARNING: Baking animation because there are keyframes with different interpolation methods in one channel
23:10:11 | WARNING: Baking animation because there are keyframes with different interpolation methods in one channel
23:10:11 | WARNING: Baking animation because there are keyframes with different interpolation methods in one channel
23:10:11 | WARNING: Baking animation because there are keyframes with different interpolation methods in one channel
23:10:11 | WARNING: Baking animation because there are keyframes with different interpolation methods in one channel
23:10:11 | WARNING: Baking animation because there are keyframes with different interpolation methods in one channel
23:10:11 | WARNING: Baking animation because there are keyframes with different interpolation methods in one channel
23:10:11 | WARNING: Baking animation because there are keyframes with different interpolation methods in one channel
23:10:11 | WARNING: Baking animation because there are keyframes with different interpolation methods in one channel
23:10:11 | WARNING: Baking animation because there are keyframes with different interpolation methods in one channel
23:10:11 | WARNING: Baking animation because there are keyframes with different interpolation methods in one channel
23:10:11 | WARNING: Baking animation because there are keyframes with different interpolation methods in one channel
23:10:11 | WARNING: Baking animation because there are keyframes with different interpolation methods in one channel
23:10:11 | WARNING: Baking animation because there are keyframes with different interpolation methods in one channel
23:10:11 | WARNING: Baking animation because there are keyframes with different interpolation methods in one channel
23:10:11 | WARNING: Baking animation because there are keyframes with different interpolation methods in one channel
23:10:11 | WARNING: Baking animation because there are keyframes with different interpolation methods in one channel
23:10:11 | WARNING: Baking animation because there are keyframes with different interpolation methods in one channel
23:10:11 | WARNING: Baking animation because there are keyframes with different interpolation methods in one channel
23:10:11 | WARNING: Baking animation because there are keyframes with different interpolation methods in one channel
23:10:11 | WARNING: Baking animation because there are keyframes with different interpolation methods in one channel
23:10:11 | WARNING: Baking animation because there are keyframes with different interpolation methods in one channel
23:10:11 | WARNING: Baking animation because there are keyframes with different interpolation methods in one channel
23:10:11 | WARNING: Baking animation because there are keyframes with different interpolation methods in one channel
23:10:11 | WARNING: Baking animation because there are keyframes with different interpolation methods in one channel
23:10:11 | WARNING: Baking animation because there are keyframes with different interpolation methods in one channel
23:10:11 | WARNING: Baking animation because there are keyframes with different interpolation methods in one channel
23:10:11 | WARNING: Baking animation because there are keyframes with different interpolation methods in one channel
23:10:11 | WARNING: Baking animation because there are keyframes with different interpolation methods in one channel
23:10:11 | WARNING: Baking animation because there are keyframes with different interpolation methods in one channel
23:10:11 | WARNING: Baking animation because there are keyframes with different interpolation methods in one channel
23:10:11 | WARNING: Baking animation because there are keyframes with different interpolation methods in one channel
23:10:11 | WARNING: Baking animation because there are keyframes with different interpolation methods in one channel
23:10:11 | WARNING: Baking animation because there are keyframes with different interpolation methods in one channel
23:10:11 | WARNING: Baking animation because there are keyframes with different interpolation methods in one channel
23:10:12 | WARNING: Baking animation because there are keyframes with different interpolation methods in one channel
23:10:12 | WARNING: Baking animation because there are keyframes with different interpolation methods in one channel
23:10:12 | WARNING: Baking animation because there are keyframes with different interpolation methods in one channel
23:10:12 | WARNING: Baking animation because there are keyframes with different interpolation methods in one channel
23:10:12 | WARNING: Baking animation because there are keyframes with different interpolation methods in one channel
23:10:12 | WARNING: Baking animation because there are keyframes with different interpolation methods in one channel
23:10:12 | WARNING: Baking animation because there are keyframes with different interpolation methods in one channel
23:10:12 | WARNING: Baking animation because there are keyframes with different interpolation methods in one channel
23:10:12 | WARNING: Baking animation because there are keyframes with different interpolation methods in one channel
23:10:12 | WARNING: Baking animation because there are keyframes with different interpolation methods in one channel
23:10:12 | WARNING: Baking animation because there are keyframes with different interpolation methods in one channel
23:10:12 | WARNING: Baking animation because there are keyframes with different interpolation methods in one channel
23:10:12 | WARNING: Baking animation because there are keyframes with different interpolation methods in one channel
23:10:12 | WARNING: Baking animation because there are keyframes with different interpolation methods in one channel
23:10:12 | WARNING: Baking animation because there are keyframes with different interpolation methods in one channel
23:10:12 | WARNING: Baking animation because there are keyframes with different interpolation methods in one channel
23:10:12 | WARNING: Baking animation because there are keyframes with different interpolation methods in one channel
23:10:12 | WARNING: Baking animation because there are keyframes with different interpolation methods in one channel
23:10:12 | WARNING: Baking animation because there are keyframes with different interpolation methods in one channel
23:10:12 | WARNING: Baking animation because there are keyframes with different interpolation methods in one channel
23:10:12 | WARNING: Baking animation because there are keyframes with different interpolation methods in one channel
23:10:12 | WARNING: Baking animation because there are keyframes with different interpolation methods in one channel
23:10:12 | WARNING: Baking animation because there are keyframes with different interpolation methods in one channel
23:10:12 | WARNING: Baking animation because there are keyframes with different interpolation methods in one channel
23:10:12 | WARNING: Baking animation because there are keyframes with different interpolation methods in one channel
23:10:12 | WARNING: Baking animation because there are keyframes with different interpolation methods in one channel
23:10:12 | WARNING: Baking animation because there are keyframes with different interpolation methods in one channel
23:10:12 | WARNING: Baking animation because there are keyframes with different interpolation methods in one channel
23:10:12 | WARNING: Baking animation because there are keyframes with different interpolation methods in one channel
23:10:12 | WARNING: Baking animation because there are keyframes with different interpolation methods in one channel
23:10:12 | WARNING: Baking animation because there are keyframes with different interpolation methods in one channel
23:10:12 | WARNING: Baking animation because there are keyframes with different interpolation methods in one channel
23:10:12 | WARNING: Baking animation because there are keyframes with different interpolation methods in one channel
23:10:12 | WARNING: Baking animation because there are keyframes with different interpolation methods in one channel
23:10:12 | WARNING: Baking animation because there are keyframes with different interpolation methods in one channel
23:10:12 | WARNING: Baking animation because there are keyframes with different interpolation methods in one channel
23:10:12 | WARNING: Baking animation because there are keyframes with different interpolation methods in one channel
23:10:12 | WARNING: Baking animation because there are keyframes with different interpolation methods in one channel
23:10:12 | WARNING: Baking animation because there are keyframes with different interpolation methods in one channel
23:10:12 | WARNING: Baking animation because there are keyframes with different interpolation methods in one channel
23:10:12 | WARNING: Baking animation because there are keyframes with different interpolation methods in one channel
23:10:12 | WARNING: Baking animation because there are keyframes with different interpolation methods in one channel
23:10:12 | WARNING: Baking animation because there are keyframes with different interpolation methods in one channel
23:10:12 | WARNING: Baking animation because there are keyframes with different interpolation methods in one channel
23:10:12 | WARNING: Baking animation because there are keyframes with different interpolation methods in one channel
23:10:12 | WARNING: Baking animation because there are keyframes with different interpolation methods in one channel
23:10:12 | WARNING: Baking animation because there are keyframes with different interpolation methods in one channel
23:10:12 | WARNING: Baking animation because there are keyframes with different interpolation methods in one channel
23:10:12 | WARNING: Baking animation because there are keyframes with different interpolation methods in one channel
23:10:12 | WARNING: Baking animation because there are keyframes with different interpolation methods in one channel
23:10:12 | WARNING: Baking animation because there are keyframes with different interpolation methods in one channel
23:10:12 | WARNING: Baking animation because there are keyframes with different interpolation methods in one channel
23:10:12 | WARNING: Baking animation because there are keyframes with different interpolation methods in one channel
23:10:12 | WARNING: Baking animation because there are keyframes with different interpolation methods in one channel
23:10:12 | WARNING: Baking animation because there are keyframes with different interpolation methods in one channel
23:10:12 | WARNING: Baking animation because there are keyframes with different interpolation methods in one channel
23:10:12 | WARNING: Baking animation because there are keyframes with different interpolation methods in one channel
23:10:12 | WARNING: Baking animation because there are keyframes with different interpolation methods in one channel
23:10:12 | WARNING: Baking animation because there are keyframes with different interpolation methods in one channel
23:10:12 | WARNING: Baking animation because there are keyframes with different interpolation methods in one channel
23:10:12 | WARNING: Baking animation because there are keyframes with different interpolation methods in one channel
23:10:12 | WARNING: Baking animation because there are keyframes with different interpolation methods in one channel
23:10:12 | WARNING: Baking animation because there are keyframes with different interpolation methods in one channel
23:10:12 | WARNING: Baking animation because there are keyframes with different interpolation methods in one channel
23:10:12 | WARNING: Baking animation because there are keyframes with different interpolation methods in one channel
23:10:12 | WARNING: Baking animation because there are keyframes with different interpolation methods in one channel
23:10:12 | WARNING: Baking animation because there are keyframes with different interpolation methods in one channel
23:10:12 | WARNING: Baking animation because there are keyframes with different interpolation methods in one channel
23:10:12 | WARNING: Baking animation because there are keyframes with different interpolation methods in one channel
23:10:12 | WARNING: Baking animation because there are keyframes with different interpolation methods in one channel
23:10:12 | WARNING: Baking animation because there are keyframes with different interpolation methods in one channel
23:10:12 | WARNING: Baking animation because there are keyframes with different interpolation methods in one channel
23:10:12 | WARNING: Baking animation because there are keyframes with different interpolation methods in one channel
23:10:12 | WARNING: Baking animation because there are keyframes with different interpolation methods in one channel
23:10:12 | WARNING: Baking animation because there are keyframes with different interpolation methods in one channel
23:10:12 | WARNING: Baking animation because there are keyframes with different interpolation methods in one channel
23:10:12 | WARNING: Baking animation because there are keyframes with different interpolation methods in one channel
23:10:12 | WARNING: Baking animation because there are keyframes with different interpolation methods in one channel
23:10:12 | WARNING: Baking animation because there are keyframes with different interpolation methods in one channel
23:10:12 | WARNING: Baking animation because there are keyframes with different interpolation methods in one channel
23:10:12 | WARNING: Baking animation because there are keyframes with different interpolation methods in one channel
23:10:12 | WARNING: Baking animation because there are keyframes with different interpolation methods in one channel
23:10:12 | WARNING: Baking animation because there are keyframes with different interpolation methods in one channel
23:10:12 | WARNING: Baking animation because there are keyframes with different interpolation methods in one channel
23:10:12 | WARNING: Baking animation because there are keyframes with different interpolation methods in one channel
23:10:12 | WARNING: Baking animation because there are keyframes with different interpolation methods in one channel
23:10:12 | WARNING: Baking animation because there are keyframes with different interpolation methods in one channel
23:10:12 | WARNING: Baking animation because there are keyframes with different interpolation methods in one channel
23:10:12 | WARNING: Baking animation because there are keyframes with different interpolation methods in one channel
23:10:12 | WARNING: Baking animation because there are keyframes with different interpolation methods in one channel
23:10:12 | WARNING: Baking animation because there are keyframes with different interpolation methods in one channel
23:10:12 | WARNING: Baking animation because there are keyframes with different interpolation methods in one channel
23:10:12 | WARNING: Baking animation because there are keyframes with different interpolation methods in one channel
23:10:12 | WARNING: Baking animation because there are keyframes with different interpolation methods in one channel
23:10:12 | WARNING: Baking animation because there are keyframes with different interpolation methods in one channel
23:10:12 | WARNING: Baking animation because there are keyframes with different interpolation methods in one channel
23:10:12 | WARNING: Baking animation because there are keyframes with different interpolation methods in one channel
23:10:12 | WARNING: Baking animation because there are keyframes with different interpolation methods in one channel
23:10:12 | WARNING: Baking animation because there are keyframes with different interpolation methods in one channel
23:10:12 | WARNING: Baking animation because there are keyframes with different interpolation methods in one channel
23:10:12 | WARNING: Baking animation because there are keyframes with different interpolation methods in one channel
23:10:12 | WARNING: Baking animation because there are keyframes with different interpolation methods in one channel
23:10:12 | WARNING: Baking animation because there are keyframes with different interpolation methods in one channel
23:10:12 | WARNING: Baking animation because there are keyframes with different interpolation methods in one channel
23:10:12 | WARNING: Baking animation because there are keyframes with different interpolation methods in one channel
23:10:12 | WARNING: Baking animation because there are keyframes with different interpolation methods in one channel
23:10:13 | WARNING: Baking animation because there are keyframes with different interpolation methods in one channel
23:10:13 | WARNING: Baking animation because there are keyframes with different interpolation methods in one channel
23:10:13 | WARNING: Baking animation because there are keyframes with different interpolation methods in one channel
23:10:13 | WARNING: Baking animation because there are keyframes with different interpolation methods in one channel
23:10:13 | WARNING: Baking animation because there are keyframes with different interpolation methods in one channel
23:10:13 | WARNING: Baking animation because there are keyframes with different interpolation methods in one channel
23:10:13 | WARNING: Baking animation because there are keyframes with different interpolation methods in one channel
23:10:13 | WARNING: Baking animation because there are keyframes with different interpolation methods in one channel
23:10:13 | WARNING: Baking animation because there are keyframes with different interpolation methods in one channel
23:10:13 | WARNING: Baking animation because there are keyframes with different interpolation methods in one channel
23:10:13 | WARNING: Baking animation because there are keyframes with different interpolation methods in one channel
23:10:13 | WARNING: Baking animation because there are keyframes with different interpolation methods in one channel
23:10:13 | WARNING: Baking animation because there are keyframes with different interpolation methods in one channel
23:10:13 | WARNING: Baking animation because there are keyframes with different interpolation methods in one channel
23:10:13 | WARNING: Baking animation because there are keyframes with different interpolation methods in one channel
23:10:13 | WARNING: Baking animation because there are keyframes with different interpolation methods in one channel
23:10:13 | WARNING: Baking animation because there are keyframes with different interpolation methods in one channel
23:10:13 | WARNING: Baking animation because there are keyframes with different interpolation methods in one channel
23:10:13 | WARNING: Baking animation because there are keyframes with different interpolation methods in one channel
23:10:13 | WARNING: Baking animation because there are keyframes with different interpolation methods in one channel
23:10:13 | WARNING: Baking animation because there are keyframes with different interpolation methods in one channel
23:10:13 | WARNING: Baking animation because there are keyframes with different interpolation methods in one channel
23:10:13 | WARNING: Baking animation because there are keyframes with different interpolation methods in one channel
23:10:13 | WARNING: Baking animation because there are keyframes with different interpolation methods in one channel
23:10:13 | WARNING: Baking animation because there are keyframes with different interpolation methods in one channel
23:10:13 | WARNING: Baking animation because there are keyframes with different interpolation methods in one channel
23:10:13 | WARNING: Baking animation because there are keyframes with different interpolation methods in one channel
23:10:13 | WARNING: Baking animation because there are keyframes with different interpolation methods in one channel
23:10:13 | WARNING: Baking animation because there are keyframes with different interpolation methods in one channel
23:10:13 | WARNING: Baking animation because there are keyframes with different interpolation methods in one channel
23:10:13 | WARNING: Baking animation because there are keyframes with different interpolation methods in one channel
23:10:13 | WARNING: Baking animation because there are keyframes with different interpolation methods in one channel
23:10:13 | WARNING: Baking animation because there are keyframes with different interpolation methods in one channel
23:10:13 | WARNING: Baking animation because there are keyframes with different interpolation methods in one channel
23:10:13 | WARNING: Baking animation because there are keyframes with different interpolation methods in one channel
23:10:13 | WARNING: Baking animation because there are keyframes with different interpolation methods in one channel
23:10:13 | WARNING: Baking animation because there are keyframes with different interpolation methods in one channel
23:10:13 | WARNING: Baking animation because there are keyframes with different interpolation methods in one channel
23:10:13 | WARNING: Baking animation because there are keyframes with different interpolation methods in one channel
23:10:13 | WARNING: Baking animation because there are keyframes with different interpolation methods in one channel
23:10:13 | WARNING: Baking animation because there are keyframes with different interpolation methods in one channel
23:10:13 | WARNING: Baking animation because there are keyframes with different interpolation methods in one channel
23:10:13 | WARNING: Baking animation because there are keyframes with different interpolation methods in one channel
23:10:13 | WARNING: Baking animation because there are keyframes with different interpolation methods in one channel
23:10:13 | WARNING: Baking animation because there are keyframes with different interpolation methods in one channel
23:10:13 | WARNING: Baking animation because there are keyframes with different interpolation methods in one channel
23:10:13 | WARNING: Baking animation because there are keyframes with different interpolation methods in one channel
23:10:13 | WARNING: Baking animation because there are keyframes with different interpolation methods in one channel
23:10:13 | WARNING: Baking animation because there are keyframes with different interpolation methods in one channel
23:10:13 | WARNING: Baking animation because there are keyframes with different interpolation methods in one channel
23:10:13 | WARNING: Baking animation because there are keyframes with different interpolation methods in one channel
23:10:13 | WARNING: Baking animation because there are keyframes with different interpolation methods in one channel
23:10:13 | WARNING: Baking animation because there are keyframes with different interpolation methods in one channel
23:10:13 | WARNING: Baking animation because there are keyframes with different interpolation methods in one channel
23:10:13 | WARNING: Baking animation because there are keyframes with different interpolation methods in one channel
23:10:13 | WARNING: Baking animation because there are keyframes with different interpolation methods in one channel
23:10:13 | WARNING: Baking animation because there are keyframes with different interpolation methods in one channel
23:10:13 | WARNING: Baking animation because there are keyframes with different interpolation methods in one channel
23:10:13 | WARNING: Baking animation because there are keyframes with different interpolation methods in one channel
23:10:13 | WARNING: Baking animation because there are keyframes with different interpolation methods in one channel
23:10:13 | WARNING: Baking animation because there are keyframes with different interpolation methods in one channel
23:10:13 | WARNING: Baking animation because there are keyframes with different interpolation methods in one channel
23:10:13 | WARNING: Baking animation because there are keyframes with different interpolation methods in one channel
23:10:13 | WARNING: Baking animation because there are keyframes with different interpolation methods in one channel
23:10:13 | WARNING: Baking animation because there are keyframes with different interpolation methods in one channel
23:10:13 | WARNING: Baking animation because there are keyframes with different interpolation methods in one channel
23:10:13 | WARNING: Baking animation because there are keyframes with different interpolation methods in one channel
23:10:13 | WARNING: Baking animation because there are keyframes with different interpolation methods in one channel
23:10:13 | WARNING: Baking animation because there are keyframes with different interpolation methods in one channel
23:10:13 | WARNING: Baking animation because there are keyframes with different interpolation methods in one channel
23:10:13 | WARNING: Baking animation because there are keyframes with different interpolation methods in one channel
23:10:13 | WARNING: Baking animation because there are keyframes with different interpolation methods in one channel
23:10:13 | WARNING: Baking animation because there are keyframes with different interpolation methods in one channel
23:10:13 | WARNING: Baking animation because there are keyframes with different interpolation methods in one channel
23:10:13 | WARNING: Baking animation because there are keyframes with different interpolation methods in one channel
23:10:13 | WARNING: Baking animation because there are keyframes with different interpolation methods in one channel
23:10:13 | WARNING: Baking animation because there are keyframes with different interpolation methods in one channel
23:10:13 | WARNING: Baking animation because there are keyframes with different interpolation methods in one channel
23:10:13 | WARNING: Baking animation because there are keyframes with different interpolation methods in one channel
23:10:13 | WARNING: Baking animation because there are keyframes with different interpolation methods in one channel
23:10:13 | WARNING: Baking animation because there are keyframes with different interpolation methods in one channel
23:10:13 | WARNING: Baking animation because there are keyframes with different interpolation methods in one channel
23:10:13 | WARNING: Baking animation because there are keyframes with different interpolation methods in one channel
23:10:13 | WARNING: Baking animation because there are keyframes with different interpolation methods in one channel
23:10:13 | WARNING: Baking animation because there are keyframes with different interpolation methods in one channel
23:10:13 | WARNING: Baking animation because there are keyframes with different interpolation methods in one channel
23:10:13 | WARNING: Baking animation because there are keyframes with different interpolation methods in one channel
23:10:13 | WARNING: Baking animation because there are keyframes with different interpolation methods in one channel
23:10:13 | WARNING: Baking animation because there are keyframes with different interpolation methods in one channel
23:10:13 | WARNING: Baking animation because there are keyframes with different interpolation methods in one channel
23:10:13 | WARNING: Baking animation because there are keyframes with different interpolation methods in one channel
23:10:13 | WARNING: Baking animation because there are keyframes with different interpolation methods in one channel
23:10:13 | WARNING: Baking animation because there are keyframes with different interpolation methods in one channel
23:10:13 | WARNING: Baking animation because there are keyframes with different interpolation methods in one channel
23:10:13 | WARNING: Baking animation because there are keyframes with different interpolation methods in one channel
23:10:13 | WARNING: Baking animation because there are keyframes with different interpolation methods in one channel
23:10:13 | WARNING: Baking animation because there are keyframes with different interpolation methods in one channel
23:10:13 | WARNING: Baking animation because there are keyframes with different interpolation methods in one channel
23:10:13 | WARNING: Baking animation because there are keyframes with different interpolation methods in one channel
23:10:13 | WARNING: Baking animation because there are keyframes with different interpolation methods in one channel
23:10:13 | WARNING: Baking animation because there are keyframes with different interpolation methods in one channel
23:10:13 | WARNING: Baking animation because there are keyframes with different interpolation methods in one channel
23:10:13 | WARNING: Baking animation because there are keyframes with different interpolation methods in one channel
23:10:13 | WARNING: Baking animation because there are keyframes with different interpolation methods in one channel
23:10:13 | WARNING: Baking animation because there are keyframes with different interpolation methods in one channel
23:10:13 | WARNING: Baking animation because there are keyframes with different interpolation methods in one channel
23:10:15 | WARNING: Baking animation because there are keyframes with different interpolation methods in one channel
23:10:15 | WARNING: Baking animation because there are keyframes with different interpolation methods in one channel
23:10:15 | WARNING: Baking animation because there are keyframes with different interpolation methods in one channel
23:10:15 | WARNING: Baking animation because there are keyframes with different interpolation methods in one channel
23:10:15 | WARNING: Baking animation because there are keyframes with different interpolation methods in one channel
23:10:15 | WARNING: Baking animation because there are keyframes with different interpolation methods in one channel
23:10:15 | WARNING: Baking animation because there are keyframes with different interpolation methods in one channel
23:10:15 | WARNING: Baking animation because there are keyframes with different interpolation methods in one channel
23:10:15 | WARNING: Baking animation because there are keyframes with different interpolation methods in one channel
23:10:15 | WARNING: Baking animation because there are keyframes with different interpolation methods in one channel
23:10:15 | WARNING: Baking animation because there are keyframes with different interpolation methods in one channel
23:10:15 | WARNING: Baking animation because there are keyframes with different interpolation methods in one channel
23:10:15 | WARNING: Baking animation because there are keyframes with different interpolation methods in one channel
23:10:15 | WARNING: Baking animation because there are keyframes with different interpolation methods in one channel
23:10:15 | WARNING: Baking animation because there are keyframes with different interpolation methods in one channel
23:10:15 | WARNING: Baking animation because there are keyframes with different interpolation methods in one channel
23:10:15 | WARNING: Baking animation because there are keyframes with different interpolation methods in one channel
23:10:15 | WARNING: Baking animation because there are keyframes with different interpolation methods in one channel
23:10:15 | WARNING: Baking animation because there are keyframes with different interpolation methods in one channel
23:10:15 | WARNING: Baking animation because there are keyframes with different interpolation methods in one channel
23:10:15 | WARNING: Baking animation because there are keyframes with different interpolation methods in one channel
23:10:15 | WARNING: Baking animation because there are keyframes with different interpolation methods in one channel
23:10:15 | WARNING: Baking animation because there are keyframes with different interpolation methods in one channel
23:10:15 | WARNING: Baking animation because there are keyframes with different interpolation methods in one channel
23:10:15 | WARNING: Baking animation because there are keyframes with different interpolation methods in one channel
23:10:15 | WARNING: Baking animation because there are keyframes with different interpolation methods in one channel
23:10:15 | WARNING: Baking animation because there are keyframes with different interpolation methods in one channel
23:10:15 | WARNING: Baking animation because there are keyframes with different interpolation methods in one channel
23:10:15 | WARNING: Baking animation because there are keyframes with different interpolation methods in one channel
23:10:15 | WARNING: Baking animation because there are keyframes with different interpolation methods in one channel
23:10:15 | WARNING: Baking animation because there are keyframes with different interpolation methods in one channel
23:10:15 | WARNING: Baking animation because there are keyframes with different interpolation methods in one channel
23:10:15 | WARNING: Baking animation because there are keyframes with different interpolation methods in one channel
23:10:15 | WARNING: Baking animation because there are keyframes with different interpolation methods in one channel
23:10:15 | WARNING: Baking animation because there are keyframes with different interpolation methods in one channel
23:10:15 | WARNING: Baking animation because there are keyframes with different interpolation methods in one channel
23:10:15 | WARNING: Baking animation because there are keyframes with different interpolation methods in one channel
23:10:15 | WARNING: Baking animation because there are keyframes with different interpolation methods in one channel
23:10:15 | WARNING: Baking animation because there are keyframes with different interpolation methods in one channel
23:10:15 | WARNING: Baking animation because there are keyframes with different interpolation methods in one channel
23:10:15 | WARNING: Baking animation because there are keyframes with different interpolation methods in one channel
23:10:15 | WARNING: Baking animation because there are keyframes with different interpolation methods in one channel
23:10:15 | WARNING: Baking animation because there are keyframes with different interpolation methods in one channel
23:10:15 | WARNING: Baking animation because there are keyframes with different interpolation methods in one channel
23:10:15 | WARNING: Baking animation because there are keyframes with different interpolation methods in one channel
23:10:15 | WARNING: Baking animation because there are keyframes with different interpolation methods in one channel
23:10:15 | WARNING: Baking animation because there are keyframes with different interpolation methods in one channel
23:10:15 | WARNING: Baking animation because there are keyframes with different interpolation methods in one channel
23:10:15 | WARNING: Baking animation because there are keyframes with different interpolation methods in one channel
23:10:15 | WARNING: Baking animation because there are keyframes with different interpolation methods in one channel
23:10:15 | WARNING: Baking animation because there are keyframes with different interpolation methods in one channel
23:10:15 | WARNING: Baking animation because there are keyframes with different interpolation methods in one channel
23:10:15 | WARNING: Baking animation because there are keyframes with different interpolation methods in one channel
23:10:15 | WARNING: Baking animation because there are keyframes with different interpolation methods in one channel
23:10:15 | WARNING: Baking animation because there are keyframes with different interpolation methods in one channel
23:10:15 | WARNING: Baking animation because there are keyframes with different interpolation methods in one channel
23:10:15 | WARNING: Baking animation because there are keyframes with different interpolation methods in one channel
23:10:15 | WARNING: Baking animation because there are keyframes with different interpolation methods in one channel
23:10:15 | WARNING: Baking animation because there are keyframes with different interpolation methods in one channel
23:10:15 | WARNING: Baking animation because there are keyframes with different interpolation methods in one channel
23:10:15 | WARNING: Baking animation because there are keyframes with different interpolation methods in one channel
23:10:15 | WARNING: Baking animation because there are keyframes with different interpolation methods in one channel
23:10:15 | WARNING: Baking animation because there are keyframes with different interpolation methods in one channel
23:10:15 | WARNING: Baking animation because there are keyframes with different interpolation methods in one channel
23:10:15 | WARNING: Baking animation because there are keyframes with different interpolation methods in one channel
23:10:15 | WARNING: Baking animation because there are keyframes with different interpolation methods in one channel
23:10:15 | WARNING: Baking animation because there are keyframes with different interpolation methods in one channel
23:10:15 | WARNING: Baking animation because there are keyframes with different interpolation methods in one channel
23:10:15 | WARNING: Baking animation because there are keyframes with different interpolation methods in one channel
23:10:15 | WARNING: Baking animation because there are keyframes with different interpolation methods in one channel
23:10:15 | WARNING: Baking animation because there are keyframes with different interpolation methods in one channel
23:10:15 | WARNING: Baking animation because there are keyframes with different interpolation methods in one channel
23:10:15 | WARNING: Baking animation because there are keyframes with different interpolation methods in one channel
23:10:15 | WARNING: Baking animation because there are keyframes with different interpolation methods in one channel
23:10:15 | WARNING: Baking animation because there are keyframes with different interpolation methods in one channel
23:10:15 | WARNING: Baking animation because there are keyframes with different interpolation methods in one channel
23:10:15 | WARNING: Baking animation because there are keyframes with different interpolation methods in one channel
23:10:15 | WARNING: Baking animation because there are keyframes with different interpolation methods in one channel
23:10:15 | WARNING: Baking animation because there are keyframes with different interpolation methods in one channel
23:10:15 | WARNING: Baking animation because there are keyframes with different interpolation methods in one channel
23:10:15 | WARNING: Baking animation because there are keyframes with different interpolation methods in one channel
23:10:15 | WARNING: Baking animation because there are keyframes with different interpolation methods in one channel
23:10:15 | WARNING: Baking animation because there are keyframes with different interpolation methods in one channel
23:10:15 | WARNING: Baking animation because there are keyframes with different interpolation methods in one channel
23:10:15 | WARNING: Baking animation because there are keyframes with different interpolation methods in one channel
23:10:15 | WARNING: Baking animation because there are keyframes with different interpolation methods in one channel
23:10:15 | WARNING: Baking animation because there are keyframes with different interpolation methods in one channel
23:10:15 | WARNING: Baking animation because there are keyframes with different interpolation methods in one channel
23:10:15 | WARNING: Baking animation because there are keyframes with different interpolation methods in one channel
23:10:15 | WARNING: Baking animation because there are keyframes with different interpolation methods in one channel
23:10:15 | WARNING: Baking animation because there are keyframes with different interpolation methods in one channel
23:10:15 | WARNING: Baking animation because there are keyframes with different interpolation methods in one channel
23:10:15 | WARNING: Baking animation because there are keyframes with different interpolation methods in one channel
23:10:15 | WARNING: Baking animation because there are keyframes with different interpolation methods in one channel
23:10:15 | WARNING: Baking animation because there are keyframes with different interpolation methods in one channel
23:10:15 | WARNING: Baking animation because there are keyframes with different interpolation methods in one channel
23:10:15 | WARNING: Baking animation because there are keyframes with different interpolation methods in one channel
23:10:15 | WARNING: Baking animation because there are keyframes with different interpolation methods in one channel
23:10:15 | WARNING: Baking animation because there are keyframes with different interpolation methods in one channel
23:10:15 | WARNING: Baking animation because there are keyframes with different interpolation methods in one channel
23:10:15 | WARNING: Baking animation because there are keyframes with different interpolation methods in one channel
23:10:15 | WARNING: Baking animation because there are keyframes with different interpolation methods in one channel
23:10:15 | WARNING: Baking animation because there are keyframes with different interpolation methods in one channel
23:10:15 | WARNING: Baking animation because there are keyframes with different interpolation methods in one channel
23:10:15 | WARNING: Baking animation because there are keyframes with different interpolation methods in one channel
23:10:15 | WARNING: Baking animation because there are keyframes with different interpolation methods in one channel
23:10:16 | WARNING: Baking animation because there are keyframes with different interpolation methods in one channel
23:10:16 | WARNING: Baking animation because there are keyframes with different interpolation methods in one channel
23:10:16 | WARNING: Baking animation because there are keyframes with different interpolation methods in one channel
23:10:16 | WARNING: Baking animation because there are keyframes with different interpolation methods in one channel
23:10:16 | WARNING: Baking animation because there are keyframes with different interpolation methods in one channel
23:10:16 | WARNING: Baking animation because there are keyframes with different interpolation methods in one channel
23:10:16 | WARNING: Baking animation because there are keyframes with different interpolation methods in one channel
23:10:16 | WARNING: Baking animation because there are keyframes with different interpolation methods in one channel
23:10:16 | WARNING: Baking animation because there are keyframes with different interpolation methods in one channel
23:10:16 | WARNING: Baking animation because there are keyframes with different interpolation methods in one channel
23:10:16 | WARNING: Baking animation because there are keyframes with different interpolation methods in one channel
23:10:16 | WARNING: Baking animation because there are keyframes with different interpolation methods in one channel
23:10:16 | WARNING: Baking animation because there are keyframes with different interpolation methods in one channel
23:10:16 | WARNING: Baking animation because there are keyframes with different interpolation methods in one channel
23:10:16 | WARNING: Baking animation because there are keyframes with different interpolation methods in one channel
23:10:16 | WARNING: Baking animation because there are keyframes with different interpolation methods in one channel
23:10:16 | WARNING: Baking animation because there are keyframes with different interpolation methods in one channel
23:10:16 | WARNING: Baking animation because there are keyframes with different interpolation methods in one channel
23:10:16 | WARNING: Baking animation because there are keyframes with different interpolation methods in one channel
23:10:16 | WARNING: Baking animation because there are keyframes with different interpolation methods in one channel
23:10:16 | WARNING: Baking animation because there are keyframes with different interpolation methods in one channel
23:10:16 | WARNING: Baking animation because there are keyframes with different interpolation methods in one channel
23:10:16 | WARNING: Baking animation because there are keyframes with different interpolation methods in one channel
23:10:16 | WARNING: Baking animation because there are keyframes with different interpolation methods in one channel
23:10:16 | WARNING: Baking animation because there are keyframes with different interpolation methods in one channel
23:10:16 | WARNING: Baking animation because there are keyframes with different interpolation methods in one channel
23:10:16 | WARNING: Baking animation because there are keyframes with different interpolation methods in one channel
23:10:16 | WARNING: Baking animation because there are keyframes with different interpolation methods in one channel
23:10:16 | WARNING: Baking animation because there are keyframes with different interpolation methods in one channel
23:10:16 | WARNING: Baking animation because there are keyframes with different interpolation methods in one channel
23:10:16 | WARNING: Baking animation because there are keyframes with different interpolation methods in one channel
23:10:16 | WARNING: Baking animation because there are keyframes with different interpolation methods in one channel
23:10:16 | WARNING: Baking animation because there are keyframes with different interpolation methods in one channel
23:10:16 | WARNING: Baking animation because there are keyframes with different interpolation methods in one channel
23:10:16 | WARNING: Baking animation because there are keyframes with different interpolation methods in one channel
23:10:16 | WARNING: Baking animation because there are keyframes with different interpolation methods in one channel
23:10:16 | WARNING: Baking animation because there are keyframes with different interpolation methods in one channel
23:10:16 | WARNING: Baking animation because there are keyframes with different interpolation methods in one channel
23:10:16 | WARNING: Baking animation because there are keyframes with different interpolation methods in one channel
23:10:16 | WARNING: Baking animation because there are keyframes with different interpolation methods in one channel
23:10:16 | WARNING: Baking animation because there are keyframes with different interpolation methods in one channel
23:10:16 | WARNING: Baking animation because there are keyframes with different interpolation methods in one channel
23:10:16 | WARNING: Baking animation because there are keyframes with different interpolation methods in one channel
23:10:16 | WARNING: Baking animation because there are keyframes with different interpolation methods in one channel
23:10:16 | WARNING: Baking animation because there are keyframes with different interpolation methods in one channel
23:10:16 | WARNING: Baking animation because there are keyframes with different interpolation methods in one channel
23:10:16 | WARNING: Baking animation because there are keyframes with different interpolation methods in one channel
23:10:16 | WARNING: Baking animation because there are keyframes with different interpolation methods in one channel
23:10:16 | WARNING: Baking animation because there are keyframes with different interpolation methods in one channel
23:10:16 | WARNING: Baking animation because there are keyframes with different interpolation methods in one channel
23:10:16 | WARNING: Baking animation because there are keyframes with different interpolation methods in one channel
23:10:16 | WARNING: Baking animation because there are keyframes with different interpolation methods in one channel
23:10:16 | WARNING: Baking animation because there are keyframes with different interpolation methods in one channel
23:10:22 | WARNING: Baking animation because there are keyframes with different interpolation methods in one channel
23:10:22 | WARNING: Baking animation because there are keyframes with different interpolation methods in one channel
23:10:22 | WARNING: Baking animation because there are keyframes with different interpolation methods in one channel
23:10:22 | WARNING: Baking animation because there are keyframes with different interpolation methods in one channel
23:10:22 | WARNING: Baking animation because there are keyframes with different interpolation methods in one channel
23:10:22 | WARNING: Baking animation because there are keyframes with different interpolation methods in one channel
23:10:22 | WARNING: Baking animation because there are keyframes with different interpolation methods in one channel
23:10:22 | WARNING: Baking animation because there are keyframes with different interpolation methods in one channel
23:10:22 | WARNING: Baking animation because there are keyframes with different interpolation methods in one channel
23:10:22 | WARNING: Baking animation because there are keyframes with different interpolation methods in one channel
23:10:22 | WARNING: Baking animation because there are keyframes with different interpolation methods in one channel
23:10:22 | WARNING: Baking animation because there are keyframes with different interpolation methods in one channel
23:10:22 | WARNING: Baking animation because there are keyframes with different interpolation methods in one channel
23:10:22 | WARNING: Baking animation because there are keyframes with different interpolation methods in one channel
23:10:22 | WARNING: Baking animation because there are keyframes with different interpolation methods in one channel
23:10:22 | WARNING: Baking animation because there are keyframes with different interpolation methods in one channel
23:10:22 | WARNING: Baking animation because there are keyframes with different interpolation methods in one channel
23:10:22 | WARNING: Baking animation because there are keyframes with different interpolation methods in one channel
23:10:22 | WARNING: Baking animation because there are keyframes with different interpolation methods in one channel
23:10:22 | WARNING: Baking animation because there are keyframes with different interpolation methods in one channel
23:10:22 | WARNING: Baking animation because there are keyframes with different interpolation methods in one channel
23:10:22 | WARNING: Baking animation because there are keyframes with different interpolation methods in one channel
23:10:22 | WARNING: Baking animation because there are keyframes with different interpolation methods in one channel
23:10:22 | WARNING: Baking animation because there are keyframes with different interpolation methods in one channel
23:10:22 | WARNING: Baking animation because there are keyframes with different interpolation methods in one channel
23:10:22 | WARNING: Baking animation because there are keyframes with different interpolation methods in one channel
23:10:22 | WARNING: Baking animation because there are keyframes with different interpolation methods in one channel
23:10:22 | WARNING: Baking animation because there are keyframes with different interpolation methods in one channel
23:10:22 | WARNING: Baking animation because there are keyframes with different interpolation methods in one channel
23:10:22 | WARNING: Baking animation because there are keyframes with different interpolation methods in one channel
23:10:22 | WARNING: Baking animation because there are keyframes with different interpolation methods in one channel
23:10:22 | WARNING: Baking animation because there are keyframes with different interpolation methods in one channel
23:10:22 | WARNING: Baking animation because there are keyframes with different interpolation methods in one channel
23:10:22 | WARNING: Baking animation because there are keyframes with different interpolation methods in one channel
23:10:22 | WARNING: Baking animation because there are keyframes with different interpolation methods in one channel
23:10:22 | WARNING: Baking animation because there are keyframes with different interpolation methods in one channel
23:10:22 | WARNING: Baking animation because there are keyframes with different interpolation methods in one channel
23:10:22 | WARNING: Baking animation because there are keyframes with different interpolation methods in one channel
23:10:22 | WARNING: Baking animation because there are keyframes with different interpolation methods in one channel
23:10:22 | WARNING: Baking animation because there are keyframes with different interpolation methods in one channel
23:10:22 | WARNING: Baking animation because there are keyframes with different interpolation methods in one channel
23:10:22 | WARNING: Baking animation because there are keyframes with different interpolation methods in one channel
23:10:22 | WARNING: Baking animation because there are keyframes with different interpolation methods in one channel
23:10:22 | WARNING: Baking animation because there are keyframes with different interpolation methods in one channel
23:10:22 | WARNING: Baking animation because there are keyframes with different interpolation methods in one channel
23:10:22 | WARNING: Baking animation because there are keyframes with different interpolation methods in one channel
23:10:22 | WARNING: Baking animation because there are keyframes with different interpolation methods in one channel
23:10:22 | WARNING: Baking animation because there are keyframes with different interpolation methods in one channel
23:10:22 | WARNING: Baking animation because there are keyframes with different interpolation methods in one channel
23:10:22 | WARNING: Baking animation because there are keyframes with different interpolation methods in one channel
23:10:22 | WARNING: Baking animation because there are keyframes with different interpolation methods in one channel
23:10:22 | WARNING: Baking animation because there are keyframes with different interpolation methods in one channel
23:10:22 | WARNING: Baking animation because there are keyframes with different interpolation methods in one channel
23:10:23 | WARNING: Baking animation because there are keyframes with different interpolation methods in one channel
23:10:23 | WARNING: Baking animation because there are keyframes with different interpolation methods in one channel
23:10:23 | WARNING: Baking animation because there are keyframes with different interpolation methods in one channel
23:10:23 | WARNING: Baking animation because there are keyframes with different interpolation methods in one channel
23:10:23 | WARNING: Baking animation because there are keyframes with different interpolation methods in one channel
23:10:23 | WARNING: Baking animation because there are keyframes with different interpolation methods in one channel
23:10:23 | WARNING: Baking animation because there are keyframes with different interpolation methods in one channel
23:10:23 | WARNING: Baking animation because there are keyframes with different interpolation methods in one channel
23:10:23 | WARNING: Baking animation because there are keyframes with different interpolation methods in one channel
23:10:23 | WARNING: Baking animation because there are keyframes with different interpolation methods in one channel
23:10:23 | WARNING: Baking animation because there are keyframes with different interpolation methods in one channel
23:10:23 | WARNING: Baking animation because there are keyframes with different interpolation methods in one channel
23:10:23 | WARNING: Baking animation because there are keyframes with different interpolation methods in one channel
23:10:23 | WARNING: Baking animation because there are keyframes with different interpolation methods in one channel
23:10:23 | WARNING: Baking animation because there are keyframes with different interpolation methods in one channel
23:10:23 | WARNING: Baking animation because there are keyframes with different interpolation methods in one channel
23:10:23 | WARNING: Baking animation because there are keyframes with different interpolation methods in one channel
23:10:23 | WARNING: Baking animation because there are keyframes with different interpolation methods in one channel
23:10:23 | WARNING: Baking animation because there are keyframes with different interpolation methods in one channel
23:10:23 | WARNING: Baking animation because there are keyframes with different interpolation methods in one channel
23:10:23 | WARNING: Baking animation because there are keyframes with different interpolation methods in one channel
23:10:23 | WARNING: Baking animation because there are keyframes with different interpolation methods in one channel
23:10:23 | WARNING: Baking animation because there are keyframes with different interpolation methods in one channel
23:10:23 | WARNING: Baking animation because there are keyframes with different interpolation methods in one channel
23:10:23 | WARNING: Baking animation because there are keyframes with different interpolation methods in one channel
23:10:23 | WARNING: Baking animation because there are keyframes with different interpolation methods in one channel
23:10:23 | WARNING: Baking animation because there are keyframes with different interpolation methods in one channel
23:10:23 | WARNING: Baking animation because there are keyframes with different interpolation methods in one channel
23:10:23 | WARNING: Baking animation because there are keyframes with different interpolation methods in one channel
23:10:23 | WARNING: Baking animation because there are keyframes with different interpolation methods in one channel
23:10:23 | WARNING: Baking animation because there are keyframes with different interpolation methods in one channel
23:10:23 | WARNING: Baking animation because there are keyframes with different interpolation methods in one channel
23:10:23 | WARNING: Baking animation because there are keyframes with different interpolation methods in one channel
23:10:23 | WARNING: Baking animation because there are keyframes with different interpolation methods in one channel
23:10:23 | WARNING: Baking animation because there are keyframes with different interpolation methods in one channel
23:10:23 | WARNING: Baking animation because there are keyframes with different interpolation methods in one channel
23:10:23 | WARNING: Baking animation because there are keyframes with different interpolation methods in one channel
23:10:23 | WARNING: Baking animation because there are keyframes with different interpolation methods in one channel
23:10:23 | WARNING: Baking animation because there are keyframes with different interpolation methods in one channel
23:10:23 | WARNING: Baking animation because there are keyframes with different interpolation methods in one channel
23:10:23 | WARNING: Baking animation because there are keyframes with different interpolation methods in one channel
23:10:23 | WARNING: Baking animation because there are keyframes with different interpolation methods in one channel
23:10:23 | WARNING: Baking animation because there are keyframes with different interpolation methods in one channel
23:10:23 | WARNING: Baking animation because there are keyframes with different interpolation methods in one channel
23:10:23 | WARNING: Baking animation because there are keyframes with different interpolation methods in one channel
23:10:23 | WARNING: Baking animation because there are keyframes with different interpolation methods in one channel
23:10:23 | WARNING: Baking animation because there are keyframes with different interpolation methods in one channel
23:10:23 | WARNING: Baking animation because there are keyframes with different interpolation methods in one channel
23:10:23 | WARNING: Baking animation because there are keyframes with different interpolation methods in one channel
23:10:23 | WARNING: Baking animation because there are keyframes with different interpolation methods in one channel
23:10:23 | WARNING: Baking animation because there are keyframes with different interpolation methods in one channel
23:10:23 | WARNING: Baking animation because there are keyframes with different interpolation methods in one channel
23:10:23 | WARNING: Baking animation because there are keyframes with different interpolation methods in one channel
23:10:28 | WARNING: Baking animation because there are keyframes with different interpolation methods in one channel
23:10:28 | WARNING: Baking animation because there are keyframes with different interpolation methods in one channel
23:10:28 | WARNING: Baking animation because there are keyframes with different interpolation methods in one channel
23:10:28 | WARNING: Baking animation because there are keyframes with different interpolation methods in one channel
23:10:28 | WARNING: Baking animation because there are keyframes with different interpolation methods in one channel
23:10:28 | WARNING: Baking animation because there are keyframes with different interpolation methods in one channel
23:10:28 | WARNING: Baking animation because there are keyframes with different interpolation methods in one channel
23:10:28 | WARNING: Baking animation because there are keyframes with different interpolation methods in one channel
23:10:28 | WARNING: Baking animation because there are keyframes with different interpolation methods in one channel
23:10:28 | WARNING: Baking animation because there are keyframes with different interpolation methods in one channel
23:10:28 | WARNING: Baking animation because there are keyframes with different interpolation methods in one channel
23:10:28 | WARNING: Baking animation because there are keyframes with different interpolation methods in one channel
23:10:28 | WARNING: Baking animation because there are keyframes with different interpolation methods in one channel
23:10:28 | WARNING: Baking animation because there are keyframes with different interpolation methods in one channel
23:10:28 | WARNING: Baking animation because there are keyframes with different interpolation methods in one channel
23:10:28 | WARNING: Baking animation because there are keyframes with different interpolation methods in one channel
23:10:28 | WARNING: Baking animation because there are keyframes with different interpolation methods in one channel
23:10:28 | WARNING: Baking animation because there are keyframes with different interpolation methods in one channel
23:10:28 | WARNING: Baking animation because there are keyframes with different interpolation methods in one channel
23:10:28 | WARNING: Baking animation because there are keyframes with different interpolation methods in one channel
23:10:28 | WARNING: Baking animation because there are keyframes with different interpolation methods in one channel
23:10:28 | WARNING: Baking animation because there are keyframes with different interpolation methods in one channel
23:10:28 | WARNING: Baking animation because there are keyframes with different interpolation methods in one channel
23:10:28 | WARNING: Baking animation because there are keyframes with different interpolation methods in one channel
23:10:28 | WARNING: Baking animation because there are keyframes with different interpolation methods in one channel
23:10:28 | WARNING: Baking animation because there are keyframes with different interpolation methods in one channel
23:10:28 | WARNING: Baking animation because there are keyframes with different interpolation methods in one channel
23:10:28 | WARNING: Baking animation because there are keyframes with different interpolation methods in one channel
23:10:28 | WARNING: Baking animation because there are keyframes with different interpolation methods in one channel
23:10:28 | WARNING: Baking animation because there are keyframes with different interpolation methods in one channel
23:10:28 | WARNING: Baking animation because there are keyframes with different interpolation methods in one channel
23:10:28 | WARNING: Baking animation because there are keyframes with different interpolation methods in one channel
23:10:28 | WARNING: Baking animation because there are keyframes with different interpolation methods in one channel
23:10:28 | WARNING: Baking animation because there are keyframes with different interpolation methods in one channel
23:10:28 | WARNING: Baking animation because there are keyframes with different interpolation methods in one channel
23:10:28 | WARNING: Baking animation because there are keyframes with different interpolation methods in one channel
23:10:28 | WARNING: Baking animation because there are keyframes with different interpolation methods in one channel
23:10:28 | WARNING: Baking animation because there are keyframes with different interpolation methods in one channel
23:10:28 | WARNING: Baking animation because there are keyframes with different interpolation methods in one channel
23:10:28 | WARNING: Baking animation because there are keyframes with different interpolation methods in one channel
23:10:28 | WARNING: Baking animation because there are keyframes with different interpolation methods in one channel
23:10:28 | WARNING: Baking animation because there are keyframes with different interpolation methods in one channel
23:10:28 | WARNING: Baking animation because there are keyframes with different interpolation methods in one channel
23:10:28 | WARNING: Baking animation because there are keyframes with different interpolation methods in one channel
23:10:28 | WARNING: Baking animation because there are keyframes with different interpolation methods in one channel
23:10:28 | WARNING: Baking animation because there are keyframes with different interpolation methods in one channel
23:10:28 | WARNING: Baking animation because there are keyframes with different interpolation methods in one channel
23:10:28 | WARNING: Baking animation because there are keyframes with different interpolation methods in one channel
23:10:28 | WARNING: Baking animation because there are keyframes with different interpolation methods in one channel
23:10:28 | WARNING: Baking animation because there are keyframes with different interpolation methods in one channel
23:10:28 | WARNING: Baking animation because there are keyframes with different interpolation methods in one channel
23:10:28 | WARNING: Baking animation because there are keyframes with different interpolation methods in one channel
23:10:28 | WARNING: Baking animation because there are keyframes with different interpolation methods in one channel
23:10:29 | WARNING: Baking animation because there are keyframes with different interpolation methods in one channel
23:10:29 | WARNING: Baking animation because there are keyframes with different interpolation methods in one channel
23:10:29 | WARNING: Baking animation because there are keyframes with different interpolation methods in one channel
23:10:29 | WARNING: Baking animation because there are keyframes with different interpolation methods in one channel
23:10:29 | WARNING: Baking animation because there are keyframes with different interpolation methods in one channel
23:10:29 | WARNING: Baking animation because there are keyframes with different interpolation methods in one channel
23:10:29 | WARNING: Baking animation because there are keyframes with different interpolation methods in one channel
23:10:29 | WARNING: Baking animation because there are keyframes with different interpolation methods in one channel
23:10:29 | WARNING: Baking animation because there are keyframes with different interpolation methods in one channel
23:10:29 | WARNING: Baking animation because there are keyframes with different interpolation methods in one channel
23:10:29 | WARNING: Baking animation because there are keyframes with different interpolation methods in one channel
23:10:29 | WARNING: Baking animation because there are keyframes with different interpolation methods in one channel
23:10:29 | WARNING: Baking animation because there are keyframes with different interpolation methods in one channel
23:10:29 | WARNING: Baking animation because there are keyframes with different interpolation methods in one channel
23:10:29 | WARNING: Baking animation because there are keyframes with different interpolation methods in one channel
23:10:29 | WARNING: Baking animation because there are keyframes with different interpolation methods in one channel
23:10:29 | WARNING: Baking animation because there are keyframes with different interpolation methods in one channel
23:10:29 | WARNING: Baking animation because there are keyframes with different interpolation methods in one channel
23:10:29 | WARNING: Baking animation because there are keyframes with different interpolation methods in one channel
23:10:29 | WARNING: Baking animation because there are keyframes with different interpolation methods in one channel
23:10:29 | WARNING: Baking animation because there are keyframes with different interpolation methods in one channel
23:10:29 | WARNING: Baking animation because there are keyframes with different interpolation methods in one channel
23:10:29 | WARNING: Baking animation because there are keyframes with different interpolation methods in one channel
23:10:29 | WARNING: Baking animation because there are keyframes with different interpolation methods in one channel
23:10:29 | WARNING: Baking animation because there are keyframes with different interpolation methods in one channel
23:10:29 | WARNING: Baking animation because there are keyframes with different interpolation methods in one channel
23:10:29 | WARNING: Baking animation because there are keyframes with different interpolation methods in one channel
23:10:29 | WARNING: Baking animation because there are keyframes with different interpolation methods in one channel
23:10:29 | WARNING: Baking animation because there are keyframes with different interpolation methods in one channel
23:10:29 | WARNING: Baking animation because there are keyframes with different interpolation methods in one channel
23:10:29 | WARNING: Baking animation because there are keyframes with different interpolation methods in one channel
23:10:29 | WARNING: Baking animation because there are keyframes with different interpolation methods in one channel
23:10:29 | WARNING: Baking animation because there are keyframes with different interpolation methods in one channel
23:10:29 | WARNING: Baking animation because there are keyframes with different interpolation methods in one channel
23:10:29 | WARNING: Baking animation because there are keyframes with different interpolation methods in one channel
23:10:29 | WARNING: Baking animation because there are keyframes with different interpolation methods in one channel
23:10:29 | WARNING: Baking animation because there are keyframes with different interpolation methods in one channel
23:10:29 | WARNING: Baking animation because there are keyframes with different interpolation methods in one channel
23:10:29 | WARNING: Baking animation because there are keyframes with different interpolation methods in one channel
23:10:29 | WARNING: Baking animation because there are keyframes with different interpolation methods in one channel
23:10:29 | WARNING: Baking animation because there are keyframes with different interpolation methods in one channel
23:10:29 | WARNING: Baking animation because there are keyframes with different interpolation methods in one channel
23:10:29 | WARNING: Baking animation because there are keyframes with different interpolation methods in one channel
23:10:29 | WARNING: Baking animation because there are keyframes with different interpolation methods in one channel
23:10:29 | WARNING: Baking animation because there are keyframes with different interpolation methods in one channel
23:10:29 | WARNING: Baking animation because there are keyframes with different interpolation methods in one channel
23:10:29 | WARNING: Baking animation because there are keyframes with different interpolation methods in one channel
23:10:29 | WARNING: Baking animation because there are keyframes with different interpolation methods in one channel
23:10:29 | WARNING: Baking animation because there are keyframes with different interpolation methods in one channel
23:10:29 | WARNING: Baking animation because there are keyframes with different interpolation methods in one channel
23:10:29 | WARNING: Baking animation because there are keyframes with different interpolation methods in one channel
23:10:29 | WARNING: Baking animation because there are keyframes with different interpolation methods in one channel
23:10:29 | WARNING: Baking animation because there are keyframes with different interpolation methods in one channel
23:10:29 | WARNING: Baking animation because there are keyframes with different interpolation methods in one channel
23:10:29 | WARNING: Baking animation because there are keyframes with different interpolation methods in one channel
23:10:29 | WARNING: Baking animation because there are keyframes with different interpolation methods in one channel
23:10:29 | WARNING: Baking animation because there are keyframes with different interpolation methods in one channel
23:10:29 | WARNING: Baking animation because there are keyframes with different interpolation methods in one channel
23:10:29 | WARNING: Baking animation because there are keyframes with different interpolation methods in one channel
23:10:29 | WARNING: Baking animation because there are keyframes with different interpolation methods in one channel
23:10:29 | WARNING: Baking animation because there are keyframes with different interpolation methods in one channel
23:10:29 | WARNING: Baking animation because there are keyframes with different interpolation methods in one channel
23:10:29 | WARNING: Baking animation because there are keyframes with different interpolation methods in one channel
23:10:29 | WARNING: Baking animation because there are keyframes with different interpolation methods in one channel
23:10:29 | WARNING: Baking animation because there are keyframes with different interpolation methods in one channel
23:10:29 | WARNING: Baking animation because there are keyframes with different interpolation methods in one channel
23:10:29 | WARNING: Baking animation because there are keyframes with different interpolation methods in one channel
23:10:29 | WARNING: Baking animation because there are keyframes with different interpolation methods in one channel
23:10:29 | WARNING: Baking animation because there are keyframes with different interpolation methods in one channel
23:10:29 | WARNING: Baking animation because there are keyframes with different interpolation methods in one channel
23:10:29 | WARNING: Baking animation because there are keyframes with different interpolation methods in one channel
23:10:29 | WARNING: Baking animation because there are keyframes with different interpolation methods in one channel
23:10:29 | WARNING: Baking animation because there are keyframes with different interpolation methods in one channel
23:10:29 | WARNING: Baking animation because there are keyframes with different interpolation methods in one channel
23:10:29 | WARNING: Baking animation because there are keyframes with different interpolation methods in one channel
23:10:29 | WARNING: Baking animation because there are keyframes with different interpolation methods in one channel
23:10:29 | WARNING: Baking animation because there are keyframes with different interpolation methods in one channel
23:10:29 | WARNING: Baking animation because there are keyframes with different interpolation methods in one channel
23:10:29 | WARNING: Baking animation because there are keyframes with different interpolation methods in one channel
23:10:29 | WARNING: Baking animation because there are keyframes with different interpolation methods in one channel
23:10:29 | WARNING: Baking animation because there are keyframes with different interpolation methods in one channel
23:10:29 | WARNING: Baking animation because there are keyframes with different interpolation methods in one channel
23:10:29 | WARNING: Baking animation because there are keyframes with different interpolation methods in one channel
23:10:29 | WARNING: Baking animation because there are keyframes with different interpolation methods in one channel
23:10:29 | WARNING: Baking animation because there are keyframes with different interpolation methods in one channel
23:10:29 | WARNING: Baking animation because there are keyframes with different interpolation methods in one channel
23:10:29 | WARNING: Baking animation because there are keyframes with different interpolation methods in one channel
23:10:29 | WARNING: Baking animation because there are keyframes with different interpolation methods in one channel
23:10:29 | WARNING: Baking animation because there are keyframes with different interpolation methods in one channel
23:10:29 | WARNING: Baking animation because there are keyframes with different interpolation methods in one channel
23:10:29 | WARNING: Baking animation because there are keyframes with different interpolation methods in one channel
23:10:29 | WARNING: Baking animation because there are keyframes with different interpolation methods in one channel
23:10:29 | WARNING: Baking animation because there are keyframes with different interpolation methods in one channel
23:10:29 | WARNING: Baking animation because there are keyframes with different interpolation methods in one channel
23:10:29 | WARNING: Baking animation because there are keyframes with different interpolation methods in one channel
23:10:29 | WARNING: Baking animation because there are keyframes with different interpolation methods in one channel
23:10:29 | WARNING: Baking animation because there are keyframes with different interpolation methods in one channel
23:10:29 | WARNING: Baking animation because there are keyframes with different interpolation methods in one channel
23:10:29 | WARNING: Baking animation because there are keyframes with different interpolation methods in one channel
23:10:29 | WARNING: Baking animation because there are keyframes with different interpolation methods in one channel
23:10:29 | WARNING: Baking animation because there are keyframes with different interpolation methods in one channel
23:10:29 | WARNING: Baking animation because there are keyframes with different interpolation methods in one channel
23:10:29 | WARNING: Baking animation because there are keyframes with different interpolation methods in one channel
23:10:29 | WARNING: Baking animation because there are keyframes with different interpolation methods in one channel
23:10:29 | WARNING: Baking animation because there are keyframes with different interpolation methods in one channel
23:10:29 | WARNING: Baking animation because there are keyframes with different interpolation methods in one channel
23:10:30 | WARNING: Baking animation because there are keyframes with different interpolation methods in one channel
23:10:30 | WARNING: Baking animation because there are keyframes with different interpolation methods in one channel
23:10:30 | WARNING: Baking animation because there are keyframes with different interpolation methods in one channel
23:10:30 | WARNING: Baking animation because there are keyframes with different interpolation methods in one channel
23:10:30 | WARNING: Baking animation because there are keyframes with different interpolation methods in one channel
23:10:30 | WARNING: Baking animation because there are keyframes with different interpolation methods in one channel
23:10:30 | WARNING: Baking animation because there are keyframes with different interpolation methods in one channel
23:10:30 | WARNING: Baking animation because there are keyframes with different interpolation methods in one channel
23:10:30 | WARNING: Baking animation because there are keyframes with different interpolation methods in one channel
23:10:30 | WARNING: Baking animation because there are keyframes with different interpolation methods in one channel
23:10:30 | WARNING: Baking animation because there are keyframes with different interpolation methods in one channel
23:10:30 | WARNING: Baking animation because there are keyframes with different interpolation methods in one channel
23:10:30 | WARNING: Baking animation because there are keyframes with different interpolation methods in one channel
23:10:30 | WARNING: Baking animation because there are keyframes with different interpolation methods in one channel
23:10:30 | WARNING: Baking animation because there are keyframes with different interpolation methods in one channel
23:10:30 | WARNING: Baking animation because there are keyframes with different interpolation methods in one channel
23:10:30 | WARNING: Baking animation because there are keyframes with different interpolation methods in one channel
23:10:30 | WARNING: Baking animation because there are keyframes with different interpolation methods in one channel
23:10:30 | WARNING: Baking animation because there are keyframes with different interpolation methods in one channel
23:10:30 | WARNING: Baking animation because there are keyframes with different interpolation methods in one channel
23:10:30 | WARNING: Baking animation because there are keyframes with different interpolation methods in one channel
23:10:30 | WARNING: Baking animation because there are keyframes with different interpolation methods in one channel
23:10:30 | WARNING: Baking animation because there are keyframes with different interpolation methods in one channel
23:10:30 | WARNING: Baking animation because there are keyframes with different interpolation methods in one channel
23:10:30 | WARNING: Baking animation because there are keyframes with different interpolation methods in one channel
23:10:30 | WARNING: Baking animation because there are keyframes with different interpolation methods in one channel
23:10:30 | WARNING: Baking animation because there are keyframes with different interpolation methods in one channel
23:10:30 | WARNING: Baking animation because there are keyframes with different interpolation methods in one channel
23:10:30 | WARNING: Baking animation because there are keyframes with different interpolation methods in one channel
23:10:30 | WARNING: Baking animation because there are keyframes with different interpolation methods in one channel
23:10:30 | WARNING: Baking animation because there are keyframes with different interpolation methods in one channel
23:10:30 | WARNING: Baking animation because there are keyframes with different interpolation methods in one channel
23:10:30 | WARNING: Baking animation because there are keyframes with different interpolation methods in one channel
23:10:30 | WARNING: Baking animation because there are keyframes with different interpolation methods in one channel
23:10:30 | WARNING: Baking animation because there are keyframes with different interpolation methods in one channel
23:10:30 | WARNING: Baking animation because there are keyframes with different interpolation methods in one channel
23:10:30 | WARNING: Baking animation because there are keyframes with different interpolation methods in one channel
23:10:30 | WARNING: Baking animation because there are keyframes with different interpolation methods in one channel
23:10:30 | WARNING: Baking animation because there are keyframes with different interpolation methods in one channel
23:10:30 | WARNING: Baking animation because there are keyframes with different interpolation methods in one channel
23:10:30 | WARNING: Baking animation because there are keyframes with different interpolation methods in one channel
23:10:30 | WARNING: Baking animation because there are keyframes with different interpolation methods in one channel
23:10:30 | WARNING: Baking animation because there are keyframes with different interpolation methods in one channel
23:10:30 | WARNING: Baking animation because there are keyframes with different interpolation methods in one channel
23:10:30 | WARNING: Baking animation because there are keyframes with different interpolation methods in one channel
23:10:30 | WARNING: Baking animation because there are keyframes with different interpolation methods in one channel
23:10:30 | WARNING: Baking animation because there are keyframes with different interpolation methods in one channel
23:10:30 | WARNING: Baking animation because there are keyframes with different interpolation methods in one channel
23:10:30 | WARNING: Baking animation because there are keyframes with different interpolation methods in one channel
23:10:30 | WARNING: Baking animation because there are keyframes with different interpolation methods in one channel
23:10:30 | WARNING: Baking animation because there are keyframes with different interpolation methods in one channel
23:10:30 | WARNING: Baking animation because there are keyframes with different interpolation methods in one channel
23:10:30 | WARNING: Baking animation because there are keyframes with different interpolation methods in one channel
23:10:30 | WARNING: Baking animation because there are keyframes with different interpolation methods in one channel
23:10:30 | WARNING: Baking animation because there are keyframes with different interpolation methods in one channel
23:10:30 | WARNING: Baking animation because there are keyframes with different interpolation methods in one channel
23:10:30 | WARNING: Baking animation because there are keyframes with different interpolation methods in one channel
23:10:30 | WARNING: Baking animation because there are keyframes with different interpolation methods in one channel
23:10:30 | WARNING: Baking animation because there are keyframes with different interpolation methods in one channel
23:10:30 | WARNING: Baking animation because there are keyframes with different interpolation methods in one channel
23:10:30 | WARNING: Baking animation because there are keyframes with different interpolation methods in one channel
23:10:30 | WARNING: Baking animation because there are keyframes with different interpolation methods in one channel
23:10:30 | WARNING: Baking animation because there are keyframes with different interpolation methods in one channel
23:10:30 | WARNING: Baking animation because there are keyframes with different interpolation methods in one channel
23:10:30 | WARNING: Baking animation because there are keyframes with different interpolation methods in one channel
23:10:30 | WARNING: Baking animation because there are keyframes with different interpolation methods in one channel
23:10:30 | WARNING: Baking animation because there are keyframes with different interpolation methods in one channel
23:10:30 | WARNING: Baking animation because there are keyframes with different interpolation methods in one channel
23:10:30 | WARNING: Baking animation because there are keyframes with different interpolation methods in one channel
23:10:30 | WARNING: Baking animation because there are keyframes with different interpolation methods in one channel
23:10:30 | WARNING: Baking animation because there are keyframes with different interpolation methods in one channel
23:10:30 | WARNING: Baking animation because there are keyframes with different interpolation methods in one channel
23:10:30 | WARNING: Baking animation because there are keyframes with different interpolation methods in one channel
23:10:30 | WARNING: Baking animation because there are keyframes with different interpolation methods in one channel
23:10:30 | WARNING: Baking animation because there are keyframes with different interpolation methods in one channel
23:10:30 | WARNING: Baking animation because there are keyframes with different interpolation methods in one channel
23:10:30 | WARNING: Baking animation because there are keyframes with different interpolation methods in one channel
23:10:30 | WARNING: Baking animation because there are keyframes with different interpolation methods in one channel
23:10:30 | WARNING: Baking animation because there are keyframes with different interpolation methods in one channel
23:10:30 | WARNING: Baking animation because there are keyframes with different interpolation methods in one channel
23:10:30 | WARNING: Baking animation because there are keyframes with different interpolation methods in one channel
23:10:30 | WARNING: Baking animation because there are keyframes with different interpolation methods in one channel
23:10:30 | WARNING: Baking animation because there are keyframes with different interpolation methods in one channel
23:10:30 | WARNING: Baking animation because there are keyframes with different interpolation methods in one channel
23:10:30 | WARNING: Baking animation because there are keyframes with different interpolation methods in one channel
23:10:30 | WARNING: Baking animation because there are keyframes with different interpolation methods in one channel
23:10:30 | WARNING: Baking animation because there are keyframes with different interpolation methods in one channel
23:10:30 | WARNING: Baking animation because there are keyframes with different interpolation methods in one channel
23:10:30 | WARNING: Baking animation because there are keyframes with different interpolation methods in one channel
23:10:30 | WARNING: Baking animation because there are keyframes with different interpolation methods in one channel
23:10:30 | WARNING: Baking animation because there are keyframes with different interpolation methods in one channel
23:10:30 | WARNING: Baking animation because there are keyframes with different interpolation methods in one channel
23:10:30 | WARNING: Baking animation because there are keyframes with different interpolation methods in one channel
23:10:30 | WARNING: Baking animation because there are keyframes with different interpolation methods in one channel
23:10:30 | WARNING: Baking animation because there are keyframes with different interpolation methods in one channel
23:10:30 | WARNING: Baking animation because there are keyframes with different interpolation methods in one channel
23:10:30 | WARNING: Baking animation because there are keyframes with different interpolation methods in one channel
23:10:30 | WARNING: Baking animation because there are keyframes with different interpolation methods in one channel
23:10:30 | WARNING: Baking animation because there are keyframes with different interpolation methods in one channel
23:10:30 | WARNING: Baking animation because there are keyframes with different interpolation methods in one channel
23:10:30 | WARNING: Baking animation because there are keyframes with different interpolation methods in one channel
23:10:30 | WARNING: Baking animation because there are keyframes with different interpolation methods in one channel
23:10:30 | WARNING: Baking animation because there are keyframes with different interpolation methods in one channel
23:10:30 | WARNING: Baking animation because there are keyframes with different interpolation methods in one channel
23:10:30 | WARNING: Baking animation because there are keyframes with different interpolation methods in one channel
23:10:30 | WARNING: Baking animation because there are keyframes with different interpolation methods in one channel
23:10:32 | WARNING: Baking animation because there are keyframes with different interpolation methods in one channel
23:10:32 | WARNING: Baking animation because there are keyframes with different interpolation methods in one channel
23:10:32 | WARNING: Baking animation because there are keyframes with different interpolation methods in one channel
23:10:32 | WARNING: Baking animation because there are keyframes with different interpolation methods in one channel
23:10:32 | WARNING: Baking animation because there are keyframes with different interpolation methods in one channel
23:10:32 | WARNING: Baking animation because there are keyframes with different interpolation methods in one channel
23:10:32 | WARNING: Baking animation because there are keyframes with different interpolation methods in one channel
23:10:32 | WARNING: Baking animation because there are keyframes with different interpolation methods in one channel
23:10:32 | WARNING: Baking animation because there are keyframes with different interpolation methods in one channel
23:10:32 | WARNING: Baking animation because there are keyframes with different interpolation methods in one channel
23:10:32 | WARNING: Baking animation because there are keyframes with different interpolation methods in one channel
23:10:32 | WARNING: Baking animation because there are keyframes with different interpolation methods in one channel
23:10:32 | WARNING: Baking animation because there are keyframes with different interpolation methods in one channel
23:10:32 | WARNING: Baking animation because there are keyframes with different interpolation methods in one channel
23:10:32 | WARNING: Baking animation because there are keyframes with different interpolation methods in one channel
23:10:32 | WARNING: Baking animation because there are keyframes with different interpolation methods in one channel
23:10:32 | WARNING: Baking animation because there are keyframes with different interpolation methods in one channel
23:10:32 | WARNING: Baking animation because there are keyframes with different interpolation methods in one channel
23:10:32 | WARNING: Baking animation because there are keyframes with different interpolation methods in one channel
23:10:32 | WARNING: Baking animation because there are keyframes with different interpolation methods in one channel
23:10:32 | WARNING: Baking animation because there are keyframes with different interpolation methods in one channel
23:10:32 | WARNING: Baking animation because there are keyframes with different interpolation methods in one channel
23:10:32 | WARNING: Baking animation because there are keyframes with different interpolation methods in one channel
23:10:32 | WARNING: Baking animation because there are keyframes with different interpolation methods in one channel
23:10:32 | WARNING: Baking animation because there are keyframes with different interpolation methods in one channel
23:10:32 | WARNING: Baking animation because there are keyframes with different interpolation methods in one channel
23:10:32 | WARNING: Baking animation because there are keyframes with different interpolation methods in one channel
23:10:32 | WARNING: Baking animation because there are keyframes with different interpolation methods in one channel
23:10:32 | WARNING: Baking animation because there are keyframes with different interpolation methods in one channel
23:10:32 | WARNING: Baking animation because there are keyframes with different interpolation methods in one channel
23:10:32 | WARNING: Baking animation because there are keyframes with different interpolation methods in one channel
23:10:32 | WARNING: Baking animation because there are keyframes with different interpolation methods in one channel
23:10:32 | WARNING: Baking animation because there are keyframes with different interpolation methods in one channel
23:10:32 | WARNING: Baking animation because there are keyframes with different interpolation methods in one channel
23:10:32 | WARNING: Baking animation because there are keyframes with different interpolation methods in one channel
23:10:32 | WARNING: Baking animation because there are keyframes with different interpolation methods in one channel
23:10:32 | WARNING: Baking animation because there are keyframes with different interpolation methods in one channel
23:10:32 | WARNING: Baking animation because there are keyframes with different interpolation methods in one channel
23:10:32 | WARNING: Baking animation because there are keyframes with different interpolation methods in one channel
23:10:32 | WARNING: Baking animation because there are keyframes with different interpolation methods in one channel
23:10:32 | WARNING: Baking animation because there are keyframes with different interpolation methods in one channel
23:10:32 | WARNING: Baking animation because there are keyframes with different interpolation methods in one channel
23:10:32 | WARNING: Baking animation because there are keyframes with different interpolation methods in one channel
23:10:32 | WARNING: Baking animation because there are keyframes with different interpolation methods in one channel
23:10:32 | WARNING: Baking animation because there are keyframes with different interpolation methods in one channel
23:10:32 | WARNING: Baking animation because there are keyframes with different interpolation methods in one channel
23:10:32 | WARNING: Baking animation because there are keyframes with different interpolation methods in one channel
23:10:32 | WARNING: Baking animation because there are keyframes with different interpolation methods in one channel
23:10:32 | WARNING: Baking animation because there are keyframes with different interpolation methods in one channel
23:10:32 | WARNING: Baking animation because there are keyframes with different interpolation methods in one channel
23:10:32 | WARNING: Baking animation because there are keyframes with different interpolation methods in one channel
23:10:32 | WARNING: Baking animation because there are keyframes with different interpolation methods in one channel
23:10:32 | WARNING: Baking animation because there are keyframes with different interpolation methods in one channel
23:10:32 | WARNING: Baking animation because there are keyframes with different interpolation methods in one channel
23:10:32 | WARNING: Baking animation because there are keyframes with different interpolation methods in one channel
23:10:32 | WARNING: Baking animation because there are keyframes with different interpolation methods in one channel
23:10:32 | WARNING: Baking animation because there are keyframes with different interpolation methods in one channel
23:10:32 | WARNING: Baking animation because there are keyframes with different interpolation methods in one channel
23:10:32 | WARNING: Baking animation because there are keyframes with different interpolation methods in one channel
23:10:32 | WARNING: Baking animation because there are keyframes with different interpolation methods in one channel
23:10:32 | WARNING: Baking animation because there are keyframes with different interpolation methods in one channel
23:10:32 | WARNING: Baking animation because there are keyframes with different interpolation methods in one channel
23:10:32 | WARNING: Baking animation because there are keyframes with different interpolation methods in one channel
23:10:32 | WARNING: Baking animation because there are keyframes with different interpolation methods in one channel
23:10:32 | WARNING: Baking animation because there are keyframes with different interpolation methods in one channel
23:10:32 | WARNING: Baking animation because there are keyframes with different interpolation methods in one channel
23:10:32 | WARNING: Baking animation because there are keyframes with different interpolation methods in one channel
23:10:32 | WARNING: Baking animation because there are keyframes with different interpolation methods in one channel
23:10:32 | WARNING: Baking animation because there are keyframes with different interpolation methods in one channel
23:10:32 | WARNING: Baking animation because there are keyframes with different interpolation methods in one channel
23:10:32 | WARNING: Baking animation because there are keyframes with different interpolation methods in one channel
23:10:32 | WARNING: Baking animation because there are keyframes with different interpolation methods in one channel
23:10:32 | WARNING: Baking animation because there are keyframes with different interpolation methods in one channel
23:10:32 | WARNING: Baking animation because there are keyframes with different interpolation methods in one channel
23:10:32 | WARNING: Baking animation because there are keyframes with different interpolation methods in one channel
23:10:32 | WARNING: Baking animation because there are keyframes with different interpolation methods in one channel
23:10:32 | WARNING: Baking animation because there are keyframes with different interpolation methods in one channel
23:10:32 | WARNING: Baking animation because there are keyframes with different interpolation methods in one channel
23:10:32 | WARNING: Baking animation because there are keyframes with different interpolation methods in one channel
23:10:32 | WARNING: Baking animation because there are keyframes with different interpolation methods in one channel
23:10:32 | WARNING: Baking animation because there are keyframes with different interpolation methods in one channel
23:10:32 | WARNING: Baking animation because there are keyframes with different interpolation methods in one channel
23:10:32 | WARNING: Baking animation because there are keyframes with different interpolation methods in one channel
23:10:32 | WARNING: Baking animation because there are keyframes with different interpolation methods in one channel
23:10:32 | WARNING: Baking animation because there are keyframes with different interpolation methods in one channel
23:10:32 | WARNING: Baking animation because there are keyframes with different interpolation methods in one channel
23:10:32 | WARNING: Baking animation because there are keyframes with different interpolation methods in one channel
23:10:32 | WARNING: Baking animation because there are keyframes with different interpolation methods in one channel
23:10:32 | WARNING: Baking animation because there are keyframes with different interpolation methods in one channel
23:10:32 | WARNING: Baking animation because there are keyframes with different interpolation methods in one channel
23:10:32 | WARNING: Baking animation because there are keyframes with different interpolation methods in one channel
23:10:32 | WARNING: Baking animation because there are keyframes with different interpolation methods in one channel
23:10:32 | WARNING: Baking animation because there are keyframes with different interpolation methods in one channel
23:10:32 | WARNING: Baking animation because there are keyframes with different interpolation methods in one channel
23:10:32 | WARNING: Baking animation because there are keyframes with different interpolation methods in one channel
23:10:32 | WARNING: Baking animation because there are keyframes with different interpolation methods in one channel
23:10:32 | WARNING: Baking animation because there are keyframes with different interpolation methods in one channel
23:10:32 | WARNING: Baking animation because there are keyframes with different interpolation methods in one channel
23:10:32 | WARNING: Baking animation because there are keyframes with different interpolation methods in one channel
23:10:32 | WARNING: Baking animation because there are keyframes with different interpolation methods in one channel
23:10:32 | WARNING: Baking animation because there are keyframes with different interpolation methods in one channel
23:10:32 | WARNING: Baking animation because there are keyframes with different interpolation methods in one channel
23:10:32 | WARNING: Baking animation because there are keyframes with different interpolation methods in one channel
23:10:32 | WARNING: Baking animation because there are keyframes with different interpolation methods in one channel
23:10:32 | WARNING: Baking animation because there are keyframes with different interpolation methods in one channel
23:10:32 | WARNING: Baking animation because there are keyframes with different interpolation methods in one channel
23:10:33 | WARNING: Baking animation because there are keyframes with different interpolation methods in one channel
23:10:33 | WARNING: Baking animation because there are keyframes with different interpolation methods in one channel
23:10:33 | WARNING: Baking animation because there are keyframes with different interpolation methods in one channel
23:10:33 | WARNING: Baking animation because there are keyframes with different interpolation methods in one channel
23:10:33 | WARNING: Baking animation because there are keyframes with different interpolation methods in one channel
23:10:33 | WARNING: Baking animation because there are keyframes with different interpolation methods in one channel
23:10:33 | WARNING: Baking animation because there are keyframes with different interpolation methods in one channel
23:10:33 | WARNING: Baking animation because there are keyframes with different interpolation methods in one channel
23:10:33 | WARNING: Baking animation because there are keyframes with different interpolation methods in one channel
23:10:33 | WARNING: Baking animation because there are keyframes with different interpolation methods in one channel
23:10:33 | WARNING: Baking animation because there are keyframes with different interpolation methods in one channel
23:10:33 | WARNING: Baking animation because there are keyframes with different interpolation methods in one channel
23:10:33 | WARNING: Baking animation because there are keyframes with different interpolation methods in one channel
23:10:33 | WARNING: Baking animation because there are keyframes with different interpolation methods in one channel
23:10:33 | WARNING: Baking animation because there are keyframes with different interpolation methods in one channel
23:10:33 | WARNING: Baking animation because there are keyframes with different interpolation methods in one channel
23:10:33 | WARNING: Baking animation because there are keyframes with different interpolation methods in one channel
23:10:33 | WARNING: Baking animation because there are keyframes with different interpolation methods in one channel
23:10:33 | WARNING: Baking animation because there are keyframes with different interpolation methods in one channel
23:10:33 | WARNING: Baking animation because there are keyframes with different interpolation methods in one channel
23:10:33 | WARNING: Baking animation because there are keyframes with different interpolation methods in one channel
23:10:33 | WARNING: Baking animation because there are keyframes with different interpolation methods in one channel
23:10:33 | WARNING: Baking animation because there are keyframes with different interpolation methods in one channel
23:10:33 | WARNING: Baking animation because there are keyframes with different interpolation methods in one channel
23:10:33 | WARNING: Baking animation because there are keyframes with different interpolation methods in one channel
23:10:33 | WARNING: Baking animation because there are keyframes with different interpolation methods in one channel
23:10:33 | WARNING: Baking animation because there are keyframes with different interpolation methods in one channel
23:10:33 | WARNING: Baking animation because there are keyframes with different interpolation methods in one channel
23:10:33 | WARNING: Baking animation because there are keyframes with different interpolation methods in one channel
23:10:33 | WARNING: Baking animation because there are keyframes with different interpolation methods in one channel
23:10:33 | WARNING: Baking animation because there are keyframes with different interpolation methods in one channel
23:10:33 | WARNING: Baking animation because there are keyframes with different interpolation methods in one channel
23:10:33 | WARNING: Baking animation because there are keyframes with different interpolation methods in one channel
23:10:33 | WARNING: Baking animation because there are keyframes with different interpolation methods in one channel
23:10:33 | WARNING: Baking animation because there are keyframes with different interpolation methods in one channel
23:10:33 | WARNING: Baking animation because there are keyframes with different interpolation methods in one channel
23:10:33 | WARNING: Baking animation because there are keyframes with different interpolation methods in one channel
23:10:33 | WARNING: Baking animation because there are keyframes with different interpolation methods in one channel
23:10:33 | WARNING: Baking animation because there are keyframes with different interpolation methods in one channel
23:10:33 | WARNING: Baking animation because there are keyframes with different interpolation methods in one channel
23:10:33 | WARNING: Baking animation because there are keyframes with different interpolation methods in one channel
23:10:33 | WARNING: Baking animation because there are keyframes with different interpolation methods in one channel
23:10:33 | WARNING: Baking animation because there are keyframes with different interpolation methods in one channel
23:10:33 | WARNING: Baking animation because there are keyframes with different interpolation methods in one channel
23:10:33 | WARNING: Baking animation because there are keyframes with different interpolation methods in one channel
23:10:33 | WARNING: Baking animation because there are keyframes with different interpolation methods in one channel
23:10:33 | WARNING: Baking animation because there are keyframes with different interpolation methods in one channel
23:10:33 | WARNING: Baking animation because there are keyframes with different interpolation methods in one channel
23:10:33 | WARNING: Baking animation because there are keyframes with different interpolation methods in one channel
23:10:33 | WARNING: Baking animation because there are keyframes with different interpolation methods in one channel
23:10:33 | WARNING: Baking animation because there are keyframes with different interpolation methods in one channel
23:10:33 | WARNING: Baking animation because there are keyframes with different interpolation methods in one channel
23:10:33 | WARNING: Baking animation because there are keyframes with different interpolation methods in one channel
23:10:45 | WARNING: Baking animation because there are keyframes with different interpolation methods in one channel
23:10:45 | WARNING: Baking animation because there are keyframes with different interpolation methods in one channel
23:10:45 | WARNING: Baking animation because there are keyframes with different interpolation methods in one channel
23:10:45 | WARNING: Baking animation because there are keyframes with different interpolation methods in one channel
23:10:45 | WARNING: Baking animation because there are keyframes with different interpolation methods in one channel
23:10:45 | WARNING: Baking animation because there are keyframes with different interpolation methods in one channel
23:10:45 | WARNING: Baking animation because there are keyframes with different interpolation methods in one channel
23:10:45 | WARNING: Baking animation because there are keyframes with different interpolation methods in one channel
23:10:45 | WARNING: Baking animation because there are keyframes with different interpolation methods in one channel
23:10:45 | WARNING: Baking animation because there are keyframes with different interpolation methods in one channel
23:10:45 | WARNING: Baking animation because there are keyframes with different interpolation methods in one channel
23:10:45 | WARNING: Baking animation because there are keyframes with different interpolation methods in one channel
23:10:45 | WARNING: Baking animation because there are keyframes with different interpolation methods in one channel
23:10:45 | WARNING: Baking animation because there are keyframes with different interpolation methods in one channel
23:10:45 | WARNING: Baking animation because there are keyframes with different interpolation methods in one channel
23:10:45 | WARNING: Baking animation because there are keyframes with different interpolation methods in one channel
23:10:45 | WARNING: Baking animation because there are keyframes with different interpolation methods in one channel
23:10:45 | WARNING: Baking animation because there are keyframes with different interpolation methods in one channel
23:10:45 | WARNING: Baking animation because there are keyframes with different interpolation methods in one channel
23:10:45 | WARNING: Baking animation because there are keyframes with different interpolation methods in one channel
23:10:45 | WARNING: Baking animation because there are keyframes with different interpolation methods in one channel
23:10:45 | WARNING: Baking animation because there are keyframes with different interpolation methods in one channel
23:10:45 | WARNING: Baking animation because there are keyframes with different interpolation methods in one channel
23:10:45 | WARNING: Baking animation because there are keyframes with different interpolation methods in one channel
23:10:45 | WARNING: Baking animation because there are keyframes with different interpolation methods in one channel
23:10:45 | WARNING: Baking animation because there are keyframes with different interpolation methods in one channel
23:10:45 | WARNING: Baking animation because there are keyframes with different interpolation methods in one channel
23:10:45 | WARNING: Baking animation because there are keyframes with different interpolation methods in one channel
23:10:45 | WARNING: Baking animation because there are keyframes with different interpolation methods in one channel
23:10:45 | WARNING: Baking animation because there are keyframes with different interpolation methods in one channel
23:10:45 | WARNING: Baking animation because there are keyframes with different interpolation methods in one channel
23:10:45 | WARNING: Baking animation because there are keyframes with different interpolation methods in one channel
23:10:45 | WARNING: Baking animation because there are keyframes with different interpolation methods in one channel
23:10:45 | WARNING: Baking animation because there are keyframes with different interpolation methods in one channel
23:10:45 | WARNING: Baking animation because there are keyframes with different interpolation methods in one channel
23:10:45 | WARNING: Baking animation because there are keyframes with different interpolation methods in one channel
23:10:45 | WARNING: Baking animation because there are keyframes with different interpolation methods in one channel
23:10:45 | WARNING: Baking animation because there are keyframes with different interpolation methods in one channel
23:10:45 | WARNING: Baking animation because there are keyframes with different interpolation methods in one channel
23:10:45 | WARNING: Baking animation because there are keyframes with different interpolation methods in one channel
23:10:45 | WARNING: Baking animation because there are keyframes with different interpolation methods in one channel
23:10:45 | WARNING: Baking animation because there are keyframes with different interpolation methods in one channel
23:10:45 | WARNING: Baking animation because there are keyframes with different interpolation methods in one channel
23:10:45 | WARNING: Baking animation because there are keyframes with different interpolation methods in one channel
23:10:45 | WARNING: Baking animation because there are keyframes with different interpolation methods in one channel
23:10:45 | WARNING: Baking animation because there are keyframes with different interpolation methods in one channel
23:10:45 | WARNING: Baking animation because there are keyframes with different interpolation methods in one channel
23:10:45 | WARNING: Baking animation because there are keyframes with different interpolation methods in one channel
23:10:45 | WARNING: Baking animation because there are keyframes with different interpolation methods in one channel
23:10:45 | WARNING: Baking animation because there are keyframes with different interpolation methods in one channel
23:10:45 | WARNING: Baking animation because there are keyframes with different interpolation methods in one channel
23:10:45 | WARNING: Baking animation because there are keyframes with different interpolation methods in one channel
23:10:45 | WARNING: Baking animation because there are keyframes with different interpolation methods in one channel
23:10:47 | WARNING: Baking animation because there are keyframes with different interpolation methods in one channel
23:10:47 | WARNING: Baking animation because there are keyframes with different interpolation methods in one channel
23:10:47 | WARNING: Baking animation because there are keyframes with different interpolation methods in one channel
23:10:47 | WARNING: Baking animation because there are keyframes with different interpolation methods in one channel
23:10:47 | WARNING: Baking animation because there are keyframes with different interpolation methods in one channel
23:10:47 | WARNING: Baking animation because there are keyframes with different interpolation methods in one channel
23:10:47 | WARNING: Baking animation because there are keyframes with different interpolation methods in one channel
23:10:47 | WARNING: Baking animation because there are keyframes with different interpolation methods in one channel
23:10:47 | WARNING: Baking animation because there are keyframes with different interpolation methods in one channel
23:10:47 | WARNING: Baking animation because there are keyframes with different interpolation methods in one channel
23:10:47 | WARNING: Baking animation because there are keyframes with different interpolation methods in one channel
23:10:47 | WARNING: Baking animation because there are keyframes with different interpolation methods in one channel
23:10:47 | WARNING: Baking animation because there are keyframes with different interpolation methods in one channel
23:10:47 | WARNING: Baking animation because there are keyframes with different interpolation methods in one channel
23:10:47 | WARNING: Baking animation because there are keyframes with different interpolation methods in one channel
23:10:47 | WARNING: Baking animation because there are keyframes with different interpolation methods in one channel
23:10:47 | WARNING: Baking animation because there are keyframes with different interpolation methods in one channel
23:10:47 | WARNING: Baking animation because there are keyframes with different interpolation methods in one channel
23:10:47 | WARNING: Baking animation because there are keyframes with different interpolation methods in one channel
23:10:47 | WARNING: Baking animation because there are keyframes with different interpolation methods in one channel
23:10:47 | WARNING: Baking animation because there are keyframes with different interpolation methods in one channel
23:10:47 | WARNING: Baking animation because there are keyframes with different interpolation methods in one channel
23:10:47 | WARNING: Baking animation because there are keyframes with different interpolation methods in one channel
23:10:47 | WARNING: Baking animation because there are keyframes with different interpolation methods in one channel
23:10:47 | WARNING: Baking animation because there are keyframes with different interpolation methods in one channel
23:10:47 | WARNING: Baking animation because there are keyframes with different interpolation methods in one channel
23:10:47 | WARNING: Baking animation because there are keyframes with different interpolation methods in one channel
23:10:47 | WARNING: Baking animation because there are keyframes with different interpolation methods in one channel
23:10:47 | WARNING: Baking animation because there are keyframes with different interpolation methods in one channel
23:10:47 | WARNING: Baking animation because there are keyframes with different interpolation methods in one channel
23:10:47 | WARNING: Baking animation because there are keyframes with different interpolation methods in one channel
23:10:47 | WARNING: Baking animation because there are keyframes with different interpolation methods in one channel
23:10:47 | WARNING: Baking animation because there are keyframes with different interpolation methods in one channel
23:10:47 | WARNING: Baking animation because there are keyframes with different interpolation methods in one channel
23:10:47 | WARNING: Baking animation because there are keyframes with different interpolation methods in one channel
23:10:47 | WARNING: Baking animation because there are keyframes with different interpolation methods in one channel
23:10:47 | WARNING: Baking animation because there are keyframes with different interpolation methods in one channel
23:10:47 | WARNING: Baking animation because there are keyframes with different interpolation methods in one channel
23:10:47 | WARNING: Baking animation because there are keyframes with different interpolation methods in one channel
23:10:47 | WARNING: Baking animation because there are keyframes with different interpolation methods in one channel
23:10:47 | WARNING: Baking animation because there are keyframes with different interpolation methods in one channel
23:10:47 | WARNING: Baking animation because there are keyframes with different interpolation methods in one channel
23:10:47 | WARNING: Baking animation because there are keyframes with different interpolation methods in one channel
23:10:47 | WARNING: Baking animation because there are keyframes with different interpolation methods in one channel
23:10:47 | WARNING: Baking animation because there are keyframes with different interpolation methods in one channel
23:10:47 | WARNING: Baking animation because there are keyframes with different interpolation methods in one channel
23:10:47 | WARNING: Baking animation because there are keyframes with different interpolation methods in one channel
23:10:47 | WARNING: Baking animation because there are keyframes with different interpolation methods in one channel
23:10:47 | WARNING: Baking animation because there are keyframes with different interpolation methods in one channel
23:10:47 | WARNING: Baking animation because there are keyframes with different interpolation methods in one channel
23:10:47 | WARNING: Baking animation because there are keyframes with different interpolation methods in one channel
23:10:47 | WARNING: Baking animation because there are keyframes with different interpolation methods in one channel
23:10:47 | WARNING: Baking animation because there are keyframes with different interpolation methods in one channel
23:10:51 | INFO: Finished glTF 2.0 export in 59.99727511405945 s

D09_DONE failed=[]
D09_DONE non_ok_bools=[]

Blender quit
Error: Not freed memory blocks: 7806, total unfreed memory 0.828075 MB
