D14_LAYOUT {"total_frames": 20, "seconds": 0.333, "land": 7, "hold_end": 8, "hit_hold": 2, "compress_peak": 11, "prone_peak": 15, "plateau": 16, "cancel": 16, "seam": {"action": "Air_Hit", "frame": 18, "src": {"action": "Air_Hit", "found": true, "frame": 18, "rot_bones": 52, "loc_bones": ["pelvis"], "frame_range": [0, 18]}, "d13_end_vz_mm": -58.3889, "z_f0_mm": 1297.438, "z_land_mm": 812.493, "vz_land_mm": -78.8056, "Z_SEAM_mm": 1297.437}, "seam_pitch_deg": {"root": -0.0, "pelvis": -16.5536, "spine_01": -12.4725, "spine_02": -7.6904, "chest": -2.1304, "neck": -11.9992, "head": -12.6754}, "prone_extra_deg": {"pelvis": 90.5536, "chest": 90.1304, "head": 106.6754}, "target_pitch_deg": {"pelvis": 74.0, "chest": 88.0, "head": 94.0}, "landing_curve": {"z_start_m": 0.812493, "z_end_m": 0.22, "y_start_m": 0.026, "y_end_m": -0.55, "v0_m_per_frame": -0.078806, "span_frames": 9, "shape": "三次 Hermite（起点竖速 = 弹道末竖速，终点竖速 = 0）"}, "land_ankle_mm": {"L": [204.27, 223.35, 82.24], "R": [-204.27, 208.65, 82.52]}, "land_sole_measured_mm": {"L": -3.242, "R": -3.516}, "land_sole_target_mm": 1.0, "land_stance_mm": {"x": 115.0, "y": 190.0}, "seam_ankle_mm": {"L": [211.05, 5.79, 608.33], "R": [-209.45, 303.41, 586.5]}, "seam_hip_mm": {"L": [88.87, 35.13, 1308.35], "R": [-88.87, 16.87, 1286.53]}, "seam_hip_off_mm": {"L": [122.18, -29.34], "R": [-120.58, 286.53]}, "arm_max_mm": {"L": 650.0, "R": 650.0}, "seam_span_mm": {"L": 467.94, "R": 467.93}, "zero_pelvis_loc_expected": [0.0, 0.3974375, -0.026], "force_direction": "前倒：受力分两条**独立**通道 —— ① 躯干前倒俯仰（姿态层，rx_self = W_self − W_parent）；② 骨盆 z 落地曲线 + 双腿压缩（位移层）。回弹全部挪进姿态层，位移层单调不升。", "prone_keys": [[0, 0.0], [6, 0.0], [7, 0.1], [8, 0.1], [9, 0.22], [10, 0.4], [11, 0.6], [12, 0.78], [13, 0.9], [14, 0.97], [15, 1.0], [16, 1.0], [20, 1.0]], "brace_keys": [[0, 0.0], [3, 0.06], [6, 0.14], [7, 0.22], [8, 0.22], [9, 0.38], [10, 0.52], [11, 0.66], [12, 0.78], [13, 0.88], [14, 0.95], [15, 1.0], [16, 1.0], [20, 1.0]], "decay_keys": [[0, 1.0], [6, 0.88], [9, 0.55], [11, 0.28], [13, 0.16], [16, 0.14], [20, 0.14]], "sole_drop": [[2, 0.355], [4, 0.25], [6, 0.15], [7, 0.0]], "sole_keys_for_m": {"L": [[0, 0.454707], [2, 0.355], [4, 0.25], [6, 0.15], [7, 0.0]], "R": [[0, 0.432882], [2, 0.355], [4, 0.25], [6, 0.15], [7, 0.0]]}, "seam_sole_mm": {"L": 454.707, "R": 432.882}, "foot_gap_mm": {"0.0": {"L": -77.91249919682741, "R": -77.91249919682741}, "4.0": {"L": -88.06924521923065, "R": -88.06924521923065}, "8.0": {"L": -100.48828087747097, "R": -100.48828087747097}, "12.0": {"L": -113.22946846485138, "R": -113.22946846485138}, "16.0": {"L": -125.42172521352768, "R": -125.42172521352768}, "20.0": {"L": -137.00563833117485, "R": -137.00563833117485}, "24.0": {"L": -148.2558399438858, "R": -148.2558399438858}, "28.0": {"L": -158.79995375871658, "R": -158.79995375871658}}, "foot_gap_symmetry_mm": {"0": 0.0}, "tip_keys": [[0, 26.0], [4, 18.0], [6, 9.0], [7, 0.0], [20, 0.0]], "roll_weight_mode": "always", "zero_chest_pitch_deg": 9.1451, "note": "D14 前倒：零位 = **`Air_Hit@18` 落盘帧**；骨盆 z 前段 = 共享解析弹道，触地帧后 = 三次 Hermite 落地曲线（单调不升、末端固定）；前倒俯仰走**姿态层**（rx_self）；双脚 `f ≥ LAND` 钉在固定世界足迹上。"}
D14_ARMDUMP {"L": {"fist_sweep_deg": 93.466, "elbow_sweep_deg": 53.849, "seam_fist_dir": [0.8057, 0.1933, 0.5599], "brace_fist_dir": [0.4015, -0.8231, -0.4015], "seam_elbow_dir": [0.9308, 0.3651, -0.0169], "brace_elbow_dir": [0.7392, -0.2397, 0.6293], "seam_hand_dir": [-0.2008, -0.7027, 0.6826], "arm_max_mm": 650.0, "seam_span_mm": 467.94, "brace_span_mm": 611.0}, "R": {"fist_sweep_deg": 93.467, "elbow_sweep_deg": 55.015, "seam_fist_dir": [-0.8057, 0.1933, 0.56], "brace_fist_dir": [-0.4015, -0.8231, -0.4015], "seam_elbow_dir": [-0.9349, 0.3508, -0.0535], "brace_elbow_dir": [-0.7392, -0.2397, 0.6293], "seam_hand_dir": [0.1799, -0.5998, 0.7797], "arm_max_mm": 650.0, "seam_span_mm": 467.93, "brace_span_mm": 611.0}}
D14_REPORT {"loop_seamless": null, "max_frame_step_deg": 64.586, "max_frame_step_at": [9, "hand.R"], "no_teleport": false, "bone_travel_mm": {"pelvis": 1221.74, "chest": 1680.54, "head": 2099.34, "hand.L": 2653.17, "hand.R": 2497.99}, "seam_in_orient_delta": 0.0, "seam_in_orient_bone": null, "seam_in_relpos_delta_mm": 0.0, "seam_in_relpos_bone": null, "seam_in_raw_delta": 0.0, "seam_in_ok": true, "seam_ruler_note": "首帧比 `Air_Hit@18`：**平移不变**尺子（pelvis 的后代比「骨位置−骨盆位置」，非后代比世界绝对）。容差 1e-6，未放宽。", "ballistic_prefix_max_err_mm": 0.0001, "ballistic_prefix_err_at": 2, "ballistic_tol_mm": 2.0, "ballistic_until_land_ok": true, "ballistic_phase": {"T_PHASE": 49.5, "d13_t_phase": 31.5, "z_f0_mm": 1297.438, "vz_f0_mm": -59.75, "z_land_mm": 812.493, "vz_land_mm": -78.8056, "d13_end_vz_mm": -58.3889}, "landing_z_rel_land_mm": {"7": 0.0, "8": -82.585, "9": -170.118, "10": -258.683, "11": -344.366, "12": -423.25, "13": -491.421, "14": -544.962, "15": -579.958, "16": -592.493, "17": -592.493, "18": -592.493, "19": -592.493, "20": -592.493}, "landing_rises": [], "landing_z_fixed_ok": true, "landing_plateau_z_mm": [219.999969, 219.999969, 219.999969, 219.999969, 219.999969], "landing_plateau_tol_mm": 0.05, "landing_plateau_ok": true, "pelvis_vz_mm_per_frame": {"1": -61.1111, "2": -63.8333, "3": -66.5556, "4": -69.2778, "5": -72.0, "6": -74.7222, "7": -77.4444, "8": -82.5848, "9": -87.533, "10": -88.5656, "11": -85.6827, "12": -78.8843, "13": -68.1704, "14": -53.5409, "15": -34.9959, "16": -12.5354, "17": 0.0, "18": 0.0, "19": 0.0, "20": 0.0}, "vz_tail_mm": {"7": -77.4444, "8": -82.5848, "9": -87.533, "10": -88.5656, "11": -85.6827, "12": -78.8843, "13": -68.1704, "14": -53.5409, "15": -34.9959, "16": -12.5354, "17": 0.0, "18": 0.0, "19": 0.0, "20": 0.0}, "vz_prefix_max_mm": -74.7222, "vz_fall_then_stop_ok": true, "vz_land_max_mm": 0.0, "landing_no_bounce_max_mm": 2.0, "landing_no_bounce_ok": true, "vz_note": "★ 三段竖速各管一段：`f < LAND` 必须**全为负**（还在下落）；`f ≥ LAND` 增量 ≤ +2.0 mm/帧（落地后**不许反弹**，回弹已全部挪进姿态层）。", "sole_clearance_mm": {"0": 432.88, "1": 393.92, "2": 354.9, "3": 302.48, "4": 249.9, "5": 199.91, "6": 149.93, "7": 1.02, "8": 0.08, "9": -0.61, "10": -1.05, "11": -1.23, "12": -1.25, "13": -1.27, "14": -1.27, "15": -1.25, "16": -1.24, "17": -1.24, "18": -1.24, "19": -1.24, "20": -1.24}, "landing_first_contact_frame": 7, "landing_frame": 7, "airborne_prefix_min_mm": 149.931, "airborne_min_threshold_mm": 100.0, "airborne_prefix_ok": true, "landing_tail_max_mm": 1.021, "ground_contact_ok": true, "landing_event_ok": true, "landing_event_note": "★ 触地帧**唯一**：`f < LAND` 鞋底 > 100 mm、`f ≥ LAND` 鞋底 ≤ 5 mm，且首次出现就在 `f = LAND = 7`。", "foot_slide_mm_after_land": {"L": 0.0271, "R": 0.0259}, "foot_slide_tol_mm": 3.0, "no_foot_slide_land_ok": true, "foot_slide_note": "★ 与 D13 **相反**：本支 `f ≥ LAND` 双足落定在固定世界足迹上 ⟹ `foot_probe` **恢复启用**（逐脚各 ≤ 3 mm）。", "prone_pitch_zero_deg": -2.1304, "prone_pitch_land_deg": 9.1451, "prone_pitch_end_deg": 88.0565, "prone_pitch_peak_deg": 88.0584, "prone_pitch_peak_frame": 15, "prone_pitch_min_deg": 75.0, "prone_pitch_rise_min_deg": 30.0, "prone_pitch_head_end_deg": 94.1203, "prone_pitch_pelvis_end_deg": 73.9878, "prone_lateral_span_deg": 15.4628, "prone_pitch_axis_ok": true, "prone_rotation_ok": true, "knee_deg_abs": {"0": 60.191, "1": 62.002, "2": 64.063, "3": 65.734, "4": 67.637, "5": 68.555, "6": 71.038, "7": 46.731, "8": 67.889, "9": 81.523, "10": 89.002, "11": 89.57, "12": 83.43, "13": 72.01, "14": 57.554, "15": 43.479, "16": 36.61, "17": 36.61, "18": 36.61, "19": 36.61, "20": 36.61}, "knee_flex_rel_land_deg": {"0": 13.46, "1": 15.271, "2": 17.332, "3": 19.003, "4": 20.906, "5": 21.823, "6": 24.306, "7": 0.0, "8": 21.158, "9": 34.791, "10": 42.271, "11": 42.839, "12": 36.698, "13": 25.279, "14": 10.823, "15": -3.252, "16": -10.121, "17": -10.121, "18": -10.121, "19": -10.121, "20": -10.121}, "compress_peak_frame": 11, "compress_peak_deg": 42.839, "compress_window": [8, 11], "compress_min_deg": 20.0, "compress_present_ok": true, "compress_note": "★ 触地后髋膝踝压缩：膝屈角（相对触地帧）峰值必须落在 `LAND+1 ~ LAND+4` **且**是此后全局最大（= 先猛烈吸震、再随身体前扑逐步伸展）。", "hitstop_frames": 2, "hitstop_upper_drift_deg": 0.0, "hitstop_upper_drift_at": null, "hitstop_leg_exempt": true, "hitstop_present": true, "hitstop_note": "★ 口径（与 D13 的差别）：D13 是**整身**逐位冻结（全段离地，脚不管）；本支 `f ≥ LAND` 脚钉在地上 ⟹ 停顿只锁**上身**（躯干+肩+臂），**双腿豁免**（继续解算以吸震）；骨盆 `@loc` 继续走落地曲线。", "no_snap_tail_steps_deg": [15.479347, 8.056703, 0.0, 0.0, 0.0, 0.0], "no_snap_stop_ok": true, "no_snap_tail_window": [14, 20], "no_snap_ruler_note": "★ 口径按**清单 §0.6 原文**：「末 6 帧角度增量的绝对值**单调收敛**」。D13 用的是更严的代理（窗口内单帧步长 ≤5°），本支的'扑'段正好落在该窗口里（前倒在地面段本来就是大角度行程），代理口径必然红 ⟹ 按清单原文实现，并**并列报出**窗口内单帧步长峰值 `no_snap_tail_max_deg` 供人判读。", "end_hold_steps_deg": [0.0, 0.0, 0.0, 0.0], "end_ground_hold_ok": true, "end_identical_skipped": true, "end_identical_note": "★ 末帧**不回原位**（首帧在空中、末帧趴地）⟹ 只报：末帧与 f0 的世界位置差就是「这一摔摔出去多远」。", "end_vz_mm_per_frame": 0.0, "end_pelvis_z_mm": 220.0, "end_vz_zero_ok": true, "handoff": {"vs_air_hit18_orient": 1.644, "vs_air_hit18_relpos_mm": 1214.402, "vs_air_hit18_bone": "pinky_01.L", "vs_crouch0_orient": 1.702, "vs_crouch0_relpos_mm": 942.947, "vs_crouch0_bone": "toe.L"}, "fist_travel_mm": 2653.174, "fist_travel_at": ["L", 16], "ankle_travel_mm": 569.361, "shoulder_move_mm": 1927.091, "pelvis_span_mm": 1221.74, "chain_travel": {"foot_mm": 569.36, "knee_deg": 46.998, "hip_mm": 1221.74, "waist_deg": 78.911, "shoulder_mm": 1927.09, "hand_mm": 2653.17}, "chain_present_ok": true, "root_motion_net_mm": 576.0, "root_motion_m": [0.0, -0.576], "root_motion_registered_m": [-0.0, -0.576], "root_motion_ok": true, "root_motion_note": "★ 与 D12/D13 **不同**（那两支登记 0）：前倒天然带水平位移 —— 骨盆绕双脚向 −Y 扑出 0.576 m，本支**如实登记** `root_motion_m`。", "lock_frames": 4, "lock_expect": 4, "lock_ok": true, "hitstop_frames_reused": 1, "hitstop_expect": 1, "hitstop_reuse_ok": true, "clip_max_mm": 0.0, "clip_at": null, "clip_frame": null, "no_face_clip_ok": true, "reach_ratio_max": 0.94047, "reach_ratio_at": [15, "R"], "reach_ok": true, "leg_reach_ratio_max": 0.96499, "leg_reach_ratio_at": [16, "L"], "leg_reach_ok": true, "aspect": 1.7032, "fill_grid": 0.6227, "width_m": 0.8739, "height_m": 0.5131, "meta": {"anim_id": "Knockdown_F", "loop": false, "category": "防御与受击", "note": "前倒（正面倒地）：前段沿用共享解析弹道，触地帧后换落地曲线（骨盆 z 单调不升、末端固定）；前倒俯仰走姿态层；触地 2 帧上身停顿；双脚 `f ≥ LAND` 钉在固定世界足迹上（不滑）", "antic_frame": 0, "hit_frame": 7, "land_frame": 7, "cancel_frame": 16, "compress_peak_frame": 11, "prone_peak_frame": 15, "self_hold_frame": 16, "hitstop_frames": 2, "hit_points": 0, "root_motion_m": [0.0, -0.576], "hit_point_m": null, "end_pelvis_z_m": 0.22, "end_vz_m_per_frame": 0.0, "start_pose_ref": "Air_Hit 帧 18（空中自持姿态）", "end_pose_ref": "前倒趴地（贴地自持；D15/D16/D17 的起点）", "ballistic_ref": "anim_jump_start.TAKEOFF_PELVIS_Z/TAKEOFF_SPEED + anim_jump_fall.G_PER_FRAME（相位续 D13 f18）", "fps": 60, "frames": [0, 20]}, "ua_start_delta_deg": 0.0, "ua_start_ok": true, "seam_zero_saved_ok": true, "seam_zero_src": "Air_Hit@18", "seam_zero_geom_pos_mm": 0.0, "seam_zero_geom_dir_deg": 0.028461, "seam_zero_worst_bone": null, "failed": [], "non_ok_bools": ["no_teleport"]}Blender 4.5.0 (hash 8cb6b388974a built 2025-07-15 01:36:24)
Read blend: "I:\工作项目\BIGMANFIGHT\角色资产\美术资产\bigman_v001\bigman_anim_v001.blend"
Fra:0 Mem:108.29M (Peak 111.49M) | Time:00:00.65 | Rendering 1 / 64 samples
Fra:0 Mem:108.29M (Peak 111.49M) | Time:00:00.68 | Rendering 25 / 64 samples
Fra:0 Mem:108.29M (Peak 111.49M) | Time:00:00.71 | Rendering 50 / 64 samples
Fra:0 Mem:108.29M (Peak 111.49M) | Time:00:00.73 | Rendering 64 / 64 samples
Fra:0 Mem:76.25M (Peak 121.39M) | Time:00:00.75 | Compositing
Saved: 'I:\工作项目\BIGMANFIGHT\角色资产\美术资产\bigman_v001\previews\anim\knockdownf_side_f0000.png'
Time: 00:00.80 (Saving: 00:00.04)

Fra:1 Mem:110.36M (Peak 113.52M) | Time:00:00.34 | Rendering 1 / 64 samples
Fra:1 Mem:110.36M (Peak 113.52M) | Time:00:00.37 | Rendering 25 / 64 samples
Fra:1 Mem:110.36M (Peak 113.52M) | Time:00:00.40 | Rendering 50 / 64 samples
Fra:1 Mem:110.36M (Peak 113.52M) | Time:00:00.42 | Rendering 64 / 64 samples
Fra:1 Mem:78.32M (Peak 123.46M) | Time:00:00.44 | Compositing
Saved: 'I:\工作项目\BIGMANFIGHT\角色资产\美术资产\bigman_v001\previews\anim\knockdownf_side_f0001.png'
Time: 00:00.47 (Saving: 00:00.02)

Fra:2 Mem:110.37M (Peak 113.52M) | Time:00:00.30 | Rendering 1 / 64 samples
Fra:2 Mem:110.37M (Peak 113.52M) | Time:00:00.33 | Rendering 25 / 64 samples
Fra:2 Mem:110.37M (Peak 113.52M) | Time:00:00.37 | Rendering 50 / 64 samples
Fra:2 Mem:110.37M (Peak 113.52M) | Time:00:00.38 | Rendering 64 / 64 samples
Fra:2 Mem:78.32M (Peak 123.46M) | Time:00:00.40 | Compositing
Saved: 'I:\工作项目\BIGMANFIGHT\角色资产\美术资产\bigman_v001\previews\anim\knockdownf_side_f0002.png'
Time: 00:00.44 (Saving: 00:00.03)

Fra:3 Mem:110.37M (Peak 113.52M) | Time:00:00.30 | Rendering 1 / 64 samples
Fra:3 Mem:110.37M (Peak 113.52M) | Time:00:00.33 | Rendering 25 / 64 samples
Fra:3 Mem:110.37M (Peak 113.52M) | Time:00:00.36 | Rendering 50 / 64 samples
Fra:3 Mem:110.37M (Peak 113.52M) | Time:00:00.37 | Rendering 64 / 64 samples
Fra:3 Mem:78.32M (Peak 123.46M) | Time:00:00.39 | Compositing
Saved: 'I:\工作项目\BIGMANFIGHT\角色资产\美术资产\bigman_v001\previews\anim\knockdownf_side_f0003.png'
Time: 00:00.43 (Saving: 00:00.03)

Fra:4 Mem:110.37M (Peak 113.52M) | Time:00:00.30 | Rendering 1 / 64 samples
Fra:4 Mem:110.37M (Peak 113.52M) | Time:00:00.33 | Rendering 25 / 64 samples
Fra:4 Mem:110.37M (Peak 113.52M) | Time:00:00.36 | Rendering 50 / 64 samples
Fra:4 Mem:110.37M (Peak 113.52M) | Time:00:00.38 | Rendering 64 / 64 samples
Fra:4 Mem:78.32M (Peak 123.46M) | Time:00:00.40 | Compositing
Saved: 'I:\工作项目\BIGMANFIGHT\角色资产\美术资产\bigman_v001\previews\anim\knockdownf_side_f0004.png'
Time: 00:00.44 (Saving: 00:00.02)

Fra:5 Mem:110.37M (Peak 113.52M) | Time:00:00.30 | Rendering 1 / 64 samples
Fra:5 Mem:110.37M (Peak 113.52M) | Time:00:00.33 | Rendering 25 / 64 samples
Fra:5 Mem:110.37M (Peak 113.52M) | Time:00:00.36 | Rendering 50 / 64 samples
Fra:5 Mem:110.37M (Peak 113.52M) | Time:00:00.38 | Rendering 64 / 64 samples
Fra:5 Mem:78.32M (Peak 123.46M) | Time:00:00.40 | Compositing
Saved: 'I:\工作项目\BIGMANFIGHT\角色资产\美术资产\bigman_v001\previews\anim\knockdownf_side_f0005.png'
Time: 00:00.50 (Saving: 00:00.10)

Fra:6 Mem:110.37M (Peak 113.52M) | Time:00:00.31 | Rendering 1 / 64 samples
Fra:6 Mem:110.37M (Peak 113.52M) | Time:00:00.33 | Rendering 25 / 64 samples
Fra:6 Mem:110.37M (Peak 113.52M) | Time:00:00.36 | Rendering 50 / 64 samples
Fra:6 Mem:110.37M (Peak 113.52M) | Time:00:00.38 | Rendering 64 / 64 samples
Fra:6 Mem:78.32M (Peak 123.46M) | Time:00:00.40 | Compositing
Saved: 'I:\工作项目\BIGMANFIGHT\角色资产\美术资产\bigman_v001\previews\anim\knockdownf_side_f0006.png'
Time: 00:00.45 (Saving: 00:00.04)

Fra:7 Mem:110.37M (Peak 113.52M) | Time:00:00.30 | Rendering 1 / 64 samples
Fra:7 Mem:110.37M (Peak 113.52M) | Time:00:00.33 | Rendering 25 / 64 samples
Fra:7 Mem:110.37M (Peak 113.52M) | Time:00:00.37 | Rendering 50 / 64 samples
Fra:7 Mem:110.37M (Peak 113.52M) | Time:00:00.38 | Rendering 64 / 64 samples
Fra:7 Mem:78.32M (Peak 123.46M) | Time:00:00.40 | Compositing
Saved: 'I:\工作项目\BIGMANFIGHT\角色资产\美术资产\bigman_v001\previews\anim\knockdownf_side_f0007.png'
Time: 00:00.44 (Saving: 00:00.03)

Fra:8 Mem:110.37M (Peak 113.52M) | Time:00:00.31 | Rendering 1 / 64 samples
Fra:8 Mem:110.37M (Peak 113.52M) | Time:00:00.34 | Rendering 25 / 64 samples
Fra:8 Mem:110.37M (Peak 113.52M) | Time:00:00.37 | Rendering 50 / 64 samples
Fra:8 Mem:110.37M (Peak 113.52M) | Time:00:00.39 | Rendering 64 / 64 samples
Fra:8 Mem:78.32M (Peak 123.46M) | Time:00:00.41 | Compositing
Saved: 'I:\工作项目\BIGMANFIGHT\角色资产\美术资产\bigman_v001\previews\anim\knockdownf_side_f0008.png'
Time: 00:00.45 (Saving: 00:00.03)

Fra:9 Mem:110.37M (Peak 113.52M) | Time:00:00.30 | Rendering 1 / 64 samples
Fra:9 Mem:110.37M (Peak 113.52M) | Time:00:00.32 | Rendering 25 / 64 samples
Fra:9 Mem:110.37M (Peak 113.52M) | Time:00:00.36 | Rendering 50 / 64 samples
Fra:9 Mem:110.37M (Peak 113.52M) | Time:00:00.37 | Rendering 64 / 64 samples
Fra:9 Mem:78.32M (Peak 123.46M) | Time:00:00.39 | Compositing
Saved: 'I:\工作项目\BIGMANFIGHT\角色资产\美术资产\bigman_v001\previews\anim\knockdownf_side_f0009.png'
Time: 00:00.45 (Saving: 00:00.05)

Fra:10 Mem:110.37M (Peak 113.53M) | Time:00:00.31 | Rendering 1 / 64 samples
Fra:10 Mem:110.37M (Peak 113.53M) | Time:00:00.34 | Rendering 25 / 64 samples
Fra:10 Mem:110.37M (Peak 113.53M) | Time:00:00.37 | Rendering 50 / 64 samples
Fra:10 Mem:110.37M (Peak 113.53M) | Time:00:00.38 | Rendering 64 / 64 samples
Fra:10 Mem:78.32M (Peak 123.46M) | Time:00:00.40 | Compositing
Saved: 'I:\工作项目\BIGMANFIGHT\角色资产\美术资产\bigman_v001\previews\anim\knockdownf_side_f0010.png'
Time: 00:00.44 (Saving: 00:00.03)

Fra:11 Mem:110.37M (Peak 113.53M) | Time:00:00.32 | Rendering 1 / 64 samples
Fra:11 Mem:110.37M (Peak 113.53M) | Time:00:00.35 | Rendering 25 / 64 samples
Fra:11 Mem:110.37M (Peak 113.53M) | Time:00:00.38 | Rendering 50 / 64 samples
Fra:11 Mem:110.37M (Peak 113.53M) | Time:00:00.39 | Rendering 64 / 64 samples
Fra:11 Mem:78.32M (Peak 123.46M) | Time:00:00.41 | Compositing
Saved: 'I:\工作项目\BIGMANFIGHT\角色资产\美术资产\bigman_v001\previews\anim\knockdownf_side_f0011.png'
Time: 00:00.45 (Saving: 00:00.02)

Fra:12 Mem:110.37M (Peak 113.53M) | Time:00:00.30 | Rendering 1 / 64 samples
Fra:12 Mem:110.37M (Peak 113.53M) | Time:00:00.33 | Rendering 25 / 64 samples
Fra:12 Mem:110.37M (Peak 113.53M) | Time:00:00.36 | Rendering 50 / 64 samples
Fra:12 Mem:110.37M (Peak 113.53M) | Time:00:00.38 | Rendering 64 / 64 samples
Fra:12 Mem:78.32M (Peak 123.46M) | Time:00:00.40 | Compositing
Saved: 'I:\工作项目\BIGMANFIGHT\角色资产\美术资产\bigman_v001\previews\anim\knockdownf_side_f0012.png'
Time: 00:00.44 (Saving: 00:00.02)

Fra:13 Mem:110.37M (Peak 113.53M) | Time:00:00.31 | Rendering 1 / 64 samples
Fra:13 Mem:110.37M (Peak 113.53M) | Time:00:00.34 | Rendering 25 / 64 samples
Fra:13 Mem:110.37M (Peak 113.53M) | Time:00:00.37 | Rendering 50 / 64 samples
Fra:13 Mem:110.37M (Peak 113.53M) | Time:00:00.39 | Rendering 64 / 64 samples
Fra:13 Mem:78.32M (Peak 123.46M) | Time:00:00.41 | Compositing
Saved: 'I:\工作项目\BIGMANFIGHT\角色资产\美术资产\bigman_v001\previews\anim\knockdownf_side_f0013.png'
Time: 00:00.44 (Saving: 00:00.02)

Fra:14 Mem:110.37M (Peak 113.53M) | Time:00:00.28 | Rendering 1 / 64 samples
Fra:14 Mem:110.37M (Peak 113.53M) | Time:00:00.31 | Rendering 25 / 64 samples
Fra:14 Mem:110.37M (Peak 113.53M) | Time:00:00.34 | Rendering 50 / 64 samples
Fra:14 Mem:110.37M (Peak 113.53M) | Time:00:00.36 | Rendering 64 / 64 samples
Fra:14 Mem:78.32M (Peak 123.46M) | Time:00:00.38 | Compositing
Saved: 'I:\工作项目\BIGMANFIGHT\角色资产\美术资产\bigman_v001\previews\anim\knockdownf_side_f0014.png'
Time: 00:00.41 (Saving: 00:00.02)

Fra:15 Mem:110.37M (Peak 113.53M) | Time:00:00.28 | Rendering 1 / 64 samples
Fra:15 Mem:110.37M (Peak 113.53M) | Time:00:00.31 | Rendering 25 / 64 samples
Fra:15 Mem:110.37M (Peak 113.53M) | Time:00:00.34 | Rendering 50 / 64 samples
Fra:15 Mem:110.37M (Peak 113.53M) | Time:00:00.35 | Rendering 64 / 64 samples
Fra:15 Mem:78.32M (Peak 123.46M) | Time:00:00.37 | Compositing
Saved: 'I:\工作项目\BIGMANFIGHT\角色资产\美术资产\bigman_v001\previews\anim\knockdownf_side_f0015.png'
Time: 00:00.41 (Saving: 00:00.02)

Fra:16 Mem:110.37M (Peak 110.37M) | Time:00:00.31 | Rendering 1 / 64 samples
Fra:16 Mem:110.37M (Peak 110.37M) | Time:00:00.34 | Rendering 25 / 64 samples
Fra:16 Mem:110.37M (Peak 110.37M) | Time:00:00.37 | Rendering 50 / 64 samples
Fra:16 Mem:110.37M (Peak 110.37M) | Time:00:00.39 | Rendering 64 / 64 samples
Fra:16 Mem:78.32M (Peak 123.46M) | Time:00:00.41 | Compositing
Saved: 'I:\工作项目\BIGMANFIGHT\角色资产\美术资产\bigman_v001\previews\anim\knockdownf_side_f0016.png'
Time: 00:00.44 (Saving: 00:00.02)

Fra:17 Mem:110.37M (Peak 113.53M) | Time:00:00.30 | Rendering 1 / 64 samples
Fra:17 Mem:110.37M (Peak 113.53M) | Time:00:00.32 | Rendering 25 / 64 samples
Fra:17 Mem:110.37M (Peak 113.53M) | Time:00:00.35 | Rendering 50 / 64 samples
Fra:17 Mem:110.37M (Peak 113.53M) | Time:00:00.37 | Rendering 64 / 64 samples
Fra:17 Mem:78.32M (Peak 123.46M) | Time:00:00.39 | Compositing
Saved: 'I:\工作项目\BIGMANFIGHT\角色资产\美术资产\bigman_v001\previews\anim\knockdownf_side_f0017.png'
Time: 00:00.42 (Saving: 00:00.02)

Fra:18 Mem:110.37M (Peak 113.53M) | Time:00:00.31 | Rendering 1 / 64 samples
Fra:18 Mem:110.37M (Peak 113.53M) | Time:00:00.33 | Rendering 25 / 64 samples
Fra:18 Mem:110.37M (Peak 113.53M) | Time:00:00.36 | Rendering 50 / 64 samples
Fra:18 Mem:110.37M (Peak 113.53M) | Time:00:00.38 | Rendering 64 / 64 samples
Fra:18 Mem:78.32M (Peak 123.46M) | Time:00:00.40 | Compositing
Saved: 'I:\工作项目\BIGMANFIGHT\角色资产\美术资产\bigman_v001\previews\anim\knockdownf_side_f0018.png'
Time: 00:00.43 (Saving: 00:00.02)

Fra:19 Mem:110.37M (Peak 113.53M) | Time:00:00.30 | Rendering 1 / 64 samples
Fra:19 Mem:110.37M (Peak 113.53M) | Time:00:00.33 | Rendering 25 / 64 samples
Fra:19 Mem:110.37M (Peak 113.53M) | Time:00:00.36 | Rendering 50 / 64 samples
Fra:19 Mem:110.37M (Peak 113.53M) | Time:00:00.38 | Rendering 64 / 64 samples
Fra:19 Mem:78.32M (Peak 123.46M) | Time:00:00.40 | Compositing
Saved: 'I:\工作项目\BIGMANFIGHT\角色资产\美术资产\bigman_v001\previews\anim\knockdownf_side_f0019.png'
Time: 00:00.43 (Saving: 00:00.02)

Fra:20 Mem:110.37M (Peak 113.53M) | Time:00:00.29 | Rendering 1 / 64 samples
Fra:20 Mem:110.37M (Peak 113.53M) | Time:00:00.32 | Rendering 25 / 64 samples
Fra:20 Mem:110.37M (Peak 113.53M) | Time:00:00.35 | Rendering 50 / 64 samples
Fra:20 Mem:110.37M (Peak 113.53M) | Time:00:00.36 | Rendering 64 / 64 samples
Fra:20 Mem:78.32M (Peak 123.46M) | Time:00:00.38 | Compositing
Saved: 'I:\工作项目\BIGMANFIGHT\角色资产\美术资产\bigman_v001\previews\anim\knockdownf_side_f0020.png'
Time: 00:00.42 (Saving: 00:00.03)

Fra:0 Mem:110.37M (Peak 113.53M) | Time:00:00.31 | Rendering 1 / 64 samples
Fra:0 Mem:110.37M (Peak 113.53M) | Time:00:00.34 | Rendering 25 / 64 samples
Fra:0 Mem:110.37M (Peak 113.53M) | Time:00:00.37 | Rendering 50 / 64 samples
Fra:0 Mem:110.37M (Peak 113.53M) | Time:00:00.38 | Rendering 64 / 64 samples
Fra:0 Mem:78.32M (Peak 123.46M) | Time:00:00.40 | Compositing
Saved: 'I:\工作项目\BIGMANFIGHT\角色资产\美术资产\bigman_v001\previews\anim\knockdownf_front_f0000.png'
Time: 00:00.44 (Saving: 00:00.03)

Fra:0 Mem:110.37M (Peak 113.53M) | Time:00:00.31 | Rendering 1 / 64 samples
Fra:0 Mem:110.37M (Peak 113.53M) | Time:00:00.34 | Rendering 25 / 64 samples
Fra:0 Mem:110.37M (Peak 113.53M) | Time:00:00.37 | Rendering 50 / 64 samples
Fra:0 Mem:110.37M (Peak 113.53M) | Time:00:00.38 | Rendering 64 / 64 samples
Fra:0 Mem:78.32M (Peak 123.46M) | Time:00:00.40 | Compositing
Saved: 'I:\工作项目\BIGMANFIGHT\角色资产\美术资产\bigman_v001\previews\anim\knockdownf_three_quarter_f0000.png'
Time: 00:00.44 (Saving: 00:00.03)

Fra:2 Mem:110.37M (Peak 113.53M) | Time:00:00.28 | Rendering 1 / 64 samples
Fra:2 Mem:110.37M (Peak 113.53M) | Time:00:00.31 | Rendering 25 / 64 samples
Fra:2 Mem:110.37M (Peak 113.53M) | Time:00:00.34 | Rendering 50 / 64 samples
Fra:2 Mem:110.37M (Peak 113.53M) | Time:00:00.36 | Rendering 64 / 64 samples
Fra:2 Mem:78.32M (Peak 123.46M) | Time:00:00.38 | Compositing
Saved: 'I:\工作项目\BIGMANFIGHT\角色资产\美术资产\bigman_v001\previews\anim\knockdownf_front_f0002.png'
Time: 00:00.42 (Saving: 00:00.03)

Fra:2 Mem:110.37M (Peak 113.53M) | Time:00:00.28 | Rendering 1 / 64 samples
Fra:2 Mem:110.37M (Peak 113.53M) | Time:00:00.31 | Rendering 25 / 64 samples
Fra:2 Mem:110.37M (Peak 113.53M) | Time:00:00.34 | Rendering 50 / 64 samples
Fra:2 Mem:110.37M (Peak 113.53M) | Time:00:00.36 | Rendering 64 / 64 samples
Fra:2 Mem:78.32M (Peak 123.46M) | Time:00:00.38 | Compositing
Saved: 'I:\工作项目\BIGMANFIGHT\角色资产\美术资产\bigman_v001\previews\anim\knockdownf_three_quarter_f0002.png'
Time: 00:00.42 (Saving: 00:00.03)

Fra:4 Mem:110.37M (Peak 113.53M) | Time:00:00.28 | Rendering 1 / 64 samples
Fra:4 Mem:110.37M (Peak 113.53M) | Time:00:00.31 | Rendering 25 / 64 samples
Fra:4 Mem:110.37M (Peak 113.53M) | Time:00:00.35 | Rendering 50 / 64 samples
Fra:4 Mem:110.37M (Peak 113.53M) | Time:00:00.36 | Rendering 64 / 64 samples
Fra:4 Mem:78.32M (Peak 123.46M) | Time:00:00.38 | Compositing
Saved: 'I:\工作项目\BIGMANFIGHT\角色资产\美术资产\bigman_v001\previews\anim\knockdownf_front_f0004.png'
Time: 00:00.42 (Saving: 00:00.03)

Fra:4 Mem:110.37M (Peak 113.53M) | Time:00:00.28 | Rendering 1 / 64 samples
Fra:4 Mem:110.37M (Peak 113.53M) | Time:00:00.31 | Rendering 25 / 64 samples
Fra:4 Mem:110.37M (Peak 113.53M) | Time:00:00.34 | Rendering 50 / 64 samples
Fra:4 Mem:110.37M (Peak 113.53M) | Time:00:00.35 | Rendering 64 / 64 samples
Fra:4 Mem:78.32M (Peak 123.46M) | Time:00:00.37 | Compositing
Saved: 'I:\工作项目\BIGMANFIGHT\角色资产\美术资产\bigman_v001\previews\anim\knockdownf_three_quarter_f0004.png'
Time: 00:00.41 (Saving: 00:00.03)

Fra:6 Mem:110.37M (Peak 113.53M) | Time:00:00.30 | Rendering 1 / 64 samples
Fra:6 Mem:110.37M (Peak 113.53M) | Time:00:00.33 | Rendering 25 / 64 samples
Fra:6 Mem:110.37M (Peak 113.53M) | Time:00:00.36 | Rendering 50 / 64 samples
Fra:6 Mem:110.37M (Peak 113.53M) | Time:00:00.38 | Rendering 64 / 64 samples
Fra:6 Mem:78.32M (Peak 123.46M) | Time:00:00.40 | Compositing
Saved: 'I:\工作项目\BIGMANFIGHT\角色资产\美术资产\bigman_v001\previews\anim\knockdownf_front_f0006.png'
Time: 00:00.44 (Saving: 00:00.03)

Fra:6 Mem:110.37M (Peak 113.53M) | Time:00:00.31 | Rendering 1 / 64 samples
Fra:6 Mem:110.37M (Peak 113.53M) | Time:00:00.34 | Rendering 25 / 64 samples
Fra:6 Mem:110.37M (Peak 113.53M) | Time:00:00.37 | Rendering 50 / 64 samples
Fra:6 Mem:110.37M (Peak 113.53M) | Time:00:00.39 | Rendering 64 / 64 samples
Fra:6 Mem:78.32M (Peak 123.46M) | Time:00:00.41 | Compositing
Saved: 'I:\工作项目\BIGMANFIGHT\角色资产\美术资产\bigman_v001\previews\anim\knockdownf_three_quarter_f0006.png'
Time: 00:00.44 (Saving: 00:00.03)

Fra:7 Mem:110.37M (Peak 113.53M) | Time:00:00.30 | Rendering 1 / 64 samples
Fra:7 Mem:110.37M (Peak 113.53M) | Time:00:00.33 | Rendering 25 / 64 samples
Fra:7 Mem:110.37M (Peak 113.53M) | Time:00:00.36 | Rendering 50 / 64 samples
Fra:7 Mem:110.37M (Peak 113.53M) | Time:00:00.37 | Rendering 64 / 64 samples
Fra:7 Mem:78.32M (Peak 123.46M) | Time:00:00.39 | Compositing
Saved: 'I:\工作项目\BIGMANFIGHT\角色资产\美术资产\bigman_v001\previews\anim\knockdownf_front_f0007.png'
Time: 00:00.43 (Saving: 00:00.03)

Fra:7 Mem:110.37M (Peak 113.53M) | Time:00:00.31 | Rendering 1 / 64 samples
Fra:7 Mem:110.37M (Peak 113.53M) | Time:00:00.34 | Rendering 25 / 64 samples
Fra:7 Mem:110.37M (Peak 113.53M) | Time:00:00.37 | Rendering 50 / 64 samples
Fra:7 Mem:110.37M (Peak 113.53M) | Time:00:00.39 | Rendering 64 / 64 samples
Fra:7 Mem:78.32M (Peak 123.46M) | Time:00:00.41 | Compositing
Saved: 'I:\工作项目\BIGMANFIGHT\角色资产\美术资产\bigman_v001\previews\anim\knockdownf_three_quarter_f0007.png'
Time: 00:00.45 (Saving: 00:00.03)

Fra:8 Mem:110.37M (Peak 113.53M) | Time:00:00.30 | Rendering 1 / 64 samples
Fra:8 Mem:110.37M (Peak 113.53M) | Time:00:00.33 | Rendering 25 / 64 samples
Fra:8 Mem:110.37M (Peak 113.53M) | Time:00:00.36 | Rendering 50 / 64 samples
Fra:8 Mem:110.37M (Peak 113.53M) | Time:00:00.38 | Rendering 64 / 64 samples
Fra:8 Mem:78.32M (Peak 123.46M) | Time:00:00.39 | Compositing
Saved: 'I:\工作项目\BIGMANFIGHT\角色资产\美术资产\bigman_v001\previews\anim\knockdownf_front_f0008.png'
Time: 00:00.43 (Saving: 00:00.03)

Fra:8 Mem:110.37M (Peak 113.53M) | Time:00:00.28 | Rendering 1 / 64 samples
Fra:8 Mem:110.37M (Peak 113.53M) | Time:00:00.31 | Rendering 25 / 64 samples
Fra:8 Mem:110.37M (Peak 113.53M) | Time:00:00.34 | Rendering 50 / 64 samples
Fra:8 Mem:110.37M (Peak 113.53M) | Time:00:00.36 | Rendering 64 / 64 samples
Fra:8 Mem:78.32M (Peak 123.46M) | Time:00:00.38 | Compositing
Saved: 'I:\工作项目\BIGMANFIGHT\角色资产\美术资产\bigman_v001\previews\anim\knockdownf_three_quarter_f0008.png'
Time: 00:00.42 (Saving: 00:00.03)

Fra:11 Mem:110.37M (Peak 113.53M) | Time:00:00.31 | Rendering 1 / 64 samples
Fra:11 Mem:110.37M (Peak 113.53M) | Time:00:00.34 | Rendering 25 / 64 samples
Fra:11 Mem:110.37M (Peak 113.53M) | Time:00:00.37 | Rendering 50 / 64 samples
Fra:11 Mem:110.37M (Peak 113.53M) | Time:00:00.39 | Rendering 64 / 64 samples
Fra:11 Mem:78.32M (Peak 123.46M) | Time:00:00.42 | Compositing
Saved: 'I:\工作项目\BIGMANFIGHT\角色资产\美术资产\bigman_v001\previews\anim\knockdownf_front_f0011.png'
Time: 00:00.45 (Saving: 00:00.02)

Fra:11 Mem:110.37M (Peak 113.53M) | Time:00:00.29 | Rendering 1 / 64 samples
Fra:11 Mem:110.37M (Peak 113.53M) | Time:00:00.32 | Rendering 25 / 64 samples
Fra:11 Mem:110.37M (Peak 113.53M) | Time:00:00.35 | Rendering 50 / 64 samples
Fra:11 Mem:110.37M (Peak 113.53M) | Time:00:00.37 | Rendering 64 / 64 samples
Fra:11 Mem:78.32M (Peak 123.46M) | Time:00:00.39 | Compositing
Saved: 'I:\工作项目\BIGMANFIGHT\角色资产\美术资产\bigman_v001\previews\anim\knockdownf_three_quarter_f0011.png'
Time: 00:00.42 (Saving: 00:00.02)

Fra:13 Mem:110.37M (Peak 113.53M) | Time:00:00.25 | Rendering 1 / 64 samples
Fra:13 Mem:110.37M (Peak 113.53M) | Time:00:00.28 | Rendering 25 / 64 samples
Fra:13 Mem:110.37M (Peak 113.53M) | Time:00:00.31 | Rendering 50 / 64 samples
Fra:13 Mem:110.37M (Peak 113.53M) | Time:00:00.32 | Rendering 64 / 64 samples
Fra:13 Mem:78.32M (Peak 123.46M) | Time:00:00.34 | Compositing
Saved: 'I:\工作项目\BIGMANFIGHT\角色资产\美术资产\bigman_v001\previews\anim\knockdownf_front_f0013.png'
Time: 00:00.38 (Saving: 00:00.02)

Fra:13 Mem:110.37M (Peak 113.53M) | Time:00:00.31 | Rendering 1 / 64 samples
Fra:13 Mem:110.37M (Peak 113.53M) | Time:00:00.34 | Rendering 25 / 64 samples
Fra:13 Mem:110.37M (Peak 113.53M) | Time:00:00.37 | Rendering 50 / 64 samples
Fra:13 Mem:110.37M (Peak 113.53M) | Time:00:00.38 | Rendering 64 / 64 samples
Fra:13 Mem:78.32M (Peak 123.46M) | Time:00:00.40 | Compositing
Saved: 'I:\工作项目\BIGMANFIGHT\角色资产\美术资产\bigman_v001\previews\anim\knockdownf_three_quarter_f0013.png'
Time: 00:00.44 (Saving: 00:00.02)

Fra:15 Mem:110.37M (Peak 113.53M) | Time:00:00.31 | Rendering 1 / 64 samples
Fra:15 Mem:110.37M (Peak 113.53M) | Time:00:00.34 | Rendering 25 / 64 samples
Fra:15 Mem:110.37M (Peak 113.53M) | Time:00:00.37 | Rendering 50 / 64 samples
Fra:15 Mem:110.37M (Peak 113.53M) | Time:00:00.38 | Rendering 64 / 64 samples
Fra:15 Mem:78.32M (Peak 123.46M) | Time:00:00.40 | Compositing
Saved: 'I:\工作项目\BIGMANFIGHT\角色资产\美术资产\bigman_v001\previews\anim\knockdownf_front_f0015.png'
Time: 00:00.44 (Saving: 00:00.02)

Fra:15 Mem:110.37M (Peak 113.53M) | Time:00:00.32 | Rendering 1 / 64 samples
Fra:15 Mem:110.37M (Peak 113.53M) | Time:00:00.35 | Rendering 25 / 64 samples
Fra:15 Mem:110.37M (Peak 113.53M) | Time:00:00.39 | Rendering 50 / 64 samples
Fra:15 Mem:110.37M (Peak 113.53M) | Time:00:00.41 | Rendering 64 / 64 samples
Fra:15 Mem:78.32M (Peak 123.46M) | Time:00:00.43 | Compositing
Saved: 'I:\工作项目\BIGMANFIGHT\角色资产\美术资产\bigman_v001\previews\anim\knockdownf_three_quarter_f0015.png'
Time: 00:00.46 (Saving: 00:00.02)

Fra:16 Mem:110.37M (Peak 113.53M) | Time:00:00.30 | Rendering 1 / 64 samples
Fra:16 Mem:110.37M (Peak 113.53M) | Time:00:00.32 | Rendering 25 / 64 samples
Fra:16 Mem:110.37M (Peak 113.53M) | Time:00:00.35 | Rendering 50 / 64 samples
Fra:16 Mem:110.37M (Peak 113.53M) | Time:00:00.37 | Rendering 64 / 64 samples
Fra:16 Mem:78.32M (Peak 123.46M) | Time:00:00.39 | Compositing
Saved: 'I:\工作项目\BIGMANFIGHT\角色资产\美术资产\bigman_v001\previews\anim\knockdownf_front_f0016.png'
Time: 00:00.42 (Saving: 00:00.02)

Fra:16 Mem:110.37M (Peak 113.53M) | Time:00:00.31 | Rendering 1 / 64 samples
Fra:16 Mem:110.37M (Peak 113.53M) | Time:00:00.34 | Rendering 25 / 64 samples
Fra:16 Mem:110.37M (Peak 113.53M) | Time:00:00.37 | Rendering 50 / 64 samples
Fra:16 Mem:110.37M (Peak 113.53M) | Time:00:00.39 | Rendering 64 / 64 samples
Fra:16 Mem:78.32M (Peak 123.46M) | Time:00:00.40 | Compositing
Saved: 'I:\工作项目\BIGMANFIGHT\角色资产\美术资产\bigman_v001\previews\anim\knockdownf_three_quarter_f0016.png'
Time: 00:00.44 (Saving: 00:00.03)

Fra:20 Mem:110.37M (Peak 113.53M) | Time:00:00.31 | Rendering 1 / 64 samples
Fra:20 Mem:110.37M (Peak 113.53M) | Time:00:00.34 | Rendering 25 / 64 samples
Fra:20 Mem:110.37M (Peak 113.53M) | Time:00:00.37 | Rendering 50 / 64 samples
Fra:20 Mem:110.37M (Peak 113.53M) | Time:00:00.38 | Rendering 64 / 64 samples
Fra:20 Mem:78.32M (Peak 123.46M) | Time:00:00.40 | Compositing
Saved: 'I:\工作项目\BIGMANFIGHT\角色资产\美术资产\bigman_v001\previews\anim\knockdownf_front_f0020.png'
Time: 00:00.44 (Saving: 00:00.03)

Fra:20 Mem:110.37M (Peak 113.53M) | Time:00:00.32 | Rendering 1 / 64 samples
Fra:20 Mem:110.37M (Peak 113.53M) | Time:00:00.35 | Rendering 25 / 64 samples
Fra:20 Mem:110.37M (Peak 113.53M) | Time:00:00.38 | Rendering 50 / 64 samples
Fra:20 Mem:110.37M (Peak 113.53M) | Time:00:00.39 | Rendering 64 / 64 samples
Fra:20 Mem:78.32M (Peak 123.46M) | Time:00:00.41 | Compositing
Saved: 'I:\工作项目\BIGMANFIGHT\角色资产\美术资产\bigman_v001\previews\anim\knockdownf_three_quarter_f0020.png'
Time: 00:00.45 (Saving: 00:00.02)


Info: Saved as "bigman_anim_v001.blend"
INFO Draco mesh compression is available, use library at D:\Program Files\Blender Foundation\Blender 4.5\4.5\scripts\addons_core\io_scene_gltf2\extern_draco.dll
01:34:56 | INFO: Starting glTF 2.0 export
01:34:56 | INFO: Extracting primitive: Mesh
01:34:56 | INFO: Primitives created: 1
01:34:56 | INFO: Extracting primitive: Mesh
01:34:56 | INFO: Primitives created: 1
01:34:56 | INFO: Extracting primitive: Collar_Point_L
01:34:56 | INFO: Primitives created: 1
01:34:56 | INFO: Extracting primitive: Collar_Point_R
01:34:56 | INFO: Primitives created: 1
01:34:56 | INFO: Extracting primitive: Ear_Inner_L
01:34:56 | INFO: Primitives created: 1
01:34:56 | INFO: Extracting primitive: Ear_Inner_R
01:34:56 | INFO: Primitives created: 1
01:34:56 | INFO: Extracting primitive: Ear_L
01:34:56 | INFO: Primitives created: 1
01:34:56 | INFO: Extracting primitive: Ear_Lobe_L
01:34:56 | INFO: Primitives created: 1
01:34:56 | INFO: Extracting primitive: Ear_Lobe_R
01:34:56 | INFO: Primitives created: 1
01:34:56 | INFO: Extracting primitive: Ear_R
01:34:56 | INFO: Primitives created: 1
01:34:56 | INFO: Extracting primitive: Eye_Glint_L
01:34:56 | INFO: Primitives created: 1
01:34:56 | INFO: Extracting primitive: Eye_Glint_R
01:34:56 | INFO: Primitives created: 1
01:34:56 | INFO: Extracting primitive: Eye_Line_Upper_L
01:34:56 | INFO: Primitives created: 1
01:34:56 | INFO: Extracting primitive: Eye_Line_Upper_R
01:34:56 | INFO: Primitives created: 1
01:34:56 | INFO: Extracting primitive: Eye_White_L
01:34:56 | INFO: Primitives created: 1
01:34:56 | INFO: Extracting primitive: Eye_White_R
01:34:56 | INFO: Primitives created: 1
01:34:56 | INFO: Extracting primitive: Eyebrow_L
01:34:56 | INFO: Primitives created: 1
01:34:56 | INFO: Extracting primitive: Eyebrow_R
01:34:56 | INFO: Primitives created: 1
01:34:56 | INFO: Extracting primitive: Eyelid_Lower_L
01:34:56 | INFO: Primitives created: 1
01:34:56 | INFO: Extracting primitive: Eyelid_Lower_R
01:34:56 | INFO: Primitives created: 1
01:34:56 | INFO: Extracting primitive: Eyelid_Upper_L
01:34:56 | INFO: Primitives created: 1
01:34:56 | INFO: Extracting primitive: Eyelid_Upper_R
01:34:56 | INFO: Primitives created: 1
01:34:56 | INFO: Extracting primitive: Mesh
01:34:56 | INFO: Primitives created: 1
01:34:56 | INFO: Extracting primitive: Mesh
01:34:56 | INFO: Primitives created: 1
01:34:56 | INFO: Extracting primitive: Mesh
01:34:56 | INFO: Primitives created: 1
01:34:56 | INFO: Extracting primitive: Mesh
01:34:56 | INFO: Primitives created: 1
01:34:56 | INFO: Extracting primitive: Mesh
01:34:56 | INFO: Primitives created: 1
01:34:56 | INFO: Extracting primitive: Mesh
01:34:56 | INFO: Primitives created: 1
01:34:56 | INFO: Extracting primitive: Mesh
01:34:56 | INFO: Primitives created: 1
01:34:56 | INFO: Extracting primitive: Mesh
01:34:56 | INFO: Primitives created: 1
01:34:56 | INFO: Extracting primitive: Glasses_Bridge
01:34:56 | INFO: Primitives created: 1
01:34:56 | INFO: Extracting primitive: Glasses_Frame_L
01:34:56 | INFO: Primitives created: 1
01:34:56 | INFO: Extracting primitive: Glasses_Frame_R
01:34:56 | INFO: Primitives created: 1
01:34:56 | INFO: Extracting primitive: Glasses_Temple_L
01:34:56 | INFO: Primitives created: 1
01:34:56 | INFO: Extracting primitive: Glasses_Temple_R
01:34:56 | INFO: Primitives created: 1
01:34:56 | INFO: Extracting primitive: Mesh
01:34:56 | INFO: Primitives created: 1
01:34:56 | INFO: Extracting primitive: Mesh
01:34:56 | INFO: Primitives created: 1
01:34:56 | INFO: Extracting primitive: Mesh
01:34:56 | INFO: Primitives created: 1
01:34:56 | INFO: Extracting primitive: Mesh
01:34:56 | INFO: Primitives created: 1
01:34:56 | INFO: Extracting primitive: Mesh
01:34:56 | INFO: Primitives created: 1
01:34:56 | INFO: Extracting primitive: Iris_L
01:34:56 | INFO: Primitives created: 1
01:34:56 | INFO: Extracting primitive: Iris_R
01:34:56 | INFO: Primitives created: 1
01:34:56 | INFO: Extracting primitive: Iris_Ring_L
01:34:56 | INFO: Primitives created: 1
01:34:56 | INFO: Extracting primitive: Iris_Ring_R
01:34:56 | INFO: Primitives created: 1
01:34:56 | INFO: Extracting primitive: Jacket_Back_Seam
01:34:56 | INFO: Primitives created: 1
01:34:56 | INFO: Extracting primitive: Jacket_Button_1
01:34:56 | INFO: Primitives created: 1
01:34:56 | INFO: Extracting primitive: Jacket_Button_2
01:34:56 | INFO: Primitives created: 1
01:34:56 | INFO: Extracting primitive: Jacket_Collar
01:34:56 | INFO: Primitives created: 1
01:34:56 | INFO: Extracting primitive: Jacket_Lapel_L
01:34:56 | INFO: Primitives created: 1
01:34:56 | INFO: Extracting primitive: Jacket_Lapel_R
01:34:56 | INFO: Primitives created: 1
01:34:56 | INFO: Extracting primitive: Jacket_Vent
01:34:56 | INFO: Primitives created: 1
01:34:56 | INFO: Extracting primitive: Lapel_Fold_L
01:34:56 | INFO: Primitives created: 1
01:34:56 | INFO: Extracting primitive: Lapel_Fold_R
01:34:56 | INFO: Primitives created: 1
01:34:56 | INFO: Extracting primitive: Lapel_Notch_L
01:34:56 | INFO: Primitives created: 1
01:34:56 | INFO: Extracting primitive: Lapel_Notch_R
01:34:56 | INFO: Primitives created: 1
01:34:56 | INFO: Extracting primitive: Lower_Lip
01:34:56 | INFO: Primitives created: 1
01:34:56 | INFO: Extracting primitive: Mouth_Line
01:34:56 | INFO: Primitives created: 1
01:34:56 | INFO: Extracting primitive: Mesh
01:34:56 | INFO: Primitives created: 1
01:34:56 | INFO: Extracting primitive: Mesh
01:34:56 | INFO: Primitives created: 1
01:34:56 | INFO: Extracting primitive: Nose_Wing_L
01:34:56 | INFO: Primitives created: 1
01:34:56 | INFO: Extracting primitive: Nose_Wing_R
01:34:56 | INFO: Primitives created: 1
01:34:56 | INFO: Extracting primitive: Pocket_Flap_L
01:34:56 | INFO: Primitives created: 1
01:34:56 | INFO: Extracting primitive: Pocket_Flap_R
01:34:56 | INFO: Primitives created: 1
01:34:56 | INFO: Extracting primitive: Pupil_L
01:34:56 | INFO: Primitives created: 1
01:34:56 | INFO: Extracting primitive: Pupil_R
01:34:56 | INFO: Primitives created: 1
01:34:56 | INFO: Extracting primitive: Shirt_Collar
01:34:56 | INFO: Primitives created: 1
01:34:56 | INFO: Extracting primitive: Shirt_Cuff_L
01:34:56 | INFO: Primitives created: 1
01:34:56 | INFO: Extracting primitive: Shirt_Cuff_R
01:34:56 | INFO: Primitives created: 1
01:34:56 | INFO: Extracting primitive: Shirt_Front
01:34:56 | INFO: Primitives created: 1
01:34:56 | INFO: Extracting primitive: Mesh
01:34:56 | INFO: Primitives created: 1
01:34:56 | INFO: Extracting primitive: Mesh
01:34:56 | INFO: Primitives created: 1
01:34:56 | INFO: Extracting primitive: Mesh
01:34:56 | INFO: Primitives created: 1
01:34:56 | INFO: Extracting primitive: Mesh
01:34:56 | INFO: Primitives created: 1
01:34:56 | INFO: Extracting primitive: Shoe_Toe_Cap_L
01:34:56 | INFO: Primitives created: 1
01:34:56 | INFO: Extracting primitive: Shoe_Toe_Cap_R
01:34:56 | INFO: Primitives created: 1
01:34:56 | INFO: Extracting primitive: Mesh
01:34:56 | INFO: Primitives created: 1
01:34:56 | INFO: Extracting primitive: Mesh
01:34:56 | INFO: Primitives created: 1
01:34:56 | INFO: Extracting primitive: Sleeve_Button_1_L
01:34:56 | INFO: Primitives created: 1
01:34:56 | INFO: Extracting primitive: Sleeve_Button_1_R
01:34:56 | INFO: Primitives created: 1
01:34:56 | INFO: Extracting primitive: Sleeve_Button_2_L
01:34:56 | INFO: Primitives created: 1
01:34:56 | INFO: Extracting primitive: Sleeve_Button_2_R
01:34:56 | INFO: Primitives created: 1
01:34:56 | INFO: Extracting primitive: Sleeve_Button_3_L
01:34:56 | INFO: Primitives created: 1
01:34:56 | INFO: Extracting primitive: Sleeve_Button_3_R
01:34:56 | INFO: Primitives created: 1
01:34:56 | INFO: Extracting primitive: Mesh
01:34:56 | INFO: Primitives created: 1
01:34:56 | INFO: Extracting primitive: Mesh
01:34:56 | INFO: Primitives created: 1
01:34:56 | INFO: Extracting primitive: Mesh
01:34:56 | INFO: Primitives created: 1
01:34:56 | INFO: Extracting primitive: Mesh
01:34:56 | INFO: Primitives created: 1
01:34:56 | INFO: Extracting primitive: Mesh
01:34:56 | INFO: Primitives created: 1
01:34:56 | INFO: Extracting primitive: Mesh
01:34:56 | INFO: Primitives created: 1
01:34:56 | INFO: Extracting primitive: Mesh
01:34:56 | INFO: Primitives created: 1
01:34:56 | INFO: Extracting primitive: Upper_Lip
01:34:56 | INFO: Primitives created: 1
01:34:57 | WARNING: Baking animation because there are keyframes with different interpolation methods in one channel
01:34:57 | WARNING: Baking animation because there are keyframes with different interpolation methods in one channel
01:34:57 | WARNING: Baking animation because there are keyframes with different interpolation methods in one channel
01:34:57 | WARNING: Baking animation because there are keyframes with different interpolation methods in one channel
01:34:57 | WARNING: Baking animation because there are keyframes with different interpolation methods in one channel
01:34:57 | WARNING: Baking animation because there are keyframes with different interpolation methods in one channel
01:34:57 | WARNING: Baking animation because there are keyframes with different interpolation methods in one channel
01:34:57 | WARNING: Baking animation because there are keyframes with different interpolation methods in one channel
01:34:57 | WARNING: Baking animation because there are keyframes with different interpolation methods in one channel
01:34:57 | WARNING: Baking animation because there are keyframes with different interpolation methods in one channel
01:34:57 | WARNING: Baking animation because there are keyframes with different interpolation methods in one channel
01:34:57 | WARNING: Baking animation because there are keyframes with different interpolation methods in one channel
01:34:57 | WARNING: Baking animation because there are keyframes with different interpolation methods in one channel
01:34:57 | WARNING: Baking animation because there are keyframes with different interpolation methods in one channel
01:34:57 | WARNING: Baking animation because there are keyframes with different interpolation methods in one channel
01:34:57 | WARNING: Baking animation because there are keyframes with different interpolation methods in one channel
01:34:57 | WARNING: Baking animation because there are keyframes with different interpolation methods in one channel
01:34:57 | WARNING: Baking animation because there are keyframes with different interpolation methods in one channel
01:34:57 | WARNING: Baking animation because there are keyframes with different interpolation methods in one channel
01:34:57 | WARNING: Baking animation because there are keyframes with different interpolation methods in one channel
01:34:57 | WARNING: Baking animation because there are keyframes with different interpolation methods in one channel
01:34:57 | WARNING: Baking animation because there are keyframes with different interpolation methods in one channel
01:34:57 | WARNING: Baking animation because there are keyframes with different interpolation methods in one channel
01:34:57 | WARNING: Baking animation because there are keyframes with different interpolation methods in one channel
01:34:57 | WARNING: Baking animation because there are keyframes with different interpolation methods in one channel
01:34:57 | WARNING: Baking animation because there are keyframes with different interpolation methods in one channel
01:34:57 | WARNING: Baking animation because there are keyframes with different interpolation methods in one channel
01:34:57 | WARNING: Baking animation because there are keyframes with different interpolation methods in one channel
01:34:57 | WARNING: Baking animation because there are keyframes with different interpolation methods in one channel
01:34:57 | WARNING: Baking animation because there are keyframes with different interpolation methods in one channel
01:34:57 | WARNING: Baking animation because there are keyframes with different interpolation methods in one channel
01:34:57 | WARNING: Baking animation because there are keyframes with different interpolation methods in one channel
01:34:57 | WARNING: Baking animation because there are keyframes with different interpolation methods in one channel
01:34:57 | WARNING: Baking animation because there are keyframes with different interpolation methods in one channel
01:34:57 | WARNING: Baking animation because there are keyframes with different interpolation methods in one channel
01:34:57 | WARNING: Baking animation because there are keyframes with different interpolation methods in one channel
01:34:57 | WARNING: Baking animation because there are keyframes with different interpolation methods in one channel
01:34:57 | WARNING: Baking animation because there are keyframes with different interpolation methods in one channel
01:34:57 | WARNING: Baking animation because there are keyframes with different interpolation methods in one channel
01:34:57 | WARNING: Baking animation because there are keyframes with different interpolation methods in one channel
01:34:57 | WARNING: Baking animation because there are keyframes with different interpolation methods in one channel
01:34:57 | WARNING: Baking animation because there are keyframes with different interpolation methods in one channel
01:34:57 | WARNING: Baking animation because there are keyframes with different interpolation methods in one channel
01:34:57 | WARNING: Baking animation because there are keyframes with different interpolation methods in one channel
01:34:57 | WARNING: Baking animation because there are keyframes with different interpolation methods in one channel
01:34:57 | WARNING: Baking animation because there are keyframes with different interpolation methods in one channel
01:34:57 | WARNING: Baking animation because there are keyframes with different interpolation methods in one channel
01:34:57 | WARNING: Baking animation because there are keyframes with different interpolation methods in one channel
01:34:57 | WARNING: Baking animation because there are keyframes with different interpolation methods in one channel
01:34:57 | WARNING: Baking animation because there are keyframes with different interpolation methods in one channel
01:34:57 | WARNING: Baking animation because there are keyframes with different interpolation methods in one channel
01:34:57 | WARNING: Baking animation because there are keyframes with different interpolation methods in one channel
01:34:59 | WARNING: Baking animation because there are keyframes with different interpolation methods in one channel
01:34:59 | WARNING: Baking animation because there are keyframes with different interpolation methods in one channel
01:34:59 | WARNING: Baking animation because there are keyframes with different interpolation methods in one channel
01:34:59 | WARNING: Baking animation because there are keyframes with different interpolation methods in one channel
01:34:59 | WARNING: Baking animation because there are keyframes with different interpolation methods in one channel
01:34:59 | WARNING: Baking animation because there are keyframes with different interpolation methods in one channel
01:34:59 | WARNING: Baking animation because there are keyframes with different interpolation methods in one channel
01:34:59 | WARNING: Baking animation because there are keyframes with different interpolation methods in one channel
01:34:59 | WARNING: Baking animation because there are keyframes with different interpolation methods in one channel
01:34:59 | WARNING: Baking animation because there are keyframes with different interpolation methods in one channel
01:34:59 | WARNING: Baking animation because there are keyframes with different interpolation methods in one channel
01:34:59 | WARNING: Baking animation because there are keyframes with different interpolation methods in one channel
01:34:59 | WARNING: Baking animation because there are keyframes with different interpolation methods in one channel
01:34:59 | WARNING: Baking animation because there are keyframes with different interpolation methods in one channel
01:34:59 | WARNING: Baking animation because there are keyframes with different interpolation methods in one channel
01:34:59 | WARNING: Baking animation because there are keyframes with different interpolation methods in one channel
01:34:59 | WARNING: Baking animation because there are keyframes with different interpolation methods in one channel
01:34:59 | WARNING: Baking animation because there are keyframes with different interpolation methods in one channel
01:34:59 | WARNING: Baking animation because there are keyframes with different interpolation methods in one channel
01:34:59 | WARNING: Baking animation because there are keyframes with different interpolation methods in one channel
01:34:59 | WARNING: Baking animation because there are keyframes with different interpolation methods in one channel
01:34:59 | WARNING: Baking animation because there are keyframes with different interpolation methods in one channel
01:34:59 | WARNING: Baking animation because there are keyframes with different interpolation methods in one channel
01:34:59 | WARNING: Baking animation because there are keyframes with different interpolation methods in one channel
01:34:59 | WARNING: Baking animation because there are keyframes with different interpolation methods in one channel
01:34:59 | WARNING: Baking animation because there are keyframes with different interpolation methods in one channel
01:34:59 | WARNING: Baking animation because there are keyframes with different interpolation methods in one channel
01:34:59 | WARNING: Baking animation because there are keyframes with different interpolation methods in one channel
01:34:59 | WARNING: Baking animation because there are keyframes with different interpolation methods in one channel
01:34:59 | WARNING: Baking animation because there are keyframes with different interpolation methods in one channel
01:34:59 | WARNING: Baking animation because there are keyframes with different interpolation methods in one channel
01:34:59 | WARNING: Baking animation because there are keyframes with different interpolation methods in one channel
01:34:59 | WARNING: Baking animation because there are keyframes with different interpolation methods in one channel
01:34:59 | WARNING: Baking animation because there are keyframes with different interpolation methods in one channel
01:34:59 | WARNING: Baking animation because there are keyframes with different interpolation methods in one channel
01:34:59 | WARNING: Baking animation because there are keyframes with different interpolation methods in one channel
01:34:59 | WARNING: Baking animation because there are keyframes with different interpolation methods in one channel
01:34:59 | WARNING: Baking animation because there are keyframes with different interpolation methods in one channel
01:34:59 | WARNING: Baking animation because there are keyframes with different interpolation methods in one channel
01:34:59 | WARNING: Baking animation because there are keyframes with different interpolation methods in one channel
01:34:59 | WARNING: Baking animation because there are keyframes with different interpolation methods in one channel
01:34:59 | WARNING: Baking animation because there are keyframes with different interpolation methods in one channel
01:34:59 | WARNING: Baking animation because there are keyframes with different interpolation methods in one channel
01:34:59 | WARNING: Baking animation because there are keyframes with different interpolation methods in one channel
01:34:59 | WARNING: Baking animation because there are keyframes with different interpolation methods in one channel
01:34:59 | WARNING: Baking animation because there are keyframes with different interpolation methods in one channel
01:34:59 | WARNING: Baking animation because there are keyframes with different interpolation methods in one channel
01:34:59 | WARNING: Baking animation because there are keyframes with different interpolation methods in one channel
01:34:59 | WARNING: Baking animation because there are keyframes with different interpolation methods in one channel
01:34:59 | WARNING: Baking animation because there are keyframes with different interpolation methods in one channel
01:34:59 | WARNING: Baking animation because there are keyframes with different interpolation methods in one channel
01:34:59 | WARNING: Baking animation because there are keyframes with different interpolation methods in one channel
01:35:16 | WARNING: Baking animation because there are keyframes with different interpolation methods in one channel
01:35:16 | WARNING: Baking animation because there are keyframes with different interpolation methods in one channel
01:35:16 | WARNING: Baking animation because there are keyframes with different interpolation methods in one channel
01:35:16 | WARNING: Baking animation because there are keyframes with different interpolation methods in one channel
01:35:16 | WARNING: Baking animation because there are keyframes with different interpolation methods in one channel
01:35:16 | WARNING: Baking animation because there are keyframes with different interpolation methods in one channel
01:35:16 | WARNING: Baking animation because there are keyframes with different interpolation methods in one channel
01:35:16 | WARNING: Baking animation because there are keyframes with different interpolation methods in one channel
01:35:16 | WARNING: Baking animation because there are keyframes with different interpolation methods in one channel
01:35:16 | WARNING: Baking animation because there are keyframes with different interpolation methods in one channel
01:35:16 | WARNING: Baking animation because there are keyframes with different interpolation methods in one channel
01:35:16 | WARNING: Baking animation because there are keyframes with different interpolation methods in one channel
01:35:16 | WARNING: Baking animation because there are keyframes with different interpolation methods in one channel
01:35:16 | WARNING: Baking animation because there are keyframes with different interpolation methods in one channel
01:35:16 | WARNING: Baking animation because there are keyframes with different interpolation methods in one channel
01:35:16 | WARNING: Baking animation because there are keyframes with different interpolation methods in one channel
01:35:16 | WARNING: Baking animation because there are keyframes with different interpolation methods in one channel
01:35:16 | WARNING: Baking animation because there are keyframes with different interpolation methods in one channel
01:35:16 | WARNING: Baking animation because there are keyframes with different interpolation methods in one channel
01:35:16 | WARNING: Baking animation because there are keyframes with different interpolation methods in one channel
01:35:16 | WARNING: Baking animation because there are keyframes with different interpolation methods in one channel
01:35:16 | WARNING: Baking animation because there are keyframes with different interpolation methods in one channel
01:35:16 | WARNING: Baking animation because there are keyframes with different interpolation methods in one channel
01:35:16 | WARNING: Baking animation because there are keyframes with different interpolation methods in one channel
01:35:16 | WARNING: Baking animation because there are keyframes with different interpolation methods in one channel
01:35:16 | WARNING: Baking animation because there are keyframes with different interpolation methods in one channel
01:35:16 | WARNING: Baking animation because there are keyframes with different interpolation methods in one channel
01:35:16 | WARNING: Baking animation because there are keyframes with different interpolation methods in one channel
01:35:16 | WARNING: Baking animation because there are keyframes with different interpolation methods in one channel
01:35:16 | WARNING: Baking animation because there are keyframes with different interpolation methods in one channel
01:35:16 | WARNING: Baking animation because there are keyframes with different interpolation methods in one channel
01:35:16 | WARNING: Baking animation because there are keyframes with different interpolation methods in one channel
01:35:16 | WARNING: Baking animation because there are keyframes with different interpolation methods in one channel
01:35:16 | WARNING: Baking animation because there are keyframes with different interpolation methods in one channel
01:35:16 | WARNING: Baking animation because there are keyframes with different interpolation methods in one channel
01:35:16 | WARNING: Baking animation because there are keyframes with different interpolation methods in one channel
01:35:16 | WARNING: Baking animation because there are keyframes with different interpolation methods in one channel
01:35:16 | WARNING: Baking animation because there are keyframes with different interpolation methods in one channel
01:35:16 | WARNING: Baking animation because there are keyframes with different interpolation methods in one channel
01:35:16 | WARNING: Baking animation because there are keyframes with different interpolation methods in one channel
01:35:16 | WARNING: Baking animation because there are keyframes with different interpolation methods in one channel
01:35:16 | WARNING: Baking animation because there are keyframes with different interpolation methods in one channel
01:35:16 | WARNING: Baking animation because there are keyframes with different interpolation methods in one channel
01:35:16 | WARNING: Baking animation because there are keyframes with different interpolation methods in one channel
01:35:16 | WARNING: Baking animation because there are keyframes with different interpolation methods in one channel
01:35:16 | WARNING: Baking animation because there are keyframes with different interpolation methods in one channel
01:35:16 | WARNING: Baking animation because there are keyframes with different interpolation methods in one channel
01:35:16 | WARNING: Baking animation because there are keyframes with different interpolation methods in one channel
01:35:16 | WARNING: Baking animation because there are keyframes with different interpolation methods in one channel
01:35:16 | WARNING: Baking animation because there are keyframes with different interpolation methods in one channel
01:35:16 | WARNING: Baking animation because there are keyframes with different interpolation methods in one channel
01:35:16 | WARNING: Baking animation because there are keyframes with different interpolation methods in one channel
01:35:16 | WARNING: Baking animation because there are keyframes with different interpolation methods in one channel
01:35:18 | WARNING: Baking animation because there are keyframes with different interpolation methods in one channel
01:35:18 | WARNING: Baking animation because there are keyframes with different interpolation methods in one channel
01:35:18 | WARNING: Baking animation because there are keyframes with different interpolation methods in one channel
01:35:18 | WARNING: Baking animation because there are keyframes with different interpolation methods in one channel
01:35:18 | WARNING: Baking animation because there are keyframes with different interpolation methods in one channel
01:35:18 | WARNING: Baking animation because there are keyframes with different interpolation methods in one channel
01:35:18 | WARNING: Baking animation because there are keyframes with different interpolation methods in one channel
01:35:18 | WARNING: Baking animation because there are keyframes with different interpolation methods in one channel
01:35:18 | WARNING: Baking animation because there are keyframes with different interpolation methods in one channel
01:35:18 | WARNING: Baking animation because there are keyframes with different interpolation methods in one channel
01:35:18 | WARNING: Baking animation because there are keyframes with different interpolation methods in one channel
01:35:18 | WARNING: Baking animation because there are keyframes with different interpolation methods in one channel
01:35:18 | WARNING: Baking animation because there are keyframes with different interpolation methods in one channel
01:35:18 | WARNING: Baking animation because there are keyframes with different interpolation methods in one channel
01:35:18 | WARNING: Baking animation because there are keyframes with different interpolation methods in one channel
01:35:18 | WARNING: Baking animation because there are keyframes with different interpolation methods in one channel
01:35:18 | WARNING: Baking animation because there are keyframes with different interpolation methods in one channel
01:35:18 | WARNING: Baking animation because there are keyframes with different interpolation methods in one channel
01:35:18 | WARNING: Baking animation because there are keyframes with different interpolation methods in one channel
01:35:18 | WARNING: Baking animation because there are keyframes with different interpolation methods in one channel
01:35:18 | WARNING: Baking animation because there are keyframes with different interpolation methods in one channel
01:35:18 | WARNING: Baking animation because there are keyframes with different interpolation methods in one channel
01:35:18 | WARNING: Baking animation because there are keyframes with different interpolation methods in one channel
01:35:18 | WARNING: Baking animation because there are keyframes with different interpolation methods in one channel
01:35:18 | WARNING: Baking animation because there are keyframes with different interpolation methods in one channel
01:35:18 | WARNING: Baking animation because there are keyframes with different interpolation methods in one channel
01:35:18 | WARNING: Baking animation because there are keyframes with different interpolation methods in one channel
01:35:18 | WARNING: Baking animation because there are keyframes with different interpolation methods in one channel
01:35:18 | WARNING: Baking animation because there are keyframes with different interpolation methods in one channel
01:35:18 | WARNING: Baking animation because there are keyframes with different interpolation methods in one channel
01:35:18 | WARNING: Baking animation because there are keyframes with different interpolation methods in one channel
01:35:18 | WARNING: Baking animation because there are keyframes with different interpolation methods in one channel
01:35:18 | WARNING: Baking animation because there are keyframes with different interpolation methods in one channel
01:35:18 | WARNING: Baking animation because there are keyframes with different interpolation methods in one channel
01:35:18 | WARNING: Baking animation because there are keyframes with different interpolation methods in one channel
01:35:18 | WARNING: Baking animation because there are keyframes with different interpolation methods in one channel
01:35:18 | WARNING: Baking animation because there are keyframes with different interpolation methods in one channel
01:35:18 | WARNING: Baking animation because there are keyframes with different interpolation methods in one channel
01:35:18 | WARNING: Baking animation because there are keyframes with different interpolation methods in one channel
01:35:18 | WARNING: Baking animation because there are keyframes with different interpolation methods in one channel
01:35:18 | WARNING: Baking animation because there are keyframes with different interpolation methods in one channel
01:35:18 | WARNING: Baking animation because there are keyframes with different interpolation methods in one channel
01:35:18 | WARNING: Baking animation because there are keyframes with different interpolation methods in one channel
01:35:18 | WARNING: Baking animation because there are keyframes with different interpolation methods in one channel
01:35:18 | WARNING: Baking animation because there are keyframes with different interpolation methods in one channel
01:35:18 | WARNING: Baking animation because there are keyframes with different interpolation methods in one channel
01:35:18 | WARNING: Baking animation because there are keyframes with different interpolation methods in one channel
01:35:18 | WARNING: Baking animation because there are keyframes with different interpolation methods in one channel
01:35:18 | WARNING: Baking animation because there are keyframes with different interpolation methods in one channel
01:35:18 | WARNING: Baking animation because there are keyframes with different interpolation methods in one channel
01:35:18 | WARNING: Baking animation because there are keyframes with different interpolation methods in one channel
01:35:18 | WARNING: Baking animation because there are keyframes with different interpolation methods in one channel
01:35:18 | WARNING: Baking animation because there are keyframes with different interpolation methods in one channel
01:35:18 | WARNING: Baking animation because there are keyframes with different interpolation methods in one channel
01:35:18 | WARNING: Baking animation because there are keyframes with different interpolation methods in one channel
01:35:18 | WARNING: Baking animation because there are keyframes with different interpolation methods in one channel
01:35:18 | WARNING: Baking animation because there are keyframes with different interpolation methods in one channel
01:35:18 | WARNING: Baking animation because there are keyframes with different interpolation methods in one channel
01:35:18 | WARNING: Baking animation because there are keyframes with different interpolation methods in one channel
01:35:18 | WARNING: Baking animation because there are keyframes with different interpolation methods in one channel
01:35:18 | WARNING: Baking animation because there are keyframes with different interpolation methods in one channel
01:35:18 | WARNING: Baking animation because there are keyframes with different interpolation methods in one channel
01:35:18 | WARNING: Baking animation because there are keyframes with different interpolation methods in one channel
01:35:18 | WARNING: Baking animation because there are keyframes with different interpolation methods in one channel
01:35:18 | WARNING: Baking animation because there are keyframes with different interpolation methods in one channel
01:35:18 | WARNING: Baking animation because there are keyframes with different interpolation methods in one channel
01:35:18 | WARNING: Baking animation because there are keyframes with different interpolation methods in one channel
01:35:18 | WARNING: Baking animation because there are keyframes with different interpolation methods in one channel
01:35:18 | WARNING: Baking animation because there are keyframes with different interpolation methods in one channel
01:35:18 | WARNING: Baking animation because there are keyframes with different interpolation methods in one channel
01:35:18 | WARNING: Baking animation because there are keyframes with different interpolation methods in one channel
01:35:18 | WARNING: Baking animation because there are keyframes with different interpolation methods in one channel
01:35:18 | WARNING: Baking animation because there are keyframes with different interpolation methods in one channel
01:35:18 | WARNING: Baking animation because there are keyframes with different interpolation methods in one channel
01:35:18 | WARNING: Baking animation because there are keyframes with different interpolation methods in one channel
01:35:18 | WARNING: Baking animation because there are keyframes with different interpolation methods in one channel
01:35:18 | WARNING: Baking animation because there are keyframes with different interpolation methods in one channel
01:35:18 | WARNING: Baking animation because there are keyframes with different interpolation methods in one channel
01:35:18 | WARNING: Baking animation because there are keyframes with different interpolation methods in one channel
01:35:18 | WARNING: Baking animation because there are keyframes with different interpolation methods in one channel
01:35:18 | WARNING: Baking animation because there are keyframes with different interpolation methods in one channel
01:35:18 | WARNING: Baking animation because there are keyframes with different interpolation methods in one channel
01:35:18 | WARNING: Baking animation because there are keyframes with different interpolation methods in one channel
01:35:18 | WARNING: Baking animation because there are keyframes with different interpolation methods in one channel
01:35:18 | WARNING: Baking animation because there are keyframes with different interpolation methods in one channel
01:35:18 | WARNING: Baking animation because there are keyframes with different interpolation methods in one channel
01:35:18 | WARNING: Baking animation because there are keyframes with different interpolation methods in one channel
01:35:18 | WARNING: Baking animation because there are keyframes with different interpolation methods in one channel
01:35:18 | WARNING: Baking animation because there are keyframes with different interpolation methods in one channel
01:35:18 | WARNING: Baking animation because there are keyframes with different interpolation methods in one channel
01:35:18 | WARNING: Baking animation because there are keyframes with different interpolation methods in one channel
01:35:18 | WARNING: Baking animation because there are keyframes with different interpolation methods in one channel
01:35:18 | WARNING: Baking animation because there are keyframes with different interpolation methods in one channel
01:35:18 | WARNING: Baking animation because there are keyframes with different interpolation methods in one channel
01:35:18 | WARNING: Baking animation because there are keyframes with different interpolation methods in one channel
01:35:18 | WARNING: Baking animation because there are keyframes with different interpolation methods in one channel
01:35:18 | WARNING: Baking animation because there are keyframes with different interpolation methods in one channel
01:35:18 | WARNING: Baking animation because there are keyframes with different interpolation methods in one channel
01:35:18 | WARNING: Baking animation because there are keyframes with different interpolation methods in one channel
01:35:18 | WARNING: Baking animation because there are keyframes with different interpolation methods in one channel
01:35:18 | WARNING: Baking animation because there are keyframes with different interpolation methods in one channel
01:35:18 | WARNING: Baking animation because there are keyframes with different interpolation methods in one channel
01:35:18 | WARNING: Baking animation because there are keyframes with different interpolation methods in one channel
01:35:18 | WARNING: Baking animation because there are keyframes with different interpolation methods in one channel
01:35:18 | WARNING: Baking animation because there are keyframes with different interpolation methods in one channel
01:35:18 | WARNING: Baking animation because there are keyframes with different interpolation methods in one channel
01:35:19 | WARNING: Baking animation because there are keyframes with different interpolation methods in one channel
01:35:19 | WARNING: Baking animation because there are keyframes with different interpolation methods in one channel
01:35:19 | WARNING: Baking animation because there are keyframes with different interpolation methods in one channel
01:35:19 | WARNING: Baking animation because there are keyframes with different interpolation methods in one channel
01:35:19 | WARNING: Baking animation because there are keyframes with different interpolation methods in one channel
01:35:19 | WARNING: Baking animation because there are keyframes with different interpolation methods in one channel
01:35:19 | WARNING: Baking animation because there are keyframes with different interpolation methods in one channel
01:35:19 | WARNING: Baking animation because there are keyframes with different interpolation methods in one channel
01:35:19 | WARNING: Baking animation because there are keyframes with different interpolation methods in one channel
01:35:19 | WARNING: Baking animation because there are keyframes with different interpolation methods in one channel
01:35:19 | WARNING: Baking animation because there are keyframes with different interpolation methods in one channel
01:35:19 | WARNING: Baking animation because there are keyframes with different interpolation methods in one channel
01:35:19 | WARNING: Baking animation because there are keyframes with different interpolation methods in one channel
01:35:19 | WARNING: Baking animation because there are keyframes with different interpolation methods in one channel
01:35:19 | WARNING: Baking animation because there are keyframes with different interpolation methods in one channel
01:35:19 | WARNING: Baking animation because there are keyframes with different interpolation methods in one channel
01:35:19 | WARNING: Baking animation because there are keyframes with different interpolation methods in one channel
01:35:19 | WARNING: Baking animation because there are keyframes with different interpolation methods in one channel
01:35:19 | WARNING: Baking animation because there are keyframes with different interpolation methods in one channel
01:35:19 | WARNING: Baking animation because there are keyframes with different interpolation methods in one channel
01:35:19 | WARNING: Baking animation because there are keyframes with different interpolation methods in one channel
01:35:19 | WARNING: Baking animation because there are keyframes with different interpolation methods in one channel
01:35:19 | WARNING: Baking animation because there are keyframes with different interpolation methods in one channel
01:35:19 | WARNING: Baking animation because there are keyframes with different interpolation methods in one channel
01:35:19 | WARNING: Baking animation because there are keyframes with different interpolation methods in one channel
01:35:19 | WARNING: Baking animation because there are keyframes with different interpolation methods in one channel
01:35:19 | WARNING: Baking animation because there are keyframes with different interpolation methods in one channel
01:35:19 | WARNING: Baking animation because there are keyframes with different interpolation methods in one channel
01:35:19 | WARNING: Baking animation because there are keyframes with different interpolation methods in one channel
01:35:19 | WARNING: Baking animation because there are keyframes with different interpolation methods in one channel
01:35:19 | WARNING: Baking animation because there are keyframes with different interpolation methods in one channel
01:35:19 | WARNING: Baking animation because there are keyframes with different interpolation methods in one channel
01:35:19 | WARNING: Baking animation because there are keyframes with different interpolation methods in one channel
01:35:19 | WARNING: Baking animation because there are keyframes with different interpolation methods in one channel
01:35:19 | WARNING: Baking animation because there are keyframes with different interpolation methods in one channel
01:35:19 | WARNING: Baking animation because there are keyframes with different interpolation methods in one channel
01:35:19 | WARNING: Baking animation because there are keyframes with different interpolation methods in one channel
01:35:19 | WARNING: Baking animation because there are keyframes with different interpolation methods in one channel
01:35:19 | WARNING: Baking animation because there are keyframes with different interpolation methods in one channel
01:35:19 | WARNING: Baking animation because there are keyframes with different interpolation methods in one channel
01:35:19 | WARNING: Baking animation because there are keyframes with different interpolation methods in one channel
01:35:19 | WARNING: Baking animation because there are keyframes with different interpolation methods in one channel
01:35:19 | WARNING: Baking animation because there are keyframes with different interpolation methods in one channel
01:35:19 | WARNING: Baking animation because there are keyframes with different interpolation methods in one channel
01:35:19 | WARNING: Baking animation because there are keyframes with different interpolation methods in one channel
01:35:19 | WARNING: Baking animation because there are keyframes with different interpolation methods in one channel
01:35:19 | WARNING: Baking animation because there are keyframes with different interpolation methods in one channel
01:35:19 | WARNING: Baking animation because there are keyframes with different interpolation methods in one channel
01:35:19 | WARNING: Baking animation because there are keyframes with different interpolation methods in one channel
01:35:19 | WARNING: Baking animation because there are keyframes with different interpolation methods in one channel
01:35:19 | WARNING: Baking animation because there are keyframes with different interpolation methods in one channel
01:35:19 | WARNING: Baking animation because there are keyframes with different interpolation methods in one channel
01:35:19 | WARNING: Baking animation because there are keyframes with different interpolation methods in one channel
01:35:19 | WARNING: Baking animation because there are keyframes with different interpolation methods in one channel
01:35:19 | WARNING: Baking animation because there are keyframes with different interpolation methods in one channel
01:35:19 | WARNING: Baking animation because there are keyframes with different interpolation methods in one channel
01:35:19 | WARNING: Baking animation because there are keyframes with different interpolation methods in one channel
01:35:19 | WARNING: Baking animation because there are keyframes with different interpolation methods in one channel
01:35:19 | WARNING: Baking animation because there are keyframes with different interpolation methods in one channel
01:35:19 | WARNING: Baking animation because there are keyframes with different interpolation methods in one channel
01:35:19 | WARNING: Baking animation because there are keyframes with different interpolation methods in one channel
01:35:19 | WARNING: Baking animation because there are keyframes with different interpolation methods in one channel
01:35:19 | WARNING: Baking animation because there are keyframes with different interpolation methods in one channel
01:35:19 | WARNING: Baking animation because there are keyframes with different interpolation methods in one channel
01:35:19 | WARNING: Baking animation because there are keyframes with different interpolation methods in one channel
01:35:19 | WARNING: Baking animation because there are keyframes with different interpolation methods in one channel
01:35:19 | WARNING: Baking animation because there are keyframes with different interpolation methods in one channel
01:35:19 | WARNING: Baking animation because there are keyframes with different interpolation methods in one channel
01:35:19 | WARNING: Baking animation because there are keyframes with different interpolation methods in one channel
01:35:19 | WARNING: Baking animation because there are keyframes with different interpolation methods in one channel
01:35:19 | WARNING: Baking animation because there are keyframes with different interpolation methods in one channel
01:35:19 | WARNING: Baking animation because there are keyframes with different interpolation methods in one channel
01:35:19 | WARNING: Baking animation because there are keyframes with different interpolation methods in one channel
01:35:19 | WARNING: Baking animation because there are keyframes with different interpolation methods in one channel
01:35:19 | WARNING: Baking animation because there are keyframes with different interpolation methods in one channel
01:35:19 | WARNING: Baking animation because there are keyframes with different interpolation methods in one channel
01:35:19 | WARNING: Baking animation because there are keyframes with different interpolation methods in one channel
01:35:19 | WARNING: Baking animation because there are keyframes with different interpolation methods in one channel
01:35:19 | WARNING: Baking animation because there are keyframes with different interpolation methods in one channel
01:35:19 | WARNING: Baking animation because there are keyframes with different interpolation methods in one channel
01:35:19 | WARNING: Baking animation because there are keyframes with different interpolation methods in one channel
01:35:19 | WARNING: Baking animation because there are keyframes with different interpolation methods in one channel
01:35:19 | WARNING: Baking animation because there are keyframes with different interpolation methods in one channel
01:35:19 | WARNING: Baking animation because there are keyframes with different interpolation methods in one channel
01:35:19 | WARNING: Baking animation because there are keyframes with different interpolation methods in one channel
01:35:19 | WARNING: Baking animation because there are keyframes with different interpolation methods in one channel
01:35:19 | WARNING: Baking animation because there are keyframes with different interpolation methods in one channel
01:35:19 | WARNING: Baking animation because there are keyframes with different interpolation methods in one channel
01:35:19 | WARNING: Baking animation because there are keyframes with different interpolation methods in one channel
01:35:19 | WARNING: Baking animation because there are keyframes with different interpolation methods in one channel
01:35:19 | WARNING: Baking animation because there are keyframes with different interpolation methods in one channel
01:35:19 | WARNING: Baking animation because there are keyframes with different interpolation methods in one channel
01:35:19 | WARNING: Baking animation because there are keyframes with different interpolation methods in one channel
01:35:19 | WARNING: Baking animation because there are keyframes with different interpolation methods in one channel
01:35:19 | WARNING: Baking animation because there are keyframes with different interpolation methods in one channel
01:35:19 | WARNING: Baking animation because there are keyframes with different interpolation methods in one channel
01:35:19 | WARNING: Baking animation because there are keyframes with different interpolation methods in one channel
01:35:19 | WARNING: Baking animation because there are keyframes with different interpolation methods in one channel
01:35:19 | WARNING: Baking animation because there are keyframes with different interpolation methods in one channel
01:35:19 | WARNING: Baking animation because there are keyframes with different interpolation methods in one channel
01:35:19 | WARNING: Baking animation because there are keyframes with different interpolation methods in one channel
01:35:19 | WARNING: Baking animation because there are keyframes with different interpolation methods in one channel
01:35:19 | WARNING: Baking animation because there are keyframes with different interpolation methods in one channel
01:35:19 | WARNING: Baking animation because there are keyframes with different interpolation methods in one channel
01:35:19 | WARNING: Baking animation because there are keyframes with different interpolation methods in one channel
01:35:19 | WARNING: Baking animation because there are keyframes with different interpolation methods in one channel
01:35:20 | WARNING: Baking animation because there are keyframes with different interpolation methods in one channel
01:35:20 | WARNING: Baking animation because there are keyframes with different interpolation methods in one channel
01:35:20 | WARNING: Baking animation because there are keyframes with different interpolation methods in one channel
01:35:20 | WARNING: Baking animation because there are keyframes with different interpolation methods in one channel
01:35:20 | WARNING: Baking animation because there are keyframes with different interpolation methods in one channel
01:35:20 | WARNING: Baking animation because there are keyframes with different interpolation methods in one channel
01:35:20 | WARNING: Baking animation because there are keyframes with different interpolation methods in one channel
01:35:20 | WARNING: Baking animation because there are keyframes with different interpolation methods in one channel
01:35:20 | WARNING: Baking animation because there are keyframes with different interpolation methods in one channel
01:35:20 | WARNING: Baking animation because there are keyframes with different interpolation methods in one channel
01:35:20 | WARNING: Baking animation because there are keyframes with different interpolation methods in one channel
01:35:20 | WARNING: Baking animation because there are keyframes with different interpolation methods in one channel
01:35:20 | WARNING: Baking animation because there are keyframes with different interpolation methods in one channel
01:35:20 | WARNING: Baking animation because there are keyframes with different interpolation methods in one channel
01:35:20 | WARNING: Baking animation because there are keyframes with different interpolation methods in one channel
01:35:20 | WARNING: Baking animation because there are keyframes with different interpolation methods in one channel
01:35:20 | WARNING: Baking animation because there are keyframes with different interpolation methods in one channel
01:35:20 | WARNING: Baking animation because there are keyframes with different interpolation methods in one channel
01:35:20 | WARNING: Baking animation because there are keyframes with different interpolation methods in one channel
01:35:20 | WARNING: Baking animation because there are keyframes with different interpolation methods in one channel
01:35:20 | WARNING: Baking animation because there are keyframes with different interpolation methods in one channel
01:35:20 | WARNING: Baking animation because there are keyframes with different interpolation methods in one channel
01:35:20 | WARNING: Baking animation because there are keyframes with different interpolation methods in one channel
01:35:20 | WARNING: Baking animation because there are keyframes with different interpolation methods in one channel
01:35:20 | WARNING: Baking animation because there are keyframes with different interpolation methods in one channel
01:35:20 | WARNING: Baking animation because there are keyframes with different interpolation methods in one channel
01:35:20 | WARNING: Baking animation because there are keyframes with different interpolation methods in one channel
01:35:20 | WARNING: Baking animation because there are keyframes with different interpolation methods in one channel
01:35:20 | WARNING: Baking animation because there are keyframes with different interpolation methods in one channel
01:35:20 | WARNING: Baking animation because there are keyframes with different interpolation methods in one channel
01:35:20 | WARNING: Baking animation because there are keyframes with different interpolation methods in one channel
01:35:20 | WARNING: Baking animation because there are keyframes with different interpolation methods in one channel
01:35:20 | WARNING: Baking animation because there are keyframes with different interpolation methods in one channel
01:35:20 | WARNING: Baking animation because there are keyframes with different interpolation methods in one channel
01:35:20 | WARNING: Baking animation because there are keyframes with different interpolation methods in one channel
01:35:20 | WARNING: Baking animation because there are keyframes with different interpolation methods in one channel
01:35:20 | WARNING: Baking animation because there are keyframes with different interpolation methods in one channel
01:35:20 | WARNING: Baking animation because there are keyframes with different interpolation methods in one channel
01:35:20 | WARNING: Baking animation because there are keyframes with different interpolation methods in one channel
01:35:20 | WARNING: Baking animation because there are keyframes with different interpolation methods in one channel
01:35:20 | WARNING: Baking animation because there are keyframes with different interpolation methods in one channel
01:35:20 | WARNING: Baking animation because there are keyframes with different interpolation methods in one channel
01:35:20 | WARNING: Baking animation because there are keyframes with different interpolation methods in one channel
01:35:20 | WARNING: Baking animation because there are keyframes with different interpolation methods in one channel
01:35:20 | WARNING: Baking animation because there are keyframes with different interpolation methods in one channel
01:35:20 | WARNING: Baking animation because there are keyframes with different interpolation methods in one channel
01:35:20 | WARNING: Baking animation because there are keyframes with different interpolation methods in one channel
01:35:20 | WARNING: Baking animation because there are keyframes with different interpolation methods in one channel
01:35:20 | WARNING: Baking animation because there are keyframes with different interpolation methods in one channel
01:35:20 | WARNING: Baking animation because there are keyframes with different interpolation methods in one channel
01:35:20 | WARNING: Baking animation because there are keyframes with different interpolation methods in one channel
01:35:20 | WARNING: Baking animation because there are keyframes with different interpolation methods in one channel
01:35:20 | WARNING: Baking animation because there are keyframes with different interpolation methods in one channel
01:35:20 | WARNING: Baking animation because there are keyframes with different interpolation methods in one channel
01:35:20 | WARNING: Baking animation because there are keyframes with different interpolation methods in one channel
01:35:20 | WARNING: Baking animation because there are keyframes with different interpolation methods in one channel
01:35:20 | WARNING: Baking animation because there are keyframes with different interpolation methods in one channel
01:35:20 | WARNING: Baking animation because there are keyframes with different interpolation methods in one channel
01:35:20 | WARNING: Baking animation because there are keyframes with different interpolation methods in one channel
01:35:20 | WARNING: Baking animation because there are keyframes with different interpolation methods in one channel
01:35:20 | WARNING: Baking animation because there are keyframes with different interpolation methods in one channel
01:35:20 | WARNING: Baking animation because there are keyframes with different interpolation methods in one channel
01:35:20 | WARNING: Baking animation because there are keyframes with different interpolation methods in one channel
01:35:20 | WARNING: Baking animation because there are keyframes with different interpolation methods in one channel
01:35:20 | WARNING: Baking animation because there are keyframes with different interpolation methods in one channel
01:35:20 | WARNING: Baking animation because there are keyframes with different interpolation methods in one channel
01:35:20 | WARNING: Baking animation because there are keyframes with different interpolation methods in one channel
01:35:20 | WARNING: Baking animation because there are keyframes with different interpolation methods in one channel
01:35:20 | WARNING: Baking animation because there are keyframes with different interpolation methods in one channel
01:35:20 | WARNING: Baking animation because there are keyframes with different interpolation methods in one channel
01:35:20 | WARNING: Baking animation because there are keyframes with different interpolation methods in one channel
01:35:20 | WARNING: Baking animation because there are keyframes with different interpolation methods in one channel
01:35:20 | WARNING: Baking animation because there are keyframes with different interpolation methods in one channel
01:35:20 | WARNING: Baking animation because there are keyframes with different interpolation methods in one channel
01:35:20 | WARNING: Baking animation because there are keyframes with different interpolation methods in one channel
01:35:20 | WARNING: Baking animation because there are keyframes with different interpolation methods in one channel
01:35:20 | WARNING: Baking animation because there are keyframes with different interpolation methods in one channel
01:35:20 | WARNING: Baking animation because there are keyframes with different interpolation methods in one channel
01:35:20 | WARNING: Baking animation because there are keyframes with different interpolation methods in one channel
01:35:20 | WARNING: Baking animation because there are keyframes with different interpolation methods in one channel
01:35:20 | WARNING: Baking animation because there are keyframes with different interpolation methods in one channel
01:35:20 | WARNING: Baking animation because there are keyframes with different interpolation methods in one channel
01:35:20 | WARNING: Baking animation because there are keyframes with different interpolation methods in one channel
01:35:20 | WARNING: Baking animation because there are keyframes with different interpolation methods in one channel
01:35:20 | WARNING: Baking animation because there are keyframes with different interpolation methods in one channel
01:35:20 | WARNING: Baking animation because there are keyframes with different interpolation methods in one channel
01:35:20 | WARNING: Baking animation because there are keyframes with different interpolation methods in one channel
01:35:20 | WARNING: Baking animation because there are keyframes with different interpolation methods in one channel
01:35:20 | WARNING: Baking animation because there are keyframes with different interpolation methods in one channel
01:35:20 | WARNING: Baking animation because there are keyframes with different interpolation methods in one channel
01:35:20 | WARNING: Baking animation because there are keyframes with different interpolation methods in one channel
01:35:20 | WARNING: Baking animation because there are keyframes with different interpolation methods in one channel
01:35:20 | WARNING: Baking animation because there are keyframes with different interpolation methods in one channel
01:35:20 | WARNING: Baking animation because there are keyframes with different interpolation methods in one channel
01:35:20 | WARNING: Baking animation because there are keyframes with different interpolation methods in one channel
01:35:20 | WARNING: Baking animation because there are keyframes with different interpolation methods in one channel
01:35:20 | WARNING: Baking animation because there are keyframes with different interpolation methods in one channel
01:35:20 | WARNING: Baking animation because there are keyframes with different interpolation methods in one channel
01:35:20 | WARNING: Baking animation because there are keyframes with different interpolation methods in one channel
01:35:20 | WARNING: Baking animation because there are keyframes with different interpolation methods in one channel
01:35:20 | WARNING: Baking animation because there are keyframes with different interpolation methods in one channel
01:35:20 | WARNING: Baking animation because there are keyframes with different interpolation methods in one channel
01:35:20 | WARNING: Baking animation because there are keyframes with different interpolation methods in one channel
01:35:20 | WARNING: Baking animation because there are keyframes with different interpolation methods in one channel
01:35:20 | WARNING: Baking animation because there are keyframes with different interpolation methods in one channel
01:35:20 | WARNING: Baking animation because there are keyframes with different interpolation methods in one channel
01:35:21 | WARNING: Baking animation because there are keyframes with different interpolation methods in one channel
01:35:21 | WARNING: Baking animation because there are keyframes with different interpolation methods in one channel
01:35:21 | WARNING: Baking animation because there are keyframes with different interpolation methods in one channel
01:35:21 | WARNING: Baking animation because there are keyframes with different interpolation methods in one channel
01:35:21 | WARNING: Baking animation because there are keyframes with different interpolation methods in one channel
01:35:21 | WARNING: Baking animation because there are keyframes with different interpolation methods in one channel
01:35:21 | WARNING: Baking animation because there are keyframes with different interpolation methods in one channel
01:35:21 | WARNING: Baking animation because there are keyframes with different interpolation methods in one channel
01:35:21 | WARNING: Baking animation because there are keyframes with different interpolation methods in one channel
01:35:21 | WARNING: Baking animation because there are keyframes with different interpolation methods in one channel
01:35:21 | WARNING: Baking animation because there are keyframes with different interpolation methods in one channel
01:35:21 | WARNING: Baking animation because there are keyframes with different interpolation methods in one channel
01:35:21 | WARNING: Baking animation because there are keyframes with different interpolation methods in one channel
01:35:21 | WARNING: Baking animation because there are keyframes with different interpolation methods in one channel
01:35:21 | WARNING: Baking animation because there are keyframes with different interpolation methods in one channel
01:35:21 | WARNING: Baking animation because there are keyframes with different interpolation methods in one channel
01:35:21 | WARNING: Baking animation because there are keyframes with different interpolation methods in one channel
01:35:21 | WARNING: Baking animation because there are keyframes with different interpolation methods in one channel
01:35:21 | WARNING: Baking animation because there are keyframes with different interpolation methods in one channel
01:35:21 | WARNING: Baking animation because there are keyframes with different interpolation methods in one channel
01:35:21 | WARNING: Baking animation because there are keyframes with different interpolation methods in one channel
01:35:21 | WARNING: Baking animation because there are keyframes with different interpolation methods in one channel
01:35:21 | WARNING: Baking animation because there are keyframes with different interpolation methods in one channel
01:35:21 | WARNING: Baking animation because there are keyframes with different interpolation methods in one channel
01:35:21 | WARNING: Baking animation because there are keyframes with different interpolation methods in one channel
01:35:21 | WARNING: Baking animation because there are keyframes with different interpolation methods in one channel
01:35:21 | WARNING: Baking animation because there are keyframes with different interpolation methods in one channel
01:35:21 | WARNING: Baking animation because there are keyframes with different interpolation methods in one channel
01:35:21 | WARNING: Baking animation because there are keyframes with different interpolation methods in one channel
01:35:21 | WARNING: Baking animation because there are keyframes with different interpolation methods in one channel
01:35:21 | WARNING: Baking animation because there are keyframes with different interpolation methods in one channel
01:35:21 | WARNING: Baking animation because there are keyframes with different interpolation methods in one channel
01:35:21 | WARNING: Baking animation because there are keyframes with different interpolation methods in one channel
01:35:21 | WARNING: Baking animation because there are keyframes with different interpolation methods in one channel
01:35:21 | WARNING: Baking animation because there are keyframes with different interpolation methods in one channel
01:35:21 | WARNING: Baking animation because there are keyframes with different interpolation methods in one channel
01:35:21 | WARNING: Baking animation because there are keyframes with different interpolation methods in one channel
01:35:21 | WARNING: Baking animation because there are keyframes with different interpolation methods in one channel
01:35:21 | WARNING: Baking animation because there are keyframes with different interpolation methods in one channel
01:35:21 | WARNING: Baking animation because there are keyframes with different interpolation methods in one channel
01:35:21 | WARNING: Baking animation because there are keyframes with different interpolation methods in one channel
01:35:21 | WARNING: Baking animation because there are keyframes with different interpolation methods in one channel
01:35:21 | WARNING: Baking animation because there are keyframes with different interpolation methods in one channel
01:35:21 | WARNING: Baking animation because there are keyframes with different interpolation methods in one channel
01:35:21 | WARNING: Baking animation because there are keyframes with different interpolation methods in one channel
01:35:21 | WARNING: Baking animation because there are keyframes with different interpolation methods in one channel
01:35:21 | WARNING: Baking animation because there are keyframes with different interpolation methods in one channel
01:35:21 | WARNING: Baking animation because there are keyframes with different interpolation methods in one channel
01:35:21 | WARNING: Baking animation because there are keyframes with different interpolation methods in one channel
01:35:21 | WARNING: Baking animation because there are keyframes with different interpolation methods in one channel
01:35:21 | WARNING: Baking animation because there are keyframes with different interpolation methods in one channel
01:35:21 | WARNING: Baking animation because there are keyframes with different interpolation methods in one channel
01:35:21 | WARNING: Baking animation because there are keyframes with different interpolation methods in one channel
01:35:21 | WARNING: Baking animation because there are keyframes with different interpolation methods in one channel
01:35:21 | WARNING: Baking animation because there are keyframes with different interpolation methods in one channel
01:35:21 | WARNING: Baking animation because there are keyframes with different interpolation methods in one channel
01:35:21 | WARNING: Baking animation because there are keyframes with different interpolation methods in one channel
01:35:21 | WARNING: Baking animation because there are keyframes with different interpolation methods in one channel
01:35:21 | WARNING: Baking animation because there are keyframes with different interpolation methods in one channel
01:35:21 | WARNING: Baking animation because there are keyframes with different interpolation methods in one channel
01:35:21 | WARNING: Baking animation because there are keyframes with different interpolation methods in one channel
01:35:21 | WARNING: Baking animation because there are keyframes with different interpolation methods in one channel
01:35:21 | WARNING: Baking animation because there are keyframes with different interpolation methods in one channel
01:35:21 | WARNING: Baking animation because there are keyframes with different interpolation methods in one channel
01:35:21 | WARNING: Baking animation because there are keyframes with different interpolation methods in one channel
01:35:21 | WARNING: Baking animation because there are keyframes with different interpolation methods in one channel
01:35:21 | WARNING: Baking animation because there are keyframes with different interpolation methods in one channel
01:35:21 | WARNING: Baking animation because there are keyframes with different interpolation methods in one channel
01:35:21 | WARNING: Baking animation because there are keyframes with different interpolation methods in one channel
01:35:21 | WARNING: Baking animation because there are keyframes with different interpolation methods in one channel
01:35:21 | WARNING: Baking animation because there are keyframes with different interpolation methods in one channel
01:35:21 | WARNING: Baking animation because there are keyframes with different interpolation methods in one channel
01:35:21 | WARNING: Baking animation because there are keyframes with different interpolation methods in one channel
01:35:21 | WARNING: Baking animation because there are keyframes with different interpolation methods in one channel
01:35:21 | WARNING: Baking animation because there are keyframes with different interpolation methods in one channel
01:35:21 | WARNING: Baking animation because there are keyframes with different interpolation methods in one channel
01:35:21 | WARNING: Baking animation because there are keyframes with different interpolation methods in one channel
01:35:21 | WARNING: Baking animation because there are keyframes with different interpolation methods in one channel
01:35:21 | WARNING: Baking animation because there are keyframes with different interpolation methods in one channel
01:35:21 | WARNING: Baking animation because there are keyframes with different interpolation methods in one channel
01:35:21 | WARNING: Baking animation because there are keyframes with different interpolation methods in one channel
01:35:21 | WARNING: Baking animation because there are keyframes with different interpolation methods in one channel
01:35:21 | WARNING: Baking animation because there are keyframes with different interpolation methods in one channel
01:35:21 | WARNING: Baking animation because there are keyframes with different interpolation methods in one channel
01:35:21 | WARNING: Baking animation because there are keyframes with different interpolation methods in one channel
01:35:21 | WARNING: Baking animation because there are keyframes with different interpolation methods in one channel
01:35:21 | WARNING: Baking animation because there are keyframes with different interpolation methods in one channel
01:35:21 | WARNING: Baking animation because there are keyframes with different interpolation methods in one channel
01:35:21 | WARNING: Baking animation because there are keyframes with different interpolation methods in one channel
01:35:21 | WARNING: Baking animation because there are keyframes with different interpolation methods in one channel
01:35:21 | WARNING: Baking animation because there are keyframes with different interpolation methods in one channel
01:35:21 | WARNING: Baking animation because there are keyframes with different interpolation methods in one channel
01:35:21 | WARNING: Baking animation because there are keyframes with different interpolation methods in one channel
01:35:21 | WARNING: Baking animation because there are keyframes with different interpolation methods in one channel
01:35:21 | WARNING: Baking animation because there are keyframes with different interpolation methods in one channel
01:35:21 | WARNING: Baking animation because there are keyframes with different interpolation methods in one channel
01:35:21 | WARNING: Baking animation because there are keyframes with different interpolation methods in one channel
01:35:21 | WARNING: Baking animation because there are keyframes with different interpolation methods in one channel
01:35:21 | WARNING: Baking animation because there are keyframes with different interpolation methods in one channel
01:35:21 | WARNING: Baking animation because there are keyframes with different interpolation methods in one channel
01:35:21 | WARNING: Baking animation because there are keyframes with different interpolation methods in one channel
01:35:21 | WARNING: Baking animation because there are keyframes with different interpolation methods in one channel
01:35:21 | WARNING: Baking animation because there are keyframes with different interpolation methods in one channel
01:35:21 | WARNING: Baking animation because there are keyframes with different interpolation methods in one channel
01:35:21 | WARNING: Baking animation because there are keyframes with different interpolation methods in one channel
01:35:21 | WARNING: Baking animation because there are keyframes with different interpolation methods in one channel
01:35:23 | WARNING: Baking animation because there are keyframes with different interpolation methods in one channel
01:35:23 | WARNING: Baking animation because there are keyframes with different interpolation methods in one channel
01:35:23 | WARNING: Baking animation because there are keyframes with different interpolation methods in one channel
01:35:23 | WARNING: Baking animation because there are keyframes with different interpolation methods in one channel
01:35:23 | WARNING: Baking animation because there are keyframes with different interpolation methods in one channel
01:35:23 | WARNING: Baking animation because there are keyframes with different interpolation methods in one channel
01:35:23 | WARNING: Baking animation because there are keyframes with different interpolation methods in one channel
01:35:23 | WARNING: Baking animation because there are keyframes with different interpolation methods in one channel
01:35:23 | WARNING: Baking animation because there are keyframes with different interpolation methods in one channel
01:35:23 | WARNING: Baking animation because there are keyframes with different interpolation methods in one channel
01:35:23 | WARNING: Baking animation because there are keyframes with different interpolation methods in one channel
01:35:23 | WARNING: Baking animation because there are keyframes with different interpolation methods in one channel
01:35:23 | WARNING: Baking animation because there are keyframes with different interpolation methods in one channel
01:35:23 | WARNING: Baking animation because there are keyframes with different interpolation methods in one channel
01:35:23 | WARNING: Baking animation because there are keyframes with different interpolation methods in one channel
01:35:23 | WARNING: Baking animation because there are keyframes with different interpolation methods in one channel
01:35:23 | WARNING: Baking animation because there are keyframes with different interpolation methods in one channel
01:35:23 | WARNING: Baking animation because there are keyframes with different interpolation methods in one channel
01:35:23 | WARNING: Baking animation because there are keyframes with different interpolation methods in one channel
01:35:23 | WARNING: Baking animation because there are keyframes with different interpolation methods in one channel
01:35:23 | WARNING: Baking animation because there are keyframes with different interpolation methods in one channel
01:35:23 | WARNING: Baking animation because there are keyframes with different interpolation methods in one channel
01:35:23 | WARNING: Baking animation because there are keyframes with different interpolation methods in one channel
01:35:23 | WARNING: Baking animation because there are keyframes with different interpolation methods in one channel
01:35:23 | WARNING: Baking animation because there are keyframes with different interpolation methods in one channel
01:35:23 | WARNING: Baking animation because there are keyframes with different interpolation methods in one channel
01:35:23 | WARNING: Baking animation because there are keyframes with different interpolation methods in one channel
01:35:23 | WARNING: Baking animation because there are keyframes with different interpolation methods in one channel
01:35:23 | WARNING: Baking animation because there are keyframes with different interpolation methods in one channel
01:35:23 | WARNING: Baking animation because there are keyframes with different interpolation methods in one channel
01:35:23 | WARNING: Baking animation because there are keyframes with different interpolation methods in one channel
01:35:23 | WARNING: Baking animation because there are keyframes with different interpolation methods in one channel
01:35:23 | WARNING: Baking animation because there are keyframes with different interpolation methods in one channel
01:35:23 | WARNING: Baking animation because there are keyframes with different interpolation methods in one channel
01:35:23 | WARNING: Baking animation because there are keyframes with different interpolation methods in one channel
01:35:23 | WARNING: Baking animation because there are keyframes with different interpolation methods in one channel
01:35:23 | WARNING: Baking animation because there are keyframes with different interpolation methods in one channel
01:35:23 | WARNING: Baking animation because there are keyframes with different interpolation methods in one channel
01:35:23 | WARNING: Baking animation because there are keyframes with different interpolation methods in one channel
01:35:23 | WARNING: Baking animation because there are keyframes with different interpolation methods in one channel
01:35:23 | WARNING: Baking animation because there are keyframes with different interpolation methods in one channel
01:35:23 | WARNING: Baking animation because there are keyframes with different interpolation methods in one channel
01:35:23 | WARNING: Baking animation because there are keyframes with different interpolation methods in one channel
01:35:23 | WARNING: Baking animation because there are keyframes with different interpolation methods in one channel
01:35:23 | WARNING: Baking animation because there are keyframes with different interpolation methods in one channel
01:35:23 | WARNING: Baking animation because there are keyframes with different interpolation methods in one channel
01:35:23 | WARNING: Baking animation because there are keyframes with different interpolation methods in one channel
01:35:23 | WARNING: Baking animation because there are keyframes with different interpolation methods in one channel
01:35:23 | WARNING: Baking animation because there are keyframes with different interpolation methods in one channel
01:35:23 | WARNING: Baking animation because there are keyframes with different interpolation methods in one channel
01:35:23 | WARNING: Baking animation because there are keyframes with different interpolation methods in one channel
01:35:23 | WARNING: Baking animation because there are keyframes with different interpolation methods in one channel
01:35:23 | WARNING: Baking animation because there are keyframes with different interpolation methods in one channel
01:35:23 | WARNING: Baking animation because there are keyframes with different interpolation methods in one channel
01:35:23 | WARNING: Baking animation because there are keyframes with different interpolation methods in one channel
01:35:23 | WARNING: Baking animation because there are keyframes with different interpolation methods in one channel
01:35:23 | WARNING: Baking animation because there are keyframes with different interpolation methods in one channel
01:35:23 | WARNING: Baking animation because there are keyframes with different interpolation methods in one channel
01:35:23 | WARNING: Baking animation because there are keyframes with different interpolation methods in one channel
01:35:23 | WARNING: Baking animation because there are keyframes with different interpolation methods in one channel
01:35:23 | WARNING: Baking animation because there are keyframes with different interpolation methods in one channel
01:35:23 | WARNING: Baking animation because there are keyframes with different interpolation methods in one channel
01:35:23 | WARNING: Baking animation because there are keyframes with different interpolation methods in one channel
01:35:23 | WARNING: Baking animation because there are keyframes with different interpolation methods in one channel
01:35:23 | WARNING: Baking animation because there are keyframes with different interpolation methods in one channel
01:35:23 | WARNING: Baking animation because there are keyframes with different interpolation methods in one channel
01:35:23 | WARNING: Baking animation because there are keyframes with different interpolation methods in one channel
01:35:23 | WARNING: Baking animation because there are keyframes with different interpolation methods in one channel
01:35:23 | WARNING: Baking animation because there are keyframes with different interpolation methods in one channel
01:35:23 | WARNING: Baking animation because there are keyframes with different interpolation methods in one channel
01:35:23 | WARNING: Baking animation because there are keyframes with different interpolation methods in one channel
01:35:23 | WARNING: Baking animation because there are keyframes with different interpolation methods in one channel
01:35:23 | WARNING: Baking animation because there are keyframes with different interpolation methods in one channel
01:35:23 | WARNING: Baking animation because there are keyframes with different interpolation methods in one channel
01:35:23 | WARNING: Baking animation because there are keyframes with different interpolation methods in one channel
01:35:23 | WARNING: Baking animation because there are keyframes with different interpolation methods in one channel
01:35:23 | WARNING: Baking animation because there are keyframes with different interpolation methods in one channel
01:35:23 | WARNING: Baking animation because there are keyframes with different interpolation methods in one channel
01:35:23 | WARNING: Baking animation because there are keyframes with different interpolation methods in one channel
01:35:23 | WARNING: Baking animation because there are keyframes with different interpolation methods in one channel
01:35:23 | WARNING: Baking animation because there are keyframes with different interpolation methods in one channel
01:35:23 | WARNING: Baking animation because there are keyframes with different interpolation methods in one channel
01:35:23 | WARNING: Baking animation because there are keyframes with different interpolation methods in one channel
01:35:23 | WARNING: Baking animation because there are keyframes with different interpolation methods in one channel
01:35:23 | WARNING: Baking animation because there are keyframes with different interpolation methods in one channel
01:35:23 | WARNING: Baking animation because there are keyframes with different interpolation methods in one channel
01:35:23 | WARNING: Baking animation because there are keyframes with different interpolation methods in one channel
01:35:23 | WARNING: Baking animation because there are keyframes with different interpolation methods in one channel
01:35:23 | WARNING: Baking animation because there are keyframes with different interpolation methods in one channel
01:35:23 | WARNING: Baking animation because there are keyframes with different interpolation methods in one channel
01:35:23 | WARNING: Baking animation because there are keyframes with different interpolation methods in one channel
01:35:23 | WARNING: Baking animation because there are keyframes with different interpolation methods in one channel
01:35:23 | WARNING: Baking animation because there are keyframes with different interpolation methods in one channel
01:35:23 | WARNING: Baking animation because there are keyframes with different interpolation methods in one channel
01:35:23 | WARNING: Baking animation because there are keyframes with different interpolation methods in one channel
01:35:23 | WARNING: Baking animation because there are keyframes with different interpolation methods in one channel
01:35:23 | WARNING: Baking animation because there are keyframes with different interpolation methods in one channel
01:35:23 | WARNING: Baking animation because there are keyframes with different interpolation methods in one channel
01:35:23 | WARNING: Baking animation because there are keyframes with different interpolation methods in one channel
01:35:23 | WARNING: Baking animation because there are keyframes with different interpolation methods in one channel
01:35:23 | WARNING: Baking animation because there are keyframes with different interpolation methods in one channel
01:35:23 | WARNING: Baking animation because there are keyframes with different interpolation methods in one channel
01:35:23 | WARNING: Baking animation because there are keyframes with different interpolation methods in one channel
01:35:23 | WARNING: Baking animation because there are keyframes with different interpolation methods in one channel
01:35:23 | WARNING: Baking animation because there are keyframes with different interpolation methods in one channel
01:35:23 | WARNING: Baking animation because there are keyframes with different interpolation methods in one channel
01:35:24 | WARNING: Baking animation because there are keyframes with different interpolation methods in one channel
01:35:24 | WARNING: Baking animation because there are keyframes with different interpolation methods in one channel
01:35:24 | WARNING: Baking animation because there are keyframes with different interpolation methods in one channel
01:35:24 | WARNING: Baking animation because there are keyframes with different interpolation methods in one channel
01:35:24 | WARNING: Baking animation because there are keyframes with different interpolation methods in one channel
01:35:24 | WARNING: Baking animation because there are keyframes with different interpolation methods in one channel
01:35:24 | WARNING: Baking animation because there are keyframes with different interpolation methods in one channel
01:35:24 | WARNING: Baking animation because there are keyframes with different interpolation methods in one channel
01:35:24 | WARNING: Baking animation because there are keyframes with different interpolation methods in one channel
01:35:24 | WARNING: Baking animation because there are keyframes with different interpolation methods in one channel
01:35:24 | WARNING: Baking animation because there are keyframes with different interpolation methods in one channel
01:35:24 | WARNING: Baking animation because there are keyframes with different interpolation methods in one channel
01:35:24 | WARNING: Baking animation because there are keyframes with different interpolation methods in one channel
01:35:24 | WARNING: Baking animation because there are keyframes with different interpolation methods in one channel
01:35:24 | WARNING: Baking animation because there are keyframes with different interpolation methods in one channel
01:35:24 | WARNING: Baking animation because there are keyframes with different interpolation methods in one channel
01:35:24 | WARNING: Baking animation because there are keyframes with different interpolation methods in one channel
01:35:24 | WARNING: Baking animation because there are keyframes with different interpolation methods in one channel
01:35:24 | WARNING: Baking animation because there are keyframes with different interpolation methods in one channel
01:35:24 | WARNING: Baking animation because there are keyframes with different interpolation methods in one channel
01:35:24 | WARNING: Baking animation because there are keyframes with different interpolation methods in one channel
01:35:24 | WARNING: Baking animation because there are keyframes with different interpolation methods in one channel
01:35:24 | WARNING: Baking animation because there are keyframes with different interpolation methods in one channel
01:35:24 | WARNING: Baking animation because there are keyframes with different interpolation methods in one channel
01:35:24 | WARNING: Baking animation because there are keyframes with different interpolation methods in one channel
01:35:24 | WARNING: Baking animation because there are keyframes with different interpolation methods in one channel
01:35:24 | WARNING: Baking animation because there are keyframes with different interpolation methods in one channel
01:35:24 | WARNING: Baking animation because there are keyframes with different interpolation methods in one channel
01:35:24 | WARNING: Baking animation because there are keyframes with different interpolation methods in one channel
01:35:24 | WARNING: Baking animation because there are keyframes with different interpolation methods in one channel
01:35:24 | WARNING: Baking animation because there are keyframes with different interpolation methods in one channel
01:35:24 | WARNING: Baking animation because there are keyframes with different interpolation methods in one channel
01:35:24 | WARNING: Baking animation because there are keyframes with different interpolation methods in one channel
01:35:24 | WARNING: Baking animation because there are keyframes with different interpolation methods in one channel
01:35:24 | WARNING: Baking animation because there are keyframes with different interpolation methods in one channel
01:35:24 | WARNING: Baking animation because there are keyframes with different interpolation methods in one channel
01:35:24 | WARNING: Baking animation because there are keyframes with different interpolation methods in one channel
01:35:24 | WARNING: Baking animation because there are keyframes with different interpolation methods in one channel
01:35:24 | WARNING: Baking animation because there are keyframes with different interpolation methods in one channel
01:35:24 | WARNING: Baking animation because there are keyframes with different interpolation methods in one channel
01:35:24 | WARNING: Baking animation because there are keyframes with different interpolation methods in one channel
01:35:24 | WARNING: Baking animation because there are keyframes with different interpolation methods in one channel
01:35:24 | WARNING: Baking animation because there are keyframes with different interpolation methods in one channel
01:35:24 | WARNING: Baking animation because there are keyframes with different interpolation methods in one channel
01:35:24 | WARNING: Baking animation because there are keyframes with different interpolation methods in one channel
01:35:24 | WARNING: Baking animation because there are keyframes with different interpolation methods in one channel
01:35:24 | WARNING: Baking animation because there are keyframes with different interpolation methods in one channel
01:35:24 | WARNING: Baking animation because there are keyframes with different interpolation methods in one channel
01:35:24 | WARNING: Baking animation because there are keyframes with different interpolation methods in one channel
01:35:24 | WARNING: Baking animation because there are keyframes with different interpolation methods in one channel
01:35:24 | WARNING: Baking animation because there are keyframes with different interpolation methods in one channel
01:35:24 | WARNING: Baking animation because there are keyframes with different interpolation methods in one channel
01:35:24 | WARNING: Baking animation because there are keyframes with different interpolation methods in one channel
01:35:24 | WARNING: Baking animation because there are keyframes with different interpolation methods in one channel
01:35:24 | WARNING: Baking animation because there are keyframes with different interpolation methods in one channel
01:35:24 | WARNING: Baking animation because there are keyframes with different interpolation methods in one channel
01:35:24 | WARNING: Baking animation because there are keyframes with different interpolation methods in one channel
01:35:24 | WARNING: Baking animation because there are keyframes with different interpolation methods in one channel
01:35:24 | WARNING: Baking animation because there are keyframes with different interpolation methods in one channel
01:35:24 | WARNING: Baking animation because there are keyframes with different interpolation methods in one channel
01:35:24 | WARNING: Baking animation because there are keyframes with different interpolation methods in one channel
01:35:24 | WARNING: Baking animation because there are keyframes with different interpolation methods in one channel
01:35:24 | WARNING: Baking animation because there are keyframes with different interpolation methods in one channel
01:35:24 | WARNING: Baking animation because there are keyframes with different interpolation methods in one channel
01:35:24 | WARNING: Baking animation because there are keyframes with different interpolation methods in one channel
01:35:24 | WARNING: Baking animation because there are keyframes with different interpolation methods in one channel
01:35:24 | WARNING: Baking animation because there are keyframes with different interpolation methods in one channel
01:35:24 | WARNING: Baking animation because there are keyframes with different interpolation methods in one channel
01:35:24 | WARNING: Baking animation because there are keyframes with different interpolation methods in one channel
01:35:24 | WARNING: Baking animation because there are keyframes with different interpolation methods in one channel
01:35:24 | WARNING: Baking animation because there are keyframes with different interpolation methods in one channel
01:35:24 | WARNING: Baking animation because there are keyframes with different interpolation methods in one channel
01:35:24 | WARNING: Baking animation because there are keyframes with different interpolation methods in one channel
01:35:24 | WARNING: Baking animation because there are keyframes with different interpolation methods in one channel
01:35:24 | WARNING: Baking animation because there are keyframes with different interpolation methods in one channel
01:35:24 | WARNING: Baking animation because there are keyframes with different interpolation methods in one channel
01:35:24 | WARNING: Baking animation because there are keyframes with different interpolation methods in one channel
01:35:24 | WARNING: Baking animation because there are keyframes with different interpolation methods in one channel
01:35:24 | WARNING: Baking animation because there are keyframes with different interpolation methods in one channel
01:35:24 | WARNING: Baking animation because there are keyframes with different interpolation methods in one channel
01:35:24 | WARNING: Baking animation because there are keyframes with different interpolation methods in one channel
01:35:24 | WARNING: Baking animation because there are keyframes with different interpolation methods in one channel
01:35:24 | WARNING: Baking animation because there are keyframes with different interpolation methods in one channel
01:35:24 | WARNING: Baking animation because there are keyframes with different interpolation methods in one channel
01:35:24 | WARNING: Baking animation because there are keyframes with different interpolation methods in one channel
01:35:24 | WARNING: Baking animation because there are keyframes with different interpolation methods in one channel
01:35:24 | WARNING: Baking animation because there are keyframes with different interpolation methods in one channel
01:35:24 | WARNING: Baking animation because there are keyframes with different interpolation methods in one channel
01:35:24 | WARNING: Baking animation because there are keyframes with different interpolation methods in one channel
01:35:24 | WARNING: Baking animation because there are keyframes with different interpolation methods in one channel
01:35:24 | WARNING: Baking animation because there are keyframes with different interpolation methods in one channel
01:35:24 | WARNING: Baking animation because there are keyframes with different interpolation methods in one channel
01:35:24 | WARNING: Baking animation because there are keyframes with different interpolation methods in one channel
01:35:24 | WARNING: Baking animation because there are keyframes with different interpolation methods in one channel
01:35:24 | WARNING: Baking animation because there are keyframes with different interpolation methods in one channel
01:35:24 | WARNING: Baking animation because there are keyframes with different interpolation methods in one channel
01:35:24 | WARNING: Baking animation because there are keyframes with different interpolation methods in one channel
01:35:24 | WARNING: Baking animation because there are keyframes with different interpolation methods in one channel
01:35:24 | WARNING: Baking animation because there are keyframes with different interpolation methods in one channel
01:35:24 | WARNING: Baking animation because there are keyframes with different interpolation methods in one channel
01:35:24 | WARNING: Baking animation because there are keyframes with different interpolation methods in one channel
01:35:24 | WARNING: Baking animation because there are keyframes with different interpolation methods in one channel
01:35:24 | WARNING: Baking animation because there are keyframes with different interpolation methods in one channel
01:35:24 | WARNING: Baking animation because there are keyframes with different interpolation methods in one channel
01:35:24 | WARNING: Baking animation because there are keyframes with different interpolation methods in one channel
01:35:24 | WARNING: Baking animation because there are keyframes with different interpolation methods in one channel
01:35:25 | WARNING: Baking animation because there are keyframes with different interpolation methods in one channel
01:35:25 | WARNING: Baking animation because there are keyframes with different interpolation methods in one channel
01:35:25 | WARNING: Baking animation because there are keyframes with different interpolation methods in one channel
01:35:25 | WARNING: Baking animation because there are keyframes with different interpolation methods in one channel
01:35:25 | WARNING: Baking animation because there are keyframes with different interpolation methods in one channel
01:35:25 | WARNING: Baking animation because there are keyframes with different interpolation methods in one channel
01:35:25 | WARNING: Baking animation because there are keyframes with different interpolation methods in one channel
01:35:25 | WARNING: Baking animation because there are keyframes with different interpolation methods in one channel
01:35:25 | WARNING: Baking animation because there are keyframes with different interpolation methods in one channel
01:35:25 | WARNING: Baking animation because there are keyframes with different interpolation methods in one channel
01:35:25 | WARNING: Baking animation because there are keyframes with different interpolation methods in one channel
01:35:25 | WARNING: Baking animation because there are keyframes with different interpolation methods in one channel
01:35:25 | WARNING: Baking animation because there are keyframes with different interpolation methods in one channel
01:35:25 | WARNING: Baking animation because there are keyframes with different interpolation methods in one channel
01:35:25 | WARNING: Baking animation because there are keyframes with different interpolation methods in one channel
01:35:25 | WARNING: Baking animation because there are keyframes with different interpolation methods in one channel
01:35:25 | WARNING: Baking animation because there are keyframes with different interpolation methods in one channel
01:35:25 | WARNING: Baking animation because there are keyframes with different interpolation methods in one channel
01:35:25 | WARNING: Baking animation because there are keyframes with different interpolation methods in one channel
01:35:25 | WARNING: Baking animation because there are keyframes with different interpolation methods in one channel
01:35:25 | WARNING: Baking animation because there are keyframes with different interpolation methods in one channel
01:35:25 | WARNING: Baking animation because there are keyframes with different interpolation methods in one channel
01:35:25 | WARNING: Baking animation because there are keyframes with different interpolation methods in one channel
01:35:25 | WARNING: Baking animation because there are keyframes with different interpolation methods in one channel
01:35:25 | WARNING: Baking animation because there are keyframes with different interpolation methods in one channel
01:35:25 | WARNING: Baking animation because there are keyframes with different interpolation methods in one channel
01:35:25 | WARNING: Baking animation because there are keyframes with different interpolation methods in one channel
01:35:25 | WARNING: Baking animation because there are keyframes with different interpolation methods in one channel
01:35:25 | WARNING: Baking animation because there are keyframes with different interpolation methods in one channel
01:35:25 | WARNING: Baking animation because there are keyframes with different interpolation methods in one channel
01:35:25 | WARNING: Baking animation because there are keyframes with different interpolation methods in one channel
01:35:25 | WARNING: Baking animation because there are keyframes with different interpolation methods in one channel
01:35:25 | WARNING: Baking animation because there are keyframes with different interpolation methods in one channel
01:35:25 | WARNING: Baking animation because there are keyframes with different interpolation methods in one channel
01:35:25 | WARNING: Baking animation because there are keyframes with different interpolation methods in one channel
01:35:25 | WARNING: Baking animation because there are keyframes with different interpolation methods in one channel
01:35:25 | WARNING: Baking animation because there are keyframes with different interpolation methods in one channel
01:35:25 | WARNING: Baking animation because there are keyframes with different interpolation methods in one channel
01:35:25 | WARNING: Baking animation because there are keyframes with different interpolation methods in one channel
01:35:25 | WARNING: Baking animation because there are keyframes with different interpolation methods in one channel
01:35:25 | WARNING: Baking animation because there are keyframes with different interpolation methods in one channel
01:35:25 | WARNING: Baking animation because there are keyframes with different interpolation methods in one channel
01:35:25 | WARNING: Baking animation because there are keyframes with different interpolation methods in one channel
01:35:25 | WARNING: Baking animation because there are keyframes with different interpolation methods in one channel
01:35:25 | WARNING: Baking animation because there are keyframes with different interpolation methods in one channel
01:35:25 | WARNING: Baking animation because there are keyframes with different interpolation methods in one channel
01:35:25 | WARNING: Baking animation because there are keyframes with different interpolation methods in one channel
01:35:25 | WARNING: Baking animation because there are keyframes with different interpolation methods in one channel
01:35:25 | WARNING: Baking animation because there are keyframes with different interpolation methods in one channel
01:35:25 | WARNING: Baking animation because there are keyframes with different interpolation methods in one channel
01:35:25 | WARNING: Baking animation because there are keyframes with different interpolation methods in one channel
01:35:25 | WARNING: Baking animation because there are keyframes with different interpolation methods in one channel
01:35:25 | WARNING: Baking animation because there are keyframes with different interpolation methods in one channel
01:35:31 | WARNING: Baking animation because there are keyframes with different interpolation methods in one channel
01:35:31 | WARNING: Baking animation because there are keyframes with different interpolation methods in one channel
01:35:31 | WARNING: Baking animation because there are keyframes with different interpolation methods in one channel
01:35:31 | WARNING: Baking animation because there are keyframes with different interpolation methods in one channel
01:35:31 | WARNING: Baking animation because there are keyframes with different interpolation methods in one channel
01:35:31 | WARNING: Baking animation because there are keyframes with different interpolation methods in one channel
01:35:31 | WARNING: Baking animation because there are keyframes with different interpolation methods in one channel
01:35:31 | WARNING: Baking animation because there are keyframes with different interpolation methods in one channel
01:35:31 | WARNING: Baking animation because there are keyframes with different interpolation methods in one channel
01:35:31 | WARNING: Baking animation because there are keyframes with different interpolation methods in one channel
01:35:31 | WARNING: Baking animation because there are keyframes with different interpolation methods in one channel
01:35:31 | WARNING: Baking animation because there are keyframes with different interpolation methods in one channel
01:35:31 | WARNING: Baking animation because there are keyframes with different interpolation methods in one channel
01:35:31 | WARNING: Baking animation because there are keyframes with different interpolation methods in one channel
01:35:31 | WARNING: Baking animation because there are keyframes with different interpolation methods in one channel
01:35:31 | WARNING: Baking animation because there are keyframes with different interpolation methods in one channel
01:35:31 | WARNING: Baking animation because there are keyframes with different interpolation methods in one channel
01:35:31 | WARNING: Baking animation because there are keyframes with different interpolation methods in one channel
01:35:31 | WARNING: Baking animation because there are keyframes with different interpolation methods in one channel
01:35:31 | WARNING: Baking animation because there are keyframes with different interpolation methods in one channel
01:35:31 | WARNING: Baking animation because there are keyframes with different interpolation methods in one channel
01:35:31 | WARNING: Baking animation because there are keyframes with different interpolation methods in one channel
01:35:31 | WARNING: Baking animation because there are keyframes with different interpolation methods in one channel
01:35:31 | WARNING: Baking animation because there are keyframes with different interpolation methods in one channel
01:35:31 | WARNING: Baking animation because there are keyframes with different interpolation methods in one channel
01:35:31 | WARNING: Baking animation because there are keyframes with different interpolation methods in one channel
01:35:31 | WARNING: Baking animation because there are keyframes with different interpolation methods in one channel
01:35:31 | WARNING: Baking animation because there are keyframes with different interpolation methods in one channel
01:35:31 | WARNING: Baking animation because there are keyframes with different interpolation methods in one channel
01:35:31 | WARNING: Baking animation because there are keyframes with different interpolation methods in one channel
01:35:31 | WARNING: Baking animation because there are keyframes with different interpolation methods in one channel
01:35:31 | WARNING: Baking animation because there are keyframes with different interpolation methods in one channel
01:35:31 | WARNING: Baking animation because there are keyframes with different interpolation methods in one channel
01:35:31 | WARNING: Baking animation because there are keyframes with different interpolation methods in one channel
01:35:31 | WARNING: Baking animation because there are keyframes with different interpolation methods in one channel
01:35:31 | WARNING: Baking animation because there are keyframes with different interpolation methods in one channel
01:35:31 | WARNING: Baking animation because there are keyframes with different interpolation methods in one channel
01:35:31 | WARNING: Baking animation because there are keyframes with different interpolation methods in one channel
01:35:31 | WARNING: Baking animation because there are keyframes with different interpolation methods in one channel
01:35:31 | WARNING: Baking animation because there are keyframes with different interpolation methods in one channel
01:35:31 | WARNING: Baking animation because there are keyframes with different interpolation methods in one channel
01:35:31 | WARNING: Baking animation because there are keyframes with different interpolation methods in one channel
01:35:31 | WARNING: Baking animation because there are keyframes with different interpolation methods in one channel
01:35:31 | WARNING: Baking animation because there are keyframes with different interpolation methods in one channel
01:35:31 | WARNING: Baking animation because there are keyframes with different interpolation methods in one channel
01:35:31 | WARNING: Baking animation because there are keyframes with different interpolation methods in one channel
01:35:31 | WARNING: Baking animation because there are keyframes with different interpolation methods in one channel
01:35:31 | WARNING: Baking animation because there are keyframes with different interpolation methods in one channel
01:35:31 | WARNING: Baking animation because there are keyframes with different interpolation methods in one channel
01:35:31 | WARNING: Baking animation because there are keyframes with different interpolation methods in one channel
01:35:31 | WARNING: Baking animation because there are keyframes with different interpolation methods in one channel
01:35:31 | WARNING: Baking animation because there are keyframes with different interpolation methods in one channel
01:35:31 | WARNING: Baking animation because there are keyframes with different interpolation methods in one channel
01:35:32 | WARNING: Baking animation because there are keyframes with different interpolation methods in one channel
01:35:32 | WARNING: Baking animation because there are keyframes with different interpolation methods in one channel
01:35:32 | WARNING: Baking animation because there are keyframes with different interpolation methods in one channel
01:35:32 | WARNING: Baking animation because there are keyframes with different interpolation methods in one channel
01:35:32 | WARNING: Baking animation because there are keyframes with different interpolation methods in one channel
01:35:32 | WARNING: Baking animation because there are keyframes with different interpolation methods in one channel
01:35:32 | WARNING: Baking animation because there are keyframes with different interpolation methods in one channel
01:35:32 | WARNING: Baking animation because there are keyframes with different interpolation methods in one channel
01:35:32 | WARNING: Baking animation because there are keyframes with different interpolation methods in one channel
01:35:32 | WARNING: Baking animation because there are keyframes with different interpolation methods in one channel
01:35:32 | WARNING: Baking animation because there are keyframes with different interpolation methods in one channel
01:35:32 | WARNING: Baking animation because there are keyframes with different interpolation methods in one channel
01:35:32 | WARNING: Baking animation because there are keyframes with different interpolation methods in one channel
01:35:32 | WARNING: Baking animation because there are keyframes with different interpolation methods in one channel
01:35:32 | WARNING: Baking animation because there are keyframes with different interpolation methods in one channel
01:35:32 | WARNING: Baking animation because there are keyframes with different interpolation methods in one channel
01:35:32 | WARNING: Baking animation because there are keyframes with different interpolation methods in one channel
01:35:32 | WARNING: Baking animation because there are keyframes with different interpolation methods in one channel
01:35:32 | WARNING: Baking animation because there are keyframes with different interpolation methods in one channel
01:35:32 | WARNING: Baking animation because there are keyframes with different interpolation methods in one channel
01:35:32 | WARNING: Baking animation because there are keyframes with different interpolation methods in one channel
01:35:32 | WARNING: Baking animation because there are keyframes with different interpolation methods in one channel
01:35:32 | WARNING: Baking animation because there are keyframes with different interpolation methods in one channel
01:35:32 | WARNING: Baking animation because there are keyframes with different interpolation methods in one channel
01:35:32 | WARNING: Baking animation because there are keyframes with different interpolation methods in one channel
01:35:32 | WARNING: Baking animation because there are keyframes with different interpolation methods in one channel
01:35:32 | WARNING: Baking animation because there are keyframes with different interpolation methods in one channel
01:35:32 | WARNING: Baking animation because there are keyframes with different interpolation methods in one channel
01:35:32 | WARNING: Baking animation because there are keyframes with different interpolation methods in one channel
01:35:32 | WARNING: Baking animation because there are keyframes with different interpolation methods in one channel
01:35:32 | WARNING: Baking animation because there are keyframes with different interpolation methods in one channel
01:35:32 | WARNING: Baking animation because there are keyframes with different interpolation methods in one channel
01:35:32 | WARNING: Baking animation because there are keyframes with different interpolation methods in one channel
01:35:32 | WARNING: Baking animation because there are keyframes with different interpolation methods in one channel
01:35:32 | WARNING: Baking animation because there are keyframes with different interpolation methods in one channel
01:35:32 | WARNING: Baking animation because there are keyframes with different interpolation methods in one channel
01:35:32 | WARNING: Baking animation because there are keyframes with different interpolation methods in one channel
01:35:32 | WARNING: Baking animation because there are keyframes with different interpolation methods in one channel
01:35:32 | WARNING: Baking animation because there are keyframes with different interpolation methods in one channel
01:35:32 | WARNING: Baking animation because there are keyframes with different interpolation methods in one channel
01:35:32 | WARNING: Baking animation because there are keyframes with different interpolation methods in one channel
01:35:32 | WARNING: Baking animation because there are keyframes with different interpolation methods in one channel
01:35:32 | WARNING: Baking animation because there are keyframes with different interpolation methods in one channel
01:35:32 | WARNING: Baking animation because there are keyframes with different interpolation methods in one channel
01:35:32 | WARNING: Baking animation because there are keyframes with different interpolation methods in one channel
01:35:32 | WARNING: Baking animation because there are keyframes with different interpolation methods in one channel
01:35:32 | WARNING: Baking animation because there are keyframes with different interpolation methods in one channel
01:35:32 | WARNING: Baking animation because there are keyframes with different interpolation methods in one channel
01:35:32 | WARNING: Baking animation because there are keyframes with different interpolation methods in one channel
01:35:32 | WARNING: Baking animation because there are keyframes with different interpolation methods in one channel
01:35:32 | WARNING: Baking animation because there are keyframes with different interpolation methods in one channel
01:35:32 | WARNING: Baking animation because there are keyframes with different interpolation methods in one channel
01:35:32 | WARNING: Baking animation because there are keyframes with different interpolation methods in one channel
01:35:37 | WARNING: Baking animation because there are keyframes with different interpolation methods in one channel
01:35:37 | WARNING: Baking animation because there are keyframes with different interpolation methods in one channel
01:35:37 | WARNING: Baking animation because there are keyframes with different interpolation methods in one channel
01:35:37 | WARNING: Baking animation because there are keyframes with different interpolation methods in one channel
01:35:37 | WARNING: Baking animation because there are keyframes with different interpolation methods in one channel
01:35:37 | WARNING: Baking animation because there are keyframes with different interpolation methods in one channel
01:35:37 | WARNING: Baking animation because there are keyframes with different interpolation methods in one channel
01:35:37 | WARNING: Baking animation because there are keyframes with different interpolation methods in one channel
01:35:37 | WARNING: Baking animation because there are keyframes with different interpolation methods in one channel
01:35:37 | WARNING: Baking animation because there are keyframes with different interpolation methods in one channel
01:35:37 | WARNING: Baking animation because there are keyframes with different interpolation methods in one channel
01:35:37 | WARNING: Baking animation because there are keyframes with different interpolation methods in one channel
01:35:37 | WARNING: Baking animation because there are keyframes with different interpolation methods in one channel
01:35:37 | WARNING: Baking animation because there are keyframes with different interpolation methods in one channel
01:35:37 | WARNING: Baking animation because there are keyframes with different interpolation methods in one channel
01:35:37 | WARNING: Baking animation because there are keyframes with different interpolation methods in one channel
01:35:37 | WARNING: Baking animation because there are keyframes with different interpolation methods in one channel
01:35:37 | WARNING: Baking animation because there are keyframes with different interpolation methods in one channel
01:35:37 | WARNING: Baking animation because there are keyframes with different interpolation methods in one channel
01:35:37 | WARNING: Baking animation because there are keyframes with different interpolation methods in one channel
01:35:37 | WARNING: Baking animation because there are keyframes with different interpolation methods in one channel
01:35:37 | WARNING: Baking animation because there are keyframes with different interpolation methods in one channel
01:35:37 | WARNING: Baking animation because there are keyframes with different interpolation methods in one channel
01:35:37 | WARNING: Baking animation because there are keyframes with different interpolation methods in one channel
01:35:37 | WARNING: Baking animation because there are keyframes with different interpolation methods in one channel
01:35:37 | WARNING: Baking animation because there are keyframes with different interpolation methods in one channel
01:35:37 | WARNING: Baking animation because there are keyframes with different interpolation methods in one channel
01:35:37 | WARNING: Baking animation because there are keyframes with different interpolation methods in one channel
01:35:37 | WARNING: Baking animation because there are keyframes with different interpolation methods in one channel
01:35:37 | WARNING: Baking animation because there are keyframes with different interpolation methods in one channel
01:35:37 | WARNING: Baking animation because there are keyframes with different interpolation methods in one channel
01:35:37 | WARNING: Baking animation because there are keyframes with different interpolation methods in one channel
01:35:37 | WARNING: Baking animation because there are keyframes with different interpolation methods in one channel
01:35:37 | WARNING: Baking animation because there are keyframes with different interpolation methods in one channel
01:35:37 | WARNING: Baking animation because there are keyframes with different interpolation methods in one channel
01:35:37 | WARNING: Baking animation because there are keyframes with different interpolation methods in one channel
01:35:37 | WARNING: Baking animation because there are keyframes with different interpolation methods in one channel
01:35:37 | WARNING: Baking animation because there are keyframes with different interpolation methods in one channel
01:35:37 | WARNING: Baking animation because there are keyframes with different interpolation methods in one channel
01:35:37 | WARNING: Baking animation because there are keyframes with different interpolation methods in one channel
01:35:37 | WARNING: Baking animation because there are keyframes with different interpolation methods in one channel
01:35:37 | WARNING: Baking animation because there are keyframes with different interpolation methods in one channel
01:35:37 | WARNING: Baking animation because there are keyframes with different interpolation methods in one channel
01:35:37 | WARNING: Baking animation because there are keyframes with different interpolation methods in one channel
01:35:37 | WARNING: Baking animation because there are keyframes with different interpolation methods in one channel
01:35:37 | WARNING: Baking animation because there are keyframes with different interpolation methods in one channel
01:35:37 | WARNING: Baking animation because there are keyframes with different interpolation methods in one channel
01:35:37 | WARNING: Baking animation because there are keyframes with different interpolation methods in one channel
01:35:37 | WARNING: Baking animation because there are keyframes with different interpolation methods in one channel
01:35:37 | WARNING: Baking animation because there are keyframes with different interpolation methods in one channel
01:35:37 | WARNING: Baking animation because there are keyframes with different interpolation methods in one channel
01:35:37 | WARNING: Baking animation because there are keyframes with different interpolation methods in one channel
01:35:37 | WARNING: Baking animation because there are keyframes with different interpolation methods in one channel
01:35:38 | WARNING: Baking animation because there are keyframes with different interpolation methods in one channel
01:35:38 | WARNING: Baking animation because there are keyframes with different interpolation methods in one channel
01:35:38 | WARNING: Baking animation because there are keyframes with different interpolation methods in one channel
01:35:38 | WARNING: Baking animation because there are keyframes with different interpolation methods in one channel
01:35:38 | WARNING: Baking animation because there are keyframes with different interpolation methods in one channel
01:35:38 | WARNING: Baking animation because there are keyframes with different interpolation methods in one channel
01:35:38 | WARNING: Baking animation because there are keyframes with different interpolation methods in one channel
01:35:38 | WARNING: Baking animation because there are keyframes with different interpolation methods in one channel
01:35:38 | WARNING: Baking animation because there are keyframes with different interpolation methods in one channel
01:35:38 | WARNING: Baking animation because there are keyframes with different interpolation methods in one channel
01:35:38 | WARNING: Baking animation because there are keyframes with different interpolation methods in one channel
01:35:38 | WARNING: Baking animation because there are keyframes with different interpolation methods in one channel
01:35:38 | WARNING: Baking animation because there are keyframes with different interpolation methods in one channel
01:35:38 | WARNING: Baking animation because there are keyframes with different interpolation methods in one channel
01:35:38 | WARNING: Baking animation because there are keyframes with different interpolation methods in one channel
01:35:38 | WARNING: Baking animation because there are keyframes with different interpolation methods in one channel
01:35:38 | WARNING: Baking animation because there are keyframes with different interpolation methods in one channel
01:35:38 | WARNING: Baking animation because there are keyframes with different interpolation methods in one channel
01:35:38 | WARNING: Baking animation because there are keyframes with different interpolation methods in one channel
01:35:38 | WARNING: Baking animation because there are keyframes with different interpolation methods in one channel
01:35:38 | WARNING: Baking animation because there are keyframes with different interpolation methods in one channel
01:35:38 | WARNING: Baking animation because there are keyframes with different interpolation methods in one channel
01:35:38 | WARNING: Baking animation because there are keyframes with different interpolation methods in one channel
01:35:38 | WARNING: Baking animation because there are keyframes with different interpolation methods in one channel
01:35:38 | WARNING: Baking animation because there are keyframes with different interpolation methods in one channel
01:35:38 | WARNING: Baking animation because there are keyframes with different interpolation methods in one channel
01:35:38 | WARNING: Baking animation because there are keyframes with different interpolation methods in one channel
01:35:38 | WARNING: Baking animation because there are keyframes with different interpolation methods in one channel
01:35:38 | WARNING: Baking animation because there are keyframes with different interpolation methods in one channel
01:35:38 | WARNING: Baking animation because there are keyframes with different interpolation methods in one channel
01:35:38 | WARNING: Baking animation because there are keyframes with different interpolation methods in one channel
01:35:38 | WARNING: Baking animation because there are keyframes with different interpolation methods in one channel
01:35:38 | WARNING: Baking animation because there are keyframes with different interpolation methods in one channel
01:35:38 | WARNING: Baking animation because there are keyframes with different interpolation methods in one channel
01:35:38 | WARNING: Baking animation because there are keyframes with different interpolation methods in one channel
01:35:38 | WARNING: Baking animation because there are keyframes with different interpolation methods in one channel
01:35:38 | WARNING: Baking animation because there are keyframes with different interpolation methods in one channel
01:35:38 | WARNING: Baking animation because there are keyframes with different interpolation methods in one channel
01:35:38 | WARNING: Baking animation because there are keyframes with different interpolation methods in one channel
01:35:38 | WARNING: Baking animation because there are keyframes with different interpolation methods in one channel
01:35:38 | WARNING: Baking animation because there are keyframes with different interpolation methods in one channel
01:35:38 | WARNING: Baking animation because there are keyframes with different interpolation methods in one channel
01:35:38 | WARNING: Baking animation because there are keyframes with different interpolation methods in one channel
01:35:38 | WARNING: Baking animation because there are keyframes with different interpolation methods in one channel
01:35:38 | WARNING: Baking animation because there are keyframes with different interpolation methods in one channel
01:35:38 | WARNING: Baking animation because there are keyframes with different interpolation methods in one channel
01:35:38 | WARNING: Baking animation because there are keyframes with different interpolation methods in one channel
01:35:38 | WARNING: Baking animation because there are keyframes with different interpolation methods in one channel
01:35:38 | WARNING: Baking animation because there are keyframes with different interpolation methods in one channel
01:35:38 | WARNING: Baking animation because there are keyframes with different interpolation methods in one channel
01:35:38 | WARNING: Baking animation because there are keyframes with different interpolation methods in one channel
01:35:38 | WARNING: Baking animation because there are keyframes with different interpolation methods in one channel
01:35:38 | WARNING: Baking animation because there are keyframes with different interpolation methods in one channel
01:35:40 | WARNING: Baking animation because there are keyframes with different interpolation methods in one channel
01:35:40 | WARNING: Baking animation because there are keyframes with different interpolation methods in one channel
01:35:40 | WARNING: Baking animation because there are keyframes with different interpolation methods in one channel
01:35:40 | WARNING: Baking animation because there are keyframes with different interpolation methods in one channel
01:35:40 | WARNING: Baking animation because there are keyframes with different interpolation methods in one channel
01:35:40 | WARNING: Baking animation because there are keyframes with different interpolation methods in one channel
01:35:40 | WARNING: Baking animation because there are keyframes with different interpolation methods in one channel
01:35:40 | WARNING: Baking animation because there are keyframes with different interpolation methods in one channel
01:35:40 | WARNING: Baking animation because there are keyframes with different interpolation methods in one channel
01:35:40 | WARNING: Baking animation because there are keyframes with different interpolation methods in one channel
01:35:40 | WARNING: Baking animation because there are keyframes with different interpolation methods in one channel
01:35:40 | WARNING: Baking animation because there are keyframes with different interpolation methods in one channel
01:35:40 | WARNING: Baking animation because there are keyframes with different interpolation methods in one channel
01:35:40 | WARNING: Baking animation because there are keyframes with different interpolation methods in one channel
01:35:40 | WARNING: Baking animation because there are keyframes with different interpolation methods in one channel
01:35:40 | WARNING: Baking animation because there are keyframes with different interpolation methods in one channel
01:35:40 | WARNING: Baking animation because there are keyframes with different interpolation methods in one channel
01:35:40 | WARNING: Baking animation because there are keyframes with different interpolation methods in one channel
01:35:40 | WARNING: Baking animation because there are keyframes with different interpolation methods in one channel
01:35:40 | WARNING: Baking animation because there are keyframes with different interpolation methods in one channel
01:35:40 | WARNING: Baking animation because there are keyframes with different interpolation methods in one channel
01:35:40 | WARNING: Baking animation because there are keyframes with different interpolation methods in one channel
01:35:40 | WARNING: Baking animation because there are keyframes with different interpolation methods in one channel
01:35:40 | WARNING: Baking animation because there are keyframes with different interpolation methods in one channel
01:35:40 | WARNING: Baking animation because there are keyframes with different interpolation methods in one channel
01:35:40 | WARNING: Baking animation because there are keyframes with different interpolation methods in one channel
01:35:40 | WARNING: Baking animation because there are keyframes with different interpolation methods in one channel
01:35:40 | WARNING: Baking animation because there are keyframes with different interpolation methods in one channel
01:35:40 | WARNING: Baking animation because there are keyframes with different interpolation methods in one channel
01:35:40 | WARNING: Baking animation because there are keyframes with different interpolation methods in one channel
01:35:40 | WARNING: Baking animation because there are keyframes with different interpolation methods in one channel
01:35:40 | WARNING: Baking animation because there are keyframes with different interpolation methods in one channel
01:35:40 | WARNING: Baking animation because there are keyframes with different interpolation methods in one channel
01:35:40 | WARNING: Baking animation because there are keyframes with different interpolation methods in one channel
01:35:40 | WARNING: Baking animation because there are keyframes with different interpolation methods in one channel
01:35:40 | WARNING: Baking animation because there are keyframes with different interpolation methods in one channel
01:35:40 | WARNING: Baking animation because there are keyframes with different interpolation methods in one channel
01:35:40 | WARNING: Baking animation because there are keyframes with different interpolation methods in one channel
01:35:40 | WARNING: Baking animation because there are keyframes with different interpolation methods in one channel
01:35:40 | WARNING: Baking animation because there are keyframes with different interpolation methods in one channel
01:35:40 | WARNING: Baking animation because there are keyframes with different interpolation methods in one channel
01:35:40 | WARNING: Baking animation because there are keyframes with different interpolation methods in one channel
01:35:40 | WARNING: Baking animation because there are keyframes with different interpolation methods in one channel
01:35:40 | WARNING: Baking animation because there are keyframes with different interpolation methods in one channel
01:35:40 | WARNING: Baking animation because there are keyframes with different interpolation methods in one channel
01:35:40 | WARNING: Baking animation because there are keyframes with different interpolation methods in one channel
01:35:40 | WARNING: Baking animation because there are keyframes with different interpolation methods in one channel
01:35:40 | WARNING: Baking animation because there are keyframes with different interpolation methods in one channel
01:35:40 | WARNING: Baking animation because there are keyframes with different interpolation methods in one channel
01:35:40 | WARNING: Baking animation because there are keyframes with different interpolation methods in one channel
01:35:40 | WARNING: Baking animation because there are keyframes with different interpolation methods in one channel
01:35:40 | WARNING: Baking animation because there are keyframes with different interpolation methods in one channel
01:35:40 | WARNING: Baking animation because there are keyframes with different interpolation methods in one channel
01:35:41 | WARNING: Baking animation because there are keyframes with different interpolation methods in one channel
01:35:41 | WARNING: Baking animation because there are keyframes with different interpolation methods in one channel
01:35:41 | WARNING: Baking animation because there are keyframes with different interpolation methods in one channel
01:35:41 | WARNING: Baking animation because there are keyframes with different interpolation methods in one channel
01:35:41 | WARNING: Baking animation because there are keyframes with different interpolation methods in one channel
01:35:41 | WARNING: Baking animation because there are keyframes with different interpolation methods in one channel
01:35:41 | WARNING: Baking animation because there are keyframes with different interpolation methods in one channel
01:35:41 | WARNING: Baking animation because there are keyframes with different interpolation methods in one channel
01:35:41 | WARNING: Baking animation because there are keyframes with different interpolation methods in one channel
01:35:41 | WARNING: Baking animation because there are keyframes with different interpolation methods in one channel
01:35:41 | WARNING: Baking animation because there are keyframes with different interpolation methods in one channel
01:35:41 | WARNING: Baking animation because there are keyframes with different interpolation methods in one channel
01:35:41 | WARNING: Baking animation because there are keyframes with different interpolation methods in one channel
01:35:41 | WARNING: Baking animation because there are keyframes with different interpolation methods in one channel
01:35:41 | WARNING: Baking animation because there are keyframes with different interpolation methods in one channel
01:35:41 | WARNING: Baking animation because there are keyframes with different interpolation methods in one channel
01:35:41 | WARNING: Baking animation because there are keyframes with different interpolation methods in one channel
01:35:41 | WARNING: Baking animation because there are keyframes with different interpolation methods in one channel
01:35:41 | WARNING: Baking animation because there are keyframes with different interpolation methods in one channel
01:35:41 | WARNING: Baking animation because there are keyframes with different interpolation methods in one channel
01:35:41 | WARNING: Baking animation because there are keyframes with different interpolation methods in one channel
01:35:41 | WARNING: Baking animation because there are keyframes with different interpolation methods in one channel
01:35:41 | WARNING: Baking animation because there are keyframes with different interpolation methods in one channel
01:35:41 | WARNING: Baking animation because there are keyframes with different interpolation methods in one channel
01:35:41 | WARNING: Baking animation because there are keyframes with different interpolation methods in one channel
01:35:41 | WARNING: Baking animation because there are keyframes with different interpolation methods in one channel
01:35:41 | WARNING: Baking animation because there are keyframes with different interpolation methods in one channel
01:35:41 | WARNING: Baking animation because there are keyframes with different interpolation methods in one channel
01:35:41 | WARNING: Baking animation because there are keyframes with different interpolation methods in one channel
01:35:41 | WARNING: Baking animation because there are keyframes with different interpolation methods in one channel
01:35:41 | WARNING: Baking animation because there are keyframes with different interpolation methods in one channel
01:35:41 | WARNING: Baking animation because there are keyframes with different interpolation methods in one channel
01:35:41 | WARNING: Baking animation because there are keyframes with different interpolation methods in one channel
01:35:41 | WARNING: Baking animation because there are keyframes with different interpolation methods in one channel
01:35:41 | WARNING: Baking animation because there are keyframes with different interpolation methods in one channel
01:35:41 | WARNING: Baking animation because there are keyframes with different interpolation methods in one channel
01:35:41 | WARNING: Baking animation because there are keyframes with different interpolation methods in one channel
01:35:41 | WARNING: Baking animation because there are keyframes with different interpolation methods in one channel
01:35:41 | WARNING: Baking animation because there are keyframes with different interpolation methods in one channel
01:35:41 | WARNING: Baking animation because there are keyframes with different interpolation methods in one channel
01:35:41 | WARNING: Baking animation because there are keyframes with different interpolation methods in one channel
01:35:41 | WARNING: Baking animation because there are keyframes with different interpolation methods in one channel
01:35:41 | WARNING: Baking animation because there are keyframes with different interpolation methods in one channel
01:35:41 | WARNING: Baking animation because there are keyframes with different interpolation methods in one channel
01:35:41 | WARNING: Baking animation because there are keyframes with different interpolation methods in one channel
01:35:41 | WARNING: Baking animation because there are keyframes with different interpolation methods in one channel
01:35:41 | WARNING: Baking animation because there are keyframes with different interpolation methods in one channel
01:35:41 | WARNING: Baking animation because there are keyframes with different interpolation methods in one channel
01:35:41 | WARNING: Baking animation because there are keyframes with different interpolation methods in one channel
01:35:41 | WARNING: Baking animation because there are keyframes with different interpolation methods in one channel
01:35:41 | WARNING: Baking animation because there are keyframes with different interpolation methods in one channel
01:35:41 | WARNING: Baking animation because there are keyframes with different interpolation methods in one channel
01:35:41 | WARNING: Baking animation because there are keyframes with different interpolation methods in one channel
01:35:41 | WARNING: Baking animation because there are keyframes with different interpolation methods in one channel
01:35:41 | WARNING: Baking animation because there are keyframes with different interpolation methods in one channel
01:35:41 | WARNING: Baking animation because there are keyframes with different interpolation methods in one channel
01:35:41 | WARNING: Baking animation because there are keyframes with different interpolation methods in one channel
01:35:41 | WARNING: Baking animation because there are keyframes with different interpolation methods in one channel
01:35:41 | WARNING: Baking animation because there are keyframes with different interpolation methods in one channel
01:35:41 | WARNING: Baking animation because there are keyframes with different interpolation methods in one channel
01:35:41 | WARNING: Baking animation because there are keyframes with different interpolation methods in one channel
01:35:41 | WARNING: Baking animation because there are keyframes with different interpolation methods in one channel
01:35:41 | WARNING: Baking animation because there are keyframes with different interpolation methods in one channel
01:35:41 | WARNING: Baking animation because there are keyframes with different interpolation methods in one channel
01:35:41 | WARNING: Baking animation because there are keyframes with different interpolation methods in one channel
01:35:41 | WARNING: Baking animation because there are keyframes with different interpolation methods in one channel
01:35:41 | WARNING: Baking animation because there are keyframes with different interpolation methods in one channel
01:35:41 | WARNING: Baking animation because there are keyframes with different interpolation methods in one channel
01:35:41 | WARNING: Baking animation because there are keyframes with different interpolation methods in one channel
01:35:41 | WARNING: Baking animation because there are keyframes with different interpolation methods in one channel
01:35:41 | WARNING: Baking animation because there are keyframes with different interpolation methods in one channel
01:35:41 | WARNING: Baking animation because there are keyframes with different interpolation methods in one channel
01:35:41 | WARNING: Baking animation because there are keyframes with different interpolation methods in one channel
01:35:41 | WARNING: Baking animation because there are keyframes with different interpolation methods in one channel
01:35:41 | WARNING: Baking animation because there are keyframes with different interpolation methods in one channel
01:35:41 | WARNING: Baking animation because there are keyframes with different interpolation methods in one channel
01:35:41 | WARNING: Baking animation because there are keyframes with different interpolation methods in one channel
01:35:41 | WARNING: Baking animation because there are keyframes with different interpolation methods in one channel
01:35:41 | WARNING: Baking animation because there are keyframes with different interpolation methods in one channel
01:35:41 | WARNING: Baking animation because there are keyframes with different interpolation methods in one channel
01:35:41 | WARNING: Baking animation because there are keyframes with different interpolation methods in one channel
01:35:41 | WARNING: Baking animation because there are keyframes with different interpolation methods in one channel
01:35:41 | WARNING: Baking animation because there are keyframes with different interpolation methods in one channel
01:35:41 | WARNING: Baking animation because there are keyframes with different interpolation methods in one channel
01:35:41 | WARNING: Baking animation because there are keyframes with different interpolation methods in one channel
01:35:41 | WARNING: Baking animation because there are keyframes with different interpolation methods in one channel
01:35:41 | WARNING: Baking animation because there are keyframes with different interpolation methods in one channel
01:35:41 | WARNING: Baking animation because there are keyframes with different interpolation methods in one channel
01:35:41 | WARNING: Baking animation because there are keyframes with different interpolation methods in one channel
01:35:41 | WARNING: Baking animation because there are keyframes with different interpolation methods in one channel
01:35:41 | WARNING: Baking animation because there are keyframes with different interpolation methods in one channel
01:35:41 | WARNING: Baking animation because there are keyframes with different interpolation methods in one channel
01:35:41 | WARNING: Baking animation because there are keyframes with different interpolation methods in one channel
01:35:41 | WARNING: Baking animation because there are keyframes with different interpolation methods in one channel
01:35:41 | WARNING: Baking animation because there are keyframes with different interpolation methods in one channel
01:35:41 | WARNING: Baking animation because there are keyframes with different interpolation methods in one channel
01:35:41 | WARNING: Baking animation because there are keyframes with different interpolation methods in one channel
01:35:41 | WARNING: Baking animation because there are keyframes with different interpolation methods in one channel
01:35:41 | WARNING: Baking animation because there are keyframes with different interpolation methods in one channel
01:35:41 | WARNING: Baking animation because there are keyframes with different interpolation methods in one channel
01:35:41 | WARNING: Baking animation because there are keyframes with different interpolation methods in one channel
01:35:41 | WARNING: Baking animation because there are keyframes with different interpolation methods in one channel
01:35:41 | WARNING: Baking animation because there are keyframes with different interpolation methods in one channel
01:35:41 | WARNING: Baking animation because there are keyframes with different interpolation methods in one channel
01:35:41 | WARNING: Baking animation because there are keyframes with different interpolation methods in one channel
01:35:41 | WARNING: Baking animation because there are keyframes with different interpolation methods in one channel
01:35:42 | WARNING: Baking animation because there are keyframes with different interpolation methods in one channel
01:35:42 | WARNING: Baking animation because there are keyframes with different interpolation methods in one channel
01:35:42 | WARNING: Baking animation because there are keyframes with different interpolation methods in one channel
01:35:42 | WARNING: Baking animation because there are keyframes with different interpolation methods in one channel
01:35:42 | WARNING: Baking animation because there are keyframes with different interpolation methods in one channel
01:35:42 | WARNING: Baking animation because there are keyframes with different interpolation methods in one channel
01:35:42 | WARNING: Baking animation because there are keyframes with different interpolation methods in one channel
01:35:42 | WARNING: Baking animation because there are keyframes with different interpolation methods in one channel
01:35:42 | WARNING: Baking animation because there are keyframes with different interpolation methods in one channel
01:35:42 | WARNING: Baking animation because there are keyframes with different interpolation methods in one channel
01:35:42 | WARNING: Baking animation because there are keyframes with different interpolation methods in one channel
01:35:42 | WARNING: Baking animation because there are keyframes with different interpolation methods in one channel
01:35:42 | WARNING: Baking animation because there are keyframes with different interpolation methods in one channel
01:35:42 | WARNING: Baking animation because there are keyframes with different interpolation methods in one channel
01:35:42 | WARNING: Baking animation because there are keyframes with different interpolation methods in one channel
01:35:42 | WARNING: Baking animation because there are keyframes with different interpolation methods in one channel
01:35:42 | WARNING: Baking animation because there are keyframes with different interpolation methods in one channel
01:35:42 | WARNING: Baking animation because there are keyframes with different interpolation methods in one channel
01:35:42 | WARNING: Baking animation because there are keyframes with different interpolation methods in one channel
01:35:42 | WARNING: Baking animation because there are keyframes with different interpolation methods in one channel
01:35:42 | WARNING: Baking animation because there are keyframes with different interpolation methods in one channel
01:35:42 | WARNING: Baking animation because there are keyframes with different interpolation methods in one channel
01:35:42 | WARNING: Baking animation because there are keyframes with different interpolation methods in one channel
01:35:42 | WARNING: Baking animation because there are keyframes with different interpolation methods in one channel
01:35:42 | WARNING: Baking animation because there are keyframes with different interpolation methods in one channel
01:35:42 | WARNING: Baking animation because there are keyframes with different interpolation methods in one channel
01:35:42 | WARNING: Baking animation because there are keyframes with different interpolation methods in one channel
01:35:42 | WARNING: Baking animation because there are keyframes with different interpolation methods in one channel
01:35:42 | WARNING: Baking animation because there are keyframes with different interpolation methods in one channel
01:35:42 | WARNING: Baking animation because there are keyframes with different interpolation methods in one channel
01:35:42 | WARNING: Baking animation because there are keyframes with different interpolation methods in one channel
01:35:42 | WARNING: Baking animation because there are keyframes with different interpolation methods in one channel
01:35:42 | WARNING: Baking animation because there are keyframes with different interpolation methods in one channel
01:35:42 | WARNING: Baking animation because there are keyframes with different interpolation methods in one channel
01:35:42 | WARNING: Baking animation because there are keyframes with different interpolation methods in one channel
01:35:42 | WARNING: Baking animation because there are keyframes with different interpolation methods in one channel
01:35:42 | WARNING: Baking animation because there are keyframes with different interpolation methods in one channel
01:35:42 | WARNING: Baking animation because there are keyframes with different interpolation methods in one channel
01:35:42 | WARNING: Baking animation because there are keyframes with different interpolation methods in one channel
01:35:42 | WARNING: Baking animation because there are keyframes with different interpolation methods in one channel
01:35:42 | WARNING: Baking animation because there are keyframes with different interpolation methods in one channel
01:35:42 | WARNING: Baking animation because there are keyframes with different interpolation methods in one channel
01:35:42 | WARNING: Baking animation because there are keyframes with different interpolation methods in one channel
01:35:42 | WARNING: Baking animation because there are keyframes with different interpolation methods in one channel
01:35:42 | WARNING: Baking animation because there are keyframes with different interpolation methods in one channel
01:35:42 | WARNING: Baking animation because there are keyframes with different interpolation methods in one channel
01:35:42 | WARNING: Baking animation because there are keyframes with different interpolation methods in one channel
01:35:42 | WARNING: Baking animation because there are keyframes with different interpolation methods in one channel
01:35:42 | WARNING: Baking animation because there are keyframes with different interpolation methods in one channel
01:35:42 | WARNING: Baking animation because there are keyframes with different interpolation methods in one channel
01:35:42 | WARNING: Baking animation because there are keyframes with different interpolation methods in one channel
01:35:42 | WARNING: Baking animation because there are keyframes with different interpolation methods in one channel
01:35:42 | WARNING: Baking animation because there are keyframes with different interpolation methods in one channel
01:35:42 | WARNING: Baking animation because there are keyframes with different interpolation methods in one channel
01:35:42 | WARNING: Baking animation because there are keyframes with different interpolation methods in one channel
01:35:42 | WARNING: Baking animation because there are keyframes with different interpolation methods in one channel
01:35:42 | WARNING: Baking animation because there are keyframes with different interpolation methods in one channel
01:35:42 | WARNING: Baking animation because there are keyframes with different interpolation methods in one channel
01:35:42 | WARNING: Baking animation because there are keyframes with different interpolation methods in one channel
01:35:42 | WARNING: Baking animation because there are keyframes with different interpolation methods in one channel
01:35:42 | WARNING: Baking animation because there are keyframes with different interpolation methods in one channel
01:35:42 | WARNING: Baking animation because there are keyframes with different interpolation methods in one channel
01:35:42 | WARNING: Baking animation because there are keyframes with different interpolation methods in one channel
01:35:42 | WARNING: Baking animation because there are keyframes with different interpolation methods in one channel
01:35:42 | WARNING: Baking animation because there are keyframes with different interpolation methods in one channel
01:35:42 | WARNING: Baking animation because there are keyframes with different interpolation methods in one channel
01:35:42 | WARNING: Baking animation because there are keyframes with different interpolation methods in one channel
01:35:42 | WARNING: Baking animation because there are keyframes with different interpolation methods in one channel
01:35:42 | WARNING: Baking animation because there are keyframes with different interpolation methods in one channel
01:35:42 | WARNING: Baking animation because there are keyframes with different interpolation methods in one channel
01:35:42 | WARNING: Baking animation because there are keyframes with different interpolation methods in one channel
01:35:42 | WARNING: Baking animation because there are keyframes with different interpolation methods in one channel
01:35:42 | WARNING: Baking animation because there are keyframes with different interpolation methods in one channel
01:35:42 | WARNING: Baking animation because there are keyframes with different interpolation methods in one channel
01:35:42 | WARNING: Baking animation because there are keyframes with different interpolation methods in one channel
01:35:42 | WARNING: Baking animation because there are keyframes with different interpolation methods in one channel
01:35:42 | WARNING: Baking animation because there are keyframes with different interpolation methods in one channel
01:35:42 | WARNING: Baking animation because there are keyframes with different interpolation methods in one channel
01:35:42 | WARNING: Baking animation because there are keyframes with different interpolation methods in one channel
01:35:42 | WARNING: Baking animation because there are keyframes with different interpolation methods in one channel
01:35:42 | WARNING: Baking animation because there are keyframes with different interpolation methods in one channel
01:35:42 | WARNING: Baking animation because there are keyframes with different interpolation methods in one channel
01:35:42 | WARNING: Baking animation because there are keyframes with different interpolation methods in one channel
01:35:42 | WARNING: Baking animation because there are keyframes with different interpolation methods in one channel
01:35:42 | WARNING: Baking animation because there are keyframes with different interpolation methods in one channel
01:35:42 | WARNING: Baking animation because there are keyframes with different interpolation methods in one channel
01:35:42 | WARNING: Baking animation because there are keyframes with different interpolation methods in one channel
01:35:42 | WARNING: Baking animation because there are keyframes with different interpolation methods in one channel
01:35:42 | WARNING: Baking animation because there are keyframes with different interpolation methods in one channel
01:35:42 | WARNING: Baking animation because there are keyframes with different interpolation methods in one channel
01:35:42 | WARNING: Baking animation because there are keyframes with different interpolation methods in one channel
01:35:42 | WARNING: Baking animation because there are keyframes with different interpolation methods in one channel
01:35:42 | WARNING: Baking animation because there are keyframes with different interpolation methods in one channel
01:35:42 | WARNING: Baking animation because there are keyframes with different interpolation methods in one channel
01:35:42 | WARNING: Baking animation because there are keyframes with different interpolation methods in one channel
01:35:42 | WARNING: Baking animation because there are keyframes with different interpolation methods in one channel
01:35:42 | WARNING: Baking animation because there are keyframes with different interpolation methods in one channel
01:35:42 | WARNING: Baking animation because there are keyframes with different interpolation methods in one channel
01:35:42 | WARNING: Baking animation because there are keyframes with different interpolation methods in one channel
01:35:42 | WARNING: Baking animation because there are keyframes with different interpolation methods in one channel
01:35:42 | WARNING: Baking animation because there are keyframes with different interpolation methods in one channel
01:35:42 | WARNING: Baking animation because there are keyframes with different interpolation methods in one channel
01:35:42 | WARNING: Baking animation because there are keyframes with different interpolation methods in one channel
01:35:42 | WARNING: Baking animation because there are keyframes with different interpolation methods in one channel
01:35:42 | WARNING: Baking animation because there are keyframes with different interpolation methods in one channel
01:35:42 | WARNING: Baking animation because there are keyframes with different interpolation methods in one channel
01:35:43 | WARNING: Baking animation because there are keyframes with different interpolation methods in one channel
01:35:43 | WARNING: Baking animation because there are keyframes with different interpolation methods in one channel
01:35:43 | WARNING: Baking animation because there are keyframes with different interpolation methods in one channel
01:35:43 | WARNING: Baking animation because there are keyframes with different interpolation methods in one channel
01:35:43 | WARNING: Baking animation because there are keyframes with different interpolation methods in one channel
01:35:43 | WARNING: Baking animation because there are keyframes with different interpolation methods in one channel
01:35:43 | WARNING: Baking animation because there are keyframes with different interpolation methods in one channel
01:35:43 | WARNING: Baking animation because there are keyframes with different interpolation methods in one channel
01:35:43 | WARNING: Baking animation because there are keyframes with different interpolation methods in one channel
01:35:43 | WARNING: Baking animation because there are keyframes with different interpolation methods in one channel
01:35:43 | WARNING: Baking animation because there are keyframes with different interpolation methods in one channel
01:35:43 | WARNING: Baking animation because there are keyframes with different interpolation methods in one channel
01:35:43 | WARNING: Baking animation because there are keyframes with different interpolation methods in one channel
01:35:43 | WARNING: Baking animation because there are keyframes with different interpolation methods in one channel
01:35:43 | WARNING: Baking animation because there are keyframes with different interpolation methods in one channel
01:35:43 | WARNING: Baking animation because there are keyframes with different interpolation methods in one channel
01:35:43 | WARNING: Baking animation because there are keyframes with different interpolation methods in one channel
01:35:43 | WARNING: Baking animation because there are keyframes with different interpolation methods in one channel
01:35:43 | WARNING: Baking animation because there are keyframes with different interpolation methods in one channel
01:35:43 | WARNING: Baking animation because there are keyframes with different interpolation methods in one channel
01:35:43 | WARNING: Baking animation because there are keyframes with different interpolation methods in one channel
01:35:43 | WARNING: Baking animation because there are keyframes with different interpolation methods in one channel
01:35:43 | WARNING: Baking animation because there are keyframes with different interpolation methods in one channel
01:35:43 | WARNING: Baking animation because there are keyframes with different interpolation methods in one channel
01:35:43 | WARNING: Baking animation because there are keyframes with different interpolation methods in one channel
01:35:43 | WARNING: Baking animation because there are keyframes with different interpolation methods in one channel
01:35:43 | WARNING: Baking animation because there are keyframes with different interpolation methods in one channel
01:35:43 | WARNING: Baking animation because there are keyframes with different interpolation methods in one channel
01:35:43 | WARNING: Baking animation because there are keyframes with different interpolation methods in one channel
01:35:43 | WARNING: Baking animation because there are keyframes with different interpolation methods in one channel
01:35:43 | WARNING: Baking animation because there are keyframes with different interpolation methods in one channel
01:35:43 | WARNING: Baking animation because there are keyframes with different interpolation methods in one channel
01:35:43 | WARNING: Baking animation because there are keyframes with different interpolation methods in one channel
01:35:43 | WARNING: Baking animation because there are keyframes with different interpolation methods in one channel
01:35:43 | WARNING: Baking animation because there are keyframes with different interpolation methods in one channel
01:35:43 | WARNING: Baking animation because there are keyframes with different interpolation methods in one channel
01:35:43 | WARNING: Baking animation because there are keyframes with different interpolation methods in one channel
01:35:43 | WARNING: Baking animation because there are keyframes with different interpolation methods in one channel
01:35:43 | WARNING: Baking animation because there are keyframes with different interpolation methods in one channel
01:35:43 | WARNING: Baking animation because there are keyframes with different interpolation methods in one channel
01:35:43 | WARNING: Baking animation because there are keyframes with different interpolation methods in one channel
01:35:43 | WARNING: Baking animation because there are keyframes with different interpolation methods in one channel
01:35:43 | WARNING: Baking animation because there are keyframes with different interpolation methods in one channel
01:35:43 | WARNING: Baking animation because there are keyframes with different interpolation methods in one channel
01:35:43 | WARNING: Baking animation because there are keyframes with different interpolation methods in one channel
01:35:43 | WARNING: Baking animation because there are keyframes with different interpolation methods in one channel
01:35:43 | WARNING: Baking animation because there are keyframes with different interpolation methods in one channel
01:35:43 | WARNING: Baking animation because there are keyframes with different interpolation methods in one channel
01:35:43 | WARNING: Baking animation because there are keyframes with different interpolation methods in one channel
01:35:43 | WARNING: Baking animation because there are keyframes with different interpolation methods in one channel
01:35:43 | WARNING: Baking animation because there are keyframes with different interpolation methods in one channel
01:35:43 | WARNING: Baking animation because there are keyframes with different interpolation methods in one channel
01:35:43 | WARNING: Baking animation because there are keyframes with different interpolation methods in one channel
01:35:43 | WARNING: Baking animation because there are keyframes with different interpolation methods in one channel
01:35:43 | WARNING: Baking animation because there are keyframes with different interpolation methods in one channel
01:35:43 | WARNING: Baking animation because there are keyframes with different interpolation methods in one channel
01:35:43 | WARNING: Baking animation because there are keyframes with different interpolation methods in one channel
01:35:43 | WARNING: Baking animation because there are keyframes with different interpolation methods in one channel
01:35:43 | WARNING: Baking animation because there are keyframes with different interpolation methods in one channel
01:35:43 | WARNING: Baking animation because there are keyframes with different interpolation methods in one channel
01:35:43 | WARNING: Baking animation because there are keyframes with different interpolation methods in one channel
01:35:43 | WARNING: Baking animation because there are keyframes with different interpolation methods in one channel
01:35:43 | WARNING: Baking animation because there are keyframes with different interpolation methods in one channel
01:35:43 | WARNING: Baking animation because there are keyframes with different interpolation methods in one channel
01:35:43 | WARNING: Baking animation because there are keyframes with different interpolation methods in one channel
01:35:43 | WARNING: Baking animation because there are keyframes with different interpolation methods in one channel
01:35:43 | WARNING: Baking animation because there are keyframes with different interpolation methods in one channel
01:35:43 | WARNING: Baking animation because there are keyframes with different interpolation methods in one channel
01:35:43 | WARNING: Baking animation because there are keyframes with different interpolation methods in one channel
01:35:43 | WARNING: Baking animation because there are keyframes with different interpolation methods in one channel
01:35:43 | WARNING: Baking animation because there are keyframes with different interpolation methods in one channel
01:35:43 | WARNING: Baking animation because there are keyframes with different interpolation methods in one channel
01:35:43 | WARNING: Baking animation because there are keyframes with different interpolation methods in one channel
01:35:43 | WARNING: Baking animation because there are keyframes with different interpolation methods in one channel
01:35:43 | WARNING: Baking animation because there are keyframes with different interpolation methods in one channel
01:35:43 | WARNING: Baking animation because there are keyframes with different interpolation methods in one channel
01:35:43 | WARNING: Baking animation because there are keyframes with different interpolation methods in one channel
01:35:43 | WARNING: Baking animation because there are keyframes with different interpolation methods in one channel
01:35:43 | WARNING: Baking animation because there are keyframes with different interpolation methods in one channel
01:35:43 | WARNING: Baking animation because there are keyframes with different interpolation methods in one channel
01:35:43 | WARNING: Baking animation because there are keyframes with different interpolation methods in one channel
01:35:43 | WARNING: Baking animation because there are keyframes with different interpolation methods in one channel
01:35:43 | WARNING: Baking animation because there are keyframes with different interpolation methods in one channel
01:35:43 | WARNING: Baking animation because there are keyframes with different interpolation methods in one channel
01:35:43 | WARNING: Baking animation because there are keyframes with different interpolation methods in one channel
01:35:43 | WARNING: Baking animation because there are keyframes with different interpolation methods in one channel
01:35:43 | WARNING: Baking animation because there are keyframes with different interpolation methods in one channel
01:35:43 | WARNING: Baking animation because there are keyframes with different interpolation methods in one channel
01:35:43 | WARNING: Baking animation because there are keyframes with different interpolation methods in one channel
01:35:43 | WARNING: Baking animation because there are keyframes with different interpolation methods in one channel
01:35:43 | WARNING: Baking animation because there are keyframes with different interpolation methods in one channel
01:35:43 | WARNING: Baking animation because there are keyframes with different interpolation methods in one channel
01:35:43 | WARNING: Baking animation because there are keyframes with different interpolation methods in one channel
01:35:43 | WARNING: Baking animation because there are keyframes with different interpolation methods in one channel
01:35:43 | WARNING: Baking animation because there are keyframes with different interpolation methods in one channel
01:35:43 | WARNING: Baking animation because there are keyframes with different interpolation methods in one channel
01:35:43 | WARNING: Baking animation because there are keyframes with different interpolation methods in one channel
01:35:43 | WARNING: Baking animation because there are keyframes with different interpolation methods in one channel
01:35:43 | WARNING: Baking animation because there are keyframes with different interpolation methods in one channel
01:35:43 | WARNING: Baking animation because there are keyframes with different interpolation methods in one channel
01:35:43 | WARNING: Baking animation because there are keyframes with different interpolation methods in one channel
01:35:43 | WARNING: Baking animation because there are keyframes with different interpolation methods in one channel
01:35:43 | WARNING: Baking animation because there are keyframes with different interpolation methods in one channel
01:35:43 | WARNING: Baking animation because there are keyframes with different interpolation methods in one channel
01:35:43 | WARNING: Baking animation because there are keyframes with different interpolation methods in one channel
01:35:43 | WARNING: Baking animation because there are keyframes with different interpolation methods in one channel
01:35:44 | WARNING: Baking animation because there are keyframes with different interpolation methods in one channel
01:35:44 | WARNING: Baking animation because there are keyframes with different interpolation methods in one channel
01:35:44 | WARNING: Baking animation because there are keyframes with different interpolation methods in one channel
01:35:44 | WARNING: Baking animation because there are keyframes with different interpolation methods in one channel
01:35:44 | WARNING: Baking animation because there are keyframes with different interpolation methods in one channel
01:35:44 | WARNING: Baking animation because there are keyframes with different interpolation methods in one channel
01:35:44 | WARNING: Baking animation because there are keyframes with different interpolation methods in one channel
01:35:44 | WARNING: Baking animation because there are keyframes with different interpolation methods in one channel
01:35:44 | WARNING: Baking animation because there are keyframes with different interpolation methods in one channel
01:35:44 | WARNING: Baking animation because there are keyframes with different interpolation methods in one channel
01:35:44 | WARNING: Baking animation because there are keyframes with different interpolation methods in one channel
01:35:44 | WARNING: Baking animation because there are keyframes with different interpolation methods in one channel
01:35:44 | WARNING: Baking animation because there are keyframes with different interpolation methods in one channel
01:35:44 | WARNING: Baking animation because there are keyframes with different interpolation methods in one channel
01:35:44 | WARNING: Baking animation because there are keyframes with different interpolation methods in one channel
01:35:44 | WARNING: Baking animation because there are keyframes with different interpolation methods in one channel
01:35:44 | WARNING: Baking animation because there are keyframes with different interpolation methods in one channel
01:35:44 | WARNING: Baking animation because there are keyframes with different interpolation methods in one channel
01:35:44 | WARNING: Baking animation because there are keyframes with different interpolation methods in one channel
01:35:44 | WARNING: Baking animation because there are keyframes with different interpolation methods in one channel
01:35:44 | WARNING: Baking animation because there are keyframes with different interpolation methods in one channel
01:35:44 | WARNING: Baking animation because there are keyframes with different interpolation methods in one channel
01:35:44 | WARNING: Baking animation because there are keyframes with different interpolation methods in one channel
01:35:44 | WARNING: Baking animation because there are keyframes with different interpolation methods in one channel
01:35:44 | WARNING: Baking animation because there are keyframes with different interpolation methods in one channel
01:35:44 | WARNING: Baking animation because there are keyframes with different interpolation methods in one channel
01:35:44 | WARNING: Baking animation because there are keyframes with different interpolation methods in one channel
01:35:44 | WARNING: Baking animation because there are keyframes with different interpolation methods in one channel
01:35:44 | WARNING: Baking animation because there are keyframes with different interpolation methods in one channel
01:35:44 | WARNING: Baking animation because there are keyframes with different interpolation methods in one channel
01:35:44 | WARNING: Baking animation because there are keyframes with different interpolation methods in one channel
01:35:44 | WARNING: Baking animation because there are keyframes with different interpolation methods in one channel
01:35:44 | WARNING: Baking animation because there are keyframes with different interpolation methods in one channel
01:35:44 | WARNING: Baking animation because there are keyframes with different interpolation methods in one channel
01:35:44 | WARNING: Baking animation because there are keyframes with different interpolation methods in one channel
01:35:44 | WARNING: Baking animation because there are keyframes with different interpolation methods in one channel
01:35:44 | WARNING: Baking animation because there are keyframes with different interpolation methods in one channel
01:35:44 | WARNING: Baking animation because there are keyframes with different interpolation methods in one channel
01:35:44 | WARNING: Baking animation because there are keyframes with different interpolation methods in one channel
01:35:44 | WARNING: Baking animation because there are keyframes with different interpolation methods in one channel
01:35:44 | WARNING: Baking animation because there are keyframes with different interpolation methods in one channel
01:35:44 | WARNING: Baking animation because there are keyframes with different interpolation methods in one channel
01:35:44 | WARNING: Baking animation because there are keyframes with different interpolation methods in one channel
01:35:44 | WARNING: Baking animation because there are keyframes with different interpolation methods in one channel
01:35:44 | WARNING: Baking animation because there are keyframes with different interpolation methods in one channel
01:35:44 | WARNING: Baking animation because there are keyframes with different interpolation methods in one channel
01:35:44 | WARNING: Baking animation because there are keyframes with different interpolation methods in one channel
01:35:44 | WARNING: Baking animation because there are keyframes with different interpolation methods in one channel
01:35:44 | WARNING: Baking animation because there are keyframes with different interpolation methods in one channel
01:35:44 | WARNING: Baking animation because there are keyframes with different interpolation methods in one channel
01:35:44 | WARNING: Baking animation because there are keyframes with different interpolation methods in one channel
01:35:44 | WARNING: Baking animation because there are keyframes with different interpolation methods in one channel
01:35:44 | WARNING: Baking animation because there are keyframes with different interpolation methods in one channel
01:35:58 | WARNING: Baking animation because there are keyframes with different interpolation methods in one channel
01:35:58 | WARNING: Baking animation because there are keyframes with different interpolation methods in one channel
01:35:58 | WARNING: Baking animation because there are keyframes with different interpolation methods in one channel
01:35:58 | WARNING: Baking animation because there are keyframes with different interpolation methods in one channel
01:35:58 | WARNING: Baking animation because there are keyframes with different interpolation methods in one channel
01:35:58 | WARNING: Baking animation because there are keyframes with different interpolation methods in one channel
01:35:58 | WARNING: Baking animation because there are keyframes with different interpolation methods in one channel
01:35:58 | WARNING: Baking animation because there are keyframes with different interpolation methods in one channel
01:35:58 | WARNING: Baking animation because there are keyframes with different interpolation methods in one channel
01:35:58 | WARNING: Baking animation because there are keyframes with different interpolation methods in one channel
01:35:58 | WARNING: Baking animation because there are keyframes with different interpolation methods in one channel
01:35:58 | WARNING: Baking animation because there are keyframes with different interpolation methods in one channel
01:35:58 | WARNING: Baking animation because there are keyframes with different interpolation methods in one channel
01:35:58 | WARNING: Baking animation because there are keyframes with different interpolation methods in one channel
01:35:58 | WARNING: Baking animation because there are keyframes with different interpolation methods in one channel
01:35:58 | WARNING: Baking animation because there are keyframes with different interpolation methods in one channel
01:35:58 | WARNING: Baking animation because there are keyframes with different interpolation methods in one channel
01:35:58 | WARNING: Baking animation because there are keyframes with different interpolation methods in one channel
01:35:58 | WARNING: Baking animation because there are keyframes with different interpolation methods in one channel
01:35:58 | WARNING: Baking animation because there are keyframes with different interpolation methods in one channel
01:35:58 | WARNING: Baking animation because there are keyframes with different interpolation methods in one channel
01:35:58 | WARNING: Baking animation because there are keyframes with different interpolation methods in one channel
01:35:58 | WARNING: Baking animation because there are keyframes with different interpolation methods in one channel
01:35:58 | WARNING: Baking animation because there are keyframes with different interpolation methods in one channel
01:35:58 | WARNING: Baking animation because there are keyframes with different interpolation methods in one channel
01:35:58 | WARNING: Baking animation because there are keyframes with different interpolation methods in one channel
01:35:58 | WARNING: Baking animation because there are keyframes with different interpolation methods in one channel
01:35:58 | WARNING: Baking animation because there are keyframes with different interpolation methods in one channel
01:35:58 | WARNING: Baking animation because there are keyframes with different interpolation methods in one channel
01:35:58 | WARNING: Baking animation because there are keyframes with different interpolation methods in one channel
01:35:58 | WARNING: Baking animation because there are keyframes with different interpolation methods in one channel
01:35:58 | WARNING: Baking animation because there are keyframes with different interpolation methods in one channel
01:35:58 | WARNING: Baking animation because there are keyframes with different interpolation methods in one channel
01:35:58 | WARNING: Baking animation because there are keyframes with different interpolation methods in one channel
01:35:58 | WARNING: Baking animation because there are keyframes with different interpolation methods in one channel
01:35:58 | WARNING: Baking animation because there are keyframes with different interpolation methods in one channel
01:35:58 | WARNING: Baking animation because there are keyframes with different interpolation methods in one channel
01:35:58 | WARNING: Baking animation because there are keyframes with different interpolation methods in one channel
01:35:58 | WARNING: Baking animation because there are keyframes with different interpolation methods in one channel
01:35:58 | WARNING: Baking animation because there are keyframes with different interpolation methods in one channel
01:35:58 | WARNING: Baking animation because there are keyframes with different interpolation methods in one channel
01:35:58 | WARNING: Baking animation because there are keyframes with different interpolation methods in one channel
01:35:58 | WARNING: Baking animation because there are keyframes with different interpolation methods in one channel
01:35:58 | WARNING: Baking animation because there are keyframes with different interpolation methods in one channel
01:35:58 | WARNING: Baking animation because there are keyframes with different interpolation methods in one channel
01:35:58 | WARNING: Baking animation because there are keyframes with different interpolation methods in one channel
01:35:58 | WARNING: Baking animation because there are keyframes with different interpolation methods in one channel
01:35:58 | WARNING: Baking animation because there are keyframes with different interpolation methods in one channel
01:35:58 | WARNING: Baking animation because there are keyframes with different interpolation methods in one channel
01:35:58 | WARNING: Baking animation because there are keyframes with different interpolation methods in one channel
01:35:58 | WARNING: Baking animation because there are keyframes with different interpolation methods in one channel
01:35:58 | WARNING: Baking animation because there are keyframes with different interpolation methods in one channel
01:35:58 | WARNING: Baking animation because there are keyframes with different interpolation methods in one channel
01:35:59 | WARNING: Baking animation because there are keyframes with different interpolation methods in one channel
01:35:59 | WARNING: Baking animation because there are keyframes with different interpolation methods in one channel
01:35:59 | WARNING: Baking animation because there are keyframes with different interpolation methods in one channel
01:35:59 | WARNING: Baking animation because there are keyframes with different interpolation methods in one channel
01:35:59 | WARNING: Baking animation because there are keyframes with different interpolation methods in one channel
01:35:59 | WARNING: Baking animation because there are keyframes with different interpolation methods in one channel
01:35:59 | WARNING: Baking animation because there are keyframes with different interpolation methods in one channel
01:35:59 | WARNING: Baking animation because there are keyframes with different interpolation methods in one channel
01:35:59 | WARNING: Baking animation because there are keyframes with different interpolation methods in one channel
01:35:59 | WARNING: Baking animation because there are keyframes with different interpolation methods in one channel
01:35:59 | WARNING: Baking animation because there are keyframes with different interpolation methods in one channel
01:35:59 | WARNING: Baking animation because there are keyframes with different interpolation methods in one channel
01:35:59 | WARNING: Baking animation because there are keyframes with different interpolation methods in one channel
01:35:59 | WARNING: Baking animation because there are keyframes with different interpolation methods in one channel
01:35:59 | WARNING: Baking animation because there are keyframes with different interpolation methods in one channel
01:35:59 | WARNING: Baking animation because there are keyframes with different interpolation methods in one channel
01:35:59 | WARNING: Baking animation because there are keyframes with different interpolation methods in one channel
01:35:59 | WARNING: Baking animation because there are keyframes with different interpolation methods in one channel
01:35:59 | WARNING: Baking animation because there are keyframes with different interpolation methods in one channel
01:35:59 | WARNING: Baking animation because there are keyframes with different interpolation methods in one channel
01:35:59 | WARNING: Baking animation because there are keyframes with different interpolation methods in one channel
01:35:59 | WARNING: Baking animation because there are keyframes with different interpolation methods in one channel
01:35:59 | WARNING: Baking animation because there are keyframes with different interpolation methods in one channel
01:35:59 | WARNING: Baking animation because there are keyframes with different interpolation methods in one channel
01:35:59 | WARNING: Baking animation because there are keyframes with different interpolation methods in one channel
01:35:59 | WARNING: Baking animation because there are keyframes with different interpolation methods in one channel
01:35:59 | WARNING: Baking animation because there are keyframes with different interpolation methods in one channel
01:35:59 | WARNING: Baking animation because there are keyframes with different interpolation methods in one channel
01:35:59 | WARNING: Baking animation because there are keyframes with different interpolation methods in one channel
01:35:59 | WARNING: Baking animation because there are keyframes with different interpolation methods in one channel
01:35:59 | WARNING: Baking animation because there are keyframes with different interpolation methods in one channel
01:35:59 | WARNING: Baking animation because there are keyframes with different interpolation methods in one channel
01:35:59 | WARNING: Baking animation because there are keyframes with different interpolation methods in one channel
01:35:59 | WARNING: Baking animation because there are keyframes with different interpolation methods in one channel
01:35:59 | WARNING: Baking animation because there are keyframes with different interpolation methods in one channel
01:35:59 | WARNING: Baking animation because there are keyframes with different interpolation methods in one channel
01:35:59 | WARNING: Baking animation because there are keyframes with different interpolation methods in one channel
01:35:59 | WARNING: Baking animation because there are keyframes with different interpolation methods in one channel
01:35:59 | WARNING: Baking animation because there are keyframes with different interpolation methods in one channel
01:35:59 | WARNING: Baking animation because there are keyframes with different interpolation methods in one channel
01:35:59 | WARNING: Baking animation because there are keyframes with different interpolation methods in one channel
01:35:59 | WARNING: Baking animation because there are keyframes with different interpolation methods in one channel
01:35:59 | WARNING: Baking animation because there are keyframes with different interpolation methods in one channel
01:35:59 | WARNING: Baking animation because there are keyframes with different interpolation methods in one channel
01:35:59 | WARNING: Baking animation because there are keyframes with different interpolation methods in one channel
01:35:59 | WARNING: Baking animation because there are keyframes with different interpolation methods in one channel
01:35:59 | WARNING: Baking animation because there are keyframes with different interpolation methods in one channel
01:35:59 | WARNING: Baking animation because there are keyframes with different interpolation methods in one channel
01:35:59 | WARNING: Baking animation because there are keyframes with different interpolation methods in one channel
01:35:59 | WARNING: Baking animation because there are keyframes with different interpolation methods in one channel
01:35:59 | WARNING: Baking animation because there are keyframes with different interpolation methods in one channel
01:35:59 | WARNING: Baking animation because there are keyframes with different interpolation methods in one channel
01:35:59 | WARNING: Baking animation because there are keyframes with different interpolation methods in one channel
01:36:03 | INFO: Finished glTF 2.0 export in 67.14992237091064 s

D14_DONE failed=[]
D14_DONE non_ok_bools=['no_teleport']

Blender quit
Error: Not freed memory blocks: 7806, total unfreed memory 0.828075 MB
