D18_LAYOUT {"total_frames": 37, "seconds": 0.617, "legs_down": 4, "plant": 7, "chest_up": 10, "hand_off": 18, "tuck": 20, "foot_set": 27, "rise_mid": 31, "stand": 35, "vertical_channel": {"shape": "★ **无弹道段**：骨盆沿单调上升曲线 128 → 830 mm（四段支点：背/臀→掌→脚→双腿）", "pelvis_z_keys": [[0, 128.0], [4, 152.0], [7, 172.0], [10, 250.0], [18, 420.0], [20, 520.0], [27, 620.0], [31, 730.0], [35, 830.0], [37, 830.0]], "pelvis_y_keys": [[0, 470.0], [4, 452.0], [7, 430.0], [10, 398.0], [18, 350.0], [20, 290.0], [27, 220.0], [31, 110.0], [35, 0.0], [37, 0.0]]}, "seam": {"action": "Knockdown_B", "frame": 20, "src": {"action": "Knockdown_B", "found": true, "frame": 20, "rot_bones": 53, "loc_bones": ["pelvis"], "frame_range": [0, 20]}}, "end": {"action": "Idle_01", "frame": 0, "src": {"action": "Idle_01", "found": true, "frame": 0, "rot_bones": 52, "loc_bones": ["pelvis"], "frame_range": [0, 180]}}, "measured": {"seam_pelvis_z_mm": 128.0, "end_pelvis_z_mm": 830.0, "rise_mm": 702.0, "seam_ankle_mm": {"L": [329.978, 231.262, 300.001], "R": [-329.982, 228.703, 299.997]}, "end_ankle_mm": {"L": [143.178, -169.571, 79.76], "R": [-141.579, 140.432, 79.827]}, "seam_fist_mm": {"L": [595.461, 1275.328, -42.735], "R": [-635.184, 1255.257, -31.84]}, "seam_shoulder_mm": null, "end_off_mm": {"L": [-6.173, -256.577, -41.816], "R": [21.12, -222.327, -14.704]}}, "chest_tail_at_chest_up_mm": 441.698, "roll_weight_mode": "always", "note": "D18 背面起身：零位 = **`Knockdown_B@20` 落盘帧**；终点 = **`Idle_01@0` 落盘帧**（跨族接缝）。竖直通道**无弹道段**，骨盆单调升 **702 mm**；支点**背/臀 → 掌 → 脚**，换**两次**。"}
D18_REPORT {"loop_seamless": null, "max_frame_step_deg": 23.651, "max_frame_step_at": [4, "forearm.L"], "no_teleport": true, "bone_travel_mm": {"pelvis": 844.81, "chest": 1308.79, "head": 1749.97, "hand.L": 1931.26, "hand.R": 1913.69}, "seam_in_orient_delta": 0.0, "seam_in_orient_bone": null, "seam_in_relpos_delta_mm": 0.0, "seam_in_relpos_bone": null, "seam_in_raw_delta": 0.0, "seam_in_ok": true, "seam_in_note": "★★ 首帧**逐位** = `Knockdown_B@20`（平移不变尺子）。容差 1e-06，未放宽。", "end_vs_idle_matrix_delta": 1.788e-07, "end_vs_idle_worst_bone": "index_01.L", "end_vs_idle_worst_delta": 1.788e-07, "end_vs_idle_orient_delta": 1.788e-07, "end_vs_idle_relpos_mm": 0.000111759, "end_matches_idle_tol": 1e-06, "end_matches_idle_ok": true, "end_matches_idle_note": "★★★ **本支最硬的判据**：末帧（`f = 46`）**逐骨 4×4 世界矩阵**必须与 `Idle_01@0` 一致（`max_delta ≤ 1e-06`）。★ 用**世界矩阵**而不是欧拉三元组。", "pelvis_z_mm": {"0": 128.0, "1": 132.579, "2": 137.276, "3": 142.083, "4": 146.994, "5": 152.0, "6": 156.231, "7": 160.573, "8": 165.629, "9": 172.0, "10": 191.661, "11": 221.581, "12": 250.0, "13": 267.551, "14": 283.443, "15": 298.191, "16": 312.307, "17": 326.305, "18": 341.173, "19": 357.463, "20": 375.688, "21": 396.363, "22": 420.0, "23": 454.612, "24": 487.945, "25": 520.0, "26": 536.619, "27": 550.163, "28": 561.266, "29": 570.564, "30": 578.711, "31": 586.979, "32": 596.192, "33": 606.988, "34": 620.0, "35": 638.533, "36": 660.218, "37": 683.635, "38": 707.368, "39": 730.0, "40": 754.286, "41": 780.0, "42": 803.571, "43": 821.429, "44": 830.0, "45": 830.0, "46": 830.0}, "pelvis_y_mm": {"0": 470.0, "1": 467.3, "2": 464.078, "3": 460.407, "4": 456.357, "5": 452.0, "6": 447.29, "7": 442.017, "8": 436.235, "9": 430.0, "10": 419.623, "11": 407.929, "12": 398.0, "13": 392.447, "14": 387.906, "15": 384.093, "16": 380.725, "17": 377.518, "18": 373.96, "19": 369.712, "20": 364.492, "21": 358.016, "22": 350.0, "23": 330.832, "24": 310.832, "25": 290.0, "26": 278.997, "27": 270.105, "28": 262.84, "29": 256.72, "30": 251.199, "31": 245.31, "32": 238.469, "33": 230.194, "34": 220.0, "35": 203.483, "36": 182.396, "37": 158.569, "38": 133.828, "39": 110.0, "40": 83.875, "41": 55.687, "42": 29.562, "43": 9.625, "44": 0.0, "45": 0.0, "46": 0.0}, "rise_net_mm": 702.0, "rise_min_mm": 667.0, "rise_reach_ok": true, "rise_reach_note": "★ 骨盆 z 从起点到终点净升 **≥ 667 mm**（防「只起来一半」）。阈值由**实测**导出：起点 128.0 mm（`Knockdown_B@20`）→ 终点 830.0 mm（`Idle_01@0`），真实净升 702.0 mm ⟹ 阈值取实测的 95%。（清单计划写的 650 mm 基于**推算**；实测终点是 830 mm ⟹ 这是**把推算换成实测**。）", "rise_monotone_violations_window": [], "rise_monotone_violations_full": [], "rise_monotone_tol_mm": 2.0, "rise_monotone_window": [34, 46], "rise_monotone_ok": true, "rise_monotone_note": "★ 骨盆 z 在 `[FOOT_SET=34, END=46]` 必须**单调不降**（容差 2.0 mm/帧）。★ 本支实测**全段**（`[0, END]`）也单调（`rise_monotone_violations_full = []`） —— 起身是**一次**持续发力，中途不回落。", "chest_tail_z_mm": {"0": 206.97, "1": 214.088, "2": 222.531, "3": 232.072, "4": 242.483, "5": 253.537, "6": 265.258, "7": 278.643, "8": 293.84, "9": 310.999, "10": 348.899, "11": 399.062, "12": 441.698, "13": 465.09, "14": 485.56, "15": 503.956, "16": 521.117, "17": 537.879, "18": 555.775, "19": 575.762, "20": 598.66, "21": 625.284, "22": 656.434, "23": 726.863, "24": 798.092, "25": 869.26, "26": 905.059, "27": 933.511, "28": 956.405, "29": 975.377, "30": 992.078, "31": 1009.277, "32": 1028.554, "33": 1051.016, "34": 1077.577, "35": 1122.211, "36": 1171.43, "37": 1213.868, "38": 1245.932, "39": 1269.702, "40": 1292.817, "41": 1317.086, "42": 1339.671, "43": 1357.137, "44": 1365.667, "45": 1365.667, "46": 1365.667}, "chest_rise_mm": 345.435, "chest_rise_min_mm": 200.0, "chest_rise_ok": true, "chest_rise_note": "★ 撑地段 `[PLANT=9, HAND_OFF=22]` 胸骨尾端世界 z 必须**净升 ≥ 200 mm**（证明「撑地真的把上身顶起来了」，而不是只有胳膊在动）。", "knee_unfold_start_deg": {"L": 59.817, "R": 59.748}, "knee_unfold_start_min_deg": 30.0, "knee_unfold_start_ok": true, "knee_unfold_start_note": "★★ **D18 独有**：`f ∈ [START=0, LEGS_DOWN=5]` 膝屈角必须**真的放开**（每条腿都减 ≥ 30°；实测起点 124.74° → 64.99°）。证明「腿是自己落下来的」，而不是被骨盆拖下来的。", "hand_low_mm": {"0": -82.29, "1": -59.69, "2": -35.49, "3": -11.35, "4": 13.26, "5": 39.05, "6": 35.53, "7": 32.04, "8": 27.59, "9": 23.03, "10": 22.81, "11": 23.09, "12": 23.35, "13": 23.11, "14": 23.23, "15": 23.38, "16": 23.76, "17": 22.72, "18": 21.9, "19": 21.51, "20": 21.41, "21": 26.23, "22": 45.9, "23": 118.15, "24": 201.97, "25": 287.61, "26": 340.68, "27": 393.27, "28": 451.62, "29": 515.16, "30": 580.57, "31": 635.77, "32": 677.2, "33": 710.39, "34": 746.91, "35": 816.51, "36": 890.19, "37": 950.76, "38": 994.31, "39": 1030.0, "40": 1066.62, "41": 1102.03, "42": 1132.74, "43": 1155.1, "44": 1165.72, "45": 1165.72, "46": 1165.72}, "hand_plant_below_mm": -2.0, "hand_plant_below_frames": [0, 1, 2, 3], "hand_plant_at_plant_mm": 23.03, "hand_plant_ok": true, "hand_plant_note": "★★ **支点交接 0（D18 独有）**：仰卧起点手掌**在地面之下**（实测 −72 ~ −82 mm），必须实测到 `f ∈ [START=0, LEGS_DOWN=5]` 有 **z < -2 mm** 的帧（事实核对：手确实还在身下），**并在 `f = PLANT=9` 落到地面**（z ∈ [−2, +60] mm）。缺这条，就有一整段「手到底在不在上」没人管。", "hand_touch_max_mm": 60.0, "hand_off_min_mm": 60.0, "hand_on_violations": [], "hand_off_violations": [], "hand_off_ok": true, "hand_off_note": "★★ **支点交接 1**：`f ≤ HAND_OFF=22` 时手掌（`Hand_Palm_*` + `Finger_*` 网格）最低点必须 **≤ 60 mm**（手真的在地上推）；`f > HAND_OFF` 必须 **≥ 60 mm**（手确实离地了）。**两侧都量**。", "sole_mm": {"0": 262.61, "1": 257.29, "2": 232.56, "3": 200.69, "4": 170.21, "5": 150.03, "6": 155.04, "7": 166.06, "8": 178.53, "9": 192.35, "10": 213.22, "11": 233.52, "12": 246.46, "13": 251.04, "14": 252.16, "15": 250.2, "16": 252.9, "17": 251.41, "18": 243.37, "19": 241.75, "20": 248.32, "21": 240.13, "22": 239.91, "23": 257.23, "24": 275.95, "25": 299.77, "26": 237.18, "27": 209.85, "28": 194.66, "29": 151.66, "30": 109.38, "31": 84.55, "32": 61.94, "33": 37.16, "34": -0.54, "35": -0.07, "36": -0.02, "37": 0.33, "38": 0.41, "39": -0.3, "40": -0.2, "41": -0.88, "42": -1.36, "43": -0.98, "44": -0.96, "45": -0.96, "46": -0.96}, "foot_touch_max_mm": 6.0, "foot_touch_frames": [34], "foot_touch_frame": 34, "foot_takeover_ok": true, "foot_takeover_note": "★★ **支点交接 2**：脚接住地面的帧必须**唯一**且落在 `[TUCK=25, FOOT_SET=34]` 内（口径 = **首次鞋底 ≤ 6 mm**）。实测 `[34]`。", "foot_slide_mm_after_set": {"toe.L": 1.9848, "toe.R": 2.2111}, "foot_slide_max_mm": 3.0, "no_foot_slide_ok": true, "no_foot_slide_note": "★ 清单 §6 硬约束：`f ≥ FOOT_SET=34` 双脚 `foot_probe`（`toe.L/R` 骨端）世界位移 **≤ 3 mm**。", "sole_tail_min_mm": -1.364, "sole_tail_max_mm": 0.412, "sole_ground_ok": true, "sole_ground_note": "★ 清单 §6：`f ≥ FOOT_SET` 鞋底必须 ∈ **[-2, 6] mm**（支撑脚贴地）。", "no_snap_tail_steps_deg": [13.602363, 8.892387, 6.910184, 3.749637, 0.0, 0.0], "no_snap_stop_ok": true, "no_snap_tail_window": [40, 46], "no_snap_ruler_note": "★ 口径按清单 §0.6 原文：「末 6 帧角度增量的绝对值**单调收敛**」。", "root_motion_net_mm": 470.0, "root_motion_m": [0.0, -0.47], "root_motion_ok": true, "root_motion_note": "★ 本支骨盆要向**脚的方向**走 **−470 mm**（`+470 → 0`），把身体带到双脚上方，如实登记（★ 符号与 D17 的 +550 相反）。", "end_pelvis_z_mm": 830.0, "end_vz_mm_per_frame": 0.0, "end_vz_zero_ok": true, "fist_travel_mm": 2106.061, "fist_travel_at": ["L", 44], "ankle_travel_mm": 495.037, "shoulder_move_mm": 1506.698, "pelvis_span_mm": 844.81, "chain_travel": {"foot_mm": 495.04, "knee_deg": 84.374, "hip_deg": 35.289, "waist_deg": 97.012, "shoulder_mm": 1506.7, "hand_mm": 2106.06}, "chain_present_ok": true, "chain_present_note": "★ 清单 §6：力量传导链 **脚→腿→髋→腰→肩→手**，每段都要有真实工作量。本支六段全由**实测**度量。", "clip_max_mm": 0.0, "clip_at": null, "clip_frame": null, "no_face_clip_ok": true, "reach_ratio_max": 0.94047, "reach_ratio_at": [0, "L"], "reach_ok": true, "leg_reach_ratio_max": 0.93843, "leg_reach_ratio_at": [44, "L"], "leg_reach_ok": true, "hem_low_mm": {"Jacket_Hem": 902.9995, "Jacket_Hem_Line": 897.5001}, "hem_static_ok": true, "hem_static_note": "★ `Jacket_Hem,Jacket_Hem_Line` 是**已知模型侧绑定遗漏**（`parent=None` / `vgroups=0`）⟹ 钉在世界原点、**不随骨架动**；本判据核对它们世界最低点**首末逐位相同**。", "aspect": 0.3351, "width_m": 0.5805, "height_m": 1.7323, "disabled_gates": {"ground_hold_ok": "DISABLED —— 贴地族判据（骨盆逐位固定）。本支骨盆要跑 702 mm ⟹ 照抄必然红。换成 `rise_monotone_ok` + `rise_reach_ok`。", "back_land_ok": "DISABLED —— 贴地族判据（后脑贴地）。本支末帧是**站姿**。", "landing_plateau_ok": "DISABLED —— 贴地族判据（落地后骨盆逐位相同）。本支末段骨盆构造性固定在 830 mm，但语义不同。", "legs_bounce_ok": "DISABLED —— 贴地族判据（腿抖一下再落）。本支腿是**主动收放**。", "bounce_present_ok / bounce_single_peak_ok / bounce_no_double_ok": "DISABLED —— 贴地族「局部弹起」判据。本支是**主动起身**，无受力弹起。", "ballistic_until_land_ok": "DISABLED —— 本支竖直通道**没有弹道段**（全段单调上升，无抛物线可比）。", "hitstop_present": "DISABLED —— ★ 本支是**主动发力**动作，**没有「命中帧」**。硬套只会得到伪造的停顿。收招由 `no_snap_tail_ok` 守，「一次发力、不回落」由 `rise_monotone_ok` 守。"}, "ballistic_status": "DISABLED", "ballistic_phase_registered": {"T_PHASE_D17": 69.5, "T_PHASE_D18": 89.5, "note": "★ 仅登记（本支竖直通道**不含弹道**，不参与解算）"}, "lock_frames": 0, "lock_expect": 0, "end_hold_steps_deg": [0.0, 0.0], "end_ground_hold_ok": true, "seam_zero_saved_ok": true, "seam_zero_src": "Knockdown_B@20", "seam_zero_geom_pos_mm": 0.0, "seam_zero_geom_dir_deg": 0.029674, "seam_zero_worst_bone": null, "end_zero_saved_ok": true, "end_zero_src": "Idle_01@0", "end_zero_geom_pos_mm": 0.0, "meta": {"anim_id": "GetUp_B", "loop": false, "category": "防御与受击", "note": "背面起身（仰卧 → 双掌在身侧/身后撑地推起 → 收腿 → 战斗站姿）：竖直通道**无弹道段**，骨盆**单调升 702 mm**；支点**背/臀 → 掌 → 脚**换两次；末帧**逐位 = `Idle_01@0`**（跨族接缝）；★ 时间轴经**路径保持重采样**（源 37 帧 → 输出 46 帧）", "antic_frame": 5, "hit_frame": null, "land_frame": 34, "cancel_frame": 44, "legs_down_frame": 5, "plant_frame": 9, "chest_up_frame": 12, "hand_off_frame": 22, "tuck_frame": 25, "foot_set_frame": 34, "rise_mid_frame": 39, "stand_frame": 44, "self_hold_frame": 44, "warp_src_total": 37, "warp_out_total": 46, "hitstop_frames": 0, "hit_points": 0, "root_motion_m": [0.0, -0.47], "hit_point_m": null, "end_pelvis_z_m": 0.83, "end_vz_m_per_frame": 0.0, "start_pose_ref": "Knockdown_B 帧 20（仰卧，脸朝上）", "end_pose_ref": "Idle_01 帧 0（战斗站姿）", "ballistic_ref": "无（★ 本支竖直通道不含弹道段）", "fps": 60, "frames": [0, 46]}, "ua_start_delta_deg": 0.0, "ua_start_ok": true, "failed": [], "non_ok_bools": []}Blender 4.5.0 (hash 8cb6b388974a built 2025-07-15 01:36:24)
Read blend: "I:\工作项目\BIGMANFIGHT\角色资产\美术资产\bigman_v001\bigman_anim_v001.blend"
Fra:0 Mem:110.43M (Peak 113.62M) | Time:00:00.59 | Rendering 1 / 64 samples
Fra:0 Mem:110.43M (Peak 113.62M) | Time:00:00.62 | Rendering 25 / 64 samples
Fra:0 Mem:110.43M (Peak 113.62M) | Time:00:00.65 | Rendering 50 / 64 samples
Fra:0 Mem:110.43M (Peak 113.62M) | Time:00:00.67 | Rendering 64 / 64 samples
Fra:0 Mem:78.39M (Peak 123.53M) | Time:00:00.70 | Compositing
Saved: 'I:\工作项目\BIGMANFIGHT\角色资产\美术资产\bigman_v001\previews\anim\getupb_side_f0000.png'
Time: 00:00.75 (Saving: 00:00.04)

Fra:1 Mem:112.50M (Peak 115.66M) | Time:00:00.27 | Rendering 1 / 64 samples
Fra:1 Mem:112.50M (Peak 115.66M) | Time:00:00.30 | Rendering 25 / 64 samples
Fra:1 Mem:112.50M (Peak 115.66M) | Time:00:00.33 | Rendering 50 / 64 samples
Fra:1 Mem:112.50M (Peak 115.66M) | Time:00:00.35 | Rendering 64 / 64 samples
Fra:1 Mem:80.46M (Peak 125.59M) | Time:00:00.37 | Compositing
Saved: 'I:\工作项目\BIGMANFIGHT\角色资产\美术资产\bigman_v001\previews\anim\getupb_side_f0001.png'
Time: 00:00.42 (Saving: 00:00.04)

Fra:2 Mem:112.51M (Peak 115.66M) | Time:00:00.24 | Rendering 1 / 64 samples
Fra:2 Mem:112.51M (Peak 115.66M) | Time:00:00.27 | Rendering 25 / 64 samples
Fra:2 Mem:112.51M (Peak 115.66M) | Time:00:00.30 | Rendering 50 / 64 samples
Fra:2 Mem:112.51M (Peak 115.66M) | Time:00:00.31 | Rendering 64 / 64 samples
Fra:2 Mem:80.46M (Peak 125.60M) | Time:00:00.33 | Compositing
Saved: 'I:\工作项目\BIGMANFIGHT\角色资产\美术资产\bigman_v001\previews\anim\getupb_side_f0002.png'
Time: 00:00.38 (Saving: 00:00.04)

Fra:3 Mem:112.51M (Peak 112.51M) | Time:00:00.24 | Rendering 1 / 64 samples
Fra:3 Mem:112.51M (Peak 112.51M) | Time:00:00.27 | Rendering 25 / 64 samples
Fra:3 Mem:112.51M (Peak 112.51M) | Time:00:00.30 | Rendering 50 / 64 samples
Fra:3 Mem:112.51M (Peak 112.51M) | Time:00:00.32 | Rendering 64 / 64 samples
Fra:3 Mem:80.46M (Peak 125.60M) | Time:00:00.34 | Compositing
Saved: 'I:\工作项目\BIGMANFIGHT\角色资产\美术资产\bigman_v001\previews\anim\getupb_side_f0003.png'
Time: 00:00.39 (Saving: 00:00.03)

Fra:4 Mem:112.51M (Peak 115.66M) | Time:00:00.23 | Rendering 1 / 64 samples
Fra:4 Mem:112.51M (Peak 115.66M) | Time:00:00.26 | Rendering 25 / 64 samples
Fra:4 Mem:112.51M (Peak 115.66M) | Time:00:00.29 | Rendering 50 / 64 samples
Fra:4 Mem:112.51M (Peak 115.66M) | Time:00:00.31 | Rendering 64 / 64 samples
Fra:4 Mem:80.46M (Peak 125.60M) | Time:00:00.33 | Compositing
Saved: 'I:\工作项目\BIGMANFIGHT\角色资产\美术资产\bigman_v001\previews\anim\getupb_side_f0004.png'
Time: 00:00.38 (Saving: 00:00.04)

Fra:5 Mem:112.51M (Peak 115.66M) | Time:00:00.22 | Rendering 1 / 64 samples
Fra:5 Mem:112.51M (Peak 115.66M) | Time:00:00.25 | Rendering 25 / 64 samples
Fra:5 Mem:112.51M (Peak 115.66M) | Time:00:00.28 | Rendering 50 / 64 samples
Fra:5 Mem:112.51M (Peak 115.66M) | Time:00:00.30 | Rendering 64 / 64 samples
Fra:5 Mem:80.46M (Peak 125.60M) | Time:00:00.33 | Compositing
Saved: 'I:\工作项目\BIGMANFIGHT\角色资产\美术资产\bigman_v001\previews\anim\getupb_side_f0005.png'
Time: 00:00.38 (Saving: 00:00.03)

Fra:6 Mem:112.51M (Peak 115.66M) | Time:00:00.23 | Rendering 1 / 64 samples
Fra:6 Mem:112.51M (Peak 115.66M) | Time:00:00.26 | Rendering 25 / 64 samples
Fra:6 Mem:112.51M (Peak 115.66M) | Time:00:00.29 | Rendering 50 / 64 samples
Fra:6 Mem:112.51M (Peak 115.66M) | Time:00:00.31 | Rendering 64 / 64 samples
Fra:6 Mem:80.46M (Peak 125.60M) | Time:00:00.33 | Compositing
Saved: 'I:\工作项目\BIGMANFIGHT\角色资产\美术资产\bigman_v001\previews\anim\getupb_side_f0006.png'
Time: 00:00.37 (Saving: 00:00.03)

Fra:7 Mem:112.51M (Peak 115.66M) | Time:00:00.23 | Rendering 1 / 64 samples
Fra:7 Mem:112.51M (Peak 115.66M) | Time:00:00.26 | Rendering 25 / 64 samples
Fra:7 Mem:112.51M (Peak 115.66M) | Time:00:00.29 | Rendering 50 / 64 samples
Fra:7 Mem:112.51M (Peak 115.66M) | Time:00:00.31 | Rendering 64 / 64 samples
Fra:7 Mem:80.46M (Peak 125.60M) | Time:00:00.32 | Compositing
Saved: 'I:\工作项目\BIGMANFIGHT\角色资产\美术资产\bigman_v001\previews\anim\getupb_side_f0007.png'
Time: 00:00.37 (Saving: 00:00.04)

Fra:8 Mem:112.51M (Peak 115.66M) | Time:00:00.22 | Rendering 1 / 64 samples
Fra:8 Mem:112.51M (Peak 115.66M) | Time:00:00.25 | Rendering 25 / 64 samples
Fra:8 Mem:112.51M (Peak 115.66M) | Time:00:00.28 | Rendering 50 / 64 samples
Fra:8 Mem:112.51M (Peak 115.66M) | Time:00:00.30 | Rendering 64 / 64 samples
Fra:8 Mem:80.46M (Peak 125.60M) | Time:00:00.32 | Compositing
Saved: 'I:\工作项目\BIGMANFIGHT\角色资产\美术资产\bigman_v001\previews\anim\getupb_side_f0008.png'
Time: 00:00.36 (Saving: 00:00.03)

Fra:9 Mem:112.51M (Peak 115.66M) | Time:00:00.23 | Rendering 1 / 64 samples
Fra:9 Mem:112.51M (Peak 115.66M) | Time:00:00.26 | Rendering 25 / 64 samples
Fra:9 Mem:112.51M (Peak 115.66M) | Time:00:00.29 | Rendering 50 / 64 samples
Fra:9 Mem:112.51M (Peak 115.66M) | Time:00:00.31 | Rendering 64 / 64 samples
Fra:9 Mem:80.46M (Peak 125.60M) | Time:00:00.34 | Compositing
Saved: 'I:\工作项目\BIGMANFIGHT\角色资产\美术资产\bigman_v001\previews\anim\getupb_side_f0009.png'
Time: 00:00.39 (Saving: 00:00.03)

Fra:10 Mem:112.51M (Peak 115.66M) | Time:00:00.21 | Rendering 1 / 64 samples
Fra:10 Mem:112.51M (Peak 115.66M) | Time:00:00.24 | Rendering 25 / 64 samples
Fra:10 Mem:112.51M (Peak 115.66M) | Time:00:00.27 | Rendering 50 / 64 samples
Fra:10 Mem:112.51M (Peak 115.66M) | Time:00:00.29 | Rendering 64 / 64 samples
Fra:10 Mem:80.46M (Peak 125.60M) | Time:00:00.31 | Compositing
Saved: 'I:\工作项目\BIGMANFIGHT\角色资产\美术资产\bigman_v001\previews\anim\getupb_side_f0010.png'
Time: 00:00.36 (Saving: 00:00.03)

Fra:11 Mem:112.51M (Peak 115.66M) | Time:00:00.22 | Rendering 1 / 64 samples
Fra:11 Mem:112.51M (Peak 115.66M) | Time:00:00.25 | Rendering 25 / 64 samples
Fra:11 Mem:112.51M (Peak 115.66M) | Time:00:00.28 | Rendering 50 / 64 samples
Fra:11 Mem:112.51M (Peak 115.66M) | Time:00:00.30 | Rendering 64 / 64 samples
Fra:11 Mem:80.46M (Peak 125.60M) | Time:00:00.33 | Compositing
Saved: 'I:\工作项目\BIGMANFIGHT\角色资产\美术资产\bigman_v001\previews\anim\getupb_side_f0011.png'
Time: 00:00.37 (Saving: 00:00.04)

Fra:12 Mem:112.51M (Peak 115.66M) | Time:00:00.23 | Rendering 1 / 64 samples
Fra:12 Mem:112.51M (Peak 115.66M) | Time:00:00.25 | Rendering 25 / 64 samples
Fra:12 Mem:112.51M (Peak 115.66M) | Time:00:00.28 | Rendering 50 / 64 samples
Fra:12 Mem:112.51M (Peak 115.66M) | Time:00:00.30 | Rendering 64 / 64 samples
Fra:12 Mem:80.46M (Peak 125.60M) | Time:00:00.32 | Compositing
Saved: 'I:\工作项目\BIGMANFIGHT\角色资产\美术资产\bigman_v001\previews\anim\getupb_side_f0012.png'
Time: 00:00.37 (Saving: 00:00.03)

Fra:13 Mem:112.51M (Peak 115.66M) | Time:00:00.23 | Rendering 1 / 64 samples
Fra:13 Mem:112.51M (Peak 115.66M) | Time:00:00.26 | Rendering 25 / 64 samples
Fra:13 Mem:112.51M (Peak 115.66M) | Time:00:00.29 | Rendering 50 / 64 samples
Fra:13 Mem:112.51M (Peak 115.66M) | Time:00:00.31 | Rendering 64 / 64 samples
Fra:13 Mem:80.46M (Peak 125.60M) | Time:00:00.33 | Compositing
Saved: 'I:\工作项目\BIGMANFIGHT\角色资产\美术资产\bigman_v001\previews\anim\getupb_side_f0013.png'
Time: 00:00.38 (Saving: 00:00.03)

Fra:14 Mem:112.51M (Peak 115.66M) | Time:00:00.23 | Rendering 1 / 64 samples
Fra:14 Mem:112.51M (Peak 115.66M) | Time:00:00.26 | Rendering 25 / 64 samples
Fra:14 Mem:112.51M (Peak 115.66M) | Time:00:00.29 | Rendering 50 / 64 samples
Fra:14 Mem:112.51M (Peak 115.66M) | Time:00:00.31 | Rendering 64 / 64 samples
Fra:14 Mem:80.46M (Peak 125.60M) | Time:00:00.33 | Compositing
Saved: 'I:\工作项目\BIGMANFIGHT\角色资产\美术资产\bigman_v001\previews\anim\getupb_side_f0014.png'
Time: 00:00.38 (Saving: 00:00.04)

Fra:15 Mem:112.51M (Peak 115.66M) | Time:00:00.23 | Rendering 1 / 64 samples
Fra:15 Mem:112.51M (Peak 115.66M) | Time:00:00.26 | Rendering 25 / 64 samples
Fra:15 Mem:112.51M (Peak 115.66M) | Time:00:00.29 | Rendering 50 / 64 samples
Fra:15 Mem:112.51M (Peak 115.66M) | Time:00:00.31 | Rendering 64 / 64 samples
Fra:15 Mem:80.46M (Peak 125.60M) | Time:00:00.33 | Compositing
Saved: 'I:\工作项目\BIGMANFIGHT\角色资产\美术资产\bigman_v001\previews\anim\getupb_side_f0015.png'
Time: 00:00.38 (Saving: 00:00.04)

Fra:16 Mem:112.51M (Peak 115.66M) | Time:00:00.23 | Rendering 1 / 64 samples
Fra:16 Mem:112.51M (Peak 115.66M) | Time:00:00.26 | Rendering 25 / 64 samples
Fra:16 Mem:112.51M (Peak 115.66M) | Time:00:00.29 | Rendering 50 / 64 samples
Fra:16 Mem:112.51M (Peak 115.66M) | Time:00:00.31 | Rendering 64 / 64 samples
Fra:16 Mem:80.46M (Peak 125.60M) | Time:00:00.33 | Compositing
Saved: 'I:\工作项目\BIGMANFIGHT\角色资产\美术资产\bigman_v001\previews\anim\getupb_side_f0016.png'
Time: 00:00.41 (Saving: 00:00.06)

Fra:17 Mem:112.51M (Peak 115.66M) | Time:00:00.24 | Rendering 1 / 64 samples
Fra:17 Mem:112.51M (Peak 115.66M) | Time:00:00.27 | Rendering 25 / 64 samples
Fra:17 Mem:112.51M (Peak 115.66M) | Time:00:00.30 | Rendering 50 / 64 samples
Fra:17 Mem:112.51M (Peak 115.66M) | Time:00:00.32 | Rendering 64 / 64 samples
Fra:17 Mem:80.46M (Peak 125.60M) | Time:00:00.34 | Compositing
Saved: 'I:\工作项目\BIGMANFIGHT\角色资产\美术资产\bigman_v001\previews\anim\getupb_side_f0017.png'
Time: 00:00.37 (Saving: 00:00.02)

Fra:18 Mem:112.51M (Peak 115.66M) | Time:00:00.24 | Rendering 1 / 64 samples
Fra:18 Mem:112.51M (Peak 115.66M) | Time:00:00.28 | Rendering 25 / 64 samples
Fra:18 Mem:112.51M (Peak 115.66M) | Time:00:00.31 | Rendering 50 / 64 samples
Fra:18 Mem:112.51M (Peak 115.66M) | Time:00:00.33 | Rendering 64 / 64 samples
Fra:18 Mem:80.46M (Peak 125.60M) | Time:00:00.35 | Compositing
Saved: 'I:\工作项目\BIGMANFIGHT\角色资产\美术资产\bigman_v001\previews\anim\getupb_side_f0018.png'
Time: 00:00.39 (Saving: 00:00.04)

Fra:19 Mem:112.51M (Peak 115.66M) | Time:00:00.24 | Rendering 1 / 64 samples
Fra:19 Mem:112.51M (Peak 115.66M) | Time:00:00.27 | Rendering 25 / 64 samples
Fra:19 Mem:112.51M (Peak 115.66M) | Time:00:00.30 | Rendering 50 / 64 samples
Fra:19 Mem:112.51M (Peak 115.66M) | Time:00:00.32 | Rendering 64 / 64 samples
Fra:19 Mem:80.46M (Peak 125.60M) | Time:00:00.34 | Compositing
Saved: 'I:\工作项目\BIGMANFIGHT\角色资产\美术资产\bigman_v001\previews\anim\getupb_side_f0019.png'
Time: 00:00.39 (Saving: 00:00.03)

Fra:20 Mem:112.51M (Peak 115.66M) | Time:00:00.23 | Rendering 1 / 64 samples
Fra:20 Mem:112.51M (Peak 115.66M) | Time:00:00.26 | Rendering 25 / 64 samples
Fra:20 Mem:112.51M (Peak 115.66M) | Time:00:00.29 | Rendering 50 / 64 samples
Fra:20 Mem:112.51M (Peak 115.66M) | Time:00:00.30 | Rendering 64 / 64 samples
Fra:20 Mem:80.46M (Peak 125.60M) | Time:00:00.33 | Compositing
Saved: 'I:\工作项目\BIGMANFIGHT\角色资产\美术资产\bigman_v001\previews\anim\getupb_side_f0020.png'
Time: 00:00.38 (Saving: 00:00.04)

Fra:21 Mem:112.51M (Peak 115.66M) | Time:00:00.22 | Rendering 1 / 64 samples
Fra:21 Mem:112.51M (Peak 115.66M) | Time:00:00.25 | Rendering 25 / 64 samples
Fra:21 Mem:112.51M (Peak 115.66M) | Time:00:00.28 | Rendering 50 / 64 samples
Fra:21 Mem:112.51M (Peak 115.66M) | Time:00:00.30 | Rendering 64 / 64 samples
Fra:21 Mem:80.46M (Peak 125.60M) | Time:00:00.32 | Compositing
Saved: 'I:\工作项目\BIGMANFIGHT\角色资产\美术资产\bigman_v001\previews\anim\getupb_side_f0021.png'
Time: 00:00.37 (Saving: 00:00.03)

Fra:22 Mem:112.51M (Peak 115.66M) | Time:00:00.22 | Rendering 1 / 64 samples
Fra:22 Mem:112.51M (Peak 115.66M) | Time:00:00.25 | Rendering 25 / 64 samples
Fra:22 Mem:112.51M (Peak 115.66M) | Time:00:00.28 | Rendering 50 / 64 samples
Fra:22 Mem:112.51M (Peak 115.66M) | Time:00:00.30 | Rendering 64 / 64 samples
Fra:22 Mem:80.46M (Peak 125.60M) | Time:00:00.31 | Compositing
Saved: 'I:\工作项目\BIGMANFIGHT\角色资产\美术资产\bigman_v001\previews\anim\getupb_side_f0022.png'
Time: 00:00.36 (Saving: 00:00.03)

Fra:23 Mem:112.51M (Peak 115.66M) | Time:00:00.23 | Rendering 1 / 64 samples
Fra:23 Mem:112.51M (Peak 115.66M) | Time:00:00.26 | Rendering 25 / 64 samples
Fra:23 Mem:112.51M (Peak 115.66M) | Time:00:00.29 | Rendering 50 / 64 samples
Fra:23 Mem:112.51M (Peak 115.66M) | Time:00:00.31 | Rendering 64 / 64 samples
Fra:23 Mem:80.46M (Peak 125.60M) | Time:00:00.33 | Compositing
Saved: 'I:\工作项目\BIGMANFIGHT\角色资产\美术资产\bigman_v001\previews\anim\getupb_side_f0023.png'
Time: 00:00.37 (Saving: 00:00.03)

Fra:24 Mem:112.51M (Peak 115.66M) | Time:00:00.23 | Rendering 1 / 64 samples
Fra:24 Mem:112.51M (Peak 115.66M) | Time:00:00.26 | Rendering 25 / 64 samples
Fra:24 Mem:112.51M (Peak 115.66M) | Time:00:00.29 | Rendering 50 / 64 samples
Fra:24 Mem:112.51M (Peak 115.66M) | Time:00:00.30 | Rendering 64 / 64 samples
Fra:24 Mem:80.46M (Peak 125.60M) | Time:00:00.32 | Compositing
Saved: 'I:\工作项目\BIGMANFIGHT\角色资产\美术资产\bigman_v001\previews\anim\getupb_side_f0024.png'
Time: 00:00.37 (Saving: 00:00.04)

Fra:25 Mem:112.51M (Peak 115.66M) | Time:00:00.24 | Rendering 1 / 64 samples
Fra:25 Mem:112.51M (Peak 115.66M) | Time:00:00.27 | Rendering 25 / 64 samples
Fra:25 Mem:112.51M (Peak 115.66M) | Time:00:00.30 | Rendering 50 / 64 samples
Fra:25 Mem:112.51M (Peak 115.66M) | Time:00:00.32 | Rendering 64 / 64 samples
Fra:25 Mem:80.46M (Peak 125.60M) | Time:00:00.34 | Compositing
Saved: 'I:\工作项目\BIGMANFIGHT\角色资产\美术资产\bigman_v001\previews\anim\getupb_side_f0025.png'
Time: 00:00.39 (Saving: 00:00.04)

Fra:26 Mem:112.51M (Peak 115.66M) | Time:00:00.24 | Rendering 1 / 64 samples
Fra:26 Mem:112.51M (Peak 115.66M) | Time:00:00.27 | Rendering 25 / 64 samples
Fra:26 Mem:112.51M (Peak 115.66M) | Time:00:00.30 | Rendering 50 / 64 samples
Fra:26 Mem:112.51M (Peak 115.66M) | Time:00:00.32 | Rendering 64 / 64 samples
Fra:26 Mem:80.46M (Peak 125.60M) | Time:00:00.34 | Compositing
Saved: 'I:\工作项目\BIGMANFIGHT\角色资产\美术资产\bigman_v001\previews\anim\getupb_side_f0026.png'
Time: 00:00.39 (Saving: 00:00.04)

Fra:27 Mem:112.51M (Peak 115.66M) | Time:00:00.23 | Rendering 1 / 64 samples
Fra:27 Mem:112.51M (Peak 115.66M) | Time:00:00.26 | Rendering 25 / 64 samples
Fra:27 Mem:112.51M (Peak 115.66M) | Time:00:00.29 | Rendering 50 / 64 samples
Fra:27 Mem:112.51M (Peak 115.66M) | Time:00:00.31 | Rendering 64 / 64 samples
Fra:27 Mem:80.46M (Peak 125.60M) | Time:00:00.33 | Compositing
Saved: 'I:\工作项目\BIGMANFIGHT\角色资产\美术资产\bigman_v001\previews\anim\getupb_side_f0027.png'
Time: 00:00.38 (Saving: 00:00.03)

Fra:28 Mem:112.51M (Peak 115.66M) | Time:00:00.24 | Rendering 1 / 64 samples
Fra:28 Mem:112.51M (Peak 115.66M) | Time:00:00.27 | Rendering 25 / 64 samples
Fra:28 Mem:112.51M (Peak 115.66M) | Time:00:00.31 | Rendering 50 / 64 samples
Fra:28 Mem:112.51M (Peak 115.66M) | Time:00:00.33 | Rendering 64 / 64 samples
Fra:28 Mem:80.46M (Peak 125.60M) | Time:00:00.35 | Compositing
Saved: 'I:\工作项目\BIGMANFIGHT\角色资产\美术资产\bigman_v001\previews\anim\getupb_side_f0028.png'
Time: 00:00.39 (Saving: 00:00.04)

Fra:29 Mem:112.51M (Peak 115.66M) | Time:00:00.23 | Rendering 1 / 64 samples
Fra:29 Mem:112.51M (Peak 115.66M) | Time:00:00.26 | Rendering 25 / 64 samples
Fra:29 Mem:112.51M (Peak 115.66M) | Time:00:00.29 | Rendering 50 / 64 samples
Fra:29 Mem:112.51M (Peak 115.66M) | Time:00:00.31 | Rendering 64 / 64 samples
Fra:29 Mem:80.46M (Peak 125.60M) | Time:00:00.33 | Compositing
Saved: 'I:\工作项目\BIGMANFIGHT\角色资产\美术资产\bigman_v001\previews\anim\getupb_side_f0029.png'
Time: 00:00.38 (Saving: 00:00.04)

Fra:30 Mem:112.51M (Peak 115.66M) | Time:00:00.23 | Rendering 1 / 64 samples
Fra:30 Mem:112.51M (Peak 115.66M) | Time:00:00.26 | Rendering 25 / 64 samples
Fra:30 Mem:112.51M (Peak 115.66M) | Time:00:00.30 | Rendering 50 / 64 samples
Fra:30 Mem:112.51M (Peak 115.66M) | Time:00:00.31 | Rendering 64 / 64 samples
Fra:30 Mem:80.46M (Peak 125.60M) | Time:00:00.33 | Compositing
Saved: 'I:\工作项目\BIGMANFIGHT\角色资产\美术资产\bigman_v001\previews\anim\getupb_side_f0030.png'
Time: 00:00.38 (Saving: 00:00.04)

Fra:31 Mem:112.51M (Peak 115.66M) | Time:00:00.23 | Rendering 1 / 64 samples
Fra:31 Mem:112.51M (Peak 115.66M) | Time:00:00.26 | Rendering 25 / 64 samples
Fra:31 Mem:112.51M (Peak 115.66M) | Time:00:00.29 | Rendering 50 / 64 samples
Fra:31 Mem:112.51M (Peak 115.66M) | Time:00:00.31 | Rendering 64 / 64 samples
Fra:31 Mem:80.46M (Peak 125.60M) | Time:00:00.34 | Compositing
Saved: 'I:\工作项目\BIGMANFIGHT\角色资产\美术资产\bigman_v001\previews\anim\getupb_side_f0031.png'
Time: 00:00.39 (Saving: 00:00.04)

Fra:32 Mem:112.51M (Peak 115.66M) | Time:00:00.23 | Rendering 1 / 64 samples
Fra:32 Mem:112.51M (Peak 115.66M) | Time:00:00.27 | Rendering 25 / 64 samples
Fra:32 Mem:112.51M (Peak 115.66M) | Time:00:00.30 | Rendering 50 / 64 samples
Fra:32 Mem:112.51M (Peak 115.66M) | Time:00:00.32 | Rendering 64 / 64 samples
Fra:32 Mem:80.46M (Peak 125.60M) | Time:00:00.34 | Compositing
Saved: 'I:\工作项目\BIGMANFIGHT\角色资产\美术资产\bigman_v001\previews\anim\getupb_side_f0032.png'
Time: 00:00.38 (Saving: 00:00.03)

Fra:33 Mem:112.51M (Peak 115.66M) | Time:00:00.24 | Rendering 1 / 64 samples
Fra:33 Mem:112.51M (Peak 115.66M) | Time:00:00.28 | Rendering 25 / 64 samples
Fra:33 Mem:112.51M (Peak 115.66M) | Time:00:00.31 | Rendering 50 / 64 samples
Fra:33 Mem:112.51M (Peak 115.66M) | Time:00:00.33 | Rendering 64 / 64 samples
Fra:33 Mem:80.46M (Peak 125.60M) | Time:00:00.35 | Compositing
Saved: 'I:\工作项目\BIGMANFIGHT\角色资产\美术资产\bigman_v001\previews\anim\getupb_side_f0033.png'
Time: 00:00.40 (Saving: 00:00.04)

Fra:34 Mem:112.51M (Peak 115.66M) | Time:00:00.23 | Rendering 1 / 64 samples
Fra:34 Mem:112.51M (Peak 115.66M) | Time:00:00.26 | Rendering 25 / 64 samples
Fra:34 Mem:112.51M (Peak 115.66M) | Time:00:00.30 | Rendering 50 / 64 samples
Fra:34 Mem:112.51M (Peak 115.66M) | Time:00:00.31 | Rendering 64 / 64 samples
Fra:34 Mem:80.46M (Peak 125.60M) | Time:00:00.34 | Compositing
Saved: 'I:\工作项目\BIGMANFIGHT\角色资产\美术资产\bigman_v001\previews\anim\getupb_side_f0034.png'
Time: 00:00.38 (Saving: 00:00.04)

Fra:35 Mem:112.51M (Peak 115.66M) | Time:00:00.22 | Rendering 1 / 64 samples
Fra:35 Mem:112.51M (Peak 115.66M) | Time:00:00.25 | Rendering 25 / 64 samples
Fra:35 Mem:112.51M (Peak 115.66M) | Time:00:00.28 | Rendering 50 / 64 samples
Fra:35 Mem:112.51M (Peak 115.66M) | Time:00:00.30 | Rendering 64 / 64 samples
Fra:35 Mem:80.46M (Peak 125.60M) | Time:00:00.32 | Compositing
Saved: 'I:\工作项目\BIGMANFIGHT\角色资产\美术资产\bigman_v001\previews\anim\getupb_side_f0035.png'
Time: 00:00.37 (Saving: 00:00.04)

Fra:36 Mem:112.51M (Peak 115.66M) | Time:00:00.22 | Rendering 1 / 64 samples
Fra:36 Mem:112.51M (Peak 115.66M) | Time:00:00.26 | Rendering 25 / 64 samples
Fra:36 Mem:112.51M (Peak 115.66M) | Time:00:00.29 | Rendering 50 / 64 samples
Fra:36 Mem:112.51M (Peak 115.66M) | Time:00:00.30 | Rendering 64 / 64 samples
Fra:36 Mem:80.46M (Peak 125.60M) | Time:00:00.32 | Compositing
Saved: 'I:\工作项目\BIGMANFIGHT\角色资产\美术资产\bigman_v001\previews\anim\getupb_side_f0036.png'
Time: 00:00.37 (Saving: 00:00.03)

Fra:37 Mem:112.51M (Peak 112.51M) | Time:00:00.22 | Rendering 1 / 64 samples
Fra:37 Mem:112.51M (Peak 112.51M) | Time:00:00.25 | Rendering 25 / 64 samples
Fra:37 Mem:112.51M (Peak 112.51M) | Time:00:00.29 | Rendering 50 / 64 samples
Fra:37 Mem:112.51M (Peak 112.51M) | Time:00:00.30 | Rendering 64 / 64 samples
Fra:37 Mem:80.46M (Peak 125.60M) | Time:00:00.32 | Compositing
Saved: 'I:\工作项目\BIGMANFIGHT\角色资产\美术资产\bigman_v001\previews\anim\getupb_side_f0037.png'
Time: 00:00.37 (Saving: 00:00.03)

Fra:38 Mem:112.51M (Peak 115.66M) | Time:00:00.23 | Rendering 1 / 64 samples
Fra:38 Mem:112.51M (Peak 115.66M) | Time:00:00.26 | Rendering 25 / 64 samples
Fra:38 Mem:112.51M (Peak 115.66M) | Time:00:00.29 | Rendering 50 / 64 samples
Fra:38 Mem:112.51M (Peak 115.66M) | Time:00:00.31 | Rendering 64 / 64 samples
Fra:38 Mem:80.46M (Peak 125.60M) | Time:00:00.33 | Compositing
Saved: 'I:\工作项目\BIGMANFIGHT\角色资产\美术资产\bigman_v001\previews\anim\getupb_side_f0038.png'
Time: 00:00.38 (Saving: 00:00.04)

Fra:39 Mem:112.51M (Peak 115.66M) | Time:00:00.23 | Rendering 1 / 64 samples
Fra:39 Mem:112.51M (Peak 115.66M) | Time:00:00.26 | Rendering 25 / 64 samples
Fra:39 Mem:112.51M (Peak 115.66M) | Time:00:00.29 | Rendering 50 / 64 samples
Fra:39 Mem:112.51M (Peak 115.66M) | Time:00:00.31 | Rendering 64 / 64 samples
Fra:39 Mem:80.46M (Peak 125.60M) | Time:00:00.33 | Compositing
Saved: 'I:\工作项目\BIGMANFIGHT\角色资产\美术资产\bigman_v001\previews\anim\getupb_side_f0039.png'
Time: 00:00.38 (Saving: 00:00.04)

Fra:40 Mem:112.51M (Peak 115.66M) | Time:00:00.23 | Rendering 1 / 64 samples
Fra:40 Mem:112.51M (Peak 115.66M) | Time:00:00.26 | Rendering 25 / 64 samples
Fra:40 Mem:112.51M (Peak 115.66M) | Time:00:00.29 | Rendering 50 / 64 samples
Fra:40 Mem:112.51M (Peak 115.66M) | Time:00:00.31 | Rendering 64 / 64 samples
Fra:40 Mem:80.46M (Peak 125.60M) | Time:00:00.33 | Compositing
Saved: 'I:\工作项目\BIGMANFIGHT\角色资产\美术资产\bigman_v001\previews\anim\getupb_side_f0040.png'
Time: 00:00.38 (Saving: 00:00.04)

Fra:41 Mem:112.51M (Peak 115.66M) | Time:00:00.23 | Rendering 1 / 64 samples
Fra:41 Mem:112.51M (Peak 115.66M) | Time:00:00.27 | Rendering 25 / 64 samples
Fra:41 Mem:112.51M (Peak 115.66M) | Time:00:00.30 | Rendering 50 / 64 samples
Fra:41 Mem:112.51M (Peak 115.66M) | Time:00:00.32 | Rendering 64 / 64 samples
Fra:41 Mem:80.46M (Peak 125.60M) | Time:00:00.34 | Compositing
Saved: 'I:\工作项目\BIGMANFIGHT\角色资产\美术资产\bigman_v001\previews\anim\getupb_side_f0041.png'
Time: 00:00.39 (Saving: 00:00.04)

Fra:42 Mem:112.51M (Peak 115.66M) | Time:00:00.23 | Rendering 1 / 64 samples
Fra:42 Mem:112.51M (Peak 115.66M) | Time:00:00.26 | Rendering 25 / 64 samples
Fra:42 Mem:112.51M (Peak 115.66M) | Time:00:00.30 | Rendering 50 / 64 samples
Fra:42 Mem:112.51M (Peak 115.66M) | Time:00:00.31 | Rendering 64 / 64 samples
Fra:42 Mem:80.46M (Peak 125.60M) | Time:00:00.34 | Compositing
Saved: 'I:\工作项目\BIGMANFIGHT\角色资产\美术资产\bigman_v001\previews\anim\getupb_side_f0042.png'
Time: 00:00.38 (Saving: 00:00.04)

Fra:43 Mem:112.51M (Peak 115.66M) | Time:00:00.24 | Rendering 1 / 64 samples
Fra:43 Mem:112.51M (Peak 115.66M) | Time:00:00.27 | Rendering 25 / 64 samples
Fra:43 Mem:112.51M (Peak 115.66M) | Time:00:00.31 | Rendering 50 / 64 samples
Fra:43 Mem:112.51M (Peak 115.66M) | Time:00:00.33 | Rendering 64 / 64 samples
Fra:43 Mem:80.46M (Peak 125.60M) | Time:00:00.35 | Compositing
Saved: 'I:\工作项目\BIGMANFIGHT\角色资产\美术资产\bigman_v001\previews\anim\getupb_side_f0043.png'
Time: 00:00.40 (Saving: 00:00.04)

Fra:44 Mem:112.51M (Peak 115.66M) | Time:00:00.24 | Rendering 1 / 64 samples
Fra:44 Mem:112.51M (Peak 115.66M) | Time:00:00.27 | Rendering 25 / 64 samples
Fra:44 Mem:112.51M (Peak 115.66M) | Time:00:00.30 | Rendering 50 / 64 samples
Fra:44 Mem:112.51M (Peak 115.66M) | Time:00:00.32 | Rendering 64 / 64 samples
Fra:44 Mem:80.46M (Peak 125.60M) | Time:00:00.34 | Compositing
Saved: 'I:\工作项目\BIGMANFIGHT\角色资产\美术资产\bigman_v001\previews\anim\getupb_side_f0044.png'
Time: 00:00.39 (Saving: 00:00.04)

Fra:45 Mem:112.51M (Peak 115.66M) | Time:00:00.23 | Rendering 1 / 64 samples
Fra:45 Mem:112.51M (Peak 115.66M) | Time:00:00.26 | Rendering 25 / 64 samples
Fra:45 Mem:112.51M (Peak 115.66M) | Time:00:00.29 | Rendering 50 / 64 samples
Fra:45 Mem:112.51M (Peak 115.66M) | Time:00:00.31 | Rendering 64 / 64 samples
Fra:45 Mem:80.46M (Peak 125.60M) | Time:00:00.33 | Compositing
Saved: 'I:\工作项目\BIGMANFIGHT\角色资产\美术资产\bigman_v001\previews\anim\getupb_side_f0045.png'
Time: 00:00.38 (Saving: 00:00.03)

Fra:46 Mem:112.51M (Peak 115.66M) | Time:00:00.21 | Rendering 1 / 64 samples
Fra:46 Mem:112.51M (Peak 115.66M) | Time:00:00.24 | Rendering 25 / 64 samples
Fra:46 Mem:112.51M (Peak 115.66M) | Time:00:00.27 | Rendering 50 / 64 samples
Fra:46 Mem:112.51M (Peak 115.66M) | Time:00:00.29 | Rendering 64 / 64 samples
Fra:46 Mem:80.46M (Peak 125.60M) | Time:00:00.31 | Compositing
Saved: 'I:\工作项目\BIGMANFIGHT\角色资产\美术资产\bigman_v001\previews\anim\getupb_side_f0046.png'
Time: 00:00.36 (Saving: 00:00.03)

Fra:0 Mem:112.51M (Peak 115.66M) | Time:00:00.22 | Rendering 1 / 64 samples
Fra:0 Mem:112.51M (Peak 115.66M) | Time:00:00.25 | Rendering 25 / 64 samples
Fra:0 Mem:112.51M (Peak 115.66M) | Time:00:00.28 | Rendering 50 / 64 samples
Fra:0 Mem:112.51M (Peak 115.66M) | Time:00:00.30 | Rendering 64 / 64 samples
Fra:0 Mem:80.46M (Peak 125.60M) | Time:00:00.33 | Compositing
Saved: 'I:\工作项目\BIGMANFIGHT\角色资产\美术资产\bigman_v001\previews\anim\getupbwide_side_f0000.png'
Time: 00:00.37 (Saving: 00:00.03)

Fra:1 Mem:112.51M (Peak 115.66M) | Time:00:00.22 | Rendering 1 / 64 samples
Fra:1 Mem:112.51M (Peak 115.66M) | Time:00:00.26 | Rendering 25 / 64 samples
Fra:1 Mem:112.51M (Peak 115.66M) | Time:00:00.29 | Rendering 50 / 64 samples
Fra:1 Mem:112.51M (Peak 115.66M) | Time:00:00.31 | Rendering 64 / 64 samples
Fra:1 Mem:80.46M (Peak 125.60M) | Time:00:00.33 | Compositing
Saved: 'I:\工作项目\BIGMANFIGHT\角色资产\美术资产\bigman_v001\previews\anim\getupbwide_side_f0001.png'
Time: 00:00.37 (Saving: 00:00.03)

Fra:2 Mem:112.51M (Peak 115.66M) | Time:00:00.23 | Rendering 1 / 64 samples
Fra:2 Mem:112.51M (Peak 115.66M) | Time:00:00.26 | Rendering 25 / 64 samples
Fra:2 Mem:112.51M (Peak 115.66M) | Time:00:00.29 | Rendering 50 / 64 samples
Fra:2 Mem:112.51M (Peak 115.66M) | Time:00:00.31 | Rendering 64 / 64 samples
Fra:2 Mem:80.46M (Peak 125.60M) | Time:00:00.33 | Compositing
Saved: 'I:\工作项目\BIGMANFIGHT\角色资产\美术资产\bigman_v001\previews\anim\getupbwide_side_f0002.png'
Time: 00:00.37 (Saving: 00:00.03)

Fra:3 Mem:112.51M (Peak 115.66M) | Time:00:00.20 | Rendering 1 / 64 samples
Fra:3 Mem:112.51M (Peak 115.66M) | Time:00:00.23 | Rendering 25 / 64 samples
Fra:3 Mem:112.51M (Peak 115.66M) | Time:00:00.27 | Rendering 50 / 64 samples
Fra:3 Mem:112.51M (Peak 115.66M) | Time:00:00.28 | Rendering 64 / 64 samples
Fra:3 Mem:80.46M (Peak 125.60M) | Time:00:00.30 | Compositing
Saved: 'I:\工作项目\BIGMANFIGHT\角色资产\美术资产\bigman_v001\previews\anim\getupbwide_side_f0003.png'
Time: 00:00.35 (Saving: 00:00.03)

Fra:4 Mem:112.51M (Peak 115.66M) | Time:00:00.21 | Rendering 1 / 64 samples
Fra:4 Mem:112.51M (Peak 115.66M) | Time:00:00.24 | Rendering 25 / 64 samples
Fra:4 Mem:112.51M (Peak 115.66M) | Time:00:00.27 | Rendering 50 / 64 samples
Fra:4 Mem:112.51M (Peak 115.66M) | Time:00:00.28 | Rendering 64 / 64 samples
Fra:4 Mem:80.46M (Peak 125.60M) | Time:00:00.30 | Compositing
Saved: 'I:\工作项目\BIGMANFIGHT\角色资产\美术资产\bigman_v001\previews\anim\getupbwide_side_f0004.png'
Time: 00:00.35 (Saving: 00:00.03)

Fra:5 Mem:112.51M (Peak 115.66M) | Time:00:00.21 | Rendering 1 / 64 samples
Fra:5 Mem:112.51M (Peak 115.66M) | Time:00:00.24 | Rendering 25 / 64 samples
Fra:5 Mem:112.51M (Peak 115.66M) | Time:00:00.27 | Rendering 50 / 64 samples
Fra:5 Mem:112.51M (Peak 115.66M) | Time:00:00.29 | Rendering 64 / 64 samples
Fra:5 Mem:80.46M (Peak 125.60M) | Time:00:00.31 | Compositing
Saved: 'I:\工作项目\BIGMANFIGHT\角色资产\美术资产\bigman_v001\previews\anim\getupbwide_side_f0005.png'
Time: 00:00.36 (Saving: 00:00.04)

Fra:6 Mem:112.51M (Peak 115.66M) | Time:00:00.23 | Rendering 1 / 64 samples
Fra:6 Mem:112.51M (Peak 115.66M) | Time:00:00.26 | Rendering 25 / 64 samples
Fra:6 Mem:112.51M (Peak 115.66M) | Time:00:00.29 | Rendering 50 / 64 samples
Fra:6 Mem:112.51M (Peak 115.66M) | Time:00:00.31 | Rendering 64 / 64 samples
Fra:6 Mem:80.46M (Peak 125.60M) | Time:00:00.33 | Compositing
Saved: 'I:\工作项目\BIGMANFIGHT\角色资产\美术资产\bigman_v001\previews\anim\getupbwide_side_f0006.png'
Time: 00:00.37 (Saving: 00:00.03)

Fra:7 Mem:112.51M (Peak 115.66M) | Time:00:00.24 | Rendering 1 / 64 samples
Fra:7 Mem:112.51M (Peak 115.66M) | Time:00:00.27 | Rendering 25 / 64 samples
Fra:7 Mem:112.51M (Peak 115.66M) | Time:00:00.30 | Rendering 50 / 64 samples
Fra:7 Mem:112.51M (Peak 115.66M) | Time:00:00.32 | Rendering 64 / 64 samples
Fra:7 Mem:80.46M (Peak 125.60M) | Time:00:00.34 | Compositing
Saved: 'I:\工作项目\BIGMANFIGHT\角色资产\美术资产\bigman_v001\previews\anim\getupbwide_side_f0007.png'
Time: 00:00.38 (Saving: 00:00.03)

Fra:8 Mem:112.51M (Peak 115.66M) | Time:00:00.24 | Rendering 1 / 64 samples
Fra:8 Mem:112.51M (Peak 115.66M) | Time:00:00.27 | Rendering 25 / 64 samples
Fra:8 Mem:112.51M (Peak 115.66M) | Time:00:00.30 | Rendering 50 / 64 samples
Fra:8 Mem:112.51M (Peak 115.66M) | Time:00:00.32 | Rendering 64 / 64 samples
Fra:8 Mem:80.46M (Peak 125.60M) | Time:00:00.34 | Compositing
Saved: 'I:\工作项目\BIGMANFIGHT\角色资产\美术资产\bigman_v001\previews\anim\getupbwide_side_f0008.png'
Time: 00:00.39 (Saving: 00:00.03)

Fra:9 Mem:112.51M (Peak 115.66M) | Time:00:00.23 | Rendering 1 / 64 samples
Fra:9 Mem:112.51M (Peak 115.66M) | Time:00:00.26 | Rendering 25 / 64 samples
Fra:9 Mem:112.51M (Peak 115.66M) | Time:00:00.29 | Rendering 50 / 64 samples
Fra:9 Mem:112.51M (Peak 115.66M) | Time:00:00.31 | Rendering 64 / 64 samples
Fra:9 Mem:80.46M (Peak 125.60M) | Time:00:00.33 | Compositing
Saved: 'I:\工作项目\BIGMANFIGHT\角色资产\美术资产\bigman_v001\previews\anim\getupbwide_side_f0009.png'
Time: 00:00.37 (Saving: 00:00.03)

Fra:10 Mem:112.51M (Peak 115.66M) | Time:00:00.24 | Rendering 1 / 64 samples
Fra:10 Mem:112.51M (Peak 115.66M) | Time:00:00.27 | Rendering 25 / 64 samples
Fra:10 Mem:112.51M (Peak 115.66M) | Time:00:00.30 | Rendering 50 / 64 samples
Fra:10 Mem:112.51M (Peak 115.66M) | Time:00:00.32 | Rendering 64 / 64 samples
Fra:10 Mem:80.46M (Peak 125.60M) | Time:00:00.34 | Compositing
Saved: 'I:\工作项目\BIGMANFIGHT\角色资产\美术资产\bigman_v001\previews\anim\getupbwide_side_f0010.png'
Time: 00:00.39 (Saving: 00:00.04)

Fra:11 Mem:112.51M (Peak 112.51M) | Time:00:00.23 | Rendering 1 / 64 samples
Fra:11 Mem:112.51M (Peak 112.51M) | Time:00:00.26 | Rendering 25 / 64 samples
Fra:11 Mem:112.51M (Peak 112.51M) | Time:00:00.29 | Rendering 50 / 64 samples
Fra:11 Mem:112.51M (Peak 112.51M) | Time:00:00.31 | Rendering 64 / 64 samples
Fra:11 Mem:80.46M (Peak 125.60M) | Time:00:00.33 | Compositing
Saved: 'I:\工作项目\BIGMANFIGHT\角色资产\美术资产\bigman_v001\previews\anim\getupbwide_side_f0011.png'
Time: 00:00.38 (Saving: 00:00.03)

Fra:12 Mem:112.51M (Peak 115.66M) | Time:00:00.24 | Rendering 1 / 64 samples
Fra:12 Mem:112.51M (Peak 115.66M) | Time:00:00.27 | Rendering 25 / 64 samples
Fra:12 Mem:112.51M (Peak 115.66M) | Time:00:00.30 | Rendering 50 / 64 samples
Fra:12 Mem:112.51M (Peak 115.66M) | Time:00:00.31 | Rendering 64 / 64 samples
Fra:12 Mem:80.46M (Peak 125.60M) | Time:00:00.34 | Compositing
Saved: 'I:\工作项目\BIGMANFIGHT\角色资产\美术资产\bigman_v001\previews\anim\getupbwide_side_f0012.png'
Time: 00:00.38 (Saving: 00:00.03)

Fra:13 Mem:112.51M (Peak 115.66M) | Time:00:00.25 | Rendering 1 / 64 samples
Fra:13 Mem:112.51M (Peak 115.66M) | Time:00:00.28 | Rendering 25 / 64 samples
Fra:13 Mem:112.51M (Peak 115.66M) | Time:00:00.31 | Rendering 50 / 64 samples
Fra:13 Mem:112.51M (Peak 115.66M) | Time:00:00.33 | Rendering 64 / 64 samples
Fra:13 Mem:80.46M (Peak 125.60M) | Time:00:00.35 | Compositing
Saved: 'I:\工作项目\BIGMANFIGHT\角色资产\美术资产\bigman_v001\previews\anim\getupbwide_side_f0013.png'
Time: 00:00.40 (Saving: 00:00.04)

Fra:14 Mem:112.51M (Peak 115.66M) | Time:00:00.23 | Rendering 1 / 64 samples
Fra:14 Mem:112.51M (Peak 115.66M) | Time:00:00.26 | Rendering 25 / 64 samples
Fra:14 Mem:112.51M (Peak 115.66M) | Time:00:00.29 | Rendering 50 / 64 samples
Fra:14 Mem:112.51M (Peak 115.66M) | Time:00:00.31 | Rendering 64 / 64 samples
Fra:14 Mem:80.46M (Peak 125.60M) | Time:00:00.33 | Compositing
Saved: 'I:\工作项目\BIGMANFIGHT\角色资产\美术资产\bigman_v001\previews\anim\getupbwide_side_f0014.png'
Time: 00:00.37 (Saving: 00:00.03)

Fra:15 Mem:112.51M (Peak 115.66M) | Time:00:00.25 | Rendering 1 / 64 samples
Fra:15 Mem:112.51M (Peak 115.66M) | Time:00:00.28 | Rendering 25 / 64 samples
Fra:15 Mem:112.51M (Peak 115.66M) | Time:00:00.31 | Rendering 50 / 64 samples
Fra:15 Mem:112.51M (Peak 115.66M) | Time:00:00.32 | Rendering 64 / 64 samples
Fra:15 Mem:80.46M (Peak 125.60M) | Time:00:00.35 | Compositing
Saved: 'I:\工作项目\BIGMANFIGHT\角色资产\美术资产\bigman_v001\previews\anim\getupbwide_side_f0015.png'
Time: 00:00.38 (Saving: 00:00.03)

Fra:16 Mem:112.51M (Peak 112.51M) | Time:00:00.25 | Rendering 1 / 64 samples
Fra:16 Mem:112.51M (Peak 112.51M) | Time:00:00.28 | Rendering 25 / 64 samples
Fra:16 Mem:112.51M (Peak 112.51M) | Time:00:00.31 | Rendering 50 / 64 samples
Fra:16 Mem:112.51M (Peak 112.51M) | Time:00:00.33 | Rendering 64 / 64 samples
Fra:16 Mem:80.46M (Peak 125.60M) | Time:00:00.35 | Compositing
Saved: 'I:\工作项目\BIGMANFIGHT\角色资产\美术资产\bigman_v001\previews\anim\getupbwide_side_f0016.png'
Time: 00:00.40 (Saving: 00:00.04)

Fra:17 Mem:112.51M (Peak 115.66M) | Time:00:00.24 | Rendering 1 / 64 samples
Fra:17 Mem:112.51M (Peak 115.66M) | Time:00:00.27 | Rendering 25 / 64 samples
Fra:17 Mem:112.51M (Peak 115.66M) | Time:00:00.30 | Rendering 50 / 64 samples
Fra:17 Mem:112.51M (Peak 115.66M) | Time:00:00.32 | Rendering 64 / 64 samples
Fra:17 Mem:80.46M (Peak 125.60M) | Time:00:00.34 | Compositing
Saved: 'I:\工作项目\BIGMANFIGHT\角色资产\美术资产\bigman_v001\previews\anim\getupbwide_side_f0017.png'
Time: 00:00.39 (Saving: 00:00.03)

Fra:18 Mem:112.51M (Peak 115.66M) | Time:00:00.24 | Rendering 1 / 64 samples
Fra:18 Mem:112.51M (Peak 115.66M) | Time:00:00.26 | Rendering 25 / 64 samples
Fra:18 Mem:112.51M (Peak 115.66M) | Time:00:00.29 | Rendering 50 / 64 samples
Fra:18 Mem:112.51M (Peak 115.66M) | Time:00:00.31 | Rendering 64 / 64 samples
Fra:18 Mem:80.46M (Peak 125.60M) | Time:00:00.33 | Compositing
Saved: 'I:\工作项目\BIGMANFIGHT\角色资产\美术资产\bigman_v001\previews\anim\getupbwide_side_f0018.png'
Time: 00:00.37 (Saving: 00:00.03)

Fra:19 Mem:112.51M (Peak 115.66M) | Time:00:00.24 | Rendering 1 / 64 samples
Fra:19 Mem:112.51M (Peak 115.66M) | Time:00:00.27 | Rendering 25 / 64 samples
Fra:19 Mem:112.51M (Peak 115.66M) | Time:00:00.30 | Rendering 50 / 64 samples
Fra:19 Mem:112.51M (Peak 115.66M) | Time:00:00.32 | Rendering 64 / 64 samples
Fra:19 Mem:80.46M (Peak 125.60M) | Time:00:00.34 | Compositing
Saved: 'I:\工作项目\BIGMANFIGHT\角色资产\美术资产\bigman_v001\previews\anim\getupbwide_side_f0019.png'
Time: 00:00.39 (Saving: 00:00.04)

Fra:20 Mem:112.51M (Peak 115.66M) | Time:00:00.24 | Rendering 1 / 64 samples
Fra:20 Mem:112.51M (Peak 115.66M) | Time:00:00.27 | Rendering 25 / 64 samples
Fra:20 Mem:112.51M (Peak 115.66M) | Time:00:00.30 | Rendering 50 / 64 samples
Fra:20 Mem:112.51M (Peak 115.66M) | Time:00:00.32 | Rendering 64 / 64 samples
Fra:20 Mem:80.46M (Peak 125.60M) | Time:00:00.34 | Compositing
Saved: 'I:\工作项目\BIGMANFIGHT\角色资产\美术资产\bigman_v001\previews\anim\getupbwide_side_f0020.png'
Time: 00:00.39 (Saving: 00:00.04)

Fra:21 Mem:112.51M (Peak 115.66M) | Time:00:00.23 | Rendering 1 / 64 samples
Fra:21 Mem:112.51M (Peak 115.66M) | Time:00:00.26 | Rendering 25 / 64 samples
Fra:21 Mem:112.51M (Peak 115.66M) | Time:00:00.29 | Rendering 50 / 64 samples
Fra:21 Mem:112.51M (Peak 115.66M) | Time:00:00.31 | Rendering 64 / 64 samples
Fra:21 Mem:80.46M (Peak 125.60M) | Time:00:00.33 | Compositing
Saved: 'I:\工作项目\BIGMANFIGHT\角色资产\美术资产\bigman_v001\previews\anim\getupbwide_side_f0021.png'
Time: 00:00.38 (Saving: 00:00.03)

Fra:22 Mem:112.51M (Peak 115.66M) | Time:00:00.23 | Rendering 1 / 64 samples
Fra:22 Mem:112.51M (Peak 115.66M) | Time:00:00.26 | Rendering 25 / 64 samples
Fra:22 Mem:112.51M (Peak 115.66M) | Time:00:00.29 | Rendering 50 / 64 samples
Fra:22 Mem:112.51M (Peak 115.66M) | Time:00:00.31 | Rendering 64 / 64 samples
Fra:22 Mem:80.46M (Peak 125.60M) | Time:00:00.33 | Compositing
Saved: 'I:\工作项目\BIGMANFIGHT\角色资产\美术资产\bigman_v001\previews\anim\getupbwide_side_f0022.png'
Time: 00:00.38 (Saving: 00:00.03)

Fra:23 Mem:112.51M (Peak 115.66M) | Time:00:00.23 | Rendering 1 / 64 samples
Fra:23 Mem:112.51M (Peak 115.66M) | Time:00:00.26 | Rendering 25 / 64 samples
Fra:23 Mem:112.51M (Peak 115.66M) | Time:00:00.29 | Rendering 50 / 64 samples
Fra:23 Mem:112.51M (Peak 115.66M) | Time:00:00.31 | Rendering 64 / 64 samples
Fra:23 Mem:80.46M (Peak 125.60M) | Time:00:00.33 | Compositing
Saved: 'I:\工作项目\BIGMANFIGHT\角色资产\美术资产\bigman_v001\previews\anim\getupbwide_side_f0023.png'
Time: 00:00.37 (Saving: 00:00.02)

Fra:24 Mem:112.51M (Peak 115.66M) | Time:00:00.25 | Rendering 1 / 64 samples
Fra:24 Mem:112.51M (Peak 115.66M) | Time:00:00.28 | Rendering 25 / 64 samples
Fra:24 Mem:112.51M (Peak 115.66M) | Time:00:00.31 | Rendering 50 / 64 samples
Fra:24 Mem:112.51M (Peak 115.66M) | Time:00:00.33 | Rendering 64 / 64 samples
Fra:24 Mem:80.46M (Peak 125.60M) | Time:00:00.35 | Compositing
Saved: 'I:\工作项目\BIGMANFIGHT\角色资产\美术资产\bigman_v001\previews\anim\getupbwide_side_f0024.png'
Time: 00:00.40 (Saving: 00:00.04)

Fra:25 Mem:112.51M (Peak 115.66M) | Time:00:00.24 | Rendering 1 / 64 samples
Fra:25 Mem:112.51M (Peak 115.66M) | Time:00:00.27 | Rendering 25 / 64 samples
Fra:25 Mem:112.51M (Peak 115.66M) | Time:00:00.31 | Rendering 50 / 64 samples
Fra:25 Mem:112.51M (Peak 115.66M) | Time:00:00.33 | Rendering 64 / 64 samples
Fra:25 Mem:80.46M (Peak 125.60M) | Time:00:00.35 | Compositing
Saved: 'I:\工作项目\BIGMANFIGHT\角色资产\美术资产\bigman_v001\previews\anim\getupbwide_side_f0025.png'
Time: 00:00.39 (Saving: 00:00.03)

Fra:26 Mem:112.51M (Peak 115.66M) | Time:00:00.23 | Rendering 1 / 64 samples
Fra:26 Mem:112.51M (Peak 115.66M) | Time:00:00.26 | Rendering 25 / 64 samples
Fra:26 Mem:112.51M (Peak 115.66M) | Time:00:00.30 | Rendering 50 / 64 samples
Fra:26 Mem:112.51M (Peak 115.66M) | Time:00:00.32 | Rendering 64 / 64 samples
Fra:26 Mem:80.46M (Peak 125.60M) | Time:00:00.34 | Compositing
Saved: 'I:\工作项目\BIGMANFIGHT\角色资产\美术资产\bigman_v001\previews\anim\getupbwide_side_f0026.png'
Time: 00:00.38 (Saving: 00:00.03)

Fra:27 Mem:112.51M (Peak 115.66M) | Time:00:00.24 | Rendering 1 / 64 samples
Fra:27 Mem:112.51M (Peak 115.66M) | Time:00:00.27 | Rendering 25 / 64 samples
Fra:27 Mem:112.51M (Peak 115.66M) | Time:00:00.31 | Rendering 50 / 64 samples
Fra:27 Mem:112.51M (Peak 115.66M) | Time:00:00.32 | Rendering 64 / 64 samples
Fra:27 Mem:80.46M (Peak 125.60M) | Time:00:00.35 | Compositing
Saved: 'I:\工作项目\BIGMANFIGHT\角色资产\美术资产\bigman_v001\previews\anim\getupbwide_side_f0027.png'
Time: 00:00.39 (Saving: 00:00.03)

Fra:28 Mem:112.51M (Peak 115.66M) | Time:00:00.23 | Rendering 1 / 64 samples
Fra:28 Mem:112.51M (Peak 115.66M) | Time:00:00.26 | Rendering 25 / 64 samples
Fra:28 Mem:112.51M (Peak 115.66M) | Time:00:00.29 | Rendering 50 / 64 samples
Fra:28 Mem:112.51M (Peak 115.66M) | Time:00:00.31 | Rendering 64 / 64 samples
Fra:28 Mem:80.46M (Peak 125.60M) | Time:00:00.33 | Compositing
Saved: 'I:\工作项目\BIGMANFIGHT\角色资产\美术资产\bigman_v001\previews\anim\getupbwide_side_f0028.png'
Time: 00:00.38 (Saving: 00:00.03)

Fra:29 Mem:112.51M (Peak 115.66M) | Time:00:00.23 | Rendering 1 / 64 samples
Fra:29 Mem:112.51M (Peak 115.66M) | Time:00:00.26 | Rendering 25 / 64 samples
Fra:29 Mem:112.51M (Peak 115.66M) | Time:00:00.30 | Rendering 50 / 64 samples
Fra:29 Mem:112.51M (Peak 115.66M) | Time:00:00.31 | Rendering 64 / 64 samples
Fra:29 Mem:80.46M (Peak 125.60M) | Time:00:00.34 | Compositing
Saved: 'I:\工作项目\BIGMANFIGHT\角色资产\美术资产\bigman_v001\previews\anim\getupbwide_side_f0029.png'
Time: 00:00.38 (Saving: 00:00.03)

Fra:30 Mem:112.51M (Peak 115.66M) | Time:00:00.25 | Rendering 1 / 64 samples
Fra:30 Mem:112.51M (Peak 115.66M) | Time:00:00.28 | Rendering 25 / 64 samples
Fra:30 Mem:112.51M (Peak 115.66M) | Time:00:00.31 | Rendering 50 / 64 samples
Fra:30 Mem:112.51M (Peak 115.66M) | Time:00:00.33 | Rendering 64 / 64 samples
Fra:30 Mem:80.46M (Peak 125.60M) | Time:00:00.36 | Compositing
Saved: 'I:\工作项目\BIGMANFIGHT\角色资产\美术资产\bigman_v001\previews\anim\getupbwide_side_f0030.png'
Time: 00:00.40 (Saving: 00:00.03)

Fra:31 Mem:112.51M (Peak 115.66M) | Time:00:00.22 | Rendering 1 / 64 samples
Fra:31 Mem:112.51M (Peak 115.66M) | Time:00:00.26 | Rendering 25 / 64 samples
Fra:31 Mem:112.51M (Peak 115.66M) | Time:00:00.29 | Rendering 50 / 64 samples
Fra:31 Mem:112.51M (Peak 115.66M) | Time:00:00.31 | Rendering 64 / 64 samples
Fra:31 Mem:80.46M (Peak 125.60M) | Time:00:00.33 | Compositing
Saved: 'I:\工作项目\BIGMANFIGHT\角色资产\美术资产\bigman_v001\previews\anim\getupbwide_side_f0031.png'
Time: 00:00.37 (Saving: 00:00.03)

Fra:32 Mem:112.51M (Peak 115.66M) | Time:00:00.25 | Rendering 1 / 64 samples
Fra:32 Mem:112.51M (Peak 115.66M) | Time:00:00.28 | Rendering 25 / 64 samples
Fra:32 Mem:112.51M (Peak 115.66M) | Time:00:00.31 | Rendering 50 / 64 samples
Fra:32 Mem:112.51M (Peak 115.66M) | Time:00:00.33 | Rendering 64 / 64 samples
Fra:32 Mem:80.46M (Peak 125.60M) | Time:00:00.36 | Compositing
Saved: 'I:\工作项目\BIGMANFIGHT\角色资产\美术资产\bigman_v001\previews\anim\getupbwide_side_f0032.png'
Time: 00:00.40 (Saving: 00:00.03)

Fra:33 Mem:112.51M (Peak 112.51M) | Time:00:00.25 | Rendering 1 / 64 samples
Fra:33 Mem:112.51M (Peak 112.51M) | Time:00:00.28 | Rendering 25 / 64 samples
Fra:33 Mem:112.51M (Peak 112.51M) | Time:00:00.32 | Rendering 50 / 64 samples
Fra:33 Mem:112.51M (Peak 112.51M) | Time:00:00.34 | Rendering 64 / 64 samples
Fra:33 Mem:80.46M (Peak 125.60M) | Time:00:00.36 | Compositing
Saved: 'I:\工作项目\BIGMANFIGHT\角色资产\美术资产\bigman_v001\previews\anim\getupbwide_side_f0033.png'
Time: 00:00.40 (Saving: 00:00.03)

Fra:34 Mem:112.51M (Peak 115.66M) | Time:00:00.24 | Rendering 1 / 64 samples
Fra:34 Mem:112.51M (Peak 115.66M) | Time:00:00.27 | Rendering 25 / 64 samples
Fra:34 Mem:112.51M (Peak 115.66M) | Time:00:00.30 | Rendering 50 / 64 samples
Fra:34 Mem:112.51M (Peak 115.66M) | Time:00:00.32 | Rendering 64 / 64 samples
Fra:34 Mem:80.46M (Peak 125.60M) | Time:00:00.35 | Compositing
Saved: 'I:\工作项目\BIGMANFIGHT\角色资产\美术资产\bigman_v001\previews\anim\getupbwide_side_f0034.png'
Time: 00:00.39 (Saving: 00:00.03)

Fra:35 Mem:112.51M (Peak 115.66M) | Time:00:00.24 | Rendering 1 / 64 samples
Fra:35 Mem:112.51M (Peak 115.66M) | Time:00:00.26 | Rendering 25 / 64 samples
Fra:35 Mem:112.51M (Peak 115.66M) | Time:00:00.30 | Rendering 50 / 64 samples
Fra:35 Mem:112.51M (Peak 115.66M) | Time:00:00.31 | Rendering 64 / 64 samples
Fra:35 Mem:80.46M (Peak 125.60M) | Time:00:00.34 | Compositing
Saved: 'I:\工作项目\BIGMANFIGHT\角色资产\美术资产\bigman_v001\previews\anim\getupbwide_side_f0035.png'
Time: 00:00.38 (Saving: 00:00.03)

Fra:36 Mem:112.51M (Peak 115.66M) | Time:00:00.28 | Rendering 1 / 64 samples
Fra:36 Mem:112.51M (Peak 115.66M) | Time:00:00.31 | Rendering 25 / 64 samples
Fra:36 Mem:112.51M (Peak 115.66M) | Time:00:00.34 | Rendering 50 / 64 samples
Fra:36 Mem:112.51M (Peak 115.66M) | Time:00:00.36 | Rendering 64 / 64 samples
Fra:36 Mem:80.46M (Peak 125.60M) | Time:00:00.39 | Compositing
Saved: 'I:\工作项目\BIGMANFIGHT\角色资产\美术资产\bigman_v001\previews\anim\getupbwide_side_f0036.png'
Time: 00:00.43 (Saving: 00:00.03)

Fra:37 Mem:112.51M (Peak 115.66M) | Time:00:00.25 | Rendering 1 / 64 samples
Fra:37 Mem:112.51M (Peak 115.66M) | Time:00:00.28 | Rendering 25 / 64 samples
Fra:37 Mem:112.51M (Peak 115.66M) | Time:00:00.31 | Rendering 50 / 64 samples
Fra:37 Mem:112.51M (Peak 115.66M) | Time:00:00.33 | Rendering 64 / 64 samples
Fra:37 Mem:80.46M (Peak 125.60M) | Time:00:00.35 | Compositing
Saved: 'I:\工作项目\BIGMANFIGHT\角色资产\美术资产\bigman_v001\previews\anim\getupbwide_side_f0037.png'
Time: 00:00.39 (Saving: 00:00.04)

Fra:38 Mem:112.51M (Peak 115.66M) | Time:00:00.22 | Rendering 1 / 64 samples
Fra:38 Mem:112.51M (Peak 115.66M) | Time:00:00.25 | Rendering 25 / 64 samples
Fra:38 Mem:112.51M (Peak 115.66M) | Time:00:00.29 | Rendering 50 / 64 samples
Fra:38 Mem:112.51M (Peak 115.66M) | Time:00:00.30 | Rendering 64 / 64 samples
Fra:38 Mem:80.46M (Peak 125.60M) | Time:00:00.32 | Compositing
Saved: 'I:\工作项目\BIGMANFIGHT\角色资产\美术资产\bigman_v001\previews\anim\getupbwide_side_f0038.png'
Time: 00:00.37 (Saving: 00:00.04)

Fra:39 Mem:112.51M (Peak 115.66M) | Time:00:00.24 | Rendering 1 / 64 samples
Fra:39 Mem:112.51M (Peak 115.66M) | Time:00:00.27 | Rendering 25 / 64 samples
Fra:39 Mem:112.51M (Peak 115.66M) | Time:00:00.30 | Rendering 50 / 64 samples
Fra:39 Mem:112.51M (Peak 115.66M) | Time:00:00.32 | Rendering 64 / 64 samples
Fra:39 Mem:80.46M (Peak 125.60M) | Time:00:00.34 | Compositing
Saved: 'I:\工作项目\BIGMANFIGHT\角色资产\美术资产\bigman_v001\previews\anim\getupbwide_side_f0039.png'
Time: 00:00.39 (Saving: 00:00.03)

Fra:40 Mem:112.51M (Peak 115.66M) | Time:00:00.25 | Rendering 1 / 64 samples
Fra:40 Mem:112.51M (Peak 115.66M) | Time:00:00.28 | Rendering 25 / 64 samples
Fra:40 Mem:112.51M (Peak 115.66M) | Time:00:00.31 | Rendering 50 / 64 samples
Fra:40 Mem:112.51M (Peak 115.66M) | Time:00:00.33 | Rendering 64 / 64 samples
Fra:40 Mem:80.46M (Peak 125.60M) | Time:00:00.35 | Compositing
Saved: 'I:\工作项目\BIGMANFIGHT\角色资产\美术资产\bigman_v001\previews\anim\getupbwide_side_f0040.png'
Time: 00:00.38 (Saving: 00:00.03)

Fra:41 Mem:112.51M (Peak 112.51M) | Time:00:00.23 | Rendering 1 / 64 samples
Fra:41 Mem:112.51M (Peak 112.51M) | Time:00:00.26 | Rendering 25 / 64 samples
Fra:41 Mem:112.51M (Peak 112.51M) | Time:00:00.29 | Rendering 50 / 64 samples
Fra:41 Mem:112.51M (Peak 112.51M) | Time:00:00.31 | Rendering 64 / 64 samples
Fra:41 Mem:80.46M (Peak 125.60M) | Time:00:00.34 | Compositing
Saved: 'I:\工作项目\BIGMANFIGHT\角色资产\美术资产\bigman_v001\previews\anim\getupbwide_side_f0041.png'
Time: 00:00.38 (Saving: 00:00.03)

Fra:42 Mem:112.51M (Peak 115.66M) | Time:00:00.23 | Rendering 1 / 64 samples
Fra:42 Mem:112.51M (Peak 115.66M) | Time:00:00.26 | Rendering 25 / 64 samples
Fra:42 Mem:112.51M (Peak 115.66M) | Time:00:00.29 | Rendering 50 / 64 samples
Fra:42 Mem:112.51M (Peak 115.66M) | Time:00:00.31 | Rendering 64 / 64 samples
Fra:42 Mem:80.46M (Peak 125.60M) | Time:00:00.34 | Compositing
Saved: 'I:\工作项目\BIGMANFIGHT\角色资产\美术资产\bigman_v001\previews\anim\getupbwide_side_f0042.png'
Time: 00:00.38 (Saving: 00:00.03)

Fra:43 Mem:112.51M (Peak 115.66M) | Time:00:00.23 | Rendering 1 / 64 samples
Fra:43 Mem:112.51M (Peak 115.66M) | Time:00:00.26 | Rendering 25 / 64 samples
Fra:43 Mem:112.51M (Peak 115.66M) | Time:00:00.29 | Rendering 50 / 64 samples
Fra:43 Mem:112.51M (Peak 115.66M) | Time:00:00.31 | Rendering 64 / 64 samples
Fra:43 Mem:80.46M (Peak 125.60M) | Time:00:00.33 | Compositing
Saved: 'I:\工作项目\BIGMANFIGHT\角色资产\美术资产\bigman_v001\previews\anim\getupbwide_side_f0043.png'
Time: 00:00.38 (Saving: 00:00.03)

Fra:44 Mem:112.51M (Peak 115.66M) | Time:00:00.22 | Rendering 1 / 64 samples
Fra:44 Mem:112.51M (Peak 115.66M) | Time:00:00.25 | Rendering 25 / 64 samples
Fra:44 Mem:112.51M (Peak 115.66M) | Time:00:00.28 | Rendering 50 / 64 samples
Fra:44 Mem:112.51M (Peak 115.66M) | Time:00:00.30 | Rendering 64 / 64 samples
Fra:44 Mem:80.46M (Peak 125.60M) | Time:00:00.32 | Compositing
Saved: 'I:\工作项目\BIGMANFIGHT\角色资产\美术资产\bigman_v001\previews\anim\getupbwide_side_f0044.png'
Time: 00:00.37 (Saving: 00:00.04)

Fra:45 Mem:112.51M (Peak 115.66M) | Time:00:00.22 | Rendering 1 / 64 samples
Fra:45 Mem:112.51M (Peak 115.66M) | Time:00:00.25 | Rendering 25 / 64 samples
Fra:45 Mem:112.51M (Peak 115.66M) | Time:00:00.28 | Rendering 50 / 64 samples
Fra:45 Mem:112.51M (Peak 115.66M) | Time:00:00.30 | Rendering 64 / 64 samples
Fra:45 Mem:80.46M (Peak 125.60M) | Time:00:00.32 | Compositing
Saved: 'I:\工作项目\BIGMANFIGHT\角色资产\美术资产\bigman_v001\previews\anim\getupbwide_side_f0045.png'
Time: 00:00.37 (Saving: 00:00.04)

Fra:46 Mem:112.51M (Peak 115.66M) | Time:00:00.22 | Rendering 1 / 64 samples
Fra:46 Mem:112.51M (Peak 115.66M) | Time:00:00.25 | Rendering 25 / 64 samples
Fra:46 Mem:112.51M (Peak 115.66M) | Time:00:00.28 | Rendering 50 / 64 samples
Fra:46 Mem:112.51M (Peak 115.66M) | Time:00:00.29 | Rendering 64 / 64 samples
Fra:46 Mem:80.46M (Peak 125.60M) | Time:00:00.32 | Compositing
Saved: 'I:\工作项目\BIGMANFIGHT\角色资产\美术资产\bigman_v001\previews\anim\getupbwide_side_f0046.png'
Time: 00:00.37 (Saving: 00:00.04)

Fra:0 Mem:112.51M (Peak 115.66M) | Time:00:00.22 | Rendering 1 / 64 samples
Fra:0 Mem:112.51M (Peak 115.66M) | Time:00:00.25 | Rendering 25 / 64 samples
Fra:0 Mem:112.51M (Peak 115.66M) | Time:00:00.28 | Rendering 50 / 64 samples
Fra:0 Mem:112.51M (Peak 115.66M) | Time:00:00.30 | Rendering 64 / 64 samples
Fra:0 Mem:80.46M (Peak 125.60M) | Time:00:00.32 | Compositing
Saved: 'I:\工作项目\BIGMANFIGHT\角色资产\美术资产\bigman_v001\previews\anim\getupb_front_f0000.png'
Time: 00:00.37 (Saving: 00:00.04)

Fra:0 Mem:112.51M (Peak 115.66M) | Time:00:00.22 | Rendering 1 / 64 samples
Fra:0 Mem:112.51M (Peak 115.66M) | Time:00:00.24 | Rendering 25 / 64 samples
Fra:0 Mem:112.51M (Peak 115.66M) | Time:00:00.27 | Rendering 50 / 64 samples
Fra:0 Mem:112.51M (Peak 115.66M) | Time:00:00.29 | Rendering 64 / 64 samples
Fra:0 Mem:80.46M (Peak 125.60M) | Time:00:00.31 | Compositing
Saved: 'I:\工作项目\BIGMANFIGHT\角色资产\美术资产\bigman_v001\previews\anim\getupb_three_quarter_f0000.png'
Time: 00:00.36 (Saving: 00:00.04)

Fra:5 Mem:112.51M (Peak 115.66M) | Time:00:00.23 | Rendering 1 / 64 samples
Fra:5 Mem:112.51M (Peak 115.66M) | Time:00:00.26 | Rendering 25 / 64 samples
Fra:5 Mem:112.51M (Peak 115.66M) | Time:00:00.29 | Rendering 50 / 64 samples
Fra:5 Mem:112.51M (Peak 115.66M) | Time:00:00.30 | Rendering 64 / 64 samples
Fra:5 Mem:80.46M (Peak 125.60M) | Time:00:00.33 | Compositing
Saved: 'I:\工作项目\BIGMANFIGHT\角色资产\美术资产\bigman_v001\previews\anim\getupb_front_f0005.png'
Time: 00:00.37 (Saving: 00:00.04)

Fra:5 Mem:112.51M (Peak 112.51M) | Time:00:00.23 | Rendering 1 / 64 samples
Fra:5 Mem:112.51M (Peak 112.51M) | Time:00:00.26 | Rendering 25 / 64 samples
Fra:5 Mem:112.51M (Peak 112.51M) | Time:00:00.29 | Rendering 50 / 64 samples
Fra:5 Mem:112.51M (Peak 112.51M) | Time:00:00.31 | Rendering 64 / 64 samples
Fra:5 Mem:80.46M (Peak 125.60M) | Time:00:00.33 | Compositing
Saved: 'I:\工作项目\BIGMANFIGHT\角色资产\美术资产\bigman_v001\previews\anim\getupb_three_quarter_f0005.png'
Time: 00:00.37 (Saving: 00:00.03)

Fra:9 Mem:112.51M (Peak 115.66M) | Time:00:00.23 | Rendering 1 / 64 samples
Fra:9 Mem:112.51M (Peak 115.66M) | Time:00:00.26 | Rendering 25 / 64 samples
Fra:9 Mem:112.51M (Peak 115.66M) | Time:00:00.29 | Rendering 50 / 64 samples
Fra:9 Mem:112.51M (Peak 115.66M) | Time:00:00.30 | Rendering 64 / 64 samples
Fra:9 Mem:80.46M (Peak 125.60M) | Time:00:00.32 | Compositing
Saved: 'I:\工作项目\BIGMANFIGHT\角色资产\美术资产\bigman_v001\previews\anim\getupb_front_f0009.png'
Time: 00:00.36 (Saving: 00:00.02)

Fra:9 Mem:112.51M (Peak 115.66M) | Time:00:00.23 | Rendering 1 / 64 samples
Fra:9 Mem:112.51M (Peak 115.66M) | Time:00:00.26 | Rendering 25 / 64 samples
Fra:9 Mem:112.51M (Peak 115.66M) | Time:00:00.29 | Rendering 50 / 64 samples
Fra:9 Mem:112.51M (Peak 115.66M) | Time:00:00.31 | Rendering 64 / 64 samples
Fra:9 Mem:80.46M (Peak 125.60M) | Time:00:00.33 | Compositing
Saved: 'I:\工作项目\BIGMANFIGHT\角色资产\美术资产\bigman_v001\previews\anim\getupb_three_quarter_f0009.png'
Time: 00:00.36 (Saving: 00:00.02)

Fra:12 Mem:112.51M (Peak 115.66M) | Time:00:00.24 | Rendering 1 / 64 samples
Fra:12 Mem:112.51M (Peak 115.66M) | Time:00:00.27 | Rendering 25 / 64 samples
Fra:12 Mem:112.51M (Peak 115.66M) | Time:00:00.29 | Rendering 50 / 64 samples
Fra:12 Mem:112.51M (Peak 115.66M) | Time:00:00.31 | Rendering 64 / 64 samples
Fra:12 Mem:80.46M (Peak 125.60M) | Time:00:00.33 | Compositing
Saved: 'I:\工作项目\BIGMANFIGHT\角色资产\美术资产\bigman_v001\previews\anim\getupb_front_f0012.png'
Time: 00:00.36 (Saving: 00:00.02)

Fra:12 Mem:112.51M (Peak 115.66M) | Time:00:00.23 | Rendering 1 / 64 samples
Fra:12 Mem:112.51M (Peak 115.66M) | Time:00:00.26 | Rendering 25 / 64 samples
Fra:12 Mem:112.51M (Peak 115.66M) | Time:00:00.29 | Rendering 50 / 64 samples
Fra:12 Mem:112.51M (Peak 115.66M) | Time:00:00.31 | Rendering 64 / 64 samples
Fra:12 Mem:80.46M (Peak 125.60M) | Time:00:00.33 | Compositing
Saved: 'I:\工作项目\BIGMANFIGHT\角色资产\美术资产\bigman_v001\previews\anim\getupb_three_quarter_f0012.png'
Time: 00:00.36 (Saving: 00:00.02)

Fra:22 Mem:112.51M (Peak 115.66M) | Time:00:00.23 | Rendering 1 / 64 samples
Fra:22 Mem:112.51M (Peak 115.66M) | Time:00:00.26 | Rendering 25 / 64 samples
Fra:22 Mem:112.51M (Peak 115.66M) | Time:00:00.29 | Rendering 50 / 64 samples
Fra:22 Mem:112.51M (Peak 115.66M) | Time:00:00.31 | Rendering 64 / 64 samples
Fra:22 Mem:80.46M (Peak 125.60M) | Time:00:00.33 | Compositing
Saved: 'I:\工作项目\BIGMANFIGHT\角色资产\美术资产\bigman_v001\previews\anim\getupb_front_f0022.png'
Time: 00:00.37 (Saving: 00:00.03)

Fra:22 Mem:112.51M (Peak 115.66M) | Time:00:00.24 | Rendering 1 / 64 samples
Fra:22 Mem:112.51M (Peak 115.66M) | Time:00:00.26 | Rendering 25 / 64 samples
Fra:22 Mem:112.51M (Peak 115.66M) | Time:00:00.29 | Rendering 50 / 64 samples
Fra:22 Mem:112.51M (Peak 115.66M) | Time:00:00.31 | Rendering 64 / 64 samples
Fra:22 Mem:80.46M (Peak 125.60M) | Time:00:00.33 | Compositing
Saved: 'I:\工作项目\BIGMANFIGHT\角色资产\美术资产\bigman_v001\previews\anim\getupb_three_quarter_f0022.png'
Time: 00:00.36 (Saving: 00:00.02)

Fra:25 Mem:112.51M (Peak 115.66M) | Time:00:00.23 | Rendering 1 / 64 samples
Fra:25 Mem:112.51M (Peak 115.66M) | Time:00:00.26 | Rendering 25 / 64 samples
Fra:25 Mem:112.51M (Peak 115.66M) | Time:00:00.29 | Rendering 50 / 64 samples
Fra:25 Mem:112.51M (Peak 115.66M) | Time:00:00.30 | Rendering 64 / 64 samples
Fra:25 Mem:80.46M (Peak 125.60M) | Time:00:00.32 | Compositing
Saved: 'I:\工作项目\BIGMANFIGHT\角色资产\美术资产\bigman_v001\previews\anim\getupb_front_f0025.png'
Time: 00:00.35 (Saving: 00:00.02)

Fra:25 Mem:112.51M (Peak 115.66M) | Time:00:00.25 | Rendering 1 / 64 samples
Fra:25 Mem:112.51M (Peak 115.66M) | Time:00:00.28 | Rendering 25 / 64 samples
Fra:25 Mem:112.51M (Peak 115.66M) | Time:00:00.32 | Rendering 50 / 64 samples
Fra:25 Mem:112.51M (Peak 115.66M) | Time:00:00.33 | Rendering 64 / 64 samples
Fra:25 Mem:80.46M (Peak 125.60M) | Time:00:00.35 | Compositing
Saved: 'I:\工作项目\BIGMANFIGHT\角色资产\美术资产\bigman_v001\previews\anim\getupb_three_quarter_f0025.png'
Time: 00:00.39 (Saving: 00:00.02)

Fra:34 Mem:112.51M (Peak 115.66M) | Time:00:00.18 | Rendering 1 / 64 samples
Fra:34 Mem:112.51M (Peak 115.66M) | Time:00:00.20 | Rendering 25 / 64 samples
Fra:34 Mem:112.51M (Peak 115.66M) | Time:00:00.23 | Rendering 50 / 64 samples
Fra:34 Mem:112.51M (Peak 115.66M) | Time:00:00.25 | Rendering 64 / 64 samples
Fra:34 Mem:80.46M (Peak 125.60M) | Time:00:00.27 | Compositing
Saved: 'I:\工作项目\BIGMANFIGHT\角色资产\美术资产\bigman_v001\previews\anim\getupb_front_f0034.png'
Time: 00:00.30 (Saving: 00:00.02)

Fra:34 Mem:112.51M (Peak 115.66M) | Time:00:00.20 | Rendering 1 / 64 samples
Fra:34 Mem:112.51M (Peak 115.66M) | Time:00:00.23 | Rendering 25 / 64 samples
Fra:34 Mem:112.51M (Peak 115.66M) | Time:00:00.26 | Rendering 50 / 64 samples
Fra:34 Mem:112.51M (Peak 115.66M) | Time:00:00.28 | Rendering 64 / 64 samples
Fra:34 Mem:80.46M (Peak 125.60M) | Time:00:00.30 | Compositing
Saved: 'I:\工作项目\BIGMANFIGHT\角色资产\美术资产\bigman_v001\previews\anim\getupb_three_quarter_f0034.png'
Time: 00:00.34 (Saving: 00:00.03)

Fra:39 Mem:112.51M (Peak 115.66M) | Time:00:00.19 | Rendering 1 / 64 samples
Fra:39 Mem:112.51M (Peak 115.66M) | Time:00:00.22 | Rendering 25 / 64 samples
Fra:39 Mem:112.51M (Peak 115.66M) | Time:00:00.25 | Rendering 50 / 64 samples
Fra:39 Mem:112.51M (Peak 115.66M) | Time:00:00.27 | Rendering 64 / 64 samples
Fra:39 Mem:80.46M (Peak 125.60M) | Time:00:00.29 | Compositing
Saved: 'I:\工作项目\BIGMANFIGHT\角色资产\美术资产\bigman_v001\previews\anim\getupb_front_f0039.png'
Time: 00:00.32 (Saving: 00:00.02)

Fra:39 Mem:112.51M (Peak 115.66M) | Time:00:00.22 | Rendering 1 / 64 samples
Fra:39 Mem:112.51M (Peak 115.66M) | Time:00:00.25 | Rendering 25 / 64 samples
Fra:39 Mem:112.51M (Peak 115.66M) | Time:00:00.28 | Rendering 50 / 64 samples
Fra:39 Mem:112.51M (Peak 115.66M) | Time:00:00.30 | Rendering 64 / 64 samples
Fra:39 Mem:80.46M (Peak 125.60M) | Time:00:00.32 | Compositing
Saved: 'I:\工作项目\BIGMANFIGHT\角色资产\美术资产\bigman_v001\previews\anim\getupb_three_quarter_f0039.png'
Time: 00:00.35 (Saving: 00:00.02)

Fra:44 Mem:112.51M (Peak 115.66M) | Time:00:00.23 | Rendering 1 / 64 samples
Fra:44 Mem:112.51M (Peak 115.66M) | Time:00:00.26 | Rendering 25 / 64 samples
Fra:44 Mem:112.51M (Peak 115.66M) | Time:00:00.29 | Rendering 50 / 64 samples
Fra:44 Mem:112.51M (Peak 115.66M) | Time:00:00.31 | Rendering 64 / 64 samples
Fra:44 Mem:80.46M (Peak 125.60M) | Time:00:00.33 | Compositing
Saved: 'I:\工作项目\BIGMANFIGHT\角色资产\美术资产\bigman_v001\previews\anim\getupb_front_f0044.png'
Time: 00:00.37 (Saving: 00:00.04)

Fra:44 Mem:112.51M (Peak 115.66M) | Time:00:00.21 | Rendering 1 / 64 samples
Fra:44 Mem:112.51M (Peak 115.66M) | Time:00:00.24 | Rendering 25 / 64 samples
Fra:44 Mem:112.51M (Peak 115.66M) | Time:00:00.27 | Rendering 50 / 64 samples
Fra:44 Mem:112.51M (Peak 115.66M) | Time:00:00.29 | Rendering 64 / 64 samples
Fra:44 Mem:80.46M (Peak 125.60M) | Time:00:00.31 | Compositing
Saved: 'I:\工作项目\BIGMANFIGHT\角色资产\美术资产\bigman_v001\previews\anim\getupb_three_quarter_f0044.png'
Time: 00:00.35 (Saving: 00:00.03)

Fra:46 Mem:112.51M (Peak 115.66M) | Time:00:00.24 | Rendering 1 / 64 samples
Fra:46 Mem:112.51M (Peak 115.66M) | Time:00:00.27 | Rendering 25 / 64 samples
Fra:46 Mem:112.51M (Peak 115.66M) | Time:00:00.30 | Rendering 50 / 64 samples
Fra:46 Mem:112.51M (Peak 115.66M) | Time:00:00.32 | Rendering 64 / 64 samples
Fra:46 Mem:80.46M (Peak 125.60M) | Time:00:00.34 | Compositing
Saved: 'I:\工作项目\BIGMANFIGHT\角色资产\美术资产\bigman_v001\previews\anim\getupb_front_f0046.png'
Time: 00:00.38 (Saving: 00:00.02)

Fra:46 Mem:112.51M (Peak 115.66M) | Time:00:00.23 | Rendering 1 / 64 samples
Fra:46 Mem:112.51M (Peak 115.66M) | Time:00:00.26 | Rendering 25 / 64 samples
Fra:46 Mem:112.51M (Peak 115.66M) | Time:00:00.29 | Rendering 50 / 64 samples
Fra:46 Mem:112.51M (Peak 115.66M) | Time:00:00.31 | Rendering 64 / 64 samples
Fra:46 Mem:80.46M (Peak 125.60M) | Time:00:00.33 | Compositing
Saved: 'I:\工作项目\BIGMANFIGHT\角色资产\美术资产\bigman_v001\previews\anim\getupb_three_quarter_f0046.png'
Time: 00:00.39 (Saving: 00:00.04)

Fra:0 Mem:111.58M (Peak 114.74M) | Time:00:00.23 | Rendering 1 / 64 samples
Fra:0 Mem:111.58M (Peak 114.74M) | Time:00:00.26 | Rendering 25 / 64 samples
Fra:0 Mem:111.58M (Peak 114.74M) | Time:00:00.29 | Rendering 50 / 64 samples
Fra:0 Mem:111.58M (Peak 114.74M) | Time:00:00.31 | Rendering 64 / 64 samples
Fra:0 Mem:79.54M (Peak 124.68M) | Time:00:00.33 | Compositing
Saved: 'I:\工作项目\BIGMANFIGHT\角色资产\美术资产\bigman_v001\previews\anim\idle01wideb_side_f0000.png'
Time: 00:00.36 (Saving: 00:00.02)


Info: Saved as "bigman_anim_v001.blend"
INFO Draco mesh compression is available, use library at D:\Program Files\Blender Foundation\Blender 4.5\4.5\scripts\addons_core\io_scene_gltf2\extern_draco.dll
09:33:31 | INFO: Starting glTF 2.0 export
09:33:31 | INFO: Extracting primitive: Mesh
09:33:31 | INFO: Primitives created: 1
09:33:31 | INFO: Extracting primitive: Mesh
09:33:31 | INFO: Primitives created: 1
09:33:31 | INFO: Extracting primitive: Collar_Point_L
09:33:31 | INFO: Primitives created: 1
09:33:31 | INFO: Extracting primitive: Collar_Point_R
09:33:31 | INFO: Primitives created: 1
09:33:31 | INFO: Extracting primitive: Ear_Inner_L
09:33:31 | INFO: Primitives created: 1
09:33:31 | INFO: Extracting primitive: Ear_Inner_R
09:33:31 | INFO: Primitives created: 1
09:33:31 | INFO: Extracting primitive: Ear_L
09:33:31 | INFO: Primitives created: 1
09:33:31 | INFO: Extracting primitive: Ear_Lobe_L
09:33:31 | INFO: Primitives created: 1
09:33:31 | INFO: Extracting primitive: Ear_Lobe_R
09:33:31 | INFO: Primitives created: 1
09:33:31 | INFO: Extracting primitive: Ear_R
09:33:31 | INFO: Primitives created: 1
09:33:31 | INFO: Extracting primitive: Eye_Glint_L
09:33:31 | INFO: Primitives created: 1
09:33:31 | INFO: Extracting primitive: Eye_Glint_R
09:33:31 | INFO: Primitives created: 1
09:33:31 | INFO: Extracting primitive: Eye_Line_Upper_L
09:33:31 | INFO: Primitives created: 1
09:33:31 | INFO: Extracting primitive: Eye_Line_Upper_R
09:33:31 | INFO: Primitives created: 1
09:33:31 | INFO: Extracting primitive: Eye_White_L
09:33:31 | INFO: Primitives created: 1
09:33:31 | INFO: Extracting primitive: Eye_White_R
09:33:31 | INFO: Primitives created: 1
09:33:31 | INFO: Extracting primitive: Eyebrow_L
09:33:31 | INFO: Primitives created: 1
09:33:31 | INFO: Extracting primitive: Eyebrow_R
09:33:31 | INFO: Primitives created: 1
09:33:31 | INFO: Extracting primitive: Eyelid_Lower_L
09:33:31 | INFO: Primitives created: 1
09:33:31 | INFO: Extracting primitive: Eyelid_Lower_R
09:33:31 | INFO: Primitives created: 1
09:33:31 | INFO: Extracting primitive: Eyelid_Upper_L
09:33:31 | INFO: Primitives created: 1
09:33:31 | INFO: Extracting primitive: Eyelid_Upper_R
09:33:31 | INFO: Primitives created: 1
09:33:31 | INFO: Extracting primitive: Mesh
09:33:31 | INFO: Primitives created: 1
09:33:31 | INFO: Extracting primitive: Mesh
09:33:31 | INFO: Primitives created: 1
09:33:31 | INFO: Extracting primitive: Mesh
09:33:31 | INFO: Primitives created: 1
09:33:31 | INFO: Extracting primitive: Mesh
09:33:31 | INFO: Primitives created: 1
09:33:31 | INFO: Extracting primitive: Mesh
09:33:31 | INFO: Primitives created: 1
09:33:31 | INFO: Extracting primitive: Mesh
09:33:31 | INFO: Primitives created: 1
09:33:31 | INFO: Extracting primitive: Mesh
09:33:31 | INFO: Primitives created: 1
09:33:31 | INFO: Extracting primitive: Mesh
09:33:31 | INFO: Primitives created: 1
09:33:31 | INFO: Extracting primitive: Glasses_Bridge
09:33:31 | INFO: Primitives created: 1
09:33:31 | INFO: Extracting primitive: Glasses_Frame_L
09:33:31 | INFO: Primitives created: 1
09:33:31 | INFO: Extracting primitive: Glasses_Frame_R
09:33:31 | INFO: Primitives created: 1
09:33:31 | INFO: Extracting primitive: Glasses_Temple_L
09:33:31 | INFO: Primitives created: 1
09:33:31 | INFO: Extracting primitive: Glasses_Temple_R
09:33:31 | INFO: Primitives created: 1
09:33:31 | INFO: Extracting primitive: Mesh
09:33:31 | INFO: Primitives created: 1
09:33:31 | INFO: Extracting primitive: Mesh
09:33:31 | INFO: Primitives created: 1
09:33:31 | INFO: Extracting primitive: Mesh
09:33:31 | INFO: Primitives created: 1
09:33:31 | INFO: Extracting primitive: Mesh
09:33:31 | INFO: Primitives created: 1
09:33:31 | INFO: Extracting primitive: Mesh
09:33:31 | INFO: Primitives created: 1
09:33:31 | INFO: Extracting primitive: Iris_L
09:33:31 | INFO: Primitives created: 1
09:33:31 | INFO: Extracting primitive: Iris_R
09:33:31 | INFO: Primitives created: 1
09:33:31 | INFO: Extracting primitive: Iris_Ring_L
09:33:31 | INFO: Primitives created: 1
09:33:31 | INFO: Extracting primitive: Iris_Ring_R
09:33:31 | INFO: Primitives created: 1
09:33:31 | INFO: Extracting primitive: Jacket_Back_Seam
09:33:31 | INFO: Primitives created: 1
09:33:31 | INFO: Extracting primitive: Jacket_Button_1
09:33:31 | INFO: Primitives created: 1
09:33:31 | INFO: Extracting primitive: Jacket_Button_2
09:33:31 | INFO: Primitives created: 1
09:33:31 | INFO: Extracting primitive: Jacket_Collar
09:33:31 | INFO: Primitives created: 1
09:33:31 | INFO: Extracting primitive: Jacket_Lapel_L
09:33:31 | INFO: Primitives created: 1
09:33:31 | INFO: Extracting primitive: Jacket_Lapel_R
09:33:31 | INFO: Primitives created: 1
09:33:31 | INFO: Extracting primitive: Jacket_Vent
09:33:31 | INFO: Primitives created: 1
09:33:31 | INFO: Extracting primitive: Lapel_Fold_L
09:33:31 | INFO: Primitives created: 1
09:33:31 | INFO: Extracting primitive: Lapel_Fold_R
09:33:31 | INFO: Primitives created: 1
09:33:31 | INFO: Extracting primitive: Lapel_Notch_L
09:33:31 | INFO: Primitives created: 1
09:33:31 | INFO: Extracting primitive: Lapel_Notch_R
09:33:31 | INFO: Primitives created: 1
09:33:31 | INFO: Extracting primitive: Lower_Lip
09:33:31 | INFO: Primitives created: 1
09:33:31 | INFO: Extracting primitive: Mouth_Line
09:33:31 | INFO: Primitives created: 1
09:33:31 | INFO: Extracting primitive: Mesh
09:33:31 | INFO: Primitives created: 1
09:33:31 | INFO: Extracting primitive: Mesh
09:33:31 | INFO: Primitives created: 1
09:33:31 | INFO: Extracting primitive: Nose_Wing_L
09:33:31 | INFO: Primitives created: 1
09:33:31 | INFO: Extracting primitive: Nose_Wing_R
09:33:31 | INFO: Primitives created: 1
09:33:31 | INFO: Extracting primitive: Pocket_Flap_L
09:33:31 | INFO: Primitives created: 1
09:33:31 | INFO: Extracting primitive: Pocket_Flap_R
09:33:31 | INFO: Primitives created: 1
09:33:31 | INFO: Extracting primitive: Pupil_L
09:33:31 | INFO: Primitives created: 1
09:33:31 | INFO: Extracting primitive: Pupil_R
09:33:31 | INFO: Primitives created: 1
09:33:31 | INFO: Extracting primitive: Shirt_Collar
09:33:31 | INFO: Primitives created: 1
09:33:31 | INFO: Extracting primitive: Shirt_Cuff_L
09:33:31 | INFO: Primitives created: 1
09:33:31 | INFO: Extracting primitive: Shirt_Cuff_R
09:33:31 | INFO: Primitives created: 1
09:33:31 | INFO: Extracting primitive: Shirt_Front
09:33:31 | INFO: Primitives created: 1
09:33:31 | INFO: Extracting primitive: Mesh
09:33:31 | INFO: Primitives created: 1
09:33:31 | INFO: Extracting primitive: Mesh
09:33:31 | INFO: Primitives created: 1
09:33:31 | INFO: Extracting primitive: Mesh
09:33:31 | INFO: Primitives created: 1
09:33:31 | INFO: Extracting primitive: Mesh
09:33:31 | INFO: Primitives created: 1
09:33:31 | INFO: Extracting primitive: Shoe_Toe_Cap_L
09:33:31 | INFO: Primitives created: 1
09:33:31 | INFO: Extracting primitive: Shoe_Toe_Cap_R
09:33:31 | INFO: Primitives created: 1
09:33:31 | INFO: Extracting primitive: Mesh
09:33:31 | INFO: Primitives created: 1
09:33:31 | INFO: Extracting primitive: Mesh
09:33:31 | INFO: Primitives created: 1
09:33:31 | INFO: Extracting primitive: Sleeve_Button_1_L
09:33:31 | INFO: Primitives created: 1
09:33:31 | INFO: Extracting primitive: Sleeve_Button_1_R
09:33:31 | INFO: Primitives created: 1
09:33:31 | INFO: Extracting primitive: Sleeve_Button_2_L
09:33:31 | INFO: Primitives created: 1
09:33:31 | INFO: Extracting primitive: Sleeve_Button_2_R
09:33:31 | INFO: Primitives created: 1
09:33:31 | INFO: Extracting primitive: Sleeve_Button_3_L
09:33:31 | INFO: Primitives created: 1
09:33:31 | INFO: Extracting primitive: Sleeve_Button_3_R
09:33:31 | INFO: Primitives created: 1
09:33:31 | INFO: Extracting primitive: Mesh
09:33:31 | INFO: Primitives created: 1
09:33:31 | INFO: Extracting primitive: Mesh
09:33:31 | INFO: Primitives created: 1
09:33:31 | INFO: Extracting primitive: Mesh
09:33:31 | INFO: Primitives created: 1
09:33:31 | INFO: Extracting primitive: Mesh
09:33:31 | INFO: Primitives created: 1
09:33:31 | INFO: Extracting primitive: Mesh
09:33:31 | INFO: Primitives created: 1
09:33:31 | INFO: Extracting primitive: Mesh
09:33:31 | INFO: Primitives created: 1
09:33:31 | INFO: Extracting primitive: Mesh
09:33:31 | INFO: Primitives created: 1
09:33:31 | INFO: Extracting primitive: Upper_Lip
09:33:31 | INFO: Primitives created: 1
09:33:32 | WARNING: Baking animation because there are keyframes with different interpolation methods in one channel
09:33:32 | WARNING: Baking animation because there are keyframes with different interpolation methods in one channel
09:33:32 | WARNING: Baking animation because there are keyframes with different interpolation methods in one channel
09:33:32 | WARNING: Baking animation because there are keyframes with different interpolation methods in one channel
09:33:32 | WARNING: Baking animation because there are keyframes with different interpolation methods in one channel
09:33:32 | WARNING: Baking animation because there are keyframes with different interpolation methods in one channel
09:33:32 | WARNING: Baking animation because there are keyframes with different interpolation methods in one channel
09:33:32 | WARNING: Baking animation because there are keyframes with different interpolation methods in one channel
09:33:32 | WARNING: Baking animation because there are keyframes with different interpolation methods in one channel
09:33:32 | WARNING: Baking animation because there are keyframes with different interpolation methods in one channel
09:33:32 | WARNING: Baking animation because there are keyframes with different interpolation methods in one channel
09:33:32 | WARNING: Baking animation because there are keyframes with different interpolation methods in one channel
09:33:32 | WARNING: Baking animation because there are keyframes with different interpolation methods in one channel
09:33:32 | WARNING: Baking animation because there are keyframes with different interpolation methods in one channel
09:33:32 | WARNING: Baking animation because there are keyframes with different interpolation methods in one channel
09:33:32 | WARNING: Baking animation because there are keyframes with different interpolation methods in one channel
09:33:32 | WARNING: Baking animation because there are keyframes with different interpolation methods in one channel
09:33:32 | WARNING: Baking animation because there are keyframes with different interpolation methods in one channel
09:33:32 | WARNING: Baking animation because there are keyframes with different interpolation methods in one channel
09:33:32 | WARNING: Baking animation because there are keyframes with different interpolation methods in one channel
09:33:32 | WARNING: Baking animation because there are keyframes with different interpolation methods in one channel
09:33:32 | WARNING: Baking animation because there are keyframes with different interpolation methods in one channel
09:33:32 | WARNING: Baking animation because there are keyframes with different interpolation methods in one channel
09:33:32 | WARNING: Baking animation because there are keyframes with different interpolation methods in one channel
09:33:32 | WARNING: Baking animation because there are keyframes with different interpolation methods in one channel
09:33:32 | WARNING: Baking animation because there are keyframes with different interpolation methods in one channel
09:33:32 | WARNING: Baking animation because there are keyframes with different interpolation methods in one channel
09:33:32 | WARNING: Baking animation because there are keyframes with different interpolation methods in one channel
09:33:32 | WARNING: Baking animation because there are keyframes with different interpolation methods in one channel
09:33:32 | WARNING: Baking animation because there are keyframes with different interpolation methods in one channel
09:33:32 | WARNING: Baking animation because there are keyframes with different interpolation methods in one channel
09:33:32 | WARNING: Baking animation because there are keyframes with different interpolation methods in one channel
09:33:32 | WARNING: Baking animation because there are keyframes with different interpolation methods in one channel
09:33:32 | WARNING: Baking animation because there are keyframes with different interpolation methods in one channel
09:33:32 | WARNING: Baking animation because there are keyframes with different interpolation methods in one channel
09:33:32 | WARNING: Baking animation because there are keyframes with different interpolation methods in one channel
09:33:32 | WARNING: Baking animation because there are keyframes with different interpolation methods in one channel
09:33:32 | WARNING: Baking animation because there are keyframes with different interpolation methods in one channel
09:33:32 | WARNING: Baking animation because there are keyframes with different interpolation methods in one channel
09:33:32 | WARNING: Baking animation because there are keyframes with different interpolation methods in one channel
09:33:32 | WARNING: Baking animation because there are keyframes with different interpolation methods in one channel
09:33:32 | WARNING: Baking animation because there are keyframes with different interpolation methods in one channel
09:33:32 | WARNING: Baking animation because there are keyframes with different interpolation methods in one channel
09:33:32 | WARNING: Baking animation because there are keyframes with different interpolation methods in one channel
09:33:32 | WARNING: Baking animation because there are keyframes with different interpolation methods in one channel
09:33:32 | WARNING: Baking animation because there are keyframes with different interpolation methods in one channel
09:33:32 | WARNING: Baking animation because there are keyframes with different interpolation methods in one channel
09:33:32 | WARNING: Baking animation because there are keyframes with different interpolation methods in one channel
09:33:32 | WARNING: Baking animation because there are keyframes with different interpolation methods in one channel
09:33:32 | WARNING: Baking animation because there are keyframes with different interpolation methods in one channel
09:33:32 | WARNING: Baking animation because there are keyframes with different interpolation methods in one channel
09:33:32 | WARNING: Baking animation because there are keyframes with different interpolation methods in one channel
09:33:33 | WARNING: Baking animation because there are keyframes with different interpolation methods in one channel
09:33:33 | WARNING: Baking animation because there are keyframes with different interpolation methods in one channel
09:33:33 | WARNING: Baking animation because there are keyframes with different interpolation methods in one channel
09:33:33 | WARNING: Baking animation because there are keyframes with different interpolation methods in one channel
09:33:33 | WARNING: Baking animation because there are keyframes with different interpolation methods in one channel
09:33:33 | WARNING: Baking animation because there are keyframes with different interpolation methods in one channel
09:33:33 | WARNING: Baking animation because there are keyframes with different interpolation methods in one channel
09:33:33 | WARNING: Baking animation because there are keyframes with different interpolation methods in one channel
09:33:33 | WARNING: Baking animation because there are keyframes with different interpolation methods in one channel
09:33:33 | WARNING: Baking animation because there are keyframes with different interpolation methods in one channel
09:33:33 | WARNING: Baking animation because there are keyframes with different interpolation methods in one channel
09:33:33 | WARNING: Baking animation because there are keyframes with different interpolation methods in one channel
09:33:33 | WARNING: Baking animation because there are keyframes with different interpolation methods in one channel
09:33:33 | WARNING: Baking animation because there are keyframes with different interpolation methods in one channel
09:33:33 | WARNING: Baking animation because there are keyframes with different interpolation methods in one channel
09:33:33 | WARNING: Baking animation because there are keyframes with different interpolation methods in one channel
09:33:33 | WARNING: Baking animation because there are keyframes with different interpolation methods in one channel
09:33:33 | WARNING: Baking animation because there are keyframes with different interpolation methods in one channel
09:33:33 | WARNING: Baking animation because there are keyframes with different interpolation methods in one channel
09:33:33 | WARNING: Baking animation because there are keyframes with different interpolation methods in one channel
09:33:33 | WARNING: Baking animation because there are keyframes with different interpolation methods in one channel
09:33:33 | WARNING: Baking animation because there are keyframes with different interpolation methods in one channel
09:33:33 | WARNING: Baking animation because there are keyframes with different interpolation methods in one channel
09:33:33 | WARNING: Baking animation because there are keyframes with different interpolation methods in one channel
09:33:33 | WARNING: Baking animation because there are keyframes with different interpolation methods in one channel
09:33:33 | WARNING: Baking animation because there are keyframes with different interpolation methods in one channel
09:33:33 | WARNING: Baking animation because there are keyframes with different interpolation methods in one channel
09:33:33 | WARNING: Baking animation because there are keyframes with different interpolation methods in one channel
09:33:33 | WARNING: Baking animation because there are keyframes with different interpolation methods in one channel
09:33:33 | WARNING: Baking animation because there are keyframes with different interpolation methods in one channel
09:33:33 | WARNING: Baking animation because there are keyframes with different interpolation methods in one channel
09:33:33 | WARNING: Baking animation because there are keyframes with different interpolation methods in one channel
09:33:33 | WARNING: Baking animation because there are keyframes with different interpolation methods in one channel
09:33:33 | WARNING: Baking animation because there are keyframes with different interpolation methods in one channel
09:33:33 | WARNING: Baking animation because there are keyframes with different interpolation methods in one channel
09:33:33 | WARNING: Baking animation because there are keyframes with different interpolation methods in one channel
09:33:33 | WARNING: Baking animation because there are keyframes with different interpolation methods in one channel
09:33:33 | WARNING: Baking animation because there are keyframes with different interpolation methods in one channel
09:33:33 | WARNING: Baking animation because there are keyframes with different interpolation methods in one channel
09:33:33 | WARNING: Baking animation because there are keyframes with different interpolation methods in one channel
09:33:33 | WARNING: Baking animation because there are keyframes with different interpolation methods in one channel
09:33:33 | WARNING: Baking animation because there are keyframes with different interpolation methods in one channel
09:33:33 | WARNING: Baking animation because there are keyframes with different interpolation methods in one channel
09:33:33 | WARNING: Baking animation because there are keyframes with different interpolation methods in one channel
09:33:33 | WARNING: Baking animation because there are keyframes with different interpolation methods in one channel
09:33:33 | WARNING: Baking animation because there are keyframes with different interpolation methods in one channel
09:33:33 | WARNING: Baking animation because there are keyframes with different interpolation methods in one channel
09:33:33 | WARNING: Baking animation because there are keyframes with different interpolation methods in one channel
09:33:33 | WARNING: Baking animation because there are keyframes with different interpolation methods in one channel
09:33:33 | WARNING: Baking animation because there are keyframes with different interpolation methods in one channel
09:33:33 | WARNING: Baking animation because there are keyframes with different interpolation methods in one channel
09:33:33 | WARNING: Baking animation because there are keyframes with different interpolation methods in one channel
09:33:48 | WARNING: Baking animation because there are keyframes with different interpolation methods in one channel
09:33:48 | WARNING: Baking animation because there are keyframes with different interpolation methods in one channel
09:33:48 | WARNING: Baking animation because there are keyframes with different interpolation methods in one channel
09:33:48 | WARNING: Baking animation because there are keyframes with different interpolation methods in one channel
09:33:48 | WARNING: Baking animation because there are keyframes with different interpolation methods in one channel
09:33:48 | WARNING: Baking animation because there are keyframes with different interpolation methods in one channel
09:33:48 | WARNING: Baking animation because there are keyframes with different interpolation methods in one channel
09:33:48 | WARNING: Baking animation because there are keyframes with different interpolation methods in one channel
09:33:48 | WARNING: Baking animation because there are keyframes with different interpolation methods in one channel
09:33:48 | WARNING: Baking animation because there are keyframes with different interpolation methods in one channel
09:33:48 | WARNING: Baking animation because there are keyframes with different interpolation methods in one channel
09:33:48 | WARNING: Baking animation because there are keyframes with different interpolation methods in one channel
09:33:48 | WARNING: Baking animation because there are keyframes with different interpolation methods in one channel
09:33:48 | WARNING: Baking animation because there are keyframes with different interpolation methods in one channel
09:33:48 | WARNING: Baking animation because there are keyframes with different interpolation methods in one channel
09:33:48 | WARNING: Baking animation because there are keyframes with different interpolation methods in one channel
09:33:48 | WARNING: Baking animation because there are keyframes with different interpolation methods in one channel
09:33:48 | WARNING: Baking animation because there are keyframes with different interpolation methods in one channel
09:33:48 | WARNING: Baking animation because there are keyframes with different interpolation methods in one channel
09:33:48 | WARNING: Baking animation because there are keyframes with different interpolation methods in one channel
09:33:48 | WARNING: Baking animation because there are keyframes with different interpolation methods in one channel
09:33:48 | WARNING: Baking animation because there are keyframes with different interpolation methods in one channel
09:33:48 | WARNING: Baking animation because there are keyframes with different interpolation methods in one channel
09:33:48 | WARNING: Baking animation because there are keyframes with different interpolation methods in one channel
09:33:48 | WARNING: Baking animation because there are keyframes with different interpolation methods in one channel
09:33:48 | WARNING: Baking animation because there are keyframes with different interpolation methods in one channel
09:33:48 | WARNING: Baking animation because there are keyframes with different interpolation methods in one channel
09:33:48 | WARNING: Baking animation because there are keyframes with different interpolation methods in one channel
09:33:48 | WARNING: Baking animation because there are keyframes with different interpolation methods in one channel
09:33:48 | WARNING: Baking animation because there are keyframes with different interpolation methods in one channel
09:33:48 | WARNING: Baking animation because there are keyframes with different interpolation methods in one channel
09:33:48 | WARNING: Baking animation because there are keyframes with different interpolation methods in one channel
09:33:48 | WARNING: Baking animation because there are keyframes with different interpolation methods in one channel
09:33:48 | WARNING: Baking animation because there are keyframes with different interpolation methods in one channel
09:33:48 | WARNING: Baking animation because there are keyframes with different interpolation methods in one channel
09:33:48 | WARNING: Baking animation because there are keyframes with different interpolation methods in one channel
09:33:48 | WARNING: Baking animation because there are keyframes with different interpolation methods in one channel
09:33:48 | WARNING: Baking animation because there are keyframes with different interpolation methods in one channel
09:33:48 | WARNING: Baking animation because there are keyframes with different interpolation methods in one channel
09:33:48 | WARNING: Baking animation because there are keyframes with different interpolation methods in one channel
09:33:48 | WARNING: Baking animation because there are keyframes with different interpolation methods in one channel
09:33:48 | WARNING: Baking animation because there are keyframes with different interpolation methods in one channel
09:33:48 | WARNING: Baking animation because there are keyframes with different interpolation methods in one channel
09:33:48 | WARNING: Baking animation because there are keyframes with different interpolation methods in one channel
09:33:48 | WARNING: Baking animation because there are keyframes with different interpolation methods in one channel
09:33:48 | WARNING: Baking animation because there are keyframes with different interpolation methods in one channel
09:33:48 | WARNING: Baking animation because there are keyframes with different interpolation methods in one channel
09:33:48 | WARNING: Baking animation because there are keyframes with different interpolation methods in one channel
09:33:48 | WARNING: Baking animation because there are keyframes with different interpolation methods in one channel
09:33:48 | WARNING: Baking animation because there are keyframes with different interpolation methods in one channel
09:33:48 | WARNING: Baking animation because there are keyframes with different interpolation methods in one channel
09:33:48 | WARNING: Baking animation because there are keyframes with different interpolation methods in one channel
09:33:48 | WARNING: Baking animation because there are keyframes with different interpolation methods in one channel
09:33:49 | WARNING: Baking animation because there are keyframes with different interpolation methods in one channel
09:33:49 | WARNING: Baking animation because there are keyframes with different interpolation methods in one channel
09:33:49 | WARNING: Baking animation because there are keyframes with different interpolation methods in one channel
09:33:49 | WARNING: Baking animation because there are keyframes with different interpolation methods in one channel
09:33:49 | WARNING: Baking animation because there are keyframes with different interpolation methods in one channel
09:33:49 | WARNING: Baking animation because there are keyframes with different interpolation methods in one channel
09:33:49 | WARNING: Baking animation because there are keyframes with different interpolation methods in one channel
09:33:49 | WARNING: Baking animation because there are keyframes with different interpolation methods in one channel
09:33:49 | WARNING: Baking animation because there are keyframes with different interpolation methods in one channel
09:33:49 | WARNING: Baking animation because there are keyframes with different interpolation methods in one channel
09:33:49 | WARNING: Baking animation because there are keyframes with different interpolation methods in one channel
09:33:49 | WARNING: Baking animation because there are keyframes with different interpolation methods in one channel
09:33:49 | WARNING: Baking animation because there are keyframes with different interpolation methods in one channel
09:33:49 | WARNING: Baking animation because there are keyframes with different interpolation methods in one channel
09:33:49 | WARNING: Baking animation because there are keyframes with different interpolation methods in one channel
09:33:49 | WARNING: Baking animation because there are keyframes with different interpolation methods in one channel
09:33:49 | WARNING: Baking animation because there are keyframes with different interpolation methods in one channel
09:33:49 | WARNING: Baking animation because there are keyframes with different interpolation methods in one channel
09:33:49 | WARNING: Baking animation because there are keyframes with different interpolation methods in one channel
09:33:49 | WARNING: Baking animation because there are keyframes with different interpolation methods in one channel
09:33:49 | WARNING: Baking animation because there are keyframes with different interpolation methods in one channel
09:33:49 | WARNING: Baking animation because there are keyframes with different interpolation methods in one channel
09:33:49 | WARNING: Baking animation because there are keyframes with different interpolation methods in one channel
09:33:49 | WARNING: Baking animation because there are keyframes with different interpolation methods in one channel
09:33:49 | WARNING: Baking animation because there are keyframes with different interpolation methods in one channel
09:33:49 | WARNING: Baking animation because there are keyframes with different interpolation methods in one channel
09:33:49 | WARNING: Baking animation because there are keyframes with different interpolation methods in one channel
09:33:49 | WARNING: Baking animation because there are keyframes with different interpolation methods in one channel
09:33:49 | WARNING: Baking animation because there are keyframes with different interpolation methods in one channel
09:33:49 | WARNING: Baking animation because there are keyframes with different interpolation methods in one channel
09:33:49 | WARNING: Baking animation because there are keyframes with different interpolation methods in one channel
09:33:49 | WARNING: Baking animation because there are keyframes with different interpolation methods in one channel
09:33:49 | WARNING: Baking animation because there are keyframes with different interpolation methods in one channel
09:33:49 | WARNING: Baking animation because there are keyframes with different interpolation methods in one channel
09:33:49 | WARNING: Baking animation because there are keyframes with different interpolation methods in one channel
09:33:49 | WARNING: Baking animation because there are keyframes with different interpolation methods in one channel
09:33:49 | WARNING: Baking animation because there are keyframes with different interpolation methods in one channel
09:33:49 | WARNING: Baking animation because there are keyframes with different interpolation methods in one channel
09:33:49 | WARNING: Baking animation because there are keyframes with different interpolation methods in one channel
09:33:49 | WARNING: Baking animation because there are keyframes with different interpolation methods in one channel
09:33:49 | WARNING: Baking animation because there are keyframes with different interpolation methods in one channel
09:33:49 | WARNING: Baking animation because there are keyframes with different interpolation methods in one channel
09:33:49 | WARNING: Baking animation because there are keyframes with different interpolation methods in one channel
09:33:49 | WARNING: Baking animation because there are keyframes with different interpolation methods in one channel
09:33:49 | WARNING: Baking animation because there are keyframes with different interpolation methods in one channel
09:33:49 | WARNING: Baking animation because there are keyframes with different interpolation methods in one channel
09:33:49 | WARNING: Baking animation because there are keyframes with different interpolation methods in one channel
09:33:49 | WARNING: Baking animation because there are keyframes with different interpolation methods in one channel
09:33:49 | WARNING: Baking animation because there are keyframes with different interpolation methods in one channel
09:33:49 | WARNING: Baking animation because there are keyframes with different interpolation methods in one channel
09:33:49 | WARNING: Baking animation because there are keyframes with different interpolation methods in one channel
09:33:49 | WARNING: Baking animation because there are keyframes with different interpolation methods in one channel
09:33:49 | WARNING: Baking animation because there are keyframes with different interpolation methods in one channel
09:33:49 | WARNING: Baking animation because there are keyframes with different interpolation methods in one channel
09:33:49 | WARNING: Baking animation because there are keyframes with different interpolation methods in one channel
09:33:49 | WARNING: Baking animation because there are keyframes with different interpolation methods in one channel
09:33:49 | WARNING: Baking animation because there are keyframes with different interpolation methods in one channel
09:33:49 | WARNING: Baking animation because there are keyframes with different interpolation methods in one channel
09:33:49 | WARNING: Baking animation because there are keyframes with different interpolation methods in one channel
09:33:49 | WARNING: Baking animation because there are keyframes with different interpolation methods in one channel
09:33:49 | WARNING: Baking animation because there are keyframes with different interpolation methods in one channel
09:33:49 | WARNING: Baking animation because there are keyframes with different interpolation methods in one channel
09:33:49 | WARNING: Baking animation because there are keyframes with different interpolation methods in one channel
09:33:49 | WARNING: Baking animation because there are keyframes with different interpolation methods in one channel
09:33:49 | WARNING: Baking animation because there are keyframes with different interpolation methods in one channel
09:33:49 | WARNING: Baking animation because there are keyframes with different interpolation methods in one channel
09:33:49 | WARNING: Baking animation because there are keyframes with different interpolation methods in one channel
09:33:49 | WARNING: Baking animation because there are keyframes with different interpolation methods in one channel
09:33:49 | WARNING: Baking animation because there are keyframes with different interpolation methods in one channel
09:33:49 | WARNING: Baking animation because there are keyframes with different interpolation methods in one channel
09:33:49 | WARNING: Baking animation because there are keyframes with different interpolation methods in one channel
09:33:49 | WARNING: Baking animation because there are keyframes with different interpolation methods in one channel
09:33:49 | WARNING: Baking animation because there are keyframes with different interpolation methods in one channel
09:33:49 | WARNING: Baking animation because there are keyframes with different interpolation methods in one channel
09:33:49 | WARNING: Baking animation because there are keyframes with different interpolation methods in one channel
09:33:49 | WARNING: Baking animation because there are keyframes with different interpolation methods in one channel
09:33:49 | WARNING: Baking animation because there are keyframes with different interpolation methods in one channel
09:33:49 | WARNING: Baking animation because there are keyframes with different interpolation methods in one channel
09:33:49 | WARNING: Baking animation because there are keyframes with different interpolation methods in one channel
09:33:49 | WARNING: Baking animation because there are keyframes with different interpolation methods in one channel
09:33:49 | WARNING: Baking animation because there are keyframes with different interpolation methods in one channel
09:33:49 | WARNING: Baking animation because there are keyframes with different interpolation methods in one channel
09:33:49 | WARNING: Baking animation because there are keyframes with different interpolation methods in one channel
09:33:49 | WARNING: Baking animation because there are keyframes with different interpolation methods in one channel
09:33:49 | WARNING: Baking animation because there are keyframes with different interpolation methods in one channel
09:33:49 | WARNING: Baking animation because there are keyframes with different interpolation methods in one channel
09:33:49 | WARNING: Baking animation because there are keyframes with different interpolation methods in one channel
09:33:49 | WARNING: Baking animation because there are keyframes with different interpolation methods in one channel
09:33:49 | WARNING: Baking animation because there are keyframes with different interpolation methods in one channel
09:33:49 | WARNING: Baking animation because there are keyframes with different interpolation methods in one channel
09:33:49 | WARNING: Baking animation because there are keyframes with different interpolation methods in one channel
09:33:49 | WARNING: Baking animation because there are keyframes with different interpolation methods in one channel
09:33:49 | WARNING: Baking animation because there are keyframes with different interpolation methods in one channel
09:33:49 | WARNING: Baking animation because there are keyframes with different interpolation methods in one channel
09:33:49 | WARNING: Baking animation because there are keyframes with different interpolation methods in one channel
09:33:49 | WARNING: Baking animation because there are keyframes with different interpolation methods in one channel
09:33:49 | WARNING: Baking animation because there are keyframes with different interpolation methods in one channel
09:33:49 | WARNING: Baking animation because there are keyframes with different interpolation methods in one channel
09:33:49 | WARNING: Baking animation because there are keyframes with different interpolation methods in one channel
09:33:49 | WARNING: Baking animation because there are keyframes with different interpolation methods in one channel
09:33:49 | WARNING: Baking animation because there are keyframes with different interpolation methods in one channel
09:33:49 | WARNING: Baking animation because there are keyframes with different interpolation methods in one channel
09:33:49 | WARNING: Baking animation because there are keyframes with different interpolation methods in one channel
09:33:49 | WARNING: Baking animation because there are keyframes with different interpolation methods in one channel
09:33:49 | WARNING: Baking animation because there are keyframes with different interpolation methods in one channel
09:33:49 | WARNING: Baking animation because there are keyframes with different interpolation methods in one channel
09:33:50 | WARNING: Baking animation because there are keyframes with different interpolation methods in one channel
09:33:50 | WARNING: Baking animation because there are keyframes with different interpolation methods in one channel
09:33:50 | WARNING: Baking animation because there are keyframes with different interpolation methods in one channel
09:33:50 | WARNING: Baking animation because there are keyframes with different interpolation methods in one channel
09:33:50 | WARNING: Baking animation because there are keyframes with different interpolation methods in one channel
09:33:50 | WARNING: Baking animation because there are keyframes with different interpolation methods in one channel
09:33:50 | WARNING: Baking animation because there are keyframes with different interpolation methods in one channel
09:33:50 | WARNING: Baking animation because there are keyframes with different interpolation methods in one channel
09:33:50 | WARNING: Baking animation because there are keyframes with different interpolation methods in one channel
09:33:50 | WARNING: Baking animation because there are keyframes with different interpolation methods in one channel
09:33:50 | WARNING: Baking animation because there are keyframes with different interpolation methods in one channel
09:33:50 | WARNING: Baking animation because there are keyframes with different interpolation methods in one channel
09:33:50 | WARNING: Baking animation because there are keyframes with different interpolation methods in one channel
09:33:50 | WARNING: Baking animation because there are keyframes with different interpolation methods in one channel
09:33:50 | WARNING: Baking animation because there are keyframes with different interpolation methods in one channel
09:33:50 | WARNING: Baking animation because there are keyframes with different interpolation methods in one channel
09:33:50 | WARNING: Baking animation because there are keyframes with different interpolation methods in one channel
09:33:50 | WARNING: Baking animation because there are keyframes with different interpolation methods in one channel
09:33:50 | WARNING: Baking animation because there are keyframes with different interpolation methods in one channel
09:33:50 | WARNING: Baking animation because there are keyframes with different interpolation methods in one channel
09:33:50 | WARNING: Baking animation because there are keyframes with different interpolation methods in one channel
09:33:50 | WARNING: Baking animation because there are keyframes with different interpolation methods in one channel
09:33:50 | WARNING: Baking animation because there are keyframes with different interpolation methods in one channel
09:33:50 | WARNING: Baking animation because there are keyframes with different interpolation methods in one channel
09:33:50 | WARNING: Baking animation because there are keyframes with different interpolation methods in one channel
09:33:50 | WARNING: Baking animation because there are keyframes with different interpolation methods in one channel
09:33:50 | WARNING: Baking animation because there are keyframes with different interpolation methods in one channel
09:33:50 | WARNING: Baking animation because there are keyframes with different interpolation methods in one channel
09:33:50 | WARNING: Baking animation because there are keyframes with different interpolation methods in one channel
09:33:50 | WARNING: Baking animation because there are keyframes with different interpolation methods in one channel
09:33:50 | WARNING: Baking animation because there are keyframes with different interpolation methods in one channel
09:33:50 | WARNING: Baking animation because there are keyframes with different interpolation methods in one channel
09:33:50 | WARNING: Baking animation because there are keyframes with different interpolation methods in one channel
09:33:50 | WARNING: Baking animation because there are keyframes with different interpolation methods in one channel
09:33:50 | WARNING: Baking animation because there are keyframes with different interpolation methods in one channel
09:33:50 | WARNING: Baking animation because there are keyframes with different interpolation methods in one channel
09:33:50 | WARNING: Baking animation because there are keyframes with different interpolation methods in one channel
09:33:50 | WARNING: Baking animation because there are keyframes with different interpolation methods in one channel
09:33:50 | WARNING: Baking animation because there are keyframes with different interpolation methods in one channel
09:33:50 | WARNING: Baking animation because there are keyframes with different interpolation methods in one channel
09:33:50 | WARNING: Baking animation because there are keyframes with different interpolation methods in one channel
09:33:50 | WARNING: Baking animation because there are keyframes with different interpolation methods in one channel
09:33:50 | WARNING: Baking animation because there are keyframes with different interpolation methods in one channel
09:33:50 | WARNING: Baking animation because there are keyframes with different interpolation methods in one channel
09:33:50 | WARNING: Baking animation because there are keyframes with different interpolation methods in one channel
09:33:50 | WARNING: Baking animation because there are keyframes with different interpolation methods in one channel
09:33:50 | WARNING: Baking animation because there are keyframes with different interpolation methods in one channel
09:33:50 | WARNING: Baking animation because there are keyframes with different interpolation methods in one channel
09:33:50 | WARNING: Baking animation because there are keyframes with different interpolation methods in one channel
09:33:50 | WARNING: Baking animation because there are keyframes with different interpolation methods in one channel
09:33:50 | WARNING: Baking animation because there are keyframes with different interpolation methods in one channel
09:33:50 | WARNING: Baking animation because there are keyframes with different interpolation methods in one channel
09:33:50 | WARNING: Baking animation because there are keyframes with different interpolation methods in one channel
09:33:50 | WARNING: Baking animation because there are keyframes with different interpolation methods in one channel
09:33:50 | WARNING: Baking animation because there are keyframes with different interpolation methods in one channel
09:33:50 | WARNING: Baking animation because there are keyframes with different interpolation methods in one channel
09:33:50 | WARNING: Baking animation because there are keyframes with different interpolation methods in one channel
09:33:50 | WARNING: Baking animation because there are keyframes with different interpolation methods in one channel
09:33:50 | WARNING: Baking animation because there are keyframes with different interpolation methods in one channel
09:33:50 | WARNING: Baking animation because there are keyframes with different interpolation methods in one channel
09:33:50 | WARNING: Baking animation because there are keyframes with different interpolation methods in one channel
09:33:50 | WARNING: Baking animation because there are keyframes with different interpolation methods in one channel
09:33:50 | WARNING: Baking animation because there are keyframes with different interpolation methods in one channel
09:33:50 | WARNING: Baking animation because there are keyframes with different interpolation methods in one channel
09:33:50 | WARNING: Baking animation because there are keyframes with different interpolation methods in one channel
09:33:50 | WARNING: Baking animation because there are keyframes with different interpolation methods in one channel
09:33:50 | WARNING: Baking animation because there are keyframes with different interpolation methods in one channel
09:33:50 | WARNING: Baking animation because there are keyframes with different interpolation methods in one channel
09:33:50 | WARNING: Baking animation because there are keyframes with different interpolation methods in one channel
09:33:50 | WARNING: Baking animation because there are keyframes with different interpolation methods in one channel
09:33:50 | WARNING: Baking animation because there are keyframes with different interpolation methods in one channel
09:33:50 | WARNING: Baking animation because there are keyframes with different interpolation methods in one channel
09:33:50 | WARNING: Baking animation because there are keyframes with different interpolation methods in one channel
09:33:50 | WARNING: Baking animation because there are keyframes with different interpolation methods in one channel
09:33:50 | WARNING: Baking animation because there are keyframes with different interpolation methods in one channel
09:33:50 | WARNING: Baking animation because there are keyframes with different interpolation methods in one channel
09:33:50 | WARNING: Baking animation because there are keyframes with different interpolation methods in one channel
09:33:50 | WARNING: Baking animation because there are keyframes with different interpolation methods in one channel
09:33:50 | WARNING: Baking animation because there are keyframes with different interpolation methods in one channel
09:33:50 | WARNING: Baking animation because there are keyframes with different interpolation methods in one channel
09:33:50 | WARNING: Baking animation because there are keyframes with different interpolation methods in one channel
09:33:50 | WARNING: Baking animation because there are keyframes with different interpolation methods in one channel
09:33:50 | WARNING: Baking animation because there are keyframes with different interpolation methods in one channel
09:33:50 | WARNING: Baking animation because there are keyframes with different interpolation methods in one channel
09:33:50 | WARNING: Baking animation because there are keyframes with different interpolation methods in one channel
09:33:50 | WARNING: Baking animation because there are keyframes with different interpolation methods in one channel
09:33:50 | WARNING: Baking animation because there are keyframes with different interpolation methods in one channel
09:33:50 | WARNING: Baking animation because there are keyframes with different interpolation methods in one channel
09:33:50 | WARNING: Baking animation because there are keyframes with different interpolation methods in one channel
09:33:50 | WARNING: Baking animation because there are keyframes with different interpolation methods in one channel
09:33:50 | WARNING: Baking animation because there are keyframes with different interpolation methods in one channel
09:33:50 | WARNING: Baking animation because there are keyframes with different interpolation methods in one channel
09:33:50 | WARNING: Baking animation because there are keyframes with different interpolation methods in one channel
09:33:50 | WARNING: Baking animation because there are keyframes with different interpolation methods in one channel
09:33:50 | WARNING: Baking animation because there are keyframes with different interpolation methods in one channel
09:33:50 | WARNING: Baking animation because there are keyframes with different interpolation methods in one channel
09:33:50 | WARNING: Baking animation because there are keyframes with different interpolation methods in one channel
09:33:50 | WARNING: Baking animation because there are keyframes with different interpolation methods in one channel
09:33:50 | WARNING: Baking animation because there are keyframes with different interpolation methods in one channel
09:33:50 | WARNING: Baking animation because there are keyframes with different interpolation methods in one channel
09:33:50 | WARNING: Baking animation because there are keyframes with different interpolation methods in one channel
09:33:50 | WARNING: Baking animation because there are keyframes with different interpolation methods in one channel
09:33:50 | WARNING: Baking animation because there are keyframes with different interpolation methods in one channel
09:33:50 | WARNING: Baking animation because there are keyframes with different interpolation methods in one channel
09:33:50 | WARNING: Baking animation because there are keyframes with different interpolation methods in one channel
09:33:50 | WARNING: Baking animation because there are keyframes with different interpolation methods in one channel
09:33:51 | WARNING: Baking animation because there are keyframes with different interpolation methods in one channel
09:33:51 | WARNING: Baking animation because there are keyframes with different interpolation methods in one channel
09:33:51 | WARNING: Baking animation because there are keyframes with different interpolation methods in one channel
09:33:51 | WARNING: Baking animation because there are keyframes with different interpolation methods in one channel
09:33:51 | WARNING: Baking animation because there are keyframes with different interpolation methods in one channel
09:33:51 | WARNING: Baking animation because there are keyframes with different interpolation methods in one channel
09:33:51 | WARNING: Baking animation because there are keyframes with different interpolation methods in one channel
09:33:51 | WARNING: Baking animation because there are keyframes with different interpolation methods in one channel
09:33:51 | WARNING: Baking animation because there are keyframes with different interpolation methods in one channel
09:33:51 | WARNING: Baking animation because there are keyframes with different interpolation methods in one channel
09:33:51 | WARNING: Baking animation because there are keyframes with different interpolation methods in one channel
09:33:51 | WARNING: Baking animation because there are keyframes with different interpolation methods in one channel
09:33:51 | WARNING: Baking animation because there are keyframes with different interpolation methods in one channel
09:33:51 | WARNING: Baking animation because there are keyframes with different interpolation methods in one channel
09:33:51 | WARNING: Baking animation because there are keyframes with different interpolation methods in one channel
09:33:51 | WARNING: Baking animation because there are keyframes with different interpolation methods in one channel
09:33:51 | WARNING: Baking animation because there are keyframes with different interpolation methods in one channel
09:33:51 | WARNING: Baking animation because there are keyframes with different interpolation methods in one channel
09:33:51 | WARNING: Baking animation because there are keyframes with different interpolation methods in one channel
09:33:51 | WARNING: Baking animation because there are keyframes with different interpolation methods in one channel
09:33:51 | WARNING: Baking animation because there are keyframes with different interpolation methods in one channel
09:33:51 | WARNING: Baking animation because there are keyframes with different interpolation methods in one channel
09:33:51 | WARNING: Baking animation because there are keyframes with different interpolation methods in one channel
09:33:51 | WARNING: Baking animation because there are keyframes with different interpolation methods in one channel
09:33:51 | WARNING: Baking animation because there are keyframes with different interpolation methods in one channel
09:33:51 | WARNING: Baking animation because there are keyframes with different interpolation methods in one channel
09:33:51 | WARNING: Baking animation because there are keyframes with different interpolation methods in one channel
09:33:51 | WARNING: Baking animation because there are keyframes with different interpolation methods in one channel
09:33:51 | WARNING: Baking animation because there are keyframes with different interpolation methods in one channel
09:33:51 | WARNING: Baking animation because there are keyframes with different interpolation methods in one channel
09:33:51 | WARNING: Baking animation because there are keyframes with different interpolation methods in one channel
09:33:51 | WARNING: Baking animation because there are keyframes with different interpolation methods in one channel
09:33:51 | WARNING: Baking animation because there are keyframes with different interpolation methods in one channel
09:33:51 | WARNING: Baking animation because there are keyframes with different interpolation methods in one channel
09:33:51 | WARNING: Baking animation because there are keyframes with different interpolation methods in one channel
09:33:51 | WARNING: Baking animation because there are keyframes with different interpolation methods in one channel
09:33:51 | WARNING: Baking animation because there are keyframes with different interpolation methods in one channel
09:33:51 | WARNING: Baking animation because there are keyframes with different interpolation methods in one channel
09:33:51 | WARNING: Baking animation because there are keyframes with different interpolation methods in one channel
09:33:51 | WARNING: Baking animation because there are keyframes with different interpolation methods in one channel
09:33:51 | WARNING: Baking animation because there are keyframes with different interpolation methods in one channel
09:33:51 | WARNING: Baking animation because there are keyframes with different interpolation methods in one channel
09:33:51 | WARNING: Baking animation because there are keyframes with different interpolation methods in one channel
09:33:51 | WARNING: Baking animation because there are keyframes with different interpolation methods in one channel
09:33:51 | WARNING: Baking animation because there are keyframes with different interpolation methods in one channel
09:33:51 | WARNING: Baking animation because there are keyframes with different interpolation methods in one channel
09:33:51 | WARNING: Baking animation because there are keyframes with different interpolation methods in one channel
09:33:51 | WARNING: Baking animation because there are keyframes with different interpolation methods in one channel
09:33:51 | WARNING: Baking animation because there are keyframes with different interpolation methods in one channel
09:33:51 | WARNING: Baking animation because there are keyframes with different interpolation methods in one channel
09:33:51 | WARNING: Baking animation because there are keyframes with different interpolation methods in one channel
09:33:51 | WARNING: Baking animation because there are keyframes with different interpolation methods in one channel
09:33:51 | WARNING: Baking animation because there are keyframes with different interpolation methods in one channel
09:33:51 | WARNING: Baking animation because there are keyframes with different interpolation methods in one channel
09:33:51 | WARNING: Baking animation because there are keyframes with different interpolation methods in one channel
09:33:51 | WARNING: Baking animation because there are keyframes with different interpolation methods in one channel
09:33:51 | WARNING: Baking animation because there are keyframes with different interpolation methods in one channel
09:33:51 | WARNING: Baking animation because there are keyframes with different interpolation methods in one channel
09:33:51 | WARNING: Baking animation because there are keyframes with different interpolation methods in one channel
09:33:51 | WARNING: Baking animation because there are keyframes with different interpolation methods in one channel
09:33:51 | WARNING: Baking animation because there are keyframes with different interpolation methods in one channel
09:33:51 | WARNING: Baking animation because there are keyframes with different interpolation methods in one channel
09:33:51 | WARNING: Baking animation because there are keyframes with different interpolation methods in one channel
09:33:51 | WARNING: Baking animation because there are keyframes with different interpolation methods in one channel
09:33:51 | WARNING: Baking animation because there are keyframes with different interpolation methods in one channel
09:33:51 | WARNING: Baking animation because there are keyframes with different interpolation methods in one channel
09:33:51 | WARNING: Baking animation because there are keyframes with different interpolation methods in one channel
09:33:51 | WARNING: Baking animation because there are keyframes with different interpolation methods in one channel
09:33:51 | WARNING: Baking animation because there are keyframes with different interpolation methods in one channel
09:33:51 | WARNING: Baking animation because there are keyframes with different interpolation methods in one channel
09:33:51 | WARNING: Baking animation because there are keyframes with different interpolation methods in one channel
09:33:51 | WARNING: Baking animation because there are keyframes with different interpolation methods in one channel
09:33:51 | WARNING: Baking animation because there are keyframes with different interpolation methods in one channel
09:33:51 | WARNING: Baking animation because there are keyframes with different interpolation methods in one channel
09:33:51 | WARNING: Baking animation because there are keyframes with different interpolation methods in one channel
09:33:51 | WARNING: Baking animation because there are keyframes with different interpolation methods in one channel
09:33:51 | WARNING: Baking animation because there are keyframes with different interpolation methods in one channel
09:33:51 | WARNING: Baking animation because there are keyframes with different interpolation methods in one channel
09:33:51 | WARNING: Baking animation because there are keyframes with different interpolation methods in one channel
09:33:51 | WARNING: Baking animation because there are keyframes with different interpolation methods in one channel
09:33:51 | WARNING: Baking animation because there are keyframes with different interpolation methods in one channel
09:33:51 | WARNING: Baking animation because there are keyframes with different interpolation methods in one channel
09:33:51 | WARNING: Baking animation because there are keyframes with different interpolation methods in one channel
09:33:51 | WARNING: Baking animation because there are keyframes with different interpolation methods in one channel
09:33:51 | WARNING: Baking animation because there are keyframes with different interpolation methods in one channel
09:33:51 | WARNING: Baking animation because there are keyframes with different interpolation methods in one channel
09:33:51 | WARNING: Baking animation because there are keyframes with different interpolation methods in one channel
09:33:51 | WARNING: Baking animation because there are keyframes with different interpolation methods in one channel
09:33:51 | WARNING: Baking animation because there are keyframes with different interpolation methods in one channel
09:33:51 | WARNING: Baking animation because there are keyframes with different interpolation methods in one channel
09:33:51 | WARNING: Baking animation because there are keyframes with different interpolation methods in one channel
09:33:51 | WARNING: Baking animation because there are keyframes with different interpolation methods in one channel
09:33:51 | WARNING: Baking animation because there are keyframes with different interpolation methods in one channel
09:33:51 | WARNING: Baking animation because there are keyframes with different interpolation methods in one channel
09:33:51 | WARNING: Baking animation because there are keyframes with different interpolation methods in one channel
09:33:51 | WARNING: Baking animation because there are keyframes with different interpolation methods in one channel
09:33:51 | WARNING: Baking animation because there are keyframes with different interpolation methods in one channel
09:33:51 | WARNING: Baking animation because there are keyframes with different interpolation methods in one channel
09:33:51 | WARNING: Baking animation because there are keyframes with different interpolation methods in one channel
09:33:51 | WARNING: Baking animation because there are keyframes with different interpolation methods in one channel
09:33:51 | WARNING: Baking animation because there are keyframes with different interpolation methods in one channel
09:33:51 | WARNING: Baking animation because there are keyframes with different interpolation methods in one channel
09:33:51 | WARNING: Baking animation because there are keyframes with different interpolation methods in one channel
09:33:51 | WARNING: Baking animation because there are keyframes with different interpolation methods in one channel
09:33:51 | WARNING: Baking animation because there are keyframes with different interpolation methods in one channel
09:33:51 | WARNING: Baking animation because there are keyframes with different interpolation methods in one channel
09:33:52 | WARNING: Baking animation because there are keyframes with different interpolation methods in one channel
09:33:52 | WARNING: Baking animation because there are keyframes with different interpolation methods in one channel
09:33:52 | WARNING: Baking animation because there are keyframes with different interpolation methods in one channel
09:33:52 | WARNING: Baking animation because there are keyframes with different interpolation methods in one channel
09:33:52 | WARNING: Baking animation because there are keyframes with different interpolation methods in one channel
09:33:52 | WARNING: Baking animation because there are keyframes with different interpolation methods in one channel
09:33:52 | WARNING: Baking animation because there are keyframes with different interpolation methods in one channel
09:33:52 | WARNING: Baking animation because there are keyframes with different interpolation methods in one channel
09:33:52 | WARNING: Baking animation because there are keyframes with different interpolation methods in one channel
09:33:52 | WARNING: Baking animation because there are keyframes with different interpolation methods in one channel
09:33:52 | WARNING: Baking animation because there are keyframes with different interpolation methods in one channel
09:33:52 | WARNING: Baking animation because there are keyframes with different interpolation methods in one channel
09:33:52 | WARNING: Baking animation because there are keyframes with different interpolation methods in one channel
09:33:52 | WARNING: Baking animation because there are keyframes with different interpolation methods in one channel
09:33:52 | WARNING: Baking animation because there are keyframes with different interpolation methods in one channel
09:33:52 | WARNING: Baking animation because there are keyframes with different interpolation methods in one channel
09:33:52 | WARNING: Baking animation because there are keyframes with different interpolation methods in one channel
09:33:52 | WARNING: Baking animation because there are keyframes with different interpolation methods in one channel
09:33:52 | WARNING: Baking animation because there are keyframes with different interpolation methods in one channel
09:33:52 | WARNING: Baking animation because there are keyframes with different interpolation methods in one channel
09:33:52 | WARNING: Baking animation because there are keyframes with different interpolation methods in one channel
09:33:52 | WARNING: Baking animation because there are keyframes with different interpolation methods in one channel
09:33:52 | WARNING: Baking animation because there are keyframes with different interpolation methods in one channel
09:33:52 | WARNING: Baking animation because there are keyframes with different interpolation methods in one channel
09:33:52 | WARNING: Baking animation because there are keyframes with different interpolation methods in one channel
09:33:52 | WARNING: Baking animation because there are keyframes with different interpolation methods in one channel
09:33:52 | WARNING: Baking animation because there are keyframes with different interpolation methods in one channel
09:33:52 | WARNING: Baking animation because there are keyframes with different interpolation methods in one channel
09:33:52 | WARNING: Baking animation because there are keyframes with different interpolation methods in one channel
09:33:52 | WARNING: Baking animation because there are keyframes with different interpolation methods in one channel
09:33:52 | WARNING: Baking animation because there are keyframes with different interpolation methods in one channel
09:33:52 | WARNING: Baking animation because there are keyframes with different interpolation methods in one channel
09:33:52 | WARNING: Baking animation because there are keyframes with different interpolation methods in one channel
09:33:52 | WARNING: Baking animation because there are keyframes with different interpolation methods in one channel
09:33:52 | WARNING: Baking animation because there are keyframes with different interpolation methods in one channel
09:33:52 | WARNING: Baking animation because there are keyframes with different interpolation methods in one channel
09:33:52 | WARNING: Baking animation because there are keyframes with different interpolation methods in one channel
09:33:52 | WARNING: Baking animation because there are keyframes with different interpolation methods in one channel
09:33:52 | WARNING: Baking animation because there are keyframes with different interpolation methods in one channel
09:33:52 | WARNING: Baking animation because there are keyframes with different interpolation methods in one channel
09:33:52 | WARNING: Baking animation because there are keyframes with different interpolation methods in one channel
09:33:52 | WARNING: Baking animation because there are keyframes with different interpolation methods in one channel
09:33:52 | WARNING: Baking animation because there are keyframes with different interpolation methods in one channel
09:33:52 | WARNING: Baking animation because there are keyframes with different interpolation methods in one channel
09:33:52 | WARNING: Baking animation because there are keyframes with different interpolation methods in one channel
09:33:52 | WARNING: Baking animation because there are keyframes with different interpolation methods in one channel
09:33:52 | WARNING: Baking animation because there are keyframes with different interpolation methods in one channel
09:33:52 | WARNING: Baking animation because there are keyframes with different interpolation methods in one channel
09:33:52 | WARNING: Baking animation because there are keyframes with different interpolation methods in one channel
09:33:52 | WARNING: Baking animation because there are keyframes with different interpolation methods in one channel
09:33:52 | WARNING: Baking animation because there are keyframes with different interpolation methods in one channel
09:33:52 | WARNING: Baking animation because there are keyframes with different interpolation methods in one channel
09:33:52 | WARNING: Baking animation because there are keyframes with different interpolation methods in one channel
09:33:52 | WARNING: Baking animation because there are keyframes with different interpolation methods in one channel
09:33:52 | WARNING: Baking animation because there are keyframes with different interpolation methods in one channel
09:33:52 | WARNING: Baking animation because there are keyframes with different interpolation methods in one channel
09:33:52 | WARNING: Baking animation because there are keyframes with different interpolation methods in one channel
09:33:52 | WARNING: Baking animation because there are keyframes with different interpolation methods in one channel
09:33:52 | WARNING: Baking animation because there are keyframes with different interpolation methods in one channel
09:33:52 | WARNING: Baking animation because there are keyframes with different interpolation methods in one channel
09:33:52 | WARNING: Baking animation because there are keyframes with different interpolation methods in one channel
09:33:52 | WARNING: Baking animation because there are keyframes with different interpolation methods in one channel
09:33:52 | WARNING: Baking animation because there are keyframes with different interpolation methods in one channel
09:33:52 | WARNING: Baking animation because there are keyframes with different interpolation methods in one channel
09:33:52 | WARNING: Baking animation because there are keyframes with different interpolation methods in one channel
09:33:52 | WARNING: Baking animation because there are keyframes with different interpolation methods in one channel
09:33:52 | WARNING: Baking animation because there are keyframes with different interpolation methods in one channel
09:33:52 | WARNING: Baking animation because there are keyframes with different interpolation methods in one channel
09:33:52 | WARNING: Baking animation because there are keyframes with different interpolation methods in one channel
09:33:52 | WARNING: Baking animation because there are keyframes with different interpolation methods in one channel
09:33:52 | WARNING: Baking animation because there are keyframes with different interpolation methods in one channel
09:33:52 | WARNING: Baking animation because there are keyframes with different interpolation methods in one channel
09:33:52 | WARNING: Baking animation because there are keyframes with different interpolation methods in one channel
09:33:52 | WARNING: Baking animation because there are keyframes with different interpolation methods in one channel
09:33:52 | WARNING: Baking animation because there are keyframes with different interpolation methods in one channel
09:33:52 | WARNING: Baking animation because there are keyframes with different interpolation methods in one channel
09:33:52 | WARNING: Baking animation because there are keyframes with different interpolation methods in one channel
09:33:52 | WARNING: Baking animation because there are keyframes with different interpolation methods in one channel
09:33:52 | WARNING: Baking animation because there are keyframes with different interpolation methods in one channel
09:33:52 | WARNING: Baking animation because there are keyframes with different interpolation methods in one channel
09:33:52 | WARNING: Baking animation because there are keyframes with different interpolation methods in one channel
09:33:52 | WARNING: Baking animation because there are keyframes with different interpolation methods in one channel
09:33:52 | WARNING: Baking animation because there are keyframes with different interpolation methods in one channel
09:33:52 | WARNING: Baking animation because there are keyframes with different interpolation methods in one channel
09:33:52 | WARNING: Baking animation because there are keyframes with different interpolation methods in one channel
09:33:52 | WARNING: Baking animation because there are keyframes with different interpolation methods in one channel
09:33:52 | WARNING: Baking animation because there are keyframes with different interpolation methods in one channel
09:33:52 | WARNING: Baking animation because there are keyframes with different interpolation methods in one channel
09:33:52 | WARNING: Baking animation because there are keyframes with different interpolation methods in one channel
09:33:52 | WARNING: Baking animation because there are keyframes with different interpolation methods in one channel
09:33:52 | WARNING: Baking animation because there are keyframes with different interpolation methods in one channel
09:33:52 | WARNING: Baking animation because there are keyframes with different interpolation methods in one channel
09:33:52 | WARNING: Baking animation because there are keyframes with different interpolation methods in one channel
09:33:52 | WARNING: Baking animation because there are keyframes with different interpolation methods in one channel
09:33:52 | WARNING: Baking animation because there are keyframes with different interpolation methods in one channel
09:33:52 | WARNING: Baking animation because there are keyframes with different interpolation methods in one channel
09:33:52 | WARNING: Baking animation because there are keyframes with different interpolation methods in one channel
09:33:52 | WARNING: Baking animation because there are keyframes with different interpolation methods in one channel
09:33:52 | WARNING: Baking animation because there are keyframes with different interpolation methods in one channel
09:33:52 | WARNING: Baking animation because there are keyframes with different interpolation methods in one channel
09:33:52 | WARNING: Baking animation because there are keyframes with different interpolation methods in one channel
09:33:52 | WARNING: Baking animation because there are keyframes with different interpolation methods in one channel
09:33:52 | WARNING: Baking animation because there are keyframes with different interpolation methods in one channel
09:33:52 | WARNING: Baking animation because there are keyframes with different interpolation methods in one channel
09:33:52 | WARNING: Baking animation because there are keyframes with different interpolation methods in one channel
09:33:52 | WARNING: Baking animation because there are keyframes with different interpolation methods in one channel
09:33:53 | WARNING: Baking animation because there are keyframes with different interpolation methods in one channel
09:33:53 | WARNING: Baking animation because there are keyframes with different interpolation methods in one channel
09:33:53 | WARNING: Baking animation because there are keyframes with different interpolation methods in one channel
09:33:53 | WARNING: Baking animation because there are keyframes with different interpolation methods in one channel
09:33:53 | WARNING: Baking animation because there are keyframes with different interpolation methods in one channel
09:33:53 | WARNING: Baking animation because there are keyframes with different interpolation methods in one channel
09:33:53 | WARNING: Baking animation because there are keyframes with different interpolation methods in one channel
09:33:53 | WARNING: Baking animation because there are keyframes with different interpolation methods in one channel
09:33:53 | WARNING: Baking animation because there are keyframes with different interpolation methods in one channel
09:33:53 | WARNING: Baking animation because there are keyframes with different interpolation methods in one channel
09:33:53 | WARNING: Baking animation because there are keyframes with different interpolation methods in one channel
09:33:53 | WARNING: Baking animation because there are keyframes with different interpolation methods in one channel
09:33:53 | WARNING: Baking animation because there are keyframes with different interpolation methods in one channel
09:33:53 | WARNING: Baking animation because there are keyframes with different interpolation methods in one channel
09:33:53 | WARNING: Baking animation because there are keyframes with different interpolation methods in one channel
09:33:53 | WARNING: Baking animation because there are keyframes with different interpolation methods in one channel
09:33:53 | WARNING: Baking animation because there are keyframes with different interpolation methods in one channel
09:33:53 | WARNING: Baking animation because there are keyframes with different interpolation methods in one channel
09:33:53 | WARNING: Baking animation because there are keyframes with different interpolation methods in one channel
09:33:53 | WARNING: Baking animation because there are keyframes with different interpolation methods in one channel
09:33:53 | WARNING: Baking animation because there are keyframes with different interpolation methods in one channel
09:33:53 | WARNING: Baking animation because there are keyframes with different interpolation methods in one channel
09:33:53 | WARNING: Baking animation because there are keyframes with different interpolation methods in one channel
09:33:53 | WARNING: Baking animation because there are keyframes with different interpolation methods in one channel
09:33:53 | WARNING: Baking animation because there are keyframes with different interpolation methods in one channel
09:33:53 | WARNING: Baking animation because there are keyframes with different interpolation methods in one channel
09:33:53 | WARNING: Baking animation because there are keyframes with different interpolation methods in one channel
09:33:53 | WARNING: Baking animation because there are keyframes with different interpolation methods in one channel
09:33:53 | WARNING: Baking animation because there are keyframes with different interpolation methods in one channel
09:33:53 | WARNING: Baking animation because there are keyframes with different interpolation methods in one channel
09:33:53 | WARNING: Baking animation because there are keyframes with different interpolation methods in one channel
09:33:53 | WARNING: Baking animation because there are keyframes with different interpolation methods in one channel
09:33:53 | WARNING: Baking animation because there are keyframes with different interpolation methods in one channel
09:33:53 | WARNING: Baking animation because there are keyframes with different interpolation methods in one channel
09:33:53 | WARNING: Baking animation because there are keyframes with different interpolation methods in one channel
09:33:53 | WARNING: Baking animation because there are keyframes with different interpolation methods in one channel
09:33:53 | WARNING: Baking animation because there are keyframes with different interpolation methods in one channel
09:33:53 | WARNING: Baking animation because there are keyframes with different interpolation methods in one channel
09:33:53 | WARNING: Baking animation because there are keyframes with different interpolation methods in one channel
09:33:53 | WARNING: Baking animation because there are keyframes with different interpolation methods in one channel
09:33:53 | WARNING: Baking animation because there are keyframes with different interpolation methods in one channel
09:33:53 | WARNING: Baking animation because there are keyframes with different interpolation methods in one channel
09:33:53 | WARNING: Baking animation because there are keyframes with different interpolation methods in one channel
09:33:53 | WARNING: Baking animation because there are keyframes with different interpolation methods in one channel
09:33:53 | WARNING: Baking animation because there are keyframes with different interpolation methods in one channel
09:33:53 | WARNING: Baking animation because there are keyframes with different interpolation methods in one channel
09:33:53 | WARNING: Baking animation because there are keyframes with different interpolation methods in one channel
09:33:53 | WARNING: Baking animation because there are keyframes with different interpolation methods in one channel
09:33:53 | WARNING: Baking animation because there are keyframes with different interpolation methods in one channel
09:33:53 | WARNING: Baking animation because there are keyframes with different interpolation methods in one channel
09:33:53 | WARNING: Baking animation because there are keyframes with different interpolation methods in one channel
09:33:53 | WARNING: Baking animation because there are keyframes with different interpolation methods in one channel
09:33:53 | WARNING: Baking animation because there are keyframes with different interpolation methods in one channel
09:33:53 | WARNING: Baking animation because there are keyframes with different interpolation methods in one channel
09:33:53 | WARNING: Baking animation because there are keyframes with different interpolation methods in one channel
09:33:53 | WARNING: Baking animation because there are keyframes with different interpolation methods in one channel
09:33:53 | WARNING: Baking animation because there are keyframes with different interpolation methods in one channel
09:33:53 | WARNING: Baking animation because there are keyframes with different interpolation methods in one channel
09:33:53 | WARNING: Baking animation because there are keyframes with different interpolation methods in one channel
09:33:53 | WARNING: Baking animation because there are keyframes with different interpolation methods in one channel
09:33:53 | WARNING: Baking animation because there are keyframes with different interpolation methods in one channel
09:33:53 | WARNING: Baking animation because there are keyframes with different interpolation methods in one channel
09:33:53 | WARNING: Baking animation because there are keyframes with different interpolation methods in one channel
09:33:53 | WARNING: Baking animation because there are keyframes with different interpolation methods in one channel
09:33:53 | WARNING: Baking animation because there are keyframes with different interpolation methods in one channel
09:33:53 | WARNING: Baking animation because there are keyframes with different interpolation methods in one channel
09:33:53 | WARNING: Baking animation because there are keyframes with different interpolation methods in one channel
09:33:53 | WARNING: Baking animation because there are keyframes with different interpolation methods in one channel
09:33:53 | WARNING: Baking animation because there are keyframes with different interpolation methods in one channel
09:33:53 | WARNING: Baking animation because there are keyframes with different interpolation methods in one channel
09:33:53 | WARNING: Baking animation because there are keyframes with different interpolation methods in one channel
09:33:53 | WARNING: Baking animation because there are keyframes with different interpolation methods in one channel
09:33:53 | WARNING: Baking animation because there are keyframes with different interpolation methods in one channel
09:33:53 | WARNING: Baking animation because there are keyframes with different interpolation methods in one channel
09:33:53 | WARNING: Baking animation because there are keyframes with different interpolation methods in one channel
09:33:53 | WARNING: Baking animation because there are keyframes with different interpolation methods in one channel
09:33:53 | WARNING: Baking animation because there are keyframes with different interpolation methods in one channel
09:33:53 | WARNING: Baking animation because there are keyframes with different interpolation methods in one channel
09:33:53 | WARNING: Baking animation because there are keyframes with different interpolation methods in one channel
09:33:53 | WARNING: Baking animation because there are keyframes with different interpolation methods in one channel
09:33:53 | WARNING: Baking animation because there are keyframes with different interpolation methods in one channel
09:33:53 | WARNING: Baking animation because there are keyframes with different interpolation methods in one channel
09:33:53 | WARNING: Baking animation because there are keyframes with different interpolation methods in one channel
09:33:53 | WARNING: Baking animation because there are keyframes with different interpolation methods in one channel
09:33:53 | WARNING: Baking animation because there are keyframes with different interpolation methods in one channel
09:33:53 | WARNING: Baking animation because there are keyframes with different interpolation methods in one channel
09:33:53 | WARNING: Baking animation because there are keyframes with different interpolation methods in one channel
09:33:53 | WARNING: Baking animation because there are keyframes with different interpolation methods in one channel
09:33:53 | WARNING: Baking animation because there are keyframes with different interpolation methods in one channel
09:33:53 | WARNING: Baking animation because there are keyframes with different interpolation methods in one channel
09:33:53 | WARNING: Baking animation because there are keyframes with different interpolation methods in one channel
09:33:53 | WARNING: Baking animation because there are keyframes with different interpolation methods in one channel
09:33:53 | WARNING: Baking animation because there are keyframes with different interpolation methods in one channel
09:33:53 | WARNING: Baking animation because there are keyframes with different interpolation methods in one channel
09:33:53 | WARNING: Baking animation because there are keyframes with different interpolation methods in one channel
09:33:53 | WARNING: Baking animation because there are keyframes with different interpolation methods in one channel
09:33:53 | WARNING: Baking animation because there are keyframes with different interpolation methods in one channel
09:33:53 | WARNING: Baking animation because there are keyframes with different interpolation methods in one channel
09:33:53 | WARNING: Baking animation because there are keyframes with different interpolation methods in one channel
09:33:53 | WARNING: Baking animation because there are keyframes with different interpolation methods in one channel
09:33:53 | WARNING: Baking animation because there are keyframes with different interpolation methods in one channel
09:33:53 | WARNING: Baking animation because there are keyframes with different interpolation methods in one channel
09:33:53 | WARNING: Baking animation because there are keyframes with different interpolation methods in one channel
09:33:53 | WARNING: Baking animation because there are keyframes with different interpolation methods in one channel
09:33:53 | WARNING: Baking animation because there are keyframes with different interpolation methods in one channel
09:33:53 | WARNING: Baking animation because there are keyframes with different interpolation methods in one channel
09:33:54 | WARNING: Baking animation because there are keyframes with different interpolation methods in one channel
09:33:54 | WARNING: Baking animation because there are keyframes with different interpolation methods in one channel
09:33:54 | WARNING: Baking animation because there are keyframes with different interpolation methods in one channel
09:33:54 | WARNING: Baking animation because there are keyframes with different interpolation methods in one channel
09:33:54 | WARNING: Baking animation because there are keyframes with different interpolation methods in one channel
09:33:54 | WARNING: Baking animation because there are keyframes with different interpolation methods in one channel
09:33:54 | WARNING: Baking animation because there are keyframes with different interpolation methods in one channel
09:33:54 | WARNING: Baking animation because there are keyframes with different interpolation methods in one channel
09:33:54 | WARNING: Baking animation because there are keyframes with different interpolation methods in one channel
09:33:54 | WARNING: Baking animation because there are keyframes with different interpolation methods in one channel
09:33:54 | WARNING: Baking animation because there are keyframes with different interpolation methods in one channel
09:33:54 | WARNING: Baking animation because there are keyframes with different interpolation methods in one channel
09:33:54 | WARNING: Baking animation because there are keyframes with different interpolation methods in one channel
09:33:54 | WARNING: Baking animation because there are keyframes with different interpolation methods in one channel
09:33:54 | WARNING: Baking animation because there are keyframes with different interpolation methods in one channel
09:33:54 | WARNING: Baking animation because there are keyframes with different interpolation methods in one channel
09:33:54 | WARNING: Baking animation because there are keyframes with different interpolation methods in one channel
09:33:54 | WARNING: Baking animation because there are keyframes with different interpolation methods in one channel
09:33:54 | WARNING: Baking animation because there are keyframes with different interpolation methods in one channel
09:33:54 | WARNING: Baking animation because there are keyframes with different interpolation methods in one channel
09:33:54 | WARNING: Baking animation because there are keyframes with different interpolation methods in one channel
09:33:54 | WARNING: Baking animation because there are keyframes with different interpolation methods in one channel
09:33:54 | WARNING: Baking animation because there are keyframes with different interpolation methods in one channel
09:33:54 | WARNING: Baking animation because there are keyframes with different interpolation methods in one channel
09:33:54 | WARNING: Baking animation because there are keyframes with different interpolation methods in one channel
09:33:54 | WARNING: Baking animation because there are keyframes with different interpolation methods in one channel
09:33:54 | WARNING: Baking animation because there are keyframes with different interpolation methods in one channel
09:33:54 | WARNING: Baking animation because there are keyframes with different interpolation methods in one channel
09:33:54 | WARNING: Baking animation because there are keyframes with different interpolation methods in one channel
09:33:54 | WARNING: Baking animation because there are keyframes with different interpolation methods in one channel
09:33:54 | WARNING: Baking animation because there are keyframes with different interpolation methods in one channel
09:33:54 | WARNING: Baking animation because there are keyframes with different interpolation methods in one channel
09:33:54 | WARNING: Baking animation because there are keyframes with different interpolation methods in one channel
09:33:54 | WARNING: Baking animation because there are keyframes with different interpolation methods in one channel
09:33:54 | WARNING: Baking animation because there are keyframes with different interpolation methods in one channel
09:33:54 | WARNING: Baking animation because there are keyframes with different interpolation methods in one channel
09:33:54 | WARNING: Baking animation because there are keyframes with different interpolation methods in one channel
09:33:54 | WARNING: Baking animation because there are keyframes with different interpolation methods in one channel
09:33:54 | WARNING: Baking animation because there are keyframes with different interpolation methods in one channel
09:33:54 | WARNING: Baking animation because there are keyframes with different interpolation methods in one channel
09:33:54 | WARNING: Baking animation because there are keyframes with different interpolation methods in one channel
09:33:54 | WARNING: Baking animation because there are keyframes with different interpolation methods in one channel
09:33:54 | WARNING: Baking animation because there are keyframes with different interpolation methods in one channel
09:33:54 | WARNING: Baking animation because there are keyframes with different interpolation methods in one channel
09:33:54 | WARNING: Baking animation because there are keyframes with different interpolation methods in one channel
09:33:54 | WARNING: Baking animation because there are keyframes with different interpolation methods in one channel
09:33:54 | WARNING: Baking animation because there are keyframes with different interpolation methods in one channel
09:33:54 | WARNING: Baking animation because there are keyframes with different interpolation methods in one channel
09:33:54 | WARNING: Baking animation because there are keyframes with different interpolation methods in one channel
09:33:54 | WARNING: Baking animation because there are keyframes with different interpolation methods in one channel
09:33:54 | WARNING: Baking animation because there are keyframes with different interpolation methods in one channel
09:33:54 | WARNING: Baking animation because there are keyframes with different interpolation methods in one channel
09:33:54 | WARNING: Baking animation because there are keyframes with different interpolation methods in one channel
09:33:54 | WARNING: Baking animation because there are keyframes with different interpolation methods in one channel
09:33:54 | WARNING: Baking animation because there are keyframes with different interpolation methods in one channel
09:33:54 | WARNING: Baking animation because there are keyframes with different interpolation methods in one channel
09:33:54 | WARNING: Baking animation because there are keyframes with different interpolation methods in one channel
09:33:54 | WARNING: Baking animation because there are keyframes with different interpolation methods in one channel
09:33:54 | WARNING: Baking animation because there are keyframes with different interpolation methods in one channel
09:33:54 | WARNING: Baking animation because there are keyframes with different interpolation methods in one channel
09:33:54 | WARNING: Baking animation because there are keyframes with different interpolation methods in one channel
09:33:54 | WARNING: Baking animation because there are keyframes with different interpolation methods in one channel
09:33:54 | WARNING: Baking animation because there are keyframes with different interpolation methods in one channel
09:33:54 | WARNING: Baking animation because there are keyframes with different interpolation methods in one channel
09:33:54 | WARNING: Baking animation because there are keyframes with different interpolation methods in one channel
09:33:54 | WARNING: Baking animation because there are keyframes with different interpolation methods in one channel
09:33:54 | WARNING: Baking animation because there are keyframes with different interpolation methods in one channel
09:33:54 | WARNING: Baking animation because there are keyframes with different interpolation methods in one channel
09:33:54 | WARNING: Baking animation because there are keyframes with different interpolation methods in one channel
09:33:54 | WARNING: Baking animation because there are keyframes with different interpolation methods in one channel
09:33:54 | WARNING: Baking animation because there are keyframes with different interpolation methods in one channel
09:33:54 | WARNING: Baking animation because there are keyframes with different interpolation methods in one channel
09:33:54 | WARNING: Baking animation because there are keyframes with different interpolation methods in one channel
09:33:54 | WARNING: Baking animation because there are keyframes with different interpolation methods in one channel
09:33:54 | WARNING: Baking animation because there are keyframes with different interpolation methods in one channel
09:33:54 | WARNING: Baking animation because there are keyframes with different interpolation methods in one channel
09:33:54 | WARNING: Baking animation because there are keyframes with different interpolation methods in one channel
09:33:54 | WARNING: Baking animation because there are keyframes with different interpolation methods in one channel
09:33:54 | WARNING: Baking animation because there are keyframes with different interpolation methods in one channel
09:33:54 | WARNING: Baking animation because there are keyframes with different interpolation methods in one channel
09:33:54 | WARNING: Baking animation because there are keyframes with different interpolation methods in one channel
09:33:54 | WARNING: Baking animation because there are keyframes with different interpolation methods in one channel
09:33:54 | WARNING: Baking animation because there are keyframes with different interpolation methods in one channel
09:33:54 | WARNING: Baking animation because there are keyframes with different interpolation methods in one channel
09:33:54 | WARNING: Baking animation because there are keyframes with different interpolation methods in one channel
09:33:54 | WARNING: Baking animation because there are keyframes with different interpolation methods in one channel
09:33:54 | WARNING: Baking animation because there are keyframes with different interpolation methods in one channel
09:33:54 | WARNING: Baking animation because there are keyframes with different interpolation methods in one channel
09:33:54 | WARNING: Baking animation because there are keyframes with different interpolation methods in one channel
09:33:54 | WARNING: Baking animation because there are keyframes with different interpolation methods in one channel
09:33:54 | WARNING: Baking animation because there are keyframes with different interpolation methods in one channel
09:33:54 | WARNING: Baking animation because there are keyframes with different interpolation methods in one channel
09:33:54 | WARNING: Baking animation because there are keyframes with different interpolation methods in one channel
09:33:54 | WARNING: Baking animation because there are keyframes with different interpolation methods in one channel
09:33:54 | WARNING: Baking animation because there are keyframes with different interpolation methods in one channel
09:33:54 | WARNING: Baking animation because there are keyframes with different interpolation methods in one channel
09:33:54 | WARNING: Baking animation because there are keyframes with different interpolation methods in one channel
09:33:54 | WARNING: Baking animation because there are keyframes with different interpolation methods in one channel
09:33:54 | WARNING: Baking animation because there are keyframes with different interpolation methods in one channel
09:33:54 | WARNING: Baking animation because there are keyframes with different interpolation methods in one channel
09:33:54 | WARNING: Baking animation because there are keyframes with different interpolation methods in one channel
09:33:54 | WARNING: Baking animation because there are keyframes with different interpolation methods in one channel
09:33:54 | WARNING: Baking animation because there are keyframes with different interpolation methods in one channel
09:33:54 | WARNING: Baking animation because there are keyframes with different interpolation methods in one channel
09:33:54 | WARNING: Baking animation because there are keyframes with different interpolation methods in one channel
09:33:54 | WARNING: Baking animation because there are keyframes with different interpolation methods in one channel
09:33:55 | WARNING: Baking animation because there are keyframes with different interpolation methods in one channel
09:33:55 | WARNING: Baking animation because there are keyframes with different interpolation methods in one channel
09:33:55 | WARNING: Baking animation because there are keyframes with different interpolation methods in one channel
09:33:55 | WARNING: Baking animation because there are keyframes with different interpolation methods in one channel
09:33:55 | WARNING: Baking animation because there are keyframes with different interpolation methods in one channel
09:33:55 | WARNING: Baking animation because there are keyframes with different interpolation methods in one channel
09:33:55 | WARNING: Baking animation because there are keyframes with different interpolation methods in one channel
09:33:55 | WARNING: Baking animation because there are keyframes with different interpolation methods in one channel
09:33:55 | WARNING: Baking animation because there are keyframes with different interpolation methods in one channel
09:33:55 | WARNING: Baking animation because there are keyframes with different interpolation methods in one channel
09:33:55 | WARNING: Baking animation because there are keyframes with different interpolation methods in one channel
09:33:55 | WARNING: Baking animation because there are keyframes with different interpolation methods in one channel
09:33:55 | WARNING: Baking animation because there are keyframes with different interpolation methods in one channel
09:33:55 | WARNING: Baking animation because there are keyframes with different interpolation methods in one channel
09:33:55 | WARNING: Baking animation because there are keyframes with different interpolation methods in one channel
09:33:55 | WARNING: Baking animation because there are keyframes with different interpolation methods in one channel
09:33:55 | WARNING: Baking animation because there are keyframes with different interpolation methods in one channel
09:33:55 | WARNING: Baking animation because there are keyframes with different interpolation methods in one channel
09:33:55 | WARNING: Baking animation because there are keyframes with different interpolation methods in one channel
09:33:55 | WARNING: Baking animation because there are keyframes with different interpolation methods in one channel
09:33:55 | WARNING: Baking animation because there are keyframes with different interpolation methods in one channel
09:33:55 | WARNING: Baking animation because there are keyframes with different interpolation methods in one channel
09:33:55 | WARNING: Baking animation because there are keyframes with different interpolation methods in one channel
09:33:55 | WARNING: Baking animation because there are keyframes with different interpolation methods in one channel
09:33:55 | WARNING: Baking animation because there are keyframes with different interpolation methods in one channel
09:33:55 | WARNING: Baking animation because there are keyframes with different interpolation methods in one channel
09:33:55 | WARNING: Baking animation because there are keyframes with different interpolation methods in one channel
09:33:55 | WARNING: Baking animation because there are keyframes with different interpolation methods in one channel
09:33:55 | WARNING: Baking animation because there are keyframes with different interpolation methods in one channel
09:33:55 | WARNING: Baking animation because there are keyframes with different interpolation methods in one channel
09:33:55 | WARNING: Baking animation because there are keyframes with different interpolation methods in one channel
09:33:55 | WARNING: Baking animation because there are keyframes with different interpolation methods in one channel
09:33:55 | WARNING: Baking animation because there are keyframes with different interpolation methods in one channel
09:33:55 | WARNING: Baking animation because there are keyframes with different interpolation methods in one channel
09:33:55 | WARNING: Baking animation because there are keyframes with different interpolation methods in one channel
09:33:55 | WARNING: Baking animation because there are keyframes with different interpolation methods in one channel
09:33:55 | WARNING: Baking animation because there are keyframes with different interpolation methods in one channel
09:33:55 | WARNING: Baking animation because there are keyframes with different interpolation methods in one channel
09:33:55 | WARNING: Baking animation because there are keyframes with different interpolation methods in one channel
09:33:55 | WARNING: Baking animation because there are keyframes with different interpolation methods in one channel
09:33:55 | WARNING: Baking animation because there are keyframes with different interpolation methods in one channel
09:33:55 | WARNING: Baking animation because there are keyframes with different interpolation methods in one channel
09:33:55 | WARNING: Baking animation because there are keyframes with different interpolation methods in one channel
09:33:55 | WARNING: Baking animation because there are keyframes with different interpolation methods in one channel
09:33:55 | WARNING: Baking animation because there are keyframes with different interpolation methods in one channel
09:33:55 | WARNING: Baking animation because there are keyframes with different interpolation methods in one channel
09:33:55 | WARNING: Baking animation because there are keyframes with different interpolation methods in one channel
09:33:55 | WARNING: Baking animation because there are keyframes with different interpolation methods in one channel
09:33:55 | WARNING: Baking animation because there are keyframes with different interpolation methods in one channel
09:33:55 | WARNING: Baking animation because there are keyframes with different interpolation methods in one channel
09:33:55 | WARNING: Baking animation because there are keyframes with different interpolation methods in one channel
09:33:55 | WARNING: Baking animation because there are keyframes with different interpolation methods in one channel
09:33:55 | WARNING: Baking animation because there are keyframes with different interpolation methods in one channel
09:33:59 | WARNING: Baking animation because there are keyframes with different interpolation methods in one channel
09:33:59 | WARNING: Baking animation because there are keyframes with different interpolation methods in one channel
09:33:59 | WARNING: Baking animation because there are keyframes with different interpolation methods in one channel
09:33:59 | WARNING: Baking animation because there are keyframes with different interpolation methods in one channel
09:33:59 | WARNING: Baking animation because there are keyframes with different interpolation methods in one channel
09:33:59 | WARNING: Baking animation because there are keyframes with different interpolation methods in one channel
09:33:59 | WARNING: Baking animation because there are keyframes with different interpolation methods in one channel
09:33:59 | WARNING: Baking animation because there are keyframes with different interpolation methods in one channel
09:33:59 | WARNING: Baking animation because there are keyframes with different interpolation methods in one channel
09:33:59 | WARNING: Baking animation because there are keyframes with different interpolation methods in one channel
09:33:59 | WARNING: Baking animation because there are keyframes with different interpolation methods in one channel
09:33:59 | WARNING: Baking animation because there are keyframes with different interpolation methods in one channel
09:33:59 | WARNING: Baking animation because there are keyframes with different interpolation methods in one channel
09:33:59 | WARNING: Baking animation because there are keyframes with different interpolation methods in one channel
09:33:59 | WARNING: Baking animation because there are keyframes with different interpolation methods in one channel
09:33:59 | WARNING: Baking animation because there are keyframes with different interpolation methods in one channel
09:33:59 | WARNING: Baking animation because there are keyframes with different interpolation methods in one channel
09:33:59 | WARNING: Baking animation because there are keyframes with different interpolation methods in one channel
09:33:59 | WARNING: Baking animation because there are keyframes with different interpolation methods in one channel
09:33:59 | WARNING: Baking animation because there are keyframes with different interpolation methods in one channel
09:33:59 | WARNING: Baking animation because there are keyframes with different interpolation methods in one channel
09:33:59 | WARNING: Baking animation because there are keyframes with different interpolation methods in one channel
09:33:59 | WARNING: Baking animation because there are keyframes with different interpolation methods in one channel
09:33:59 | WARNING: Baking animation because there are keyframes with different interpolation methods in one channel
09:33:59 | WARNING: Baking animation because there are keyframes with different interpolation methods in one channel
09:33:59 | WARNING: Baking animation because there are keyframes with different interpolation methods in one channel
09:33:59 | WARNING: Baking animation because there are keyframes with different interpolation methods in one channel
09:33:59 | WARNING: Baking animation because there are keyframes with different interpolation methods in one channel
09:33:59 | WARNING: Baking animation because there are keyframes with different interpolation methods in one channel
09:33:59 | WARNING: Baking animation because there are keyframes with different interpolation methods in one channel
09:33:59 | WARNING: Baking animation because there are keyframes with different interpolation methods in one channel
09:33:59 | WARNING: Baking animation because there are keyframes with different interpolation methods in one channel
09:33:59 | WARNING: Baking animation because there are keyframes with different interpolation methods in one channel
09:33:59 | WARNING: Baking animation because there are keyframes with different interpolation methods in one channel
09:33:59 | WARNING: Baking animation because there are keyframes with different interpolation methods in one channel
09:33:59 | WARNING: Baking animation because there are keyframes with different interpolation methods in one channel
09:33:59 | WARNING: Baking animation because there are keyframes with different interpolation methods in one channel
09:33:59 | WARNING: Baking animation because there are keyframes with different interpolation methods in one channel
09:33:59 | WARNING: Baking animation because there are keyframes with different interpolation methods in one channel
09:33:59 | WARNING: Baking animation because there are keyframes with different interpolation methods in one channel
09:33:59 | WARNING: Baking animation because there are keyframes with different interpolation methods in one channel
09:33:59 | WARNING: Baking animation because there are keyframes with different interpolation methods in one channel
09:33:59 | WARNING: Baking animation because there are keyframes with different interpolation methods in one channel
09:33:59 | WARNING: Baking animation because there are keyframes with different interpolation methods in one channel
09:33:59 | WARNING: Baking animation because there are keyframes with different interpolation methods in one channel
09:33:59 | WARNING: Baking animation because there are keyframes with different interpolation methods in one channel
09:33:59 | WARNING: Baking animation because there are keyframes with different interpolation methods in one channel
09:33:59 | WARNING: Baking animation because there are keyframes with different interpolation methods in one channel
09:33:59 | WARNING: Baking animation because there are keyframes with different interpolation methods in one channel
09:33:59 | WARNING: Baking animation because there are keyframes with different interpolation methods in one channel
09:33:59 | WARNING: Baking animation because there are keyframes with different interpolation methods in one channel
09:33:59 | WARNING: Baking animation because there are keyframes with different interpolation methods in one channel
09:33:59 | WARNING: Baking animation because there are keyframes with different interpolation methods in one channel
09:34:00 | WARNING: Baking animation because there are keyframes with different interpolation methods in one channel
09:34:00 | WARNING: Baking animation because there are keyframes with different interpolation methods in one channel
09:34:00 | WARNING: Baking animation because there are keyframes with different interpolation methods in one channel
09:34:00 | WARNING: Baking animation because there are keyframes with different interpolation methods in one channel
09:34:00 | WARNING: Baking animation because there are keyframes with different interpolation methods in one channel
09:34:00 | WARNING: Baking animation because there are keyframes with different interpolation methods in one channel
09:34:00 | WARNING: Baking animation because there are keyframes with different interpolation methods in one channel
09:34:00 | WARNING: Baking animation because there are keyframes with different interpolation methods in one channel
09:34:00 | WARNING: Baking animation because there are keyframes with different interpolation methods in one channel
09:34:00 | WARNING: Baking animation because there are keyframes with different interpolation methods in one channel
09:34:00 | WARNING: Baking animation because there are keyframes with different interpolation methods in one channel
09:34:00 | WARNING: Baking animation because there are keyframes with different interpolation methods in one channel
09:34:00 | WARNING: Baking animation because there are keyframes with different interpolation methods in one channel
09:34:00 | WARNING: Baking animation because there are keyframes with different interpolation methods in one channel
09:34:00 | WARNING: Baking animation because there are keyframes with different interpolation methods in one channel
09:34:00 | WARNING: Baking animation because there are keyframes with different interpolation methods in one channel
09:34:00 | WARNING: Baking animation because there are keyframes with different interpolation methods in one channel
09:34:00 | WARNING: Baking animation because there are keyframes with different interpolation methods in one channel
09:34:00 | WARNING: Baking animation because there are keyframes with different interpolation methods in one channel
09:34:00 | WARNING: Baking animation because there are keyframes with different interpolation methods in one channel
09:34:00 | WARNING: Baking animation because there are keyframes with different interpolation methods in one channel
09:34:00 | WARNING: Baking animation because there are keyframes with different interpolation methods in one channel
09:34:00 | WARNING: Baking animation because there are keyframes with different interpolation methods in one channel
09:34:00 | WARNING: Baking animation because there are keyframes with different interpolation methods in one channel
09:34:00 | WARNING: Baking animation because there are keyframes with different interpolation methods in one channel
09:34:00 | WARNING: Baking animation because there are keyframes with different interpolation methods in one channel
09:34:00 | WARNING: Baking animation because there are keyframes with different interpolation methods in one channel
09:34:00 | WARNING: Baking animation because there are keyframes with different interpolation methods in one channel
09:34:00 | WARNING: Baking animation because there are keyframes with different interpolation methods in one channel
09:34:00 | WARNING: Baking animation because there are keyframes with different interpolation methods in one channel
09:34:00 | WARNING: Baking animation because there are keyframes with different interpolation methods in one channel
09:34:00 | WARNING: Baking animation because there are keyframes with different interpolation methods in one channel
09:34:00 | WARNING: Baking animation because there are keyframes with different interpolation methods in one channel
09:34:00 | WARNING: Baking animation because there are keyframes with different interpolation methods in one channel
09:34:00 | WARNING: Baking animation because there are keyframes with different interpolation methods in one channel
09:34:00 | WARNING: Baking animation because there are keyframes with different interpolation methods in one channel
09:34:00 | WARNING: Baking animation because there are keyframes with different interpolation methods in one channel
09:34:00 | WARNING: Baking animation because there are keyframes with different interpolation methods in one channel
09:34:00 | WARNING: Baking animation because there are keyframes with different interpolation methods in one channel
09:34:00 | WARNING: Baking animation because there are keyframes with different interpolation methods in one channel
09:34:00 | WARNING: Baking animation because there are keyframes with different interpolation methods in one channel
09:34:00 | WARNING: Baking animation because there are keyframes with different interpolation methods in one channel
09:34:00 | WARNING: Baking animation because there are keyframes with different interpolation methods in one channel
09:34:00 | WARNING: Baking animation because there are keyframes with different interpolation methods in one channel
09:34:00 | WARNING: Baking animation because there are keyframes with different interpolation methods in one channel
09:34:00 | WARNING: Baking animation because there are keyframes with different interpolation methods in one channel
09:34:00 | WARNING: Baking animation because there are keyframes with different interpolation methods in one channel
09:34:00 | WARNING: Baking animation because there are keyframes with different interpolation methods in one channel
09:34:00 | WARNING: Baking animation because there are keyframes with different interpolation methods in one channel
09:34:00 | WARNING: Baking animation because there are keyframes with different interpolation methods in one channel
09:34:00 | WARNING: Baking animation because there are keyframes with different interpolation methods in one channel
09:34:00 | WARNING: Baking animation because there are keyframes with different interpolation methods in one channel
09:34:00 | WARNING: Baking animation because there are keyframes with different interpolation methods in one channel
09:34:05 | WARNING: Baking animation because there are keyframes with different interpolation methods in one channel
09:34:05 | WARNING: Baking animation because there are keyframes with different interpolation methods in one channel
09:34:05 | WARNING: Baking animation because there are keyframes with different interpolation methods in one channel
09:34:05 | WARNING: Baking animation because there are keyframes with different interpolation methods in one channel
09:34:05 | WARNING: Baking animation because there are keyframes with different interpolation methods in one channel
09:34:05 | WARNING: Baking animation because there are keyframes with different interpolation methods in one channel
09:34:05 | WARNING: Baking animation because there are keyframes with different interpolation methods in one channel
09:34:05 | WARNING: Baking animation because there are keyframes with different interpolation methods in one channel
09:34:05 | WARNING: Baking animation because there are keyframes with different interpolation methods in one channel
09:34:05 | WARNING: Baking animation because there are keyframes with different interpolation methods in one channel
09:34:05 | WARNING: Baking animation because there are keyframes with different interpolation methods in one channel
09:34:05 | WARNING: Baking animation because there are keyframes with different interpolation methods in one channel
09:34:05 | WARNING: Baking animation because there are keyframes with different interpolation methods in one channel
09:34:05 | WARNING: Baking animation because there are keyframes with different interpolation methods in one channel
09:34:05 | WARNING: Baking animation because there are keyframes with different interpolation methods in one channel
09:34:05 | WARNING: Baking animation because there are keyframes with different interpolation methods in one channel
09:34:05 | WARNING: Baking animation because there are keyframes with different interpolation methods in one channel
09:34:05 | WARNING: Baking animation because there are keyframes with different interpolation methods in one channel
09:34:05 | WARNING: Baking animation because there are keyframes with different interpolation methods in one channel
09:34:05 | WARNING: Baking animation because there are keyframes with different interpolation methods in one channel
09:34:05 | WARNING: Baking animation because there are keyframes with different interpolation methods in one channel
09:34:05 | WARNING: Baking animation because there are keyframes with different interpolation methods in one channel
09:34:05 | WARNING: Baking animation because there are keyframes with different interpolation methods in one channel
09:34:05 | WARNING: Baking animation because there are keyframes with different interpolation methods in one channel
09:34:05 | WARNING: Baking animation because there are keyframes with different interpolation methods in one channel
09:34:05 | WARNING: Baking animation because there are keyframes with different interpolation methods in one channel
09:34:05 | WARNING: Baking animation because there are keyframes with different interpolation methods in one channel
09:34:05 | WARNING: Baking animation because there are keyframes with different interpolation methods in one channel
09:34:05 | WARNING: Baking animation because there are keyframes with different interpolation methods in one channel
09:34:05 | WARNING: Baking animation because there are keyframes with different interpolation methods in one channel
09:34:05 | WARNING: Baking animation because there are keyframes with different interpolation methods in one channel
09:34:05 | WARNING: Baking animation because there are keyframes with different interpolation methods in one channel
09:34:05 | WARNING: Baking animation because there are keyframes with different interpolation methods in one channel
09:34:05 | WARNING: Baking animation because there are keyframes with different interpolation methods in one channel
09:34:05 | WARNING: Baking animation because there are keyframes with different interpolation methods in one channel
09:34:05 | WARNING: Baking animation because there are keyframes with different interpolation methods in one channel
09:34:05 | WARNING: Baking animation because there are keyframes with different interpolation methods in one channel
09:34:05 | WARNING: Baking animation because there are keyframes with different interpolation methods in one channel
09:34:05 | WARNING: Baking animation because there are keyframes with different interpolation methods in one channel
09:34:05 | WARNING: Baking animation because there are keyframes with different interpolation methods in one channel
09:34:05 | WARNING: Baking animation because there are keyframes with different interpolation methods in one channel
09:34:05 | WARNING: Baking animation because there are keyframes with different interpolation methods in one channel
09:34:05 | WARNING: Baking animation because there are keyframes with different interpolation methods in one channel
09:34:05 | WARNING: Baking animation because there are keyframes with different interpolation methods in one channel
09:34:05 | WARNING: Baking animation because there are keyframes with different interpolation methods in one channel
09:34:05 | WARNING: Baking animation because there are keyframes with different interpolation methods in one channel
09:34:05 | WARNING: Baking animation because there are keyframes with different interpolation methods in one channel
09:34:05 | WARNING: Baking animation because there are keyframes with different interpolation methods in one channel
09:34:05 | WARNING: Baking animation because there are keyframes with different interpolation methods in one channel
09:34:05 | WARNING: Baking animation because there are keyframes with different interpolation methods in one channel
09:34:05 | WARNING: Baking animation because there are keyframes with different interpolation methods in one channel
09:34:05 | WARNING: Baking animation because there are keyframes with different interpolation methods in one channel
09:34:05 | WARNING: Baking animation because there are keyframes with different interpolation methods in one channel
09:34:06 | WARNING: Baking animation because there are keyframes with different interpolation methods in one channel
09:34:06 | WARNING: Baking animation because there are keyframes with different interpolation methods in one channel
09:34:06 | WARNING: Baking animation because there are keyframes with different interpolation methods in one channel
09:34:06 | WARNING: Baking animation because there are keyframes with different interpolation methods in one channel
09:34:06 | WARNING: Baking animation because there are keyframes with different interpolation methods in one channel
09:34:06 | WARNING: Baking animation because there are keyframes with different interpolation methods in one channel
09:34:06 | WARNING: Baking animation because there are keyframes with different interpolation methods in one channel
09:34:06 | WARNING: Baking animation because there are keyframes with different interpolation methods in one channel
09:34:06 | WARNING: Baking animation because there are keyframes with different interpolation methods in one channel
09:34:06 | WARNING: Baking animation because there are keyframes with different interpolation methods in one channel
09:34:06 | WARNING: Baking animation because there are keyframes with different interpolation methods in one channel
09:34:06 | WARNING: Baking animation because there are keyframes with different interpolation methods in one channel
09:34:06 | WARNING: Baking animation because there are keyframes with different interpolation methods in one channel
09:34:06 | WARNING: Baking animation because there are keyframes with different interpolation methods in one channel
09:34:06 | WARNING: Baking animation because there are keyframes with different interpolation methods in one channel
09:34:06 | WARNING: Baking animation because there are keyframes with different interpolation methods in one channel
09:34:06 | WARNING: Baking animation because there are keyframes with different interpolation methods in one channel
09:34:06 | WARNING: Baking animation because there are keyframes with different interpolation methods in one channel
09:34:06 | WARNING: Baking animation because there are keyframes with different interpolation methods in one channel
09:34:06 | WARNING: Baking animation because there are keyframes with different interpolation methods in one channel
09:34:06 | WARNING: Baking animation because there are keyframes with different interpolation methods in one channel
09:34:06 | WARNING: Baking animation because there are keyframes with different interpolation methods in one channel
09:34:06 | WARNING: Baking animation because there are keyframes with different interpolation methods in one channel
09:34:06 | WARNING: Baking animation because there are keyframes with different interpolation methods in one channel
09:34:06 | WARNING: Baking animation because there are keyframes with different interpolation methods in one channel
09:34:06 | WARNING: Baking animation because there are keyframes with different interpolation methods in one channel
09:34:06 | WARNING: Baking animation because there are keyframes with different interpolation methods in one channel
09:34:06 | WARNING: Baking animation because there are keyframes with different interpolation methods in one channel
09:34:06 | WARNING: Baking animation because there are keyframes with different interpolation methods in one channel
09:34:06 | WARNING: Baking animation because there are keyframes with different interpolation methods in one channel
09:34:06 | WARNING: Baking animation because there are keyframes with different interpolation methods in one channel
09:34:06 | WARNING: Baking animation because there are keyframes with different interpolation methods in one channel
09:34:06 | WARNING: Baking animation because there are keyframes with different interpolation methods in one channel
09:34:06 | WARNING: Baking animation because there are keyframes with different interpolation methods in one channel
09:34:06 | WARNING: Baking animation because there are keyframes with different interpolation methods in one channel
09:34:06 | WARNING: Baking animation because there are keyframes with different interpolation methods in one channel
09:34:06 | WARNING: Baking animation because there are keyframes with different interpolation methods in one channel
09:34:06 | WARNING: Baking animation because there are keyframes with different interpolation methods in one channel
09:34:06 | WARNING: Baking animation because there are keyframes with different interpolation methods in one channel
09:34:06 | WARNING: Baking animation because there are keyframes with different interpolation methods in one channel
09:34:06 | WARNING: Baking animation because there are keyframes with different interpolation methods in one channel
09:34:06 | WARNING: Baking animation because there are keyframes with different interpolation methods in one channel
09:34:06 | WARNING: Baking animation because there are keyframes with different interpolation methods in one channel
09:34:06 | WARNING: Baking animation because there are keyframes with different interpolation methods in one channel
09:34:06 | WARNING: Baking animation because there are keyframes with different interpolation methods in one channel
09:34:06 | WARNING: Baking animation because there are keyframes with different interpolation methods in one channel
09:34:06 | WARNING: Baking animation because there are keyframes with different interpolation methods in one channel
09:34:06 | WARNING: Baking animation because there are keyframes with different interpolation methods in one channel
09:34:06 | WARNING: Baking animation because there are keyframes with different interpolation methods in one channel
09:34:06 | WARNING: Baking animation because there are keyframes with different interpolation methods in one channel
09:34:06 | WARNING: Baking animation because there are keyframes with different interpolation methods in one channel
09:34:06 | WARNING: Baking animation because there are keyframes with different interpolation methods in one channel
09:34:06 | WARNING: Baking animation because there are keyframes with different interpolation methods in one channel
09:34:06 | WARNING: Baking animation because there are keyframes with different interpolation methods in one channel
09:34:06 | WARNING: Baking animation because there are keyframes with different interpolation methods in one channel
09:34:06 | WARNING: Baking animation because there are keyframes with different interpolation methods in one channel
09:34:06 | WARNING: Baking animation because there are keyframes with different interpolation methods in one channel
09:34:06 | WARNING: Baking animation because there are keyframes with different interpolation methods in one channel
09:34:06 | WARNING: Baking animation because there are keyframes with different interpolation methods in one channel
09:34:06 | WARNING: Baking animation because there are keyframes with different interpolation methods in one channel
09:34:06 | WARNING: Baking animation because there are keyframes with different interpolation methods in one channel
09:34:06 | WARNING: Baking animation because there are keyframes with different interpolation methods in one channel
09:34:06 | WARNING: Baking animation because there are keyframes with different interpolation methods in one channel
09:34:06 | WARNING: Baking animation because there are keyframes with different interpolation methods in one channel
09:34:06 | WARNING: Baking animation because there are keyframes with different interpolation methods in one channel
09:34:06 | WARNING: Baking animation because there are keyframes with different interpolation methods in one channel
09:34:06 | WARNING: Baking animation because there are keyframes with different interpolation methods in one channel
09:34:06 | WARNING: Baking animation because there are keyframes with different interpolation methods in one channel
09:34:06 | WARNING: Baking animation because there are keyframes with different interpolation methods in one channel
09:34:06 | WARNING: Baking animation because there are keyframes with different interpolation methods in one channel
09:34:06 | WARNING: Baking animation because there are keyframes with different interpolation methods in one channel
09:34:06 | WARNING: Baking animation because there are keyframes with different interpolation methods in one channel
09:34:06 | WARNING: Baking animation because there are keyframes with different interpolation methods in one channel
09:34:06 | WARNING: Baking animation because there are keyframes with different interpolation methods in one channel
09:34:06 | WARNING: Baking animation because there are keyframes with different interpolation methods in one channel
09:34:06 | WARNING: Baking animation because there are keyframes with different interpolation methods in one channel
09:34:06 | WARNING: Baking animation because there are keyframes with different interpolation methods in one channel
09:34:06 | WARNING: Baking animation because there are keyframes with different interpolation methods in one channel
09:34:06 | WARNING: Baking animation because there are keyframes with different interpolation methods in one channel
09:34:06 | WARNING: Baking animation because there are keyframes with different interpolation methods in one channel
09:34:06 | WARNING: Baking animation because there are keyframes with different interpolation methods in one channel
09:34:06 | WARNING: Baking animation because there are keyframes with different interpolation methods in one channel
09:34:06 | WARNING: Baking animation because there are keyframes with different interpolation methods in one channel
09:34:06 | WARNING: Baking animation because there are keyframes with different interpolation methods in one channel
09:34:06 | WARNING: Baking animation because there are keyframes with different interpolation methods in one channel
09:34:06 | WARNING: Baking animation because there are keyframes with different interpolation methods in one channel
09:34:06 | WARNING: Baking animation because there are keyframes with different interpolation methods in one channel
09:34:06 | WARNING: Baking animation because there are keyframes with different interpolation methods in one channel
09:34:06 | WARNING: Baking animation because there are keyframes with different interpolation methods in one channel
09:34:06 | WARNING: Baking animation because there are keyframes with different interpolation methods in one channel
09:34:06 | WARNING: Baking animation because there are keyframes with different interpolation methods in one channel
09:34:06 | WARNING: Baking animation because there are keyframes with different interpolation methods in one channel
09:34:06 | WARNING: Baking animation because there are keyframes with different interpolation methods in one channel
09:34:06 | WARNING: Baking animation because there are keyframes with different interpolation methods in one channel
09:34:06 | WARNING: Baking animation because there are keyframes with different interpolation methods in one channel
09:34:06 | WARNING: Baking animation because there are keyframes with different interpolation methods in one channel
09:34:06 | WARNING: Baking animation because there are keyframes with different interpolation methods in one channel
09:34:06 | WARNING: Baking animation because there are keyframes with different interpolation methods in one channel
09:34:06 | WARNING: Baking animation because there are keyframes with different interpolation methods in one channel
09:34:06 | WARNING: Baking animation because there are keyframes with different interpolation methods in one channel
09:34:06 | WARNING: Baking animation because there are keyframes with different interpolation methods in one channel
09:34:06 | WARNING: Baking animation because there are keyframes with different interpolation methods in one channel
09:34:06 | WARNING: Baking animation because there are keyframes with different interpolation methods in one channel
09:34:06 | WARNING: Baking animation because there are keyframes with different interpolation methods in one channel
09:34:06 | WARNING: Baking animation because there are keyframes with different interpolation methods in one channel
09:34:06 | WARNING: Baking animation because there are keyframes with different interpolation methods in one channel
09:34:07 | WARNING: Baking animation because there are keyframes with different interpolation methods in one channel
09:34:07 | WARNING: Baking animation because there are keyframes with different interpolation methods in one channel
09:34:07 | WARNING: Baking animation because there are keyframes with different interpolation methods in one channel
09:34:07 | WARNING: Baking animation because there are keyframes with different interpolation methods in one channel
09:34:07 | WARNING: Baking animation because there are keyframes with different interpolation methods in one channel
09:34:07 | WARNING: Baking animation because there are keyframes with different interpolation methods in one channel
09:34:07 | WARNING: Baking animation because there are keyframes with different interpolation methods in one channel
09:34:07 | WARNING: Baking animation because there are keyframes with different interpolation methods in one channel
09:34:07 | WARNING: Baking animation because there are keyframes with different interpolation methods in one channel
09:34:07 | WARNING: Baking animation because there are keyframes with different interpolation methods in one channel
09:34:07 | WARNING: Baking animation because there are keyframes with different interpolation methods in one channel
09:34:07 | WARNING: Baking animation because there are keyframes with different interpolation methods in one channel
09:34:07 | WARNING: Baking animation because there are keyframes with different interpolation methods in one channel
09:34:07 | WARNING: Baking animation because there are keyframes with different interpolation methods in one channel
09:34:07 | WARNING: Baking animation because there are keyframes with different interpolation methods in one channel
09:34:07 | WARNING: Baking animation because there are keyframes with different interpolation methods in one channel
09:34:07 | WARNING: Baking animation because there are keyframes with different interpolation methods in one channel
09:34:07 | WARNING: Baking animation because there are keyframes with different interpolation methods in one channel
09:34:07 | WARNING: Baking animation because there are keyframes with different interpolation methods in one channel
09:34:07 | WARNING: Baking animation because there are keyframes with different interpolation methods in one channel
09:34:07 | WARNING: Baking animation because there are keyframes with different interpolation methods in one channel
09:34:07 | WARNING: Baking animation because there are keyframes with different interpolation methods in one channel
09:34:07 | WARNING: Baking animation because there are keyframes with different interpolation methods in one channel
09:34:07 | WARNING: Baking animation because there are keyframes with different interpolation methods in one channel
09:34:07 | WARNING: Baking animation because there are keyframes with different interpolation methods in one channel
09:34:07 | WARNING: Baking animation because there are keyframes with different interpolation methods in one channel
09:34:07 | WARNING: Baking animation because there are keyframes with different interpolation methods in one channel
09:34:07 | WARNING: Baking animation because there are keyframes with different interpolation methods in one channel
09:34:07 | WARNING: Baking animation because there are keyframes with different interpolation methods in one channel
09:34:07 | WARNING: Baking animation because there are keyframes with different interpolation methods in one channel
09:34:07 | WARNING: Baking animation because there are keyframes with different interpolation methods in one channel
09:34:07 | WARNING: Baking animation because there are keyframes with different interpolation methods in one channel
09:34:07 | WARNING: Baking animation because there are keyframes with different interpolation methods in one channel
09:34:07 | WARNING: Baking animation because there are keyframes with different interpolation methods in one channel
09:34:07 | WARNING: Baking animation because there are keyframes with different interpolation methods in one channel
09:34:07 | WARNING: Baking animation because there are keyframes with different interpolation methods in one channel
09:34:07 | WARNING: Baking animation because there are keyframes with different interpolation methods in one channel
09:34:07 | WARNING: Baking animation because there are keyframes with different interpolation methods in one channel
09:34:07 | WARNING: Baking animation because there are keyframes with different interpolation methods in one channel
09:34:07 | WARNING: Baking animation because there are keyframes with different interpolation methods in one channel
09:34:07 | WARNING: Baking animation because there are keyframes with different interpolation methods in one channel
09:34:07 | WARNING: Baking animation because there are keyframes with different interpolation methods in one channel
09:34:07 | WARNING: Baking animation because there are keyframes with different interpolation methods in one channel
09:34:07 | WARNING: Baking animation because there are keyframes with different interpolation methods in one channel
09:34:07 | WARNING: Baking animation because there are keyframes with different interpolation methods in one channel
09:34:07 | WARNING: Baking animation because there are keyframes with different interpolation methods in one channel
09:34:07 | WARNING: Baking animation because there are keyframes with different interpolation methods in one channel
09:34:07 | WARNING: Baking animation because there are keyframes with different interpolation methods in one channel
09:34:07 | WARNING: Baking animation because there are keyframes with different interpolation methods in one channel
09:34:07 | WARNING: Baking animation because there are keyframes with different interpolation methods in one channel
09:34:07 | WARNING: Baking animation because there are keyframes with different interpolation methods in one channel
09:34:07 | WARNING: Baking animation because there are keyframes with different interpolation methods in one channel
09:34:07 | WARNING: Baking animation because there are keyframes with different interpolation methods in one channel
09:34:07 | WARNING: Baking animation because there are keyframes with different interpolation methods in one channel
09:34:07 | WARNING: Baking animation because there are keyframes with different interpolation methods in one channel
09:34:07 | WARNING: Baking animation because there are keyframes with different interpolation methods in one channel
09:34:07 | WARNING: Baking animation because there are keyframes with different interpolation methods in one channel
09:34:07 | WARNING: Baking animation because there are keyframes with different interpolation methods in one channel
09:34:07 | WARNING: Baking animation because there are keyframes with different interpolation methods in one channel
09:34:07 | WARNING: Baking animation because there are keyframes with different interpolation methods in one channel
09:34:07 | WARNING: Baking animation because there are keyframes with different interpolation methods in one channel
09:34:07 | WARNING: Baking animation because there are keyframes with different interpolation methods in one channel
09:34:07 | WARNING: Baking animation because there are keyframes with different interpolation methods in one channel
09:34:07 | WARNING: Baking animation because there are keyframes with different interpolation methods in one channel
09:34:07 | WARNING: Baking animation because there are keyframes with different interpolation methods in one channel
09:34:07 | WARNING: Baking animation because there are keyframes with different interpolation methods in one channel
09:34:07 | WARNING: Baking animation because there are keyframes with different interpolation methods in one channel
09:34:07 | WARNING: Baking animation because there are keyframes with different interpolation methods in one channel
09:34:07 | WARNING: Baking animation because there are keyframes with different interpolation methods in one channel
09:34:07 | WARNING: Baking animation because there are keyframes with different interpolation methods in one channel
09:34:07 | WARNING: Baking animation because there are keyframes with different interpolation methods in one channel
09:34:07 | WARNING: Baking animation because there are keyframes with different interpolation methods in one channel
09:34:07 | WARNING: Baking animation because there are keyframes with different interpolation methods in one channel
09:34:07 | WARNING: Baking animation because there are keyframes with different interpolation methods in one channel
09:34:07 | WARNING: Baking animation because there are keyframes with different interpolation methods in one channel
09:34:07 | WARNING: Baking animation because there are keyframes with different interpolation methods in one channel
09:34:07 | WARNING: Baking animation because there are keyframes with different interpolation methods in one channel
09:34:07 | WARNING: Baking animation because there are keyframes with different interpolation methods in one channel
09:34:07 | WARNING: Baking animation because there are keyframes with different interpolation methods in one channel
09:34:07 | WARNING: Baking animation because there are keyframes with different interpolation methods in one channel
09:34:07 | WARNING: Baking animation because there are keyframes with different interpolation methods in one channel
09:34:07 | WARNING: Baking animation because there are keyframes with different interpolation methods in one channel
09:34:07 | WARNING: Baking animation because there are keyframes with different interpolation methods in one channel
09:34:07 | WARNING: Baking animation because there are keyframes with different interpolation methods in one channel
09:34:07 | WARNING: Baking animation because there are keyframes with different interpolation methods in one channel
09:34:07 | WARNING: Baking animation because there are keyframes with different interpolation methods in one channel
09:34:07 | WARNING: Baking animation because there are keyframes with different interpolation methods in one channel
09:34:07 | WARNING: Baking animation because there are keyframes with different interpolation methods in one channel
09:34:07 | WARNING: Baking animation because there are keyframes with different interpolation methods in one channel
09:34:07 | WARNING: Baking animation because there are keyframes with different interpolation methods in one channel
09:34:07 | WARNING: Baking animation because there are keyframes with different interpolation methods in one channel
09:34:07 | WARNING: Baking animation because there are keyframes with different interpolation methods in one channel
09:34:07 | WARNING: Baking animation because there are keyframes with different interpolation methods in one channel
09:34:07 | WARNING: Baking animation because there are keyframes with different interpolation methods in one channel
09:34:07 | WARNING: Baking animation because there are keyframes with different interpolation methods in one channel
09:34:07 | WARNING: Baking animation because there are keyframes with different interpolation methods in one channel
09:34:07 | WARNING: Baking animation because there are keyframes with different interpolation methods in one channel
09:34:07 | WARNING: Baking animation because there are keyframes with different interpolation methods in one channel
09:34:07 | WARNING: Baking animation because there are keyframes with different interpolation methods in one channel
09:34:07 | WARNING: Baking animation because there are keyframes with different interpolation methods in one channel
09:34:07 | WARNING: Baking animation because there are keyframes with different interpolation methods in one channel
09:34:07 | WARNING: Baking animation because there are keyframes with different interpolation methods in one channel
09:34:07 | WARNING: Baking animation because there are keyframes with different interpolation methods in one channel
09:34:07 | WARNING: Baking animation because there are keyframes with different interpolation methods in one channel
09:34:07 | WARNING: Baking animation because there are keyframes with different interpolation methods in one channel
09:34:07 | WARNING: Baking animation because there are keyframes with different interpolation methods in one channel
09:34:08 | WARNING: Baking animation because there are keyframes with different interpolation methods in one channel
09:34:08 | WARNING: Baking animation because there are keyframes with different interpolation methods in one channel
09:34:08 | WARNING: Baking animation because there are keyframes with different interpolation methods in one channel
09:34:08 | WARNING: Baking animation because there are keyframes with different interpolation methods in one channel
09:34:08 | WARNING: Baking animation because there are keyframes with different interpolation methods in one channel
09:34:08 | WARNING: Baking animation because there are keyframes with different interpolation methods in one channel
09:34:08 | WARNING: Baking animation because there are keyframes with different interpolation methods in one channel
09:34:08 | WARNING: Baking animation because there are keyframes with different interpolation methods in one channel
09:34:08 | WARNING: Baking animation because there are keyframes with different interpolation methods in one channel
09:34:08 | WARNING: Baking animation because there are keyframes with different interpolation methods in one channel
09:34:08 | WARNING: Baking animation because there are keyframes with different interpolation methods in one channel
09:34:08 | WARNING: Baking animation because there are keyframes with different interpolation methods in one channel
09:34:08 | WARNING: Baking animation because there are keyframes with different interpolation methods in one channel
09:34:08 | WARNING: Baking animation because there are keyframes with different interpolation methods in one channel
09:34:08 | WARNING: Baking animation because there are keyframes with different interpolation methods in one channel
09:34:08 | WARNING: Baking animation because there are keyframes with different interpolation methods in one channel
09:34:08 | WARNING: Baking animation because there are keyframes with different interpolation methods in one channel
09:34:08 | WARNING: Baking animation because there are keyframes with different interpolation methods in one channel
09:34:08 | WARNING: Baking animation because there are keyframes with different interpolation methods in one channel
09:34:08 | WARNING: Baking animation because there are keyframes with different interpolation methods in one channel
09:34:08 | WARNING: Baking animation because there are keyframes with different interpolation methods in one channel
09:34:08 | WARNING: Baking animation because there are keyframes with different interpolation methods in one channel
09:34:08 | WARNING: Baking animation because there are keyframes with different interpolation methods in one channel
09:34:08 | WARNING: Baking animation because there are keyframes with different interpolation methods in one channel
09:34:08 | WARNING: Baking animation because there are keyframes with different interpolation methods in one channel
09:34:08 | WARNING: Baking animation because there are keyframes with different interpolation methods in one channel
09:34:08 | WARNING: Baking animation because there are keyframes with different interpolation methods in one channel
09:34:08 | WARNING: Baking animation because there are keyframes with different interpolation methods in one channel
09:34:08 | WARNING: Baking animation because there are keyframes with different interpolation methods in one channel
09:34:08 | WARNING: Baking animation because there are keyframes with different interpolation methods in one channel
09:34:08 | WARNING: Baking animation because there are keyframes with different interpolation methods in one channel
09:34:08 | WARNING: Baking animation because there are keyframes with different interpolation methods in one channel
09:34:08 | WARNING: Baking animation because there are keyframes with different interpolation methods in one channel
09:34:08 | WARNING: Baking animation because there are keyframes with different interpolation methods in one channel
09:34:08 | WARNING: Baking animation because there are keyframes with different interpolation methods in one channel
09:34:08 | WARNING: Baking animation because there are keyframes with different interpolation methods in one channel
09:34:08 | WARNING: Baking animation because there are keyframes with different interpolation methods in one channel
09:34:08 | WARNING: Baking animation because there are keyframes with different interpolation methods in one channel
09:34:08 | WARNING: Baking animation because there are keyframes with different interpolation methods in one channel
09:34:08 | WARNING: Baking animation because there are keyframes with different interpolation methods in one channel
09:34:08 | WARNING: Baking animation because there are keyframes with different interpolation methods in one channel
09:34:08 | WARNING: Baking animation because there are keyframes with different interpolation methods in one channel
09:34:08 | WARNING: Baking animation because there are keyframes with different interpolation methods in one channel
09:34:08 | WARNING: Baking animation because there are keyframes with different interpolation methods in one channel
09:34:08 | WARNING: Baking animation because there are keyframes with different interpolation methods in one channel
09:34:08 | WARNING: Baking animation because there are keyframes with different interpolation methods in one channel
09:34:08 | WARNING: Baking animation because there are keyframes with different interpolation methods in one channel
09:34:08 | WARNING: Baking animation because there are keyframes with different interpolation methods in one channel
09:34:08 | WARNING: Baking animation because there are keyframes with different interpolation methods in one channel
09:34:08 | WARNING: Baking animation because there are keyframes with different interpolation methods in one channel
09:34:08 | WARNING: Baking animation because there are keyframes with different interpolation methods in one channel
09:34:08 | WARNING: Baking animation because there are keyframes with different interpolation methods in one channel
09:34:08 | WARNING: Baking animation because there are keyframes with different interpolation methods in one channel
09:34:08 | WARNING: Baking animation because there are keyframes with different interpolation methods in one channel
09:34:08 | WARNING: Baking animation because there are keyframes with different interpolation methods in one channel
09:34:08 | WARNING: Baking animation because there are keyframes with different interpolation methods in one channel
09:34:08 | WARNING: Baking animation because there are keyframes with different interpolation methods in one channel
09:34:08 | WARNING: Baking animation because there are keyframes with different interpolation methods in one channel
09:34:08 | WARNING: Baking animation because there are keyframes with different interpolation methods in one channel
09:34:08 | WARNING: Baking animation because there are keyframes with different interpolation methods in one channel
09:34:08 | WARNING: Baking animation because there are keyframes with different interpolation methods in one channel
09:34:08 | WARNING: Baking animation because there are keyframes with different interpolation methods in one channel
09:34:08 | WARNING: Baking animation because there are keyframes with different interpolation methods in one channel
09:34:08 | WARNING: Baking animation because there are keyframes with different interpolation methods in one channel
09:34:08 | WARNING: Baking animation because there are keyframes with different interpolation methods in one channel
09:34:08 | WARNING: Baking animation because there are keyframes with different interpolation methods in one channel
09:34:08 | WARNING: Baking animation because there are keyframes with different interpolation methods in one channel
09:34:08 | WARNING: Baking animation because there are keyframes with different interpolation methods in one channel
09:34:08 | WARNING: Baking animation because there are keyframes with different interpolation methods in one channel
09:34:08 | WARNING: Baking animation because there are keyframes with different interpolation methods in one channel
09:34:08 | WARNING: Baking animation because there are keyframes with different interpolation methods in one channel
09:34:08 | WARNING: Baking animation because there are keyframes with different interpolation methods in one channel
09:34:08 | WARNING: Baking animation because there are keyframes with different interpolation methods in one channel
09:34:08 | WARNING: Baking animation because there are keyframes with different interpolation methods in one channel
09:34:08 | WARNING: Baking animation because there are keyframes with different interpolation methods in one channel
09:34:08 | WARNING: Baking animation because there are keyframes with different interpolation methods in one channel
09:34:08 | WARNING: Baking animation because there are keyframes with different interpolation methods in one channel
09:34:08 | WARNING: Baking animation because there are keyframes with different interpolation methods in one channel
09:34:08 | WARNING: Baking animation because there are keyframes with different interpolation methods in one channel
09:34:08 | WARNING: Baking animation because there are keyframes with different interpolation methods in one channel
09:34:08 | WARNING: Baking animation because there are keyframes with different interpolation methods in one channel
09:34:08 | WARNING: Baking animation because there are keyframes with different interpolation methods in one channel
09:34:08 | WARNING: Baking animation because there are keyframes with different interpolation methods in one channel
09:34:08 | WARNING: Baking animation because there are keyframes with different interpolation methods in one channel
09:34:08 | WARNING: Baking animation because there are keyframes with different interpolation methods in one channel
09:34:08 | WARNING: Baking animation because there are keyframes with different interpolation methods in one channel
09:34:08 | WARNING: Baking animation because there are keyframes with different interpolation methods in one channel
09:34:08 | WARNING: Baking animation because there are keyframes with different interpolation methods in one channel
09:34:08 | WARNING: Baking animation because there are keyframes with different interpolation methods in one channel
09:34:08 | WARNING: Baking animation because there are keyframes with different interpolation methods in one channel
09:34:08 | WARNING: Baking animation because there are keyframes with different interpolation methods in one channel
09:34:08 | WARNING: Baking animation because there are keyframes with different interpolation methods in one channel
09:34:08 | WARNING: Baking animation because there are keyframes with different interpolation methods in one channel
09:34:08 | WARNING: Baking animation because there are keyframes with different interpolation methods in one channel
09:34:08 | WARNING: Baking animation because there are keyframes with different interpolation methods in one channel
09:34:08 | WARNING: Baking animation because there are keyframes with different interpolation methods in one channel
09:34:08 | WARNING: Baking animation because there are keyframes with different interpolation methods in one channel
09:34:08 | WARNING: Baking animation because there are keyframes with different interpolation methods in one channel
09:34:08 | WARNING: Baking animation because there are keyframes with different interpolation methods in one channel
09:34:08 | WARNING: Baking animation because there are keyframes with different interpolation methods in one channel
09:34:08 | WARNING: Baking animation because there are keyframes with different interpolation methods in one channel
09:34:08 | WARNING: Baking animation because there are keyframes with different interpolation methods in one channel
09:34:08 | WARNING: Baking animation because there are keyframes with different interpolation methods in one channel
09:34:08 | WARNING: Baking animation because there are keyframes with different interpolation methods in one channel
09:34:08 | WARNING: Baking animation because there are keyframes with different interpolation methods in one channel
09:34:08 | WARNING: Baking animation because there are keyframes with different interpolation methods in one channel
09:34:09 | WARNING: Baking animation because there are keyframes with different interpolation methods in one channel
09:34:09 | WARNING: Baking animation because there are keyframes with different interpolation methods in one channel
09:34:09 | WARNING: Baking animation because there are keyframes with different interpolation methods in one channel
09:34:09 | WARNING: Baking animation because there are keyframes with different interpolation methods in one channel
09:34:09 | WARNING: Baking animation because there are keyframes with different interpolation methods in one channel
09:34:09 | WARNING: Baking animation because there are keyframes with different interpolation methods in one channel
09:34:09 | WARNING: Baking animation because there are keyframes with different interpolation methods in one channel
09:34:09 | WARNING: Baking animation because there are keyframes with different interpolation methods in one channel
09:34:09 | WARNING: Baking animation because there are keyframes with different interpolation methods in one channel
09:34:09 | WARNING: Baking animation because there are keyframes with different interpolation methods in one channel
09:34:09 | WARNING: Baking animation because there are keyframes with different interpolation methods in one channel
09:34:09 | WARNING: Baking animation because there are keyframes with different interpolation methods in one channel
09:34:09 | WARNING: Baking animation because there are keyframes with different interpolation methods in one channel
09:34:09 | WARNING: Baking animation because there are keyframes with different interpolation methods in one channel
09:34:09 | WARNING: Baking animation because there are keyframes with different interpolation methods in one channel
09:34:09 | WARNING: Baking animation because there are keyframes with different interpolation methods in one channel
09:34:09 | WARNING: Baking animation because there are keyframes with different interpolation methods in one channel
09:34:09 | WARNING: Baking animation because there are keyframes with different interpolation methods in one channel
09:34:09 | WARNING: Baking animation because there are keyframes with different interpolation methods in one channel
09:34:09 | WARNING: Baking animation because there are keyframes with different interpolation methods in one channel
09:34:09 | WARNING: Baking animation because there are keyframes with different interpolation methods in one channel
09:34:09 | WARNING: Baking animation because there are keyframes with different interpolation methods in one channel
09:34:09 | WARNING: Baking animation because there are keyframes with different interpolation methods in one channel
09:34:09 | WARNING: Baking animation because there are keyframes with different interpolation methods in one channel
09:34:09 | WARNING: Baking animation because there are keyframes with different interpolation methods in one channel
09:34:09 | WARNING: Baking animation because there are keyframes with different interpolation methods in one channel
09:34:09 | WARNING: Baking animation because there are keyframes with different interpolation methods in one channel
09:34:09 | WARNING: Baking animation because there are keyframes with different interpolation methods in one channel
09:34:09 | WARNING: Baking animation because there are keyframes with different interpolation methods in one channel
09:34:09 | WARNING: Baking animation because there are keyframes with different interpolation methods in one channel
09:34:09 | WARNING: Baking animation because there are keyframes with different interpolation methods in one channel
09:34:09 | WARNING: Baking animation because there are keyframes with different interpolation methods in one channel
09:34:09 | WARNING: Baking animation because there are keyframes with different interpolation methods in one channel
09:34:09 | WARNING: Baking animation because there are keyframes with different interpolation methods in one channel
09:34:09 | WARNING: Baking animation because there are keyframes with different interpolation methods in one channel
09:34:09 | WARNING: Baking animation because there are keyframes with different interpolation methods in one channel
09:34:09 | WARNING: Baking animation because there are keyframes with different interpolation methods in one channel
09:34:09 | WARNING: Baking animation because there are keyframes with different interpolation methods in one channel
09:34:09 | WARNING: Baking animation because there are keyframes with different interpolation methods in one channel
09:34:09 | WARNING: Baking animation because there are keyframes with different interpolation methods in one channel
09:34:09 | WARNING: Baking animation because there are keyframes with different interpolation methods in one channel
09:34:09 | WARNING: Baking animation because there are keyframes with different interpolation methods in one channel
09:34:09 | WARNING: Baking animation because there are keyframes with different interpolation methods in one channel
09:34:09 | WARNING: Baking animation because there are keyframes with different interpolation methods in one channel
09:34:09 | WARNING: Baking animation because there are keyframes with different interpolation methods in one channel
09:34:09 | WARNING: Baking animation because there are keyframes with different interpolation methods in one channel
09:34:09 | WARNING: Baking animation because there are keyframes with different interpolation methods in one channel
09:34:09 | WARNING: Baking animation because there are keyframes with different interpolation methods in one channel
09:34:09 | WARNING: Baking animation because there are keyframes with different interpolation methods in one channel
09:34:09 | WARNING: Baking animation because there are keyframes with different interpolation methods in one channel
09:34:09 | WARNING: Baking animation because there are keyframes with different interpolation methods in one channel
09:34:09 | WARNING: Baking animation because there are keyframes with different interpolation methods in one channel
09:34:09 | WARNING: Baking animation because there are keyframes with different interpolation methods in one channel
09:34:09 | WARNING: Baking animation because there are keyframes with different interpolation methods in one channel
09:34:09 | WARNING: Baking animation because there are keyframes with different interpolation methods in one channel
09:34:09 | WARNING: Baking animation because there are keyframes with different interpolation methods in one channel
09:34:09 | WARNING: Baking animation because there are keyframes with different interpolation methods in one channel
09:34:09 | WARNING: Baking animation because there are keyframes with different interpolation methods in one channel
09:34:09 | WARNING: Baking animation because there are keyframes with different interpolation methods in one channel
09:34:09 | WARNING: Baking animation because there are keyframes with different interpolation methods in one channel
09:34:09 | WARNING: Baking animation because there are keyframes with different interpolation methods in one channel
09:34:09 | WARNING: Baking animation because there are keyframes with different interpolation methods in one channel
09:34:09 | WARNING: Baking animation because there are keyframes with different interpolation methods in one channel
09:34:09 | WARNING: Baking animation because there are keyframes with different interpolation methods in one channel
09:34:09 | WARNING: Baking animation because there are keyframes with different interpolation methods in one channel
09:34:09 | WARNING: Baking animation because there are keyframes with different interpolation methods in one channel
09:34:09 | WARNING: Baking animation because there are keyframes with different interpolation methods in one channel
09:34:09 | WARNING: Baking animation because there are keyframes with different interpolation methods in one channel
09:34:09 | WARNING: Baking animation because there are keyframes with different interpolation methods in one channel
09:34:09 | WARNING: Baking animation because there are keyframes with different interpolation methods in one channel
09:34:09 | WARNING: Baking animation because there are keyframes with different interpolation methods in one channel
09:34:09 | WARNING: Baking animation because there are keyframes with different interpolation methods in one channel
09:34:09 | WARNING: Baking animation because there are keyframes with different interpolation methods in one channel
09:34:09 | WARNING: Baking animation because there are keyframes with different interpolation methods in one channel
09:34:09 | WARNING: Baking animation because there are keyframes with different interpolation methods in one channel
09:34:09 | WARNING: Baking animation because there are keyframes with different interpolation methods in one channel
09:34:09 | WARNING: Baking animation because there are keyframes with different interpolation methods in one channel
09:34:09 | WARNING: Baking animation because there are keyframes with different interpolation methods in one channel
09:34:09 | WARNING: Baking animation because there are keyframes with different interpolation methods in one channel
09:34:09 | WARNING: Baking animation because there are keyframes with different interpolation methods in one channel
09:34:09 | WARNING: Baking animation because there are keyframes with different interpolation methods in one channel
09:34:09 | WARNING: Baking animation because there are keyframes with different interpolation methods in one channel
09:34:09 | WARNING: Baking animation because there are keyframes with different interpolation methods in one channel
09:34:09 | WARNING: Baking animation because there are keyframes with different interpolation methods in one channel
09:34:09 | WARNING: Baking animation because there are keyframes with different interpolation methods in one channel
09:34:09 | WARNING: Baking animation because there are keyframes with different interpolation methods in one channel
09:34:09 | WARNING: Baking animation because there are keyframes with different interpolation methods in one channel
09:34:09 | WARNING: Baking animation because there are keyframes with different interpolation methods in one channel
09:34:09 | WARNING: Baking animation because there are keyframes with different interpolation methods in one channel
09:34:09 | WARNING: Baking animation because there are keyframes with different interpolation methods in one channel
09:34:09 | WARNING: Baking animation because there are keyframes with different interpolation methods in one channel
09:34:09 | WARNING: Baking animation because there are keyframes with different interpolation methods in one channel
09:34:09 | WARNING: Baking animation because there are keyframes with different interpolation methods in one channel
09:34:09 | WARNING: Baking animation because there are keyframes with different interpolation methods in one channel
09:34:09 | WARNING: Baking animation because there are keyframes with different interpolation methods in one channel
09:34:09 | WARNING: Baking animation because there are keyframes with different interpolation methods in one channel
09:34:09 | WARNING: Baking animation because there are keyframes with different interpolation methods in one channel
09:34:09 | WARNING: Baking animation because there are keyframes with different interpolation methods in one channel
09:34:09 | WARNING: Baking animation because there are keyframes with different interpolation methods in one channel
09:34:09 | WARNING: Baking animation because there are keyframes with different interpolation methods in one channel
09:34:09 | WARNING: Baking animation because there are keyframes with different interpolation methods in one channel
09:34:09 | WARNING: Baking animation because there are keyframes with different interpolation methods in one channel
09:34:09 | WARNING: Baking animation because there are keyframes with different interpolation methods in one channel
09:34:09 | WARNING: Baking animation because there are keyframes with different interpolation methods in one channel
09:34:09 | WARNING: Baking animation because there are keyframes with different interpolation methods in one channel
09:34:09 | WARNING: Baking animation because there are keyframes with different interpolation methods in one channel
09:34:10 | WARNING: Baking animation because there are keyframes with different interpolation methods in one channel
09:34:10 | WARNING: Baking animation because there are keyframes with different interpolation methods in one channel
09:34:10 | WARNING: Baking animation because there are keyframes with different interpolation methods in one channel
09:34:10 | WARNING: Baking animation because there are keyframes with different interpolation methods in one channel
09:34:10 | WARNING: Baking animation because there are keyframes with different interpolation methods in one channel
09:34:10 | WARNING: Baking animation because there are keyframes with different interpolation methods in one channel
09:34:10 | WARNING: Baking animation because there are keyframes with different interpolation methods in one channel
09:34:10 | WARNING: Baking animation because there are keyframes with different interpolation methods in one channel
09:34:10 | WARNING: Baking animation because there are keyframes with different interpolation methods in one channel
09:34:10 | WARNING: Baking animation because there are keyframes with different interpolation methods in one channel
09:34:10 | WARNING: Baking animation because there are keyframes with different interpolation methods in one channel
09:34:10 | WARNING: Baking animation because there are keyframes with different interpolation methods in one channel
09:34:10 | WARNING: Baking animation because there are keyframes with different interpolation methods in one channel
09:34:10 | WARNING: Baking animation because there are keyframes with different interpolation methods in one channel
09:34:10 | WARNING: Baking animation because there are keyframes with different interpolation methods in one channel
09:34:10 | WARNING: Baking animation because there are keyframes with different interpolation methods in one channel
09:34:10 | WARNING: Baking animation because there are keyframes with different interpolation methods in one channel
09:34:10 | WARNING: Baking animation because there are keyframes with different interpolation methods in one channel
09:34:10 | WARNING: Baking animation because there are keyframes with different interpolation methods in one channel
09:34:10 | WARNING: Baking animation because there are keyframes with different interpolation methods in one channel
09:34:10 | WARNING: Baking animation because there are keyframes with different interpolation methods in one channel
09:34:10 | WARNING: Baking animation because there are keyframes with different interpolation methods in one channel
09:34:10 | WARNING: Baking animation because there are keyframes with different interpolation methods in one channel
09:34:10 | WARNING: Baking animation because there are keyframes with different interpolation methods in one channel
09:34:10 | WARNING: Baking animation because there are keyframes with different interpolation methods in one channel
09:34:10 | WARNING: Baking animation because there are keyframes with different interpolation methods in one channel
09:34:10 | WARNING: Baking animation because there are keyframes with different interpolation methods in one channel
09:34:10 | WARNING: Baking animation because there are keyframes with different interpolation methods in one channel
09:34:10 | WARNING: Baking animation because there are keyframes with different interpolation methods in one channel
09:34:10 | WARNING: Baking animation because there are keyframes with different interpolation methods in one channel
09:34:10 | WARNING: Baking animation because there are keyframes with different interpolation methods in one channel
09:34:10 | WARNING: Baking animation because there are keyframes with different interpolation methods in one channel
09:34:10 | WARNING: Baking animation because there are keyframes with different interpolation methods in one channel
09:34:10 | WARNING: Baking animation because there are keyframes with different interpolation methods in one channel
09:34:10 | WARNING: Baking animation because there are keyframes with different interpolation methods in one channel
09:34:10 | WARNING: Baking animation because there are keyframes with different interpolation methods in one channel
09:34:10 | WARNING: Baking animation because there are keyframes with different interpolation methods in one channel
09:34:10 | WARNING: Baking animation because there are keyframes with different interpolation methods in one channel
09:34:10 | WARNING: Baking animation because there are keyframes with different interpolation methods in one channel
09:34:10 | WARNING: Baking animation because there are keyframes with different interpolation methods in one channel
09:34:10 | WARNING: Baking animation because there are keyframes with different interpolation methods in one channel
09:34:10 | WARNING: Baking animation because there are keyframes with different interpolation methods in one channel
09:34:10 | WARNING: Baking animation because there are keyframes with different interpolation methods in one channel
09:34:10 | WARNING: Baking animation because there are keyframes with different interpolation methods in one channel
09:34:10 | WARNING: Baking animation because there are keyframes with different interpolation methods in one channel
09:34:10 | WARNING: Baking animation because there are keyframes with different interpolation methods in one channel
09:34:10 | WARNING: Baking animation because there are keyframes with different interpolation methods in one channel
09:34:10 | WARNING: Baking animation because there are keyframes with different interpolation methods in one channel
09:34:10 | WARNING: Baking animation because there are keyframes with different interpolation methods in one channel
09:34:10 | WARNING: Baking animation because there are keyframes with different interpolation methods in one channel
09:34:10 | WARNING: Baking animation because there are keyframes with different interpolation methods in one channel
09:34:10 | WARNING: Baking animation because there are keyframes with different interpolation methods in one channel
09:34:10 | WARNING: Baking animation because there are keyframes with different interpolation methods in one channel
09:34:19 | WARNING: Baking animation because there are keyframes with different interpolation methods in one channel
09:34:19 | WARNING: Baking animation because there are keyframes with different interpolation methods in one channel
09:34:19 | WARNING: Baking animation because there are keyframes with different interpolation methods in one channel
09:34:19 | WARNING: Baking animation because there are keyframes with different interpolation methods in one channel
09:34:19 | WARNING: Baking animation because there are keyframes with different interpolation methods in one channel
09:34:19 | WARNING: Baking animation because there are keyframes with different interpolation methods in one channel
09:34:19 | WARNING: Baking animation because there are keyframes with different interpolation methods in one channel
09:34:19 | WARNING: Baking animation because there are keyframes with different interpolation methods in one channel
09:34:19 | WARNING: Baking animation because there are keyframes with different interpolation methods in one channel
09:34:19 | WARNING: Baking animation because there are keyframes with different interpolation methods in one channel
09:34:19 | WARNING: Baking animation because there are keyframes with different interpolation methods in one channel
09:34:19 | WARNING: Baking animation because there are keyframes with different interpolation methods in one channel
09:34:19 | WARNING: Baking animation because there are keyframes with different interpolation methods in one channel
09:34:19 | WARNING: Baking animation because there are keyframes with different interpolation methods in one channel
09:34:19 | WARNING: Baking animation because there are keyframes with different interpolation methods in one channel
09:34:19 | WARNING: Baking animation because there are keyframes with different interpolation methods in one channel
09:34:19 | WARNING: Baking animation because there are keyframes with different interpolation methods in one channel
09:34:19 | WARNING: Baking animation because there are keyframes with different interpolation methods in one channel
09:34:19 | WARNING: Baking animation because there are keyframes with different interpolation methods in one channel
09:34:19 | WARNING: Baking animation because there are keyframes with different interpolation methods in one channel
09:34:19 | WARNING: Baking animation because there are keyframes with different interpolation methods in one channel
09:34:19 | WARNING: Baking animation because there are keyframes with different interpolation methods in one channel
09:34:19 | WARNING: Baking animation because there are keyframes with different interpolation methods in one channel
09:34:19 | WARNING: Baking animation because there are keyframes with different interpolation methods in one channel
09:34:19 | WARNING: Baking animation because there are keyframes with different interpolation methods in one channel
09:34:19 | WARNING: Baking animation because there are keyframes with different interpolation methods in one channel
09:34:19 | WARNING: Baking animation because there are keyframes with different interpolation methods in one channel
09:34:19 | WARNING: Baking animation because there are keyframes with different interpolation methods in one channel
09:34:19 | WARNING: Baking animation because there are keyframes with different interpolation methods in one channel
09:34:19 | WARNING: Baking animation because there are keyframes with different interpolation methods in one channel
09:34:19 | WARNING: Baking animation because there are keyframes with different interpolation methods in one channel
09:34:19 | WARNING: Baking animation because there are keyframes with different interpolation methods in one channel
09:34:19 | WARNING: Baking animation because there are keyframes with different interpolation methods in one channel
09:34:19 | WARNING: Baking animation because there are keyframes with different interpolation methods in one channel
09:34:19 | WARNING: Baking animation because there are keyframes with different interpolation methods in one channel
09:34:19 | WARNING: Baking animation because there are keyframes with different interpolation methods in one channel
09:34:19 | WARNING: Baking animation because there are keyframes with different interpolation methods in one channel
09:34:19 | WARNING: Baking animation because there are keyframes with different interpolation methods in one channel
09:34:19 | WARNING: Baking animation because there are keyframes with different interpolation methods in one channel
09:34:19 | WARNING: Baking animation because there are keyframes with different interpolation methods in one channel
09:34:19 | WARNING: Baking animation because there are keyframes with different interpolation methods in one channel
09:34:19 | WARNING: Baking animation because there are keyframes with different interpolation methods in one channel
09:34:19 | WARNING: Baking animation because there are keyframes with different interpolation methods in one channel
09:34:19 | WARNING: Baking animation because there are keyframes with different interpolation methods in one channel
09:34:19 | WARNING: Baking animation because there are keyframes with different interpolation methods in one channel
09:34:19 | WARNING: Baking animation because there are keyframes with different interpolation methods in one channel
09:34:19 | WARNING: Baking animation because there are keyframes with different interpolation methods in one channel
09:34:19 | WARNING: Baking animation because there are keyframes with different interpolation methods in one channel
09:34:19 | WARNING: Baking animation because there are keyframes with different interpolation methods in one channel
09:34:19 | WARNING: Baking animation because there are keyframes with different interpolation methods in one channel
09:34:19 | WARNING: Baking animation because there are keyframes with different interpolation methods in one channel
09:34:19 | WARNING: Baking animation because there are keyframes with different interpolation methods in one channel
09:34:19 | WARNING: Baking animation because there are keyframes with different interpolation methods in one channel
09:34:20 | WARNING: Baking animation because there are keyframes with different interpolation methods in one channel
09:34:20 | WARNING: Baking animation because there are keyframes with different interpolation methods in one channel
09:34:20 | WARNING: Baking animation because there are keyframes with different interpolation methods in one channel
09:34:20 | WARNING: Baking animation because there are keyframes with different interpolation methods in one channel
09:34:20 | WARNING: Baking animation because there are keyframes with different interpolation methods in one channel
09:34:20 | WARNING: Baking animation because there are keyframes with different interpolation methods in one channel
09:34:20 | WARNING: Baking animation because there are keyframes with different interpolation methods in one channel
09:34:20 | WARNING: Baking animation because there are keyframes with different interpolation methods in one channel
09:34:20 | WARNING: Baking animation because there are keyframes with different interpolation methods in one channel
09:34:20 | WARNING: Baking animation because there are keyframes with different interpolation methods in one channel
09:34:20 | WARNING: Baking animation because there are keyframes with different interpolation methods in one channel
09:34:20 | WARNING: Baking animation because there are keyframes with different interpolation methods in one channel
09:34:20 | WARNING: Baking animation because there are keyframes with different interpolation methods in one channel
09:34:20 | WARNING: Baking animation because there are keyframes with different interpolation methods in one channel
09:34:20 | WARNING: Baking animation because there are keyframes with different interpolation methods in one channel
09:34:20 | WARNING: Baking animation because there are keyframes with different interpolation methods in one channel
09:34:20 | WARNING: Baking animation because there are keyframes with different interpolation methods in one channel
09:34:20 | WARNING: Baking animation because there are keyframes with different interpolation methods in one channel
09:34:20 | WARNING: Baking animation because there are keyframes with different interpolation methods in one channel
09:34:20 | WARNING: Baking animation because there are keyframes with different interpolation methods in one channel
09:34:20 | WARNING: Baking animation because there are keyframes with different interpolation methods in one channel
09:34:20 | WARNING: Baking animation because there are keyframes with different interpolation methods in one channel
09:34:20 | WARNING: Baking animation because there are keyframes with different interpolation methods in one channel
09:34:20 | WARNING: Baking animation because there are keyframes with different interpolation methods in one channel
09:34:20 | WARNING: Baking animation because there are keyframes with different interpolation methods in one channel
09:34:20 | WARNING: Baking animation because there are keyframes with different interpolation methods in one channel
09:34:20 | WARNING: Baking animation because there are keyframes with different interpolation methods in one channel
09:34:20 | WARNING: Baking animation because there are keyframes with different interpolation methods in one channel
09:34:20 | WARNING: Baking animation because there are keyframes with different interpolation methods in one channel
09:34:20 | WARNING: Baking animation because there are keyframes with different interpolation methods in one channel
09:34:20 | WARNING: Baking animation because there are keyframes with different interpolation methods in one channel
09:34:20 | WARNING: Baking animation because there are keyframes with different interpolation methods in one channel
09:34:20 | WARNING: Baking animation because there are keyframes with different interpolation methods in one channel
09:34:20 | WARNING: Baking animation because there are keyframes with different interpolation methods in one channel
09:34:20 | WARNING: Baking animation because there are keyframes with different interpolation methods in one channel
09:34:20 | WARNING: Baking animation because there are keyframes with different interpolation methods in one channel
09:34:20 | WARNING: Baking animation because there are keyframes with different interpolation methods in one channel
09:34:20 | WARNING: Baking animation because there are keyframes with different interpolation methods in one channel
09:34:20 | WARNING: Baking animation because there are keyframes with different interpolation methods in one channel
09:34:20 | WARNING: Baking animation because there are keyframes with different interpolation methods in one channel
09:34:20 | WARNING: Baking animation because there are keyframes with different interpolation methods in one channel
09:34:20 | WARNING: Baking animation because there are keyframes with different interpolation methods in one channel
09:34:20 | WARNING: Baking animation because there are keyframes with different interpolation methods in one channel
09:34:20 | WARNING: Baking animation because there are keyframes with different interpolation methods in one channel
09:34:20 | WARNING: Baking animation because there are keyframes with different interpolation methods in one channel
09:34:20 | WARNING: Baking animation because there are keyframes with different interpolation methods in one channel
09:34:20 | WARNING: Baking animation because there are keyframes with different interpolation methods in one channel
09:34:20 | WARNING: Baking animation because there are keyframes with different interpolation methods in one channel
09:34:20 | WARNING: Baking animation because there are keyframes with different interpolation methods in one channel
09:34:20 | WARNING: Baking animation because there are keyframes with different interpolation methods in one channel
09:34:20 | WARNING: Baking animation because there are keyframes with different interpolation methods in one channel
09:34:20 | WARNING: Baking animation because there are keyframes with different interpolation methods in one channel
09:34:20 | WARNING: Baking animation because there are keyframes with different interpolation methods in one channel
09:34:24 | INFO: Finished glTF 2.0 export in 52.76279163360596 s

D18_DONE failed=[]
D18_DONE non_ok_bools=[]

Blender quit
Error: Not freed memory blocks: 7806, total unfreed memory 0.828075 MB
