Blender 4.5.0 (hash 8cb6b388974a built 2025-07-15 01:36:24)
Read blend: "I:\工作项目\BIGMANFIGHT\角色资产\美术资产\bigman_v001\bigman_anim_v001.blend"
Fra:0 Mem:88.42M (Peak 91.61M) | Time:00:00.65 | Rendering 1 / 64 samples
Fra:0 Mem:88.42M (Peak 91.61M) | Time:00:00.68 | Rendering 25 / 64 samples
Fra:0 Mem:88.42M (Peak 91.61M) | Time:00:00.72 | Rendering 50 / 64 samples
Fra:0 Mem:88.42M (Peak 91.61M) | Time:00:00.74 | Rendering 64 / 64 samples
Fra:0 Mem:56.38M (Peak 101.51M) | Time:00:00.76 | Compositing
Saved: 'I:\工作项目\BIGMANFIGHT\角色资产\美术资产\bigman_v001\previews\anim\combo01_side_f0000.png'
Time: 00:00.81 (Saving: 00:00.04)

Fra:15 Mem:90.49M (Peak 93.64M) | Time:00:00.33 | Rendering 1 / 64 samples
Fra:15 Mem:90.49M (Peak 93.64M) | Time:00:00.37 | Rendering 25 / 64 samples
Fra:15 Mem:90.49M (Peak 93.64M) | Time:00:00.40 | Rendering 50 / 64 samples
Fra:15 Mem:90.49M (Peak 93.64M) | Time:00:00.42 | Rendering 64 / 64 samples
Fra:15 Mem:58.45M (Peak 103.58M) | Time:00:00.45 | Compositing
Saved: 'I:\工作项目\BIGMANFIGHT\角色资产\美术资产\bigman_v001\previews\anim\combo01_side_f0015.png'
Time: 00:00.50 (Saving: 00:00.03)

Fra:30 Mem:90.49M (Peak 93.65M) | Time:00:00.31 | Rendering 1 / 64 samples
Fra:30 Mem:90.49M (Peak 93.65M) | Time:00:00.34 | Rendering 25 / 64 samples
Fra:30 Mem:90.49M (Peak 93.65M) | Time:00:00.37 | Rendering 50 / 64 samples
Fra:30 Mem:90.49M (Peak 93.65M) | Time:00:00.39 | Rendering 64 / 64 samples
Fra:30 Mem:58.45M (Peak 103.58M) | Time:00:00.41 | Compositing
Saved: 'I:\工作项目\BIGMANFIGHT\角色资产\美术资产\bigman_v001\previews\anim\combo01_side_f0030.png'
Time: 00:00.45 (Saving: 00:00.03)

Fra:33 Mem:90.49M (Peak 93.65M) | Time:00:00.30 | Rendering 1 / 64 samples
Fra:33 Mem:90.49M (Peak 93.65M) | Time:00:00.33 | Rendering 25 / 64 samples
Fra:33 Mem:90.49M (Peak 93.65M) | Time:00:00.36 | Rendering 50 / 64 samples
Fra:33 Mem:90.49M (Peak 93.65M) | Time:00:00.38 | Rendering 64 / 64 samples
Fra:33 Mem:58.45M (Peak 103.58M) | Time:00:00.40 | Compositing
Saved: 'I:\工作项目\BIGMANFIGHT\角色资产\美术资产\bigman_v001\previews\anim\combo01_side_f0033.png'
Time: 00:00.45 (Saving: 00:00.03)

Fra:48 Mem:90.49M (Peak 93.65M) | Time:00:00.30 | Rendering 1 / 64 samples
Fra:48 Mem:90.49M (Peak 93.65M) | Time:00:00.33 | Rendering 25 / 64 samples
Fra:48 Mem:90.49M (Peak 93.65M) | Time:00:00.37 | Rendering 50 / 64 samples
Fra:48 Mem:90.49M (Peak 93.65M) | Time:00:00.38 | Rendering 64 / 64 samples
Fra:48 Mem:58.45M (Peak 103.58M) | Time:00:00.41 | Compositing
Saved: 'I:\工作项目\BIGMANFIGHT\角色资产\美术资产\bigman_v001\previews\anim\combo01_side_f0048.png'
Time: 00:00.45 (Saving: 00:00.03)

Fra:0 Mem:90.49M (Peak 93.65M) | Time:00:00.30 | Rendering 1 / 64 samples
Fra:0 Mem:90.49M (Peak 93.65M) | Time:00:00.33 | Rendering 25 / 64 samples
Fra:0 Mem:90.49M (Peak 93.65M) | Time:00:00.36 | Rendering 50 / 64 samples
Fra:0 Mem:90.49M (Peak 93.65M) | Time:00:00.38 | Rendering 64 / 64 samples
Fra:0 Mem:58.45M (Peak 103.58M) | Time:00:00.41 | Compositing
Saved: 'I:\工作项目\BIGMANFIGHT\角色资产\美术资产\bigman_v001\previews\anim\combo01_front_f0000.png'
Time: 00:00.45 (Saving: 00:00.03)

Fra:15 Mem:90.49M (Peak 93.65M) | Time:00:00.30 | Rendering 1 / 64 samples
Fra:15 Mem:90.49M (Peak 93.65M) | Time:00:00.33 | Rendering 25 / 64 samples
Fra:15 Mem:90.49M (Peak 93.65M) | Time:00:00.36 | Rendering 50 / 64 samples
Fra:15 Mem:90.49M (Peak 93.65M) | Time:00:00.38 | Rendering 64 / 64 samples
Fra:15 Mem:58.45M (Peak 103.58M) | Time:00:00.40 | Compositing
Saved: 'I:\工作项目\BIGMANFIGHT\角色资产\美术资产\bigman_v001\previews\anim\combo01_front_f0015.png'
Time: 00:00.45 (Saving: 00:00.03)

Fra:30 Mem:90.49M (Peak 93.65M) | Time:00:00.30 | Rendering 1 / 64 samples
Fra:30 Mem:90.49M (Peak 93.65M) | Time:00:00.33 | Rendering 25 / 64 samples
Fra:30 Mem:90.49M (Peak 93.65M) | Time:00:00.36 | Rendering 50 / 64 samples
Fra:30 Mem:90.49M (Peak 93.65M) | Time:00:00.38 | Rendering 64 / 64 samples
Fra:30 Mem:58.45M (Peak 103.59M) | Time:00:00.40 | Compositing
Saved: 'I:\工作项目\BIGMANFIGHT\角色资产\美术资产\bigman_v001\previews\anim\combo01_front_f0030.png'
Time: 00:00.45 (Saving: 00:00.03)

Fra:48 Mem:90.49M (Peak 93.65M) | Time:00:00.30 | Rendering 1 / 64 samples
Fra:48 Mem:90.49M (Peak 93.65M) | Time:00:00.33 | Rendering 25 / 64 samples
Fra:48 Mem:90.49M (Peak 93.65M) | Time:00:00.36 | Rendering 50 / 64 samples
Fra:48 Mem:90.49M (Peak 93.65M) | Time:00:00.38 | Rendering 64 / 64 samples
Fra:48 Mem:58.45M (Peak 103.59M) | Time:00:00.40 | Compositing
Saved: 'I:\工作项目\BIGMANFIGHT\角色资产\美术资产\bigman_v001\previews\anim\combo01_front_f0048.png'
Time: 00:00.45 (Saving: 00:00.04)

Fra:0 Mem:90.49M (Peak 93.65M) | Time:00:00.30 | Rendering 1 / 64 samples
Fra:0 Mem:90.49M (Peak 93.65M) | Time:00:00.33 | Rendering 25 / 64 samples
Fra:0 Mem:90.49M (Peak 93.65M) | Time:00:00.36 | Rendering 50 / 64 samples
Fra:0 Mem:90.49M (Peak 93.65M) | Time:00:00.38 | Rendering 64 / 64 samples
Fra:0 Mem:58.45M (Peak 103.59M) | Time:00:00.40 | Compositing
Saved: 'I:\工作项目\BIGMANFIGHT\角色资产\美术资产\bigman_v001\previews\anim\combo01_three_quarter_f0000.png'
Time: 00:00.45 (Saving: 00:00.03)

Fra:15 Mem:90.49M (Peak 93.65M) | Time:00:00.29 | Rendering 1 / 64 samples
Fra:15 Mem:90.49M (Peak 93.65M) | Time:00:00.33 | Rendering 25 / 64 samples
Fra:15 Mem:90.49M (Peak 93.65M) | Time:00:00.36 | Rendering 50 / 64 samples
Fra:15 Mem:90.49M (Peak 93.65M) | Time:00:00.37 | Rendering 64 / 64 samples
Fra:15 Mem:58.45M (Peak 103.59M) | Time:00:00.39 | Compositing
Saved: 'I:\工作项目\BIGMANFIGHT\角色资产\美术资产\bigman_v001\previews\anim\combo01_three_quarter_f0015.png'
Time: 00:00.44 (Saving: 00:00.04)

Fra:30 Mem:90.49M (Peak 93.65M) | Time:00:00.31 | Rendering 1 / 64 samples
Fra:30 Mem:90.49M (Peak 93.65M) | Time:00:00.34 | Rendering 25 / 64 samples
Fra:30 Mem:90.49M (Peak 93.65M) | Time:00:00.37 | Rendering 50 / 64 samples
Fra:30 Mem:90.49M (Peak 93.65M) | Time:00:00.39 | Rendering 64 / 64 samples
Fra:30 Mem:58.45M (Peak 103.59M) | Time:00:00.41 | Compositing
Saved: 'I:\工作项目\BIGMANFIGHT\角色资产\美术资产\bigman_v001\previews\anim\combo01_three_quarter_f0030.png'
Time: 00:00.45 (Saving: 00:00.03)

Fra:48 Mem:90.49M (Peak 93.65M) | Time:00:00.29 | Rendering 1 / 64 samples
Fra:48 Mem:90.49M (Peak 93.65M) | Time:00:00.33 | Rendering 25 / 64 samples
Fra:48 Mem:90.49M (Peak 93.65M) | Time:00:00.36 | Rendering 50 / 64 samples
Fra:48 Mem:90.49M (Peak 93.65M) | Time:00:00.38 | Rendering 64 / 64 samples
Fra:48 Mem:58.45M (Peak 103.59M) | Time:00:00.40 | Compositing
Saved: 'I:\工作项目\BIGMANFIGHT\角色资产\美术资产\bigman_v001\previews\anim\combo01_three_quarter_f0048.png'
Time: 00:00.45 (Saving: 00:00.04)

C01_LAYOUT {"total_frames": 48, "antic": 15, "hit": 30, "hold": 4, "cancel": 40, "advance_mm": 900.0, "foot_schedule": {"L": [[0, 24], [33, 48]], "R": [[0, 16], [25, 48]]}, "seam_source": ["Heavy_01", 36], "pelvis_y0_mm": -89.388, "L_seam_mm": [152.18, -329.58, 79.74], "R_seam_mm": [-141.58, 140.44, 79.8], "L_end_mm": [143.18, -1158.96, 79.76], "R_end_mm": [-141.58, -848.96, 79.83], "L_step_mm": 829.38, "R_step_mm": 989.39, "seam_sole_mm": {"L": 0.622, "R": -1.574}, "seam_extra_bones": [], "note": "上游接缝 = Heavy_01 的 CANCEL 帧（§0.3：从这一帧起可接连招）；落脚点由出口接缝反推；两脚都换，全程至少一只脚支撑。"}
C01_CALIBRATION {"plant_z_flat_mm": 79.531, "plant_z_tip3_mm": 85.256, "tip3_reach_err_mm": 0.02, "flat_reach_err_mm": 0.019}
C01_Z0 {"L_w0": 0.2097, "L_w1": 0.2296, "R_w0": 0.2729, "R_w1": 0.2961}
C01_SOLE_CALIB {"window_floor_before_and_lift_mm": {"L_w0": [-2.799, 1.999], "L_w1": [-0.0, -0.8], "R_w0": [-0.446, -0.354], "R_w1": [-1.838, 1.038]}, "frozen_shift_mm": {"L_w0": 1.3232, "R_w0": 1.3009, "R_w1": 0.7588, "L_w1": -1.0133}, "target_floor_mm": -0.8}
C01_REPORT {"loop_seamless": null, "ground_min_mm": -1.57, "ground_contact_ok": true, "max_frame_step_deg": 24.385, "max_frame_step_at": [10, "forearm.R"], "no_teleport": true, "bone_travel_mm": {"pelvis": 900.31, "chest": 1027.86, "head": 1355.95, "hand.L": 1702.96, "hand.R": 1376.91}, "seam_start_delta": 0.0, "seam_start_ok": true, "seam_end_pose_delta": 2.384e-07, "seam_end_orient_delta": 1.937e-07, "seam_end_relative_delta": 2.384e-07, "seam_end_raw_delta": 0.9894, "seam_end_orient_bone": "index_03.L", "seam_end_relative_bone": "index_02.L", "root_motion_m": -0.9, "seam_end_ok": true, "root_motion_ok": true, "advance_total_mm": -900.0, "plant_drift_mm": {"L_w0_mm": 0.0155, "L_w1_mm": 0.0151, "R_w0_mm": 0.0054, "R_w1_mm": 0.015}, "stance_plant_ok": true, "plant_sole_mm": {"L_w0": [-0.819, 2.748], "L_w1": [-0.8, 1.055], "R_w0": [-1.574, -0.373], "R_w1": [-0.962, 2.289]}, "stance_sole_ok": true, "unsupported_frames": [], "always_supported_ok": true, "swing_min_clearance_mm": {"L": 27.019, "R": 31.718}, "swing_airborne_ok": true, "hitstop_frozen_steps": [0.0, 0.0, 0.0], "hitstop_present_ok": true, "hitstop_momentum_mm": 70.8, "hitstop_keeps_momentum_ok": true, "fist_rel_range_by_side_mm": {"L": 1895.24, "R": 1851.56}, "fist_rel_path_by_side_mm": {"L": 4560.62, "R": 5173.0}, "fist_rel_range_mm": 1895.24, "fist_rel_path_mm": 5173.0, "amplitude_baseline": {"fist_rel_range_mm": 1218.22, "fist_rel_path_mm": 2401.37, "swing_step_rel_mm": 95.1, "torso_pitch_range_mm": 501.0}, "amplitude_ratio": {"fist_rel_range": 1.556, "fist_rel_path": 2.154}, "fist_rel_range_ok": true, "fist_rel_path_ok": true, "swing_step_rel_by_side_mm": {"L": 145.03, "R": 160.11}, "swing_step_rel_peak_frame": {"L": 25, "R": 17}, "swing_step_rel_mm": 160.11, "swing_step_rel_ratio": 1.684, "swing_step_rel_ok": true, "torso_pitch_range_mm": 767.55, "torso_pitch_peak_mm": 444.49, "torso_pitch_min_mm": -323.07, "torso_pitch_diag_ok": true, "combo_amplitude_ok": true, "power_chain_channels_deg": {"pelvis": 32.0, "spine_01": 28.0, "spine_02": 28.0, "chest": 32.0, "shoulder.L": 28.0, "shoulder.R": 28.0, "thigh.L": 102.537, "shin.L": 91.974, "thigh.R": 74.564, "shin.R": 89.839}, "power_chain_ok": true, "leg_reach_max_ratio": {"L": 0.95606, "R": 0.94431}, "leg_reach_peak": {"L": [44, 785.88], "R": [48, 776.23]}, "ik_reach_ok": true, "return_tail": [21.4976, 20.015, 18.5324, 17.0498, 15.5672, 14.0846, 12.6021, 11.1195, 9.6369, 8.1543, 6.6717, 5.1891, 3.7065, 2.2239, 0.7413], "return_tail_bones": ["forearm.L", "forearm.L", "forearm.L", "forearm.L", "forearm.L", "forearm.L", "forearm.L", "forearm.L", "forearm.L", "forearm.L", "forearm.L", "forearm.L", "forearm.L", "forearm.L", "forearm.L"], "decel_smooth_ok": true, "no_snap_stop_ok": true, "return_tail_zero_frames": 0, "antic_frames": 15, "antic_frames_ok": true, "hitstop_frames": 4, "hitstop_frames_ok": true, "max_abs_euler_y_deg": 66.23, "arm_roll_max_deg": {"upperarm.L": 16.0, "forearm.L": 22.0, "hand.L": 21.0, "upperarm.R": 13.0, "forearm.R": 14.0, "hand.R": 0.0}, "meta": {"anim_id": "Combo_Finish", "loop": false, "category": "连招与特殊技", "note": "连招终结：接 Heavy_01 可取消帧，跨步双拳过顶劈砸，Root Motion 前冲 0.900 m；幅度 ≥ 普通攻击 1.5 倍（骨盆系口径）", "antic_frame": 15, "hit_frame": 30, "cancel_frame": 40, "hitstop_frames": 4, "root_motion_m": [0.0, -0.9], "amplitude_baseline": {"fist_rel_range_mm": 1218.22, "fist_rel_path_mm": 2401.37, "swing_step_rel_mm": 95.1, "torso_pitch_range_mm": 501.0}, "hit_point_m": null, "fps": 60, "frames": [0, 48]}, "failed": [], "non_ok_bools": []}
Info: Saved as "bigman_anim_v001.blend"
INFO Draco mesh compression is available, use library at D:\Program Files\Blender Foundation\Blender 4.5\4.5\scripts\addons_core\io_scene_gltf2\extern_draco.dll
01:53:43 | INFO: Starting glTF 2.0 export
01:53:43 | INFO: Extracting primitive: Mesh
01:53:43 | INFO: Primitives created: 1
01:53:43 | INFO: Extracting primitive: Mesh
01:53:43 | INFO: Primitives created: 1
01:53:43 | INFO: Extracting primitive: Collar_Point_L
01:53:43 | INFO: Primitives created: 1
01:53:43 | INFO: Extracting primitive: Collar_Point_R
01:53:43 | INFO: Primitives created: 1
01:53:43 | INFO: Extracting primitive: Ear_Inner_L
01:53:43 | INFO: Primitives created: 1
01:53:43 | INFO: Extracting primitive: Ear_Inner_R
01:53:43 | INFO: Primitives created: 1
01:53:43 | INFO: Extracting primitive: Ear_L
01:53:43 | INFO: Primitives created: 1
01:53:43 | INFO: Extracting primitive: Ear_Lobe_L
01:53:43 | INFO: Primitives created: 1
01:53:43 | INFO: Extracting primitive: Ear_Lobe_R
01:53:43 | INFO: Primitives created: 1
01:53:43 | INFO: Extracting primitive: Ear_R
01:53:43 | INFO: Primitives created: 1
01:53:43 | INFO: Extracting primitive: Eye_Glint_L
01:53:43 | INFO: Primitives created: 1
01:53:43 | INFO: Extracting primitive: Eye_Glint_R
01:53:43 | INFO: Primitives created: 1
01:53:43 | INFO: Extracting primitive: Eye_Line_Upper_L
01:53:43 | INFO: Primitives created: 1
01:53:43 | INFO: Extracting primitive: Eye_Line_Upper_R
01:53:43 | INFO: Primitives created: 1
01:53:43 | INFO: Extracting primitive: Eye_White_L
01:53:43 | INFO: Primitives created: 1
01:53:43 | INFO: Extracting primitive: Eye_White_R
01:53:43 | INFO: Primitives created: 1
01:53:43 | INFO: Extracting primitive: Eyebrow_L
01:53:43 | INFO: Primitives created: 1
01:53:43 | INFO: Extracting primitive: Eyebrow_R
01:53:43 | INFO: Primitives created: 1
01:53:43 | INFO: Extracting primitive: Eyelid_Lower_L
01:53:43 | INFO: Primitives created: 1
01:53:43 | INFO: Extracting primitive: Eyelid_Lower_R
01:53:43 | INFO: Primitives created: 1
01:53:43 | INFO: Extracting primitive: Eyelid_Upper_L
01:53:43 | INFO: Primitives created: 1
01:53:43 | INFO: Extracting primitive: Eyelid_Upper_R
01:53:43 | INFO: Primitives created: 1
01:53:43 | INFO: Extracting primitive: Mesh
01:53:43 | INFO: Primitives created: 1
01:53:43 | INFO: Extracting primitive: Mesh
01:53:43 | INFO: Primitives created: 1
01:53:43 | INFO: Extracting primitive: Mesh
01:53:43 | INFO: Primitives created: 1
01:53:43 | INFO: Extracting primitive: Mesh
01:53:43 | INFO: Primitives created: 1
01:53:43 | INFO: Extracting primitive: Mesh
01:53:43 | INFO: Primitives created: 1
01:53:43 | INFO: Extracting primitive: Mesh
01:53:43 | INFO: Primitives created: 1
01:53:43 | INFO: Extracting primitive: Mesh
01:53:43 | INFO: Primitives created: 1
01:53:43 | INFO: Extracting primitive: Mesh
01:53:43 | INFO: Primitives created: 1
01:53:43 | INFO: Extracting primitive: Glasses_Bridge
01:53:43 | INFO: Primitives created: 1
01:53:43 | INFO: Extracting primitive: Glasses_Frame_L
01:53:43 | INFO: Primitives created: 1
01:53:43 | INFO: Extracting primitive: Glasses_Frame_R
01:53:43 | INFO: Primitives created: 1
01:53:43 | INFO: Extracting primitive: Glasses_Temple_L
01:53:43 | INFO: Primitives created: 1
01:53:43 | INFO: Extracting primitive: Glasses_Temple_R
01:53:43 | INFO: Primitives created: 1
01:53:43 | INFO: Extracting primitive: Mesh
01:53:43 | INFO: Primitives created: 1
01:53:43 | INFO: Extracting primitive: Mesh
01:53:43 | INFO: Primitives created: 1
01:53:43 | INFO: Extracting primitive: Mesh
01:53:43 | INFO: Primitives created: 1
01:53:43 | INFO: Extracting primitive: Mesh
01:53:43 | INFO: Primitives created: 1
01:53:43 | INFO: Extracting primitive: Mesh
01:53:43 | INFO: Primitives created: 1
01:53:43 | INFO: Extracting primitive: Iris_L
01:53:43 | INFO: Primitives created: 1
01:53:43 | INFO: Extracting primitive: Iris_R
01:53:43 | INFO: Primitives created: 1
01:53:43 | INFO: Extracting primitive: Iris_Ring_L
01:53:43 | INFO: Primitives created: 1
01:53:43 | INFO: Extracting primitive: Iris_Ring_R
01:53:43 | INFO: Primitives created: 1
01:53:43 | INFO: Extracting primitive: Jacket_Back_Seam
01:53:43 | INFO: Primitives created: 1
01:53:43 | INFO: Extracting primitive: Jacket_Button_1
01:53:43 | INFO: Primitives created: 1
01:53:43 | INFO: Extracting primitive: Jacket_Button_2
01:53:43 | INFO: Primitives created: 1
01:53:43 | INFO: Extracting primitive: Jacket_Collar
01:53:43 | INFO: Primitives created: 1
01:53:43 | INFO: Extracting primitive: Jacket_Lapel_L
01:53:43 | INFO: Primitives created: 1
01:53:43 | INFO: Extracting primitive: Jacket_Lapel_R
01:53:43 | INFO: Primitives created: 1
01:53:43 | INFO: Extracting primitive: Jacket_Vent
01:53:43 | INFO: Primitives created: 1
01:53:43 | INFO: Extracting primitive: Lapel_Fold_L
01:53:43 | INFO: Primitives created: 1
01:53:43 | INFO: Extracting primitive: Lapel_Fold_R
01:53:43 | INFO: Primitives created: 1
01:53:43 | INFO: Extracting primitive: Lapel_Notch_L
01:53:43 | INFO: Primitives created: 1
01:53:43 | INFO: Extracting primitive: Lapel_Notch_R
01:53:43 | INFO: Primitives created: 1
01:53:43 | INFO: Extracting primitive: Lower_Lip
01:53:43 | INFO: Primitives created: 1
01:53:43 | INFO: Extracting primitive: Mouth_Line
01:53:43 | INFO: Primitives created: 1
01:53:43 | INFO: Extracting primitive: Mesh
01:53:43 | INFO: Primitives created: 1
01:53:43 | INFO: Extracting primitive: Mesh
01:53:43 | INFO: Primitives created: 1
01:53:43 | INFO: Extracting primitive: Nose_Wing_L
01:53:43 | INFO: Primitives created: 1
01:53:43 | INFO: Extracting primitive: Nose_Wing_R
01:53:43 | INFO: Primitives created: 1
01:53:43 | INFO: Extracting primitive: Pocket_Flap_L
01:53:43 | INFO: Primitives created: 1
01:53:43 | INFO: Extracting primitive: Pocket_Flap_R
01:53:43 | INFO: Primitives created: 1
01:53:43 | INFO: Extracting primitive: Pupil_L
01:53:43 | INFO: Primitives created: 1
01:53:43 | INFO: Extracting primitive: Pupil_R
01:53:43 | INFO: Primitives created: 1
01:53:43 | INFO: Extracting primitive: Shirt_Collar
01:53:43 | INFO: Primitives created: 1
01:53:43 | INFO: Extracting primitive: Shirt_Cuff_L
01:53:43 | INFO: Primitives created: 1
01:53:43 | INFO: Extracting primitive: Shirt_Cuff_R
01:53:43 | INFO: Primitives created: 1
01:53:43 | INFO: Extracting primitive: Shirt_Front
01:53:43 | INFO: Primitives created: 1
01:53:43 | INFO: Extracting primitive: Mesh
01:53:43 | INFO: Primitives created: 1
01:53:43 | INFO: Extracting primitive: Mesh
01:53:43 | INFO: Primitives created: 1
01:53:43 | INFO: Extracting primitive: Mesh
01:53:43 | INFO: Primitives created: 1
01:53:43 | INFO: Extracting primitive: Mesh
01:53:43 | INFO: Primitives created: 1
01:53:43 | INFO: Extracting primitive: Shoe_Toe_Cap_L
01:53:43 | INFO: Primitives created: 1
01:53:43 | INFO: Extracting primitive: Shoe_Toe_Cap_R
01:53:43 | INFO: Primitives created: 1
01:53:43 | INFO: Extracting primitive: Mesh
01:53:43 | INFO: Primitives created: 1
01:53:43 | INFO: Extracting primitive: Mesh
01:53:43 | INFO: Primitives created: 1
01:53:43 | INFO: Extracting primitive: Sleeve_Button_1_L
01:53:43 | INFO: Primitives created: 1
01:53:43 | INFO: Extracting primitive: Sleeve_Button_1_R
01:53:43 | INFO: Primitives created: 1
01:53:43 | INFO: Extracting primitive: Sleeve_Button_2_L
01:53:43 | INFO: Primitives created: 1
01:53:43 | INFO: Extracting primitive: Sleeve_Button_2_R
01:53:43 | INFO: Primitives created: 1
01:53:43 | INFO: Extracting primitive: Sleeve_Button_3_L
01:53:43 | INFO: Primitives created: 1
01:53:43 | INFO: Extracting primitive: Sleeve_Button_3_R
01:53:43 | INFO: Primitives created: 1
01:53:43 | INFO: Extracting primitive: Mesh
01:53:43 | INFO: Primitives created: 1
01:53:43 | INFO: Extracting primitive: Mesh
01:53:43 | INFO: Primitives created: 1
01:53:43 | INFO: Extracting primitive: Mesh
01:53:43 | INFO: Primitives created: 1
01:53:43 | INFO: Extracting primitive: Mesh
01:53:43 | INFO: Primitives created: 1
01:53:43 | INFO: Extracting primitive: Mesh
01:53:43 | INFO: Primitives created: 1
01:53:43 | INFO: Extracting primitive: Mesh
01:53:43 | INFO: Primitives created: 1
01:53:43 | INFO: Extracting primitive: Mesh
01:53:43 | INFO: Primitives created: 1
01:53:43 | INFO: Extracting primitive: Upper_Lip
01:53:43 | INFO: Primitives created: 1
01:53:51 | WARNING: Baking animation because there are keyframes with different interpolation methods in one channel
01:53:51 | WARNING: Baking animation because there are keyframes with different interpolation methods in one channel
01:53:51 | WARNING: Baking animation because there are keyframes with different interpolation methods in one channel
01:53:51 | WARNING: Baking animation because there are keyframes with different interpolation methods in one channel
01:53:51 | WARNING: Baking animation because there are keyframes with different interpolation methods in one channel
01:53:51 | WARNING: Baking animation because there are keyframes with different interpolation methods in one channel
01:53:51 | WARNING: Baking animation because there are keyframes with different interpolation methods in one channel
01:53:51 | WARNING: Baking animation because there are keyframes with different interpolation methods in one channel
01:53:51 | WARNING: Baking animation because there are keyframes with different interpolation methods in one channel
01:53:51 | WARNING: Baking animation because there are keyframes with different interpolation methods in one channel
01:53:51 | WARNING: Baking animation because there are keyframes with different interpolation methods in one channel
01:53:51 | WARNING: Baking animation because there are keyframes with different interpolation methods in one channel
01:53:51 | WARNING: Baking animation because there are keyframes with different interpolation methods in one channel
01:53:51 | WARNING: Baking animation because there are keyframes with different interpolation methods in one channel
01:53:51 | WARNING: Baking animation because there are keyframes with different interpolation methods in one channel
01:53:51 | WARNING: Baking animation because there are keyframes with different interpolation methods in one channel
01:53:51 | WARNING: Baking animation because there are keyframes with different interpolation methods in one channel
01:53:51 | WARNING: Baking animation because there are keyframes with different interpolation methods in one channel
01:53:51 | WARNING: Baking animation because there are keyframes with different interpolation methods in one channel
01:53:51 | WARNING: Baking animation because there are keyframes with different interpolation methods in one channel
01:53:51 | WARNING: Baking animation because there are keyframes with different interpolation methods in one channel
01:53:51 | WARNING: Baking animation because there are keyframes with different interpolation methods in one channel
01:53:51 | WARNING: Baking animation because there are keyframes with different interpolation methods in one channel
01:53:51 | WARNING: Baking animation because there are keyframes with different interpolation methods in one channel
01:53:51 | WARNING: Baking animation because there are keyframes with different interpolation methods in one channel
01:53:51 | WARNING: Baking animation because there are keyframes with different interpolation methods in one channel
01:53:51 | WARNING: Baking animation because there are keyframes with different interpolation methods in one channel
01:53:51 | WARNING: Baking animation because there are keyframes with different interpolation methods in one channel
01:53:51 | WARNING: Baking animation because there are keyframes with different interpolation methods in one channel
01:53:51 | WARNING: Baking animation because there are keyframes with different interpolation methods in one channel
01:53:51 | WARNING: Baking animation because there are keyframes with different interpolation methods in one channel
01:53:51 | WARNING: Baking animation because there are keyframes with different interpolation methods in one channel
01:53:51 | WARNING: Baking animation because there are keyframes with different interpolation methods in one channel
01:53:51 | WARNING: Baking animation because there are keyframes with different interpolation methods in one channel
01:53:51 | WARNING: Baking animation because there are keyframes with different interpolation methods in one channel
01:53:51 | WARNING: Baking animation because there are keyframes with different interpolation methods in one channel
01:53:51 | WARNING: Baking animation because there are keyframes with different interpolation methods in one channel
01:53:51 | WARNING: Baking animation because there are keyframes with different interpolation methods in one channel
01:53:51 | WARNING: Baking animation because there are keyframes with different interpolation methods in one channel
01:53:51 | WARNING: Baking animation because there are keyframes with different interpolation methods in one channel
01:53:51 | WARNING: Baking animation because there are keyframes with different interpolation methods in one channel
01:53:51 | WARNING: Baking animation because there are keyframes with different interpolation methods in one channel
01:53:51 | WARNING: Baking animation because there are keyframes with different interpolation methods in one channel
01:53:51 | WARNING: Baking animation because there are keyframes with different interpolation methods in one channel
01:53:51 | WARNING: Baking animation because there are keyframes with different interpolation methods in one channel
01:53:51 | WARNING: Baking animation because there are keyframes with different interpolation methods in one channel
01:53:51 | WARNING: Baking animation because there are keyframes with different interpolation methods in one channel
01:53:51 | WARNING: Baking animation because there are keyframes with different interpolation methods in one channel
01:53:51 | WARNING: Baking animation because there are keyframes with different interpolation methods in one channel
01:53:51 | WARNING: Baking animation because there are keyframes with different interpolation methods in one channel
01:53:51 | WARNING: Baking animation because there are keyframes with different interpolation methods in one channel
01:53:51 | WARNING: Baking animation because there are keyframes with different interpolation methods in one channel
01:53:51 | WARNING: Baking animation because there are keyframes with different interpolation methods in one channel
01:53:52 | WARNING: Baking animation because there are keyframes with different interpolation methods in one channel
01:53:52 | WARNING: Baking animation because there are keyframes with different interpolation methods in one channel
01:53:52 | WARNING: Baking animation because there are keyframes with different interpolation methods in one channel
01:53:52 | WARNING: Baking animation because there are keyframes with different interpolation methods in one channel
01:53:52 | WARNING: Baking animation because there are keyframes with different interpolation methods in one channel
01:53:52 | WARNING: Baking animation because there are keyframes with different interpolation methods in one channel
01:53:52 | WARNING: Baking animation because there are keyframes with different interpolation methods in one channel
01:53:52 | WARNING: Baking animation because there are keyframes with different interpolation methods in one channel
01:53:52 | WARNING: Baking animation because there are keyframes with different interpolation methods in one channel
01:53:52 | WARNING: Baking animation because there are keyframes with different interpolation methods in one channel
01:53:52 | WARNING: Baking animation because there are keyframes with different interpolation methods in one channel
01:53:52 | WARNING: Baking animation because there are keyframes with different interpolation methods in one channel
01:53:52 | WARNING: Baking animation because there are keyframes with different interpolation methods in one channel
01:53:52 | WARNING: Baking animation because there are keyframes with different interpolation methods in one channel
01:53:52 | WARNING: Baking animation because there are keyframes with different interpolation methods in one channel
01:53:52 | WARNING: Baking animation because there are keyframes with different interpolation methods in one channel
01:53:52 | WARNING: Baking animation because there are keyframes with different interpolation methods in one channel
01:53:52 | WARNING: Baking animation because there are keyframes with different interpolation methods in one channel
01:53:52 | WARNING: Baking animation because there are keyframes with different interpolation methods in one channel
01:53:52 | WARNING: Baking animation because there are keyframes with different interpolation methods in one channel
01:53:52 | WARNING: Baking animation because there are keyframes with different interpolation methods in one channel
01:53:52 | WARNING: Baking animation because there are keyframes with different interpolation methods in one channel
01:53:52 | WARNING: Baking animation because there are keyframes with different interpolation methods in one channel
01:53:52 | WARNING: Baking animation because there are keyframes with different interpolation methods in one channel
01:53:52 | WARNING: Baking animation because there are keyframes with different interpolation methods in one channel
01:53:52 | WARNING: Baking animation because there are keyframes with different interpolation methods in one channel
01:53:52 | WARNING: Baking animation because there are keyframes with different interpolation methods in one channel
01:53:52 | WARNING: Baking animation because there are keyframes with different interpolation methods in one channel
01:53:52 | WARNING: Baking animation because there are keyframes with different interpolation methods in one channel
01:53:52 | WARNING: Baking animation because there are keyframes with different interpolation methods in one channel
01:53:52 | WARNING: Baking animation because there are keyframes with different interpolation methods in one channel
01:53:52 | WARNING: Baking animation because there are keyframes with different interpolation methods in one channel
01:53:52 | WARNING: Baking animation because there are keyframes with different interpolation methods in one channel
01:53:52 | WARNING: Baking animation because there are keyframes with different interpolation methods in one channel
01:53:52 | WARNING: Baking animation because there are keyframes with different interpolation methods in one channel
01:53:52 | WARNING: Baking animation because there are keyframes with different interpolation methods in one channel
01:53:52 | WARNING: Baking animation because there are keyframes with different interpolation methods in one channel
01:53:52 | WARNING: Baking animation because there are keyframes with different interpolation methods in one channel
01:53:52 | WARNING: Baking animation because there are keyframes with different interpolation methods in one channel
01:53:52 | WARNING: Baking animation because there are keyframes with different interpolation methods in one channel
01:53:52 | WARNING: Baking animation because there are keyframes with different interpolation methods in one channel
01:53:52 | WARNING: Baking animation because there are keyframes with different interpolation methods in one channel
01:53:52 | WARNING: Baking animation because there are keyframes with different interpolation methods in one channel
01:53:52 | WARNING: Baking animation because there are keyframes with different interpolation methods in one channel
01:53:52 | WARNING: Baking animation because there are keyframes with different interpolation methods in one channel
01:53:52 | WARNING: Baking animation because there are keyframes with different interpolation methods in one channel
01:53:52 | WARNING: Baking animation because there are keyframes with different interpolation methods in one channel
01:53:52 | WARNING: Baking animation because there are keyframes with different interpolation methods in one channel
01:53:52 | WARNING: Baking animation because there are keyframes with different interpolation methods in one channel
01:53:52 | WARNING: Baking animation because there are keyframes with different interpolation methods in one channel
01:53:52 | WARNING: Baking animation because there are keyframes with different interpolation methods in one channel
01:53:52 | WARNING: Baking animation because there are keyframes with different interpolation methods in one channel
01:53:52 | WARNING: Baking animation because there are keyframes with different interpolation methods in one channel
01:53:52 | WARNING: Baking animation because there are keyframes with different interpolation methods in one channel
01:53:52 | WARNING: Baking animation because there are keyframes with different interpolation methods in one channel
01:53:52 | WARNING: Baking animation because there are keyframes with different interpolation methods in one channel
01:53:52 | WARNING: Baking animation because there are keyframes with different interpolation methods in one channel
01:53:52 | WARNING: Baking animation because there are keyframes with different interpolation methods in one channel
01:53:52 | WARNING: Baking animation because there are keyframes with different interpolation methods in one channel
01:53:52 | WARNING: Baking animation because there are keyframes with different interpolation methods in one channel
01:53:52 | WARNING: Baking animation because there are keyframes with different interpolation methods in one channel
01:53:52 | WARNING: Baking animation because there are keyframes with different interpolation methods in one channel
01:53:52 | WARNING: Baking animation because there are keyframes with different interpolation methods in one channel
01:53:52 | WARNING: Baking animation because there are keyframes with different interpolation methods in one channel
01:53:52 | WARNING: Baking animation because there are keyframes with different interpolation methods in one channel
01:53:52 | WARNING: Baking animation because there are keyframes with different interpolation methods in one channel
01:53:52 | WARNING: Baking animation because there are keyframes with different interpolation methods in one channel
01:53:52 | WARNING: Baking animation because there are keyframes with different interpolation methods in one channel
01:53:52 | WARNING: Baking animation because there are keyframes with different interpolation methods in one channel
01:53:52 | WARNING: Baking animation because there are keyframes with different interpolation methods in one channel
01:53:52 | WARNING: Baking animation because there are keyframes with different interpolation methods in one channel
01:53:52 | WARNING: Baking animation because there are keyframes with different interpolation methods in one channel
01:53:52 | WARNING: Baking animation because there are keyframes with different interpolation methods in one channel
01:53:52 | WARNING: Baking animation because there are keyframes with different interpolation methods in one channel
01:53:52 | WARNING: Baking animation because there are keyframes with different interpolation methods in one channel
01:53:52 | WARNING: Baking animation because there are keyframes with different interpolation methods in one channel
01:53:52 | WARNING: Baking animation because there are keyframes with different interpolation methods in one channel
01:53:52 | WARNING: Baking animation because there are keyframes with different interpolation methods in one channel
01:53:52 | WARNING: Baking animation because there are keyframes with different interpolation methods in one channel
01:53:52 | WARNING: Baking animation because there are keyframes with different interpolation methods in one channel
01:53:52 | WARNING: Baking animation because there are keyframes with different interpolation methods in one channel
01:53:52 | WARNING: Baking animation because there are keyframes with different interpolation methods in one channel
01:53:52 | WARNING: Baking animation because there are keyframes with different interpolation methods in one channel
01:53:52 | WARNING: Baking animation because there are keyframes with different interpolation methods in one channel
01:53:52 | WARNING: Baking animation because there are keyframes with different interpolation methods in one channel
01:53:52 | WARNING: Baking animation because there are keyframes with different interpolation methods in one channel
01:53:52 | WARNING: Baking animation because there are keyframes with different interpolation methods in one channel
01:53:52 | WARNING: Baking animation because there are keyframes with different interpolation methods in one channel
01:53:52 | WARNING: Baking animation because there are keyframes with different interpolation methods in one channel
01:53:52 | WARNING: Baking animation because there are keyframes with different interpolation methods in one channel
01:53:52 | WARNING: Baking animation because there are keyframes with different interpolation methods in one channel
01:53:52 | WARNING: Baking animation because there are keyframes with different interpolation methods in one channel
01:53:52 | WARNING: Baking animation because there are keyframes with different interpolation methods in one channel
01:53:52 | WARNING: Baking animation because there are keyframes with different interpolation methods in one channel
01:53:52 | WARNING: Baking animation because there are keyframes with different interpolation methods in one channel
01:53:52 | WARNING: Baking animation because there are keyframes with different interpolation methods in one channel
01:53:52 | WARNING: Baking animation because there are keyframes with different interpolation methods in one channel
01:53:52 | WARNING: Baking animation because there are keyframes with different interpolation methods in one channel
01:53:52 | WARNING: Baking animation because there are keyframes with different interpolation methods in one channel
01:53:52 | WARNING: Baking animation because there are keyframes with different interpolation methods in one channel
01:53:52 | WARNING: Baking animation because there are keyframes with different interpolation methods in one channel
01:53:52 | WARNING: Baking animation because there are keyframes with different interpolation methods in one channel
01:53:52 | WARNING: Baking animation because there are keyframes with different interpolation methods in one channel
01:53:52 | WARNING: Baking animation because there are keyframes with different interpolation methods in one channel
01:53:52 | WARNING: Baking animation because there are keyframes with different interpolation methods in one channel
01:53:52 | WARNING: Baking animation because there are keyframes with different interpolation methods in one channel
01:53:53 | WARNING: Baking animation because there are keyframes with different interpolation methods in one channel
01:53:53 | WARNING: Baking animation because there are keyframes with different interpolation methods in one channel
01:53:53 | WARNING: Baking animation because there are keyframes with different interpolation methods in one channel
01:53:53 | WARNING: Baking animation because there are keyframes with different interpolation methods in one channel
01:53:53 | WARNING: Baking animation because there are keyframes with different interpolation methods in one channel
01:53:53 | WARNING: Baking animation because there are keyframes with different interpolation methods in one channel
01:53:53 | WARNING: Baking animation because there are keyframes with different interpolation methods in one channel
01:53:53 | WARNING: Baking animation because there are keyframes with different interpolation methods in one channel
01:53:53 | WARNING: Baking animation because there are keyframes with different interpolation methods in one channel
01:53:53 | WARNING: Baking animation because there are keyframes with different interpolation methods in one channel
01:53:53 | WARNING: Baking animation because there are keyframes with different interpolation methods in one channel
01:53:53 | WARNING: Baking animation because there are keyframes with different interpolation methods in one channel
01:53:53 | WARNING: Baking animation because there are keyframes with different interpolation methods in one channel
01:53:53 | WARNING: Baking animation because there are keyframes with different interpolation methods in one channel
01:53:53 | WARNING: Baking animation because there are keyframes with different interpolation methods in one channel
01:53:53 | WARNING: Baking animation because there are keyframes with different interpolation methods in one channel
01:53:53 | WARNING: Baking animation because there are keyframes with different interpolation methods in one channel
01:53:53 | WARNING: Baking animation because there are keyframes with different interpolation methods in one channel
01:53:53 | WARNING: Baking animation because there are keyframes with different interpolation methods in one channel
01:53:53 | WARNING: Baking animation because there are keyframes with different interpolation methods in one channel
01:53:53 | WARNING: Baking animation because there are keyframes with different interpolation methods in one channel
01:53:53 | WARNING: Baking animation because there are keyframes with different interpolation methods in one channel
01:53:53 | WARNING: Baking animation because there are keyframes with different interpolation methods in one channel
01:53:53 | WARNING: Baking animation because there are keyframes with different interpolation methods in one channel
01:53:53 | WARNING: Baking animation because there are keyframes with different interpolation methods in one channel
01:53:53 | WARNING: Baking animation because there are keyframes with different interpolation methods in one channel
01:53:53 | WARNING: Baking animation because there are keyframes with different interpolation methods in one channel
01:53:53 | WARNING: Baking animation because there are keyframes with different interpolation methods in one channel
01:53:53 | WARNING: Baking animation because there are keyframes with different interpolation methods in one channel
01:53:53 | WARNING: Baking animation because there are keyframes with different interpolation methods in one channel
01:53:53 | WARNING: Baking animation because there are keyframes with different interpolation methods in one channel
01:53:53 | WARNING: Baking animation because there are keyframes with different interpolation methods in one channel
01:53:53 | WARNING: Baking animation because there are keyframes with different interpolation methods in one channel
01:53:53 | WARNING: Baking animation because there are keyframes with different interpolation methods in one channel
01:53:53 | WARNING: Baking animation because there are keyframes with different interpolation methods in one channel
01:53:53 | WARNING: Baking animation because there are keyframes with different interpolation methods in one channel
01:53:53 | WARNING: Baking animation because there are keyframes with different interpolation methods in one channel
01:53:53 | WARNING: Baking animation because there are keyframes with different interpolation methods in one channel
01:53:53 | WARNING: Baking animation because there are keyframes with different interpolation methods in one channel
01:53:53 | WARNING: Baking animation because there are keyframes with different interpolation methods in one channel
01:53:53 | WARNING: Baking animation because there are keyframes with different interpolation methods in one channel
01:53:53 | WARNING: Baking animation because there are keyframes with different interpolation methods in one channel
01:53:53 | WARNING: Baking animation because there are keyframes with different interpolation methods in one channel
01:53:53 | WARNING: Baking animation because there are keyframes with different interpolation methods in one channel
01:53:53 | WARNING: Baking animation because there are keyframes with different interpolation methods in one channel
01:53:53 | WARNING: Baking animation because there are keyframes with different interpolation methods in one channel
01:53:53 | WARNING: Baking animation because there are keyframes with different interpolation methods in one channel
01:53:53 | WARNING: Baking animation because there are keyframes with different interpolation methods in one channel
01:53:53 | WARNING: Baking animation because there are keyframes with different interpolation methods in one channel
01:53:53 | WARNING: Baking animation because there are keyframes with different interpolation methods in one channel
01:53:53 | WARNING: Baking animation because there are keyframes with different interpolation methods in one channel
01:53:53 | WARNING: Baking animation because there are keyframes with different interpolation methods in one channel
01:53:53 | WARNING: Baking animation because there are keyframes with different interpolation methods in one channel
01:53:57 | WARNING: Baking animation because there are keyframes with different interpolation methods in one channel
01:53:57 | WARNING: Baking animation because there are keyframes with different interpolation methods in one channel
01:53:57 | WARNING: Baking animation because there are keyframes with different interpolation methods in one channel
01:53:57 | WARNING: Baking animation because there are keyframes with different interpolation methods in one channel
01:53:57 | WARNING: Baking animation because there are keyframes with different interpolation methods in one channel
01:53:57 | WARNING: Baking animation because there are keyframes with different interpolation methods in one channel
01:53:57 | WARNING: Baking animation because there are keyframes with different interpolation methods in one channel
01:53:57 | WARNING: Baking animation because there are keyframes with different interpolation methods in one channel
01:53:57 | WARNING: Baking animation because there are keyframes with different interpolation methods in one channel
01:53:57 | WARNING: Baking animation because there are keyframes with different interpolation methods in one channel
01:53:57 | WARNING: Baking animation because there are keyframes with different interpolation methods in one channel
01:53:57 | WARNING: Baking animation because there are keyframes with different interpolation methods in one channel
01:53:57 | WARNING: Baking animation because there are keyframes with different interpolation methods in one channel
01:53:57 | WARNING: Baking animation because there are keyframes with different interpolation methods in one channel
01:53:57 | WARNING: Baking animation because there are keyframes with different interpolation methods in one channel
01:53:57 | WARNING: Baking animation because there are keyframes with different interpolation methods in one channel
01:53:57 | WARNING: Baking animation because there are keyframes with different interpolation methods in one channel
01:53:57 | WARNING: Baking animation because there are keyframes with different interpolation methods in one channel
01:53:57 | WARNING: Baking animation because there are keyframes with different interpolation methods in one channel
01:53:57 | WARNING: Baking animation because there are keyframes with different interpolation methods in one channel
01:53:57 | WARNING: Baking animation because there are keyframes with different interpolation methods in one channel
01:53:57 | WARNING: Baking animation because there are keyframes with different interpolation methods in one channel
01:53:57 | WARNING: Baking animation because there are keyframes with different interpolation methods in one channel
01:53:57 | WARNING: Baking animation because there are keyframes with different interpolation methods in one channel
01:53:57 | WARNING: Baking animation because there are keyframes with different interpolation methods in one channel
01:53:57 | WARNING: Baking animation because there are keyframes with different interpolation methods in one channel
01:53:57 | WARNING: Baking animation because there are keyframes with different interpolation methods in one channel
01:53:57 | WARNING: Baking animation because there are keyframes with different interpolation methods in one channel
01:53:57 | WARNING: Baking animation because there are keyframes with different interpolation methods in one channel
01:53:57 | WARNING: Baking animation because there are keyframes with different interpolation methods in one channel
01:53:57 | WARNING: Baking animation because there are keyframes with different interpolation methods in one channel
01:53:57 | WARNING: Baking animation because there are keyframes with different interpolation methods in one channel
01:53:57 | WARNING: Baking animation because there are keyframes with different interpolation methods in one channel
01:53:57 | WARNING: Baking animation because there are keyframes with different interpolation methods in one channel
01:53:57 | WARNING: Baking animation because there are keyframes with different interpolation methods in one channel
01:53:57 | WARNING: Baking animation because there are keyframes with different interpolation methods in one channel
01:53:57 | WARNING: Baking animation because there are keyframes with different interpolation methods in one channel
01:53:57 | WARNING: Baking animation because there are keyframes with different interpolation methods in one channel
01:53:57 | WARNING: Baking animation because there are keyframes with different interpolation methods in one channel
01:53:57 | WARNING: Baking animation because there are keyframes with different interpolation methods in one channel
01:53:57 | WARNING: Baking animation because there are keyframes with different interpolation methods in one channel
01:53:57 | WARNING: Baking animation because there are keyframes with different interpolation methods in one channel
01:53:57 | WARNING: Baking animation because there are keyframes with different interpolation methods in one channel
01:53:57 | WARNING: Baking animation because there are keyframes with different interpolation methods in one channel
01:53:57 | WARNING: Baking animation because there are keyframes with different interpolation methods in one channel
01:53:57 | WARNING: Baking animation because there are keyframes with different interpolation methods in one channel
01:53:57 | WARNING: Baking animation because there are keyframes with different interpolation methods in one channel
01:53:57 | WARNING: Baking animation because there are keyframes with different interpolation methods in one channel
01:53:57 | WARNING: Baking animation because there are keyframes with different interpolation methods in one channel
01:53:57 | WARNING: Baking animation because there are keyframes with different interpolation methods in one channel
01:53:57 | WARNING: Baking animation because there are keyframes with different interpolation methods in one channel
01:53:57 | WARNING: Baking animation because there are keyframes with different interpolation methods in one channel
01:53:57 | WARNING: Baking animation because there are keyframes with different interpolation methods in one channel
01:53:58 | WARNING: Baking animation because there are keyframes with different interpolation methods in one channel
01:53:58 | WARNING: Baking animation because there are keyframes with different interpolation methods in one channel
01:53:58 | WARNING: Baking animation because there are keyframes with different interpolation methods in one channel
01:53:58 | WARNING: Baking animation because there are keyframes with different interpolation methods in one channel
01:53:58 | WARNING: Baking animation because there are keyframes with different interpolation methods in one channel
01:53:58 | WARNING: Baking animation because there are keyframes with different interpolation methods in one channel
01:53:58 | WARNING: Baking animation because there are keyframes with different interpolation methods in one channel
01:53:58 | WARNING: Baking animation because there are keyframes with different interpolation methods in one channel
01:53:58 | WARNING: Baking animation because there are keyframes with different interpolation methods in one channel
01:53:58 | WARNING: Baking animation because there are keyframes with different interpolation methods in one channel
01:53:58 | WARNING: Baking animation because there are keyframes with different interpolation methods in one channel
01:53:58 | WARNING: Baking animation because there are keyframes with different interpolation methods in one channel
01:53:58 | WARNING: Baking animation because there are keyframes with different interpolation methods in one channel
01:53:58 | WARNING: Baking animation because there are keyframes with different interpolation methods in one channel
01:53:58 | WARNING: Baking animation because there are keyframes with different interpolation methods in one channel
01:53:58 | WARNING: Baking animation because there are keyframes with different interpolation methods in one channel
01:53:58 | WARNING: Baking animation because there are keyframes with different interpolation methods in one channel
01:53:58 | WARNING: Baking animation because there are keyframes with different interpolation methods in one channel
01:53:58 | WARNING: Baking animation because there are keyframes with different interpolation methods in one channel
01:53:58 | WARNING: Baking animation because there are keyframes with different interpolation methods in one channel
01:53:58 | WARNING: Baking animation because there are keyframes with different interpolation methods in one channel
01:53:58 | WARNING: Baking animation because there are keyframes with different interpolation methods in one channel
01:53:58 | WARNING: Baking animation because there are keyframes with different interpolation methods in one channel
01:53:58 | WARNING: Baking animation because there are keyframes with different interpolation methods in one channel
01:53:58 | WARNING: Baking animation because there are keyframes with different interpolation methods in one channel
01:53:58 | WARNING: Baking animation because there are keyframes with different interpolation methods in one channel
01:53:58 | WARNING: Baking animation because there are keyframes with different interpolation methods in one channel
01:53:58 | WARNING: Baking animation because there are keyframes with different interpolation methods in one channel
01:53:58 | WARNING: Baking animation because there are keyframes with different interpolation methods in one channel
01:53:58 | WARNING: Baking animation because there are keyframes with different interpolation methods in one channel
01:53:58 | WARNING: Baking animation because there are keyframes with different interpolation methods in one channel
01:53:58 | WARNING: Baking animation because there are keyframes with different interpolation methods in one channel
01:53:58 | WARNING: Baking animation because there are keyframes with different interpolation methods in one channel
01:53:58 | WARNING: Baking animation because there are keyframes with different interpolation methods in one channel
01:53:58 | WARNING: Baking animation because there are keyframes with different interpolation methods in one channel
01:53:58 | WARNING: Baking animation because there are keyframes with different interpolation methods in one channel
01:53:58 | WARNING: Baking animation because there are keyframes with different interpolation methods in one channel
01:53:58 | WARNING: Baking animation because there are keyframes with different interpolation methods in one channel
01:53:58 | WARNING: Baking animation because there are keyframes with different interpolation methods in one channel
01:53:58 | WARNING: Baking animation because there are keyframes with different interpolation methods in one channel
01:53:58 | WARNING: Baking animation because there are keyframes with different interpolation methods in one channel
01:53:58 | WARNING: Baking animation because there are keyframes with different interpolation methods in one channel
01:53:58 | WARNING: Baking animation because there are keyframes with different interpolation methods in one channel
01:53:58 | WARNING: Baking animation because there are keyframes with different interpolation methods in one channel
01:53:58 | WARNING: Baking animation because there are keyframes with different interpolation methods in one channel
01:53:58 | WARNING: Baking animation because there are keyframes with different interpolation methods in one channel
01:53:58 | WARNING: Baking animation because there are keyframes with different interpolation methods in one channel
01:53:58 | WARNING: Baking animation because there are keyframes with different interpolation methods in one channel
01:53:58 | WARNING: Baking animation because there are keyframes with different interpolation methods in one channel
01:53:58 | WARNING: Baking animation because there are keyframes with different interpolation methods in one channel
01:53:58 | WARNING: Baking animation because there are keyframes with different interpolation methods in one channel
01:53:58 | WARNING: Baking animation because there are keyframes with different interpolation methods in one channel
01:53:58 | WARNING: Baking animation because there are keyframes with different interpolation methods in one channel
01:54:00 | WARNING: Baking animation because there are keyframes with different interpolation methods in one channel
01:54:00 | WARNING: Baking animation because there are keyframes with different interpolation methods in one channel
01:54:00 | WARNING: Baking animation because there are keyframes with different interpolation methods in one channel
01:54:00 | WARNING: Baking animation because there are keyframes with different interpolation methods in one channel
01:54:00 | WARNING: Baking animation because there are keyframes with different interpolation methods in one channel
01:54:00 | WARNING: Baking animation because there are keyframes with different interpolation methods in one channel
01:54:00 | WARNING: Baking animation because there are keyframes with different interpolation methods in one channel
01:54:00 | WARNING: Baking animation because there are keyframes with different interpolation methods in one channel
01:54:00 | WARNING: Baking animation because there are keyframes with different interpolation methods in one channel
01:54:00 | WARNING: Baking animation because there are keyframes with different interpolation methods in one channel
01:54:00 | WARNING: Baking animation because there are keyframes with different interpolation methods in one channel
01:54:00 | WARNING: Baking animation because there are keyframes with different interpolation methods in one channel
01:54:00 | WARNING: Baking animation because there are keyframes with different interpolation methods in one channel
01:54:00 | WARNING: Baking animation because there are keyframes with different interpolation methods in one channel
01:54:00 | WARNING: Baking animation because there are keyframes with different interpolation methods in one channel
01:54:00 | WARNING: Baking animation because there are keyframes with different interpolation methods in one channel
01:54:00 | WARNING: Baking animation because there are keyframes with different interpolation methods in one channel
01:54:00 | WARNING: Baking animation because there are keyframes with different interpolation methods in one channel
01:54:00 | WARNING: Baking animation because there are keyframes with different interpolation methods in one channel
01:54:00 | WARNING: Baking animation because there are keyframes with different interpolation methods in one channel
01:54:00 | WARNING: Baking animation because there are keyframes with different interpolation methods in one channel
01:54:00 | WARNING: Baking animation because there are keyframes with different interpolation methods in one channel
01:54:00 | WARNING: Baking animation because there are keyframes with different interpolation methods in one channel
01:54:00 | WARNING: Baking animation because there are keyframes with different interpolation methods in one channel
01:54:00 | WARNING: Baking animation because there are keyframes with different interpolation methods in one channel
01:54:00 | WARNING: Baking animation because there are keyframes with different interpolation methods in one channel
01:54:00 | WARNING: Baking animation because there are keyframes with different interpolation methods in one channel
01:54:00 | WARNING: Baking animation because there are keyframes with different interpolation methods in one channel
01:54:00 | WARNING: Baking animation because there are keyframes with different interpolation methods in one channel
01:54:00 | WARNING: Baking animation because there are keyframes with different interpolation methods in one channel
01:54:00 | WARNING: Baking animation because there are keyframes with different interpolation methods in one channel
01:54:00 | WARNING: Baking animation because there are keyframes with different interpolation methods in one channel
01:54:00 | WARNING: Baking animation because there are keyframes with different interpolation methods in one channel
01:54:00 | WARNING: Baking animation because there are keyframes with different interpolation methods in one channel
01:54:00 | WARNING: Baking animation because there are keyframes with different interpolation methods in one channel
01:54:00 | WARNING: Baking animation because there are keyframes with different interpolation methods in one channel
01:54:00 | WARNING: Baking animation because there are keyframes with different interpolation methods in one channel
01:54:00 | WARNING: Baking animation because there are keyframes with different interpolation methods in one channel
01:54:00 | WARNING: Baking animation because there are keyframes with different interpolation methods in one channel
01:54:00 | WARNING: Baking animation because there are keyframes with different interpolation methods in one channel
01:54:00 | WARNING: Baking animation because there are keyframes with different interpolation methods in one channel
01:54:00 | WARNING: Baking animation because there are keyframes with different interpolation methods in one channel
01:54:00 | WARNING: Baking animation because there are keyframes with different interpolation methods in one channel
01:54:00 | WARNING: Baking animation because there are keyframes with different interpolation methods in one channel
01:54:00 | WARNING: Baking animation because there are keyframes with different interpolation methods in one channel
01:54:00 | WARNING: Baking animation because there are keyframes with different interpolation methods in one channel
01:54:00 | WARNING: Baking animation because there are keyframes with different interpolation methods in one channel
01:54:00 | WARNING: Baking animation because there are keyframes with different interpolation methods in one channel
01:54:00 | WARNING: Baking animation because there are keyframes with different interpolation methods in one channel
01:54:00 | WARNING: Baking animation because there are keyframes with different interpolation methods in one channel
01:54:00 | WARNING: Baking animation because there are keyframes with different interpolation methods in one channel
01:54:00 | WARNING: Baking animation because there are keyframes with different interpolation methods in one channel
01:54:00 | WARNING: Baking animation because there are keyframes with different interpolation methods in one channel
01:54:01 | WARNING: Baking animation because there are keyframes with different interpolation methods in one channel
01:54:01 | WARNING: Baking animation because there are keyframes with different interpolation methods in one channel
01:54:01 | WARNING: Baking animation because there are keyframes with different interpolation methods in one channel
01:54:01 | WARNING: Baking animation because there are keyframes with different interpolation methods in one channel
01:54:01 | WARNING: Baking animation because there are keyframes with different interpolation methods in one channel
01:54:01 | WARNING: Baking animation because there are keyframes with different interpolation methods in one channel
01:54:01 | WARNING: Baking animation because there are keyframes with different interpolation methods in one channel
01:54:01 | WARNING: Baking animation because there are keyframes with different interpolation methods in one channel
01:54:01 | WARNING: Baking animation because there are keyframes with different interpolation methods in one channel
01:54:01 | WARNING: Baking animation because there are keyframes with different interpolation methods in one channel
01:54:01 | WARNING: Baking animation because there are keyframes with different interpolation methods in one channel
01:54:01 | WARNING: Baking animation because there are keyframes with different interpolation methods in one channel
01:54:01 | WARNING: Baking animation because there are keyframes with different interpolation methods in one channel
01:54:01 | WARNING: Baking animation because there are keyframes with different interpolation methods in one channel
01:54:01 | WARNING: Baking animation because there are keyframes with different interpolation methods in one channel
01:54:01 | WARNING: Baking animation because there are keyframes with different interpolation methods in one channel
01:54:01 | WARNING: Baking animation because there are keyframes with different interpolation methods in one channel
01:54:01 | WARNING: Baking animation because there are keyframes with different interpolation methods in one channel
01:54:01 | WARNING: Baking animation because there are keyframes with different interpolation methods in one channel
01:54:01 | WARNING: Baking animation because there are keyframes with different interpolation methods in one channel
01:54:01 | WARNING: Baking animation because there are keyframes with different interpolation methods in one channel
01:54:01 | WARNING: Baking animation because there are keyframes with different interpolation methods in one channel
01:54:01 | WARNING: Baking animation because there are keyframes with different interpolation methods in one channel
01:54:01 | WARNING: Baking animation because there are keyframes with different interpolation methods in one channel
01:54:01 | WARNING: Baking animation because there are keyframes with different interpolation methods in one channel
01:54:01 | WARNING: Baking animation because there are keyframes with different interpolation methods in one channel
01:54:01 | WARNING: Baking animation because there are keyframes with different interpolation methods in one channel
01:54:01 | WARNING: Baking animation because there are keyframes with different interpolation methods in one channel
01:54:01 | WARNING: Baking animation because there are keyframes with different interpolation methods in one channel
01:54:01 | WARNING: Baking animation because there are keyframes with different interpolation methods in one channel
01:54:01 | WARNING: Baking animation because there are keyframes with different interpolation methods in one channel
01:54:01 | WARNING: Baking animation because there are keyframes with different interpolation methods in one channel
01:54:01 | WARNING: Baking animation because there are keyframes with different interpolation methods in one channel
01:54:01 | WARNING: Baking animation because there are keyframes with different interpolation methods in one channel
01:54:01 | WARNING: Baking animation because there are keyframes with different interpolation methods in one channel
01:54:01 | WARNING: Baking animation because there are keyframes with different interpolation methods in one channel
01:54:01 | WARNING: Baking animation because there are keyframes with different interpolation methods in one channel
01:54:01 | WARNING: Baking animation because there are keyframes with different interpolation methods in one channel
01:54:01 | WARNING: Baking animation because there are keyframes with different interpolation methods in one channel
01:54:01 | WARNING: Baking animation because there are keyframes with different interpolation methods in one channel
01:54:01 | WARNING: Baking animation because there are keyframes with different interpolation methods in one channel
01:54:01 | WARNING: Baking animation because there are keyframes with different interpolation methods in one channel
01:54:01 | WARNING: Baking animation because there are keyframes with different interpolation methods in one channel
01:54:01 | WARNING: Baking animation because there are keyframes with different interpolation methods in one channel
01:54:01 | WARNING: Baking animation because there are keyframes with different interpolation methods in one channel
01:54:01 | WARNING: Baking animation because there are keyframes with different interpolation methods in one channel
01:54:01 | WARNING: Baking animation because there are keyframes with different interpolation methods in one channel
01:54:01 | WARNING: Baking animation because there are keyframes with different interpolation methods in one channel
01:54:01 | WARNING: Baking animation because there are keyframes with different interpolation methods in one channel
01:54:01 | WARNING: Baking animation because there are keyframes with different interpolation methods in one channel
01:54:01 | WARNING: Baking animation because there are keyframes with different interpolation methods in one channel
01:54:01 | WARNING: Baking animation because there are keyframes with different interpolation methods in one channel
01:54:01 | WARNING: Baking animation because there are keyframes with different interpolation methods in one channel
01:54:01 | WARNING: Baking animation because there are keyframes with different interpolation methods in one channel
01:54:01 | WARNING: Baking animation because there are keyframes with different interpolation methods in one channel
01:54:01 | WARNING: Baking animation because there are keyframes with different interpolation methods in one channel
01:54:01 | WARNING: Baking animation because there are keyframes with different interpolation methods in one channel
01:54:01 | WARNING: Baking animation because there are keyframes with different interpolation methods in one channel
01:54:01 | WARNING: Baking animation because there are keyframes with different interpolation methods in one channel
01:54:01 | WARNING: Baking animation because there are keyframes with different interpolation methods in one channel
01:54:01 | WARNING: Baking animation because there are keyframes with different interpolation methods in one channel
01:54:01 | WARNING: Baking animation because there are keyframes with different interpolation methods in one channel
01:54:01 | WARNING: Baking animation because there are keyframes with different interpolation methods in one channel
01:54:01 | WARNING: Baking animation because there are keyframes with different interpolation methods in one channel
01:54:01 | WARNING: Baking animation because there are keyframes with different interpolation methods in one channel
01:54:01 | WARNING: Baking animation because there are keyframes with different interpolation methods in one channel
01:54:01 | WARNING: Baking animation because there are keyframes with different interpolation methods in one channel
01:54:01 | WARNING: Baking animation because there are keyframes with different interpolation methods in one channel
01:54:01 | WARNING: Baking animation because there are keyframes with different interpolation methods in one channel
01:54:01 | WARNING: Baking animation because there are keyframes with different interpolation methods in one channel
01:54:01 | WARNING: Baking animation because there are keyframes with different interpolation methods in one channel
01:54:01 | WARNING: Baking animation because there are keyframes with different interpolation methods in one channel
01:54:01 | WARNING: Baking animation because there are keyframes with different interpolation methods in one channel
01:54:01 | WARNING: Baking animation because there are keyframes with different interpolation methods in one channel
01:54:01 | WARNING: Baking animation because there are keyframes with different interpolation methods in one channel
01:54:01 | WARNING: Baking animation because there are keyframes with different interpolation methods in one channel
01:54:01 | WARNING: Baking animation because there are keyframes with different interpolation methods in one channel
01:54:01 | WARNING: Baking animation because there are keyframes with different interpolation methods in one channel
01:54:01 | WARNING: Baking animation because there are keyframes with different interpolation methods in one channel
01:54:01 | WARNING: Baking animation because there are keyframes with different interpolation methods in one channel
01:54:01 | WARNING: Baking animation because there are keyframes with different interpolation methods in one channel
01:54:01 | WARNING: Baking animation because there are keyframes with different interpolation methods in one channel
01:54:01 | WARNING: Baking animation because there are keyframes with different interpolation methods in one channel
01:54:01 | WARNING: Baking animation because there are keyframes with different interpolation methods in one channel
01:54:01 | WARNING: Baking animation because there are keyframes with different interpolation methods in one channel
01:54:01 | WARNING: Baking animation because there are keyframes with different interpolation methods in one channel
01:54:01 | WARNING: Baking animation because there are keyframes with different interpolation methods in one channel
01:54:01 | WARNING: Baking animation because there are keyframes with different interpolation methods in one channel
01:54:01 | WARNING: Baking animation because there are keyframes with different interpolation methods in one channel
01:54:01 | WARNING: Baking animation because there are keyframes with different interpolation methods in one channel
01:54:01 | WARNING: Baking animation because there are keyframes with different interpolation methods in one channel
01:54:01 | WARNING: Baking animation because there are keyframes with different interpolation methods in one channel
01:54:01 | WARNING: Baking animation because there are keyframes with different interpolation methods in one channel
01:54:01 | WARNING: Baking animation because there are keyframes with different interpolation methods in one channel
01:54:01 | WARNING: Baking animation because there are keyframes with different interpolation methods in one channel
01:54:01 | WARNING: Baking animation because there are keyframes with different interpolation methods in one channel
01:54:01 | WARNING: Baking animation because there are keyframes with different interpolation methods in one channel
01:54:01 | WARNING: Baking animation because there are keyframes with different interpolation methods in one channel
01:54:01 | WARNING: Baking animation because there are keyframes with different interpolation methods in one channel
01:54:01 | WARNING: Baking animation because there are keyframes with different interpolation methods in one channel
01:54:01 | WARNING: Baking animation because there are keyframes with different interpolation methods in one channel
01:54:01 | WARNING: Baking animation because there are keyframes with different interpolation methods in one channel
01:54:01 | WARNING: Baking animation because there are keyframes with different interpolation methods in one channel
01:54:01 | WARNING: Baking animation because there are keyframes with different interpolation methods in one channel
01:54:01 | WARNING: Baking animation because there are keyframes with different interpolation methods in one channel
01:54:01 | WARNING: Baking animation because there are keyframes with different interpolation methods in one channel
01:54:03 | WARNING: Baking animation because there are keyframes with different interpolation methods in one channel
01:54:03 | WARNING: Baking animation because there are keyframes with different interpolation methods in one channel
01:54:03 | WARNING: Baking animation because there are keyframes with different interpolation methods in one channel
01:54:03 | WARNING: Baking animation because there are keyframes with different interpolation methods in one channel
01:54:03 | WARNING: Baking animation because there are keyframes with different interpolation methods in one channel
01:54:03 | WARNING: Baking animation because there are keyframes with different interpolation methods in one channel
01:54:03 | WARNING: Baking animation because there are keyframes with different interpolation methods in one channel
01:54:03 | WARNING: Baking animation because there are keyframes with different interpolation methods in one channel
01:54:03 | WARNING: Baking animation because there are keyframes with different interpolation methods in one channel
01:54:03 | WARNING: Baking animation because there are keyframes with different interpolation methods in one channel
01:54:03 | WARNING: Baking animation because there are keyframes with different interpolation methods in one channel
01:54:03 | WARNING: Baking animation because there are keyframes with different interpolation methods in one channel
01:54:03 | WARNING: Baking animation because there are keyframes with different interpolation methods in one channel
01:54:03 | WARNING: Baking animation because there are keyframes with different interpolation methods in one channel
01:54:03 | WARNING: Baking animation because there are keyframes with different interpolation methods in one channel
01:54:03 | WARNING: Baking animation because there are keyframes with different interpolation methods in one channel
01:54:03 | WARNING: Baking animation because there are keyframes with different interpolation methods in one channel
01:54:03 | WARNING: Baking animation because there are keyframes with different interpolation methods in one channel
01:54:03 | WARNING: Baking animation because there are keyframes with different interpolation methods in one channel
01:54:03 | WARNING: Baking animation because there are keyframes with different interpolation methods in one channel
01:54:03 | WARNING: Baking animation because there are keyframes with different interpolation methods in one channel
01:54:03 | WARNING: Baking animation because there are keyframes with different interpolation methods in one channel
01:54:03 | WARNING: Baking animation because there are keyframes with different interpolation methods in one channel
01:54:03 | WARNING: Baking animation because there are keyframes with different interpolation methods in one channel
01:54:03 | WARNING: Baking animation because there are keyframes with different interpolation methods in one channel
01:54:03 | WARNING: Baking animation because there are keyframes with different interpolation methods in one channel
01:54:03 | WARNING: Baking animation because there are keyframes with different interpolation methods in one channel
01:54:03 | WARNING: Baking animation because there are keyframes with different interpolation methods in one channel
01:54:03 | WARNING: Baking animation because there are keyframes with different interpolation methods in one channel
01:54:03 | WARNING: Baking animation because there are keyframes with different interpolation methods in one channel
01:54:03 | WARNING: Baking animation because there are keyframes with different interpolation methods in one channel
01:54:03 | WARNING: Baking animation because there are keyframes with different interpolation methods in one channel
01:54:03 | WARNING: Baking animation because there are keyframes with different interpolation methods in one channel
01:54:03 | WARNING: Baking animation because there are keyframes with different interpolation methods in one channel
01:54:03 | WARNING: Baking animation because there are keyframes with different interpolation methods in one channel
01:54:03 | WARNING: Baking animation because there are keyframes with different interpolation methods in one channel
01:54:03 | WARNING: Baking animation because there are keyframes with different interpolation methods in one channel
01:54:03 | WARNING: Baking animation because there are keyframes with different interpolation methods in one channel
01:54:03 | WARNING: Baking animation because there are keyframes with different interpolation methods in one channel
01:54:03 | WARNING: Baking animation because there are keyframes with different interpolation methods in one channel
01:54:03 | WARNING: Baking animation because there are keyframes with different interpolation methods in one channel
01:54:03 | WARNING: Baking animation because there are keyframes with different interpolation methods in one channel
01:54:03 | WARNING: Baking animation because there are keyframes with different interpolation methods in one channel
01:54:03 | WARNING: Baking animation because there are keyframes with different interpolation methods in one channel
01:54:03 | WARNING: Baking animation because there are keyframes with different interpolation methods in one channel
01:54:03 | WARNING: Baking animation because there are keyframes with different interpolation methods in one channel
01:54:03 | WARNING: Baking animation because there are keyframes with different interpolation methods in one channel
01:54:03 | WARNING: Baking animation because there are keyframes with different interpolation methods in one channel
01:54:03 | WARNING: Baking animation because there are keyframes with different interpolation methods in one channel
01:54:03 | WARNING: Baking animation because there are keyframes with different interpolation methods in one channel
01:54:03 | WARNING: Baking animation because there are keyframes with different interpolation methods in one channel
01:54:03 | WARNING: Baking animation because there are keyframes with different interpolation methods in one channel
01:54:03 | WARNING: Baking animation because there are keyframes with different interpolation methods in one channel
01:54:03 | WARNING: Baking animation because there are keyframes with different interpolation methods in one channel
01:54:03 | WARNING: Baking animation because there are keyframes with different interpolation methods in one channel
01:54:03 | WARNING: Baking animation because there are keyframes with different interpolation methods in one channel
01:54:03 | WARNING: Baking animation because there are keyframes with different interpolation methods in one channel
01:54:03 | WARNING: Baking animation because there are keyframes with different interpolation methods in one channel
01:54:03 | WARNING: Baking animation because there are keyframes with different interpolation methods in one channel
01:54:03 | WARNING: Baking animation because there are keyframes with different interpolation methods in one channel
01:54:03 | WARNING: Baking animation because there are keyframes with different interpolation methods in one channel
01:54:03 | WARNING: Baking animation because there are keyframes with different interpolation methods in one channel
01:54:03 | WARNING: Baking animation because there are keyframes with different interpolation methods in one channel
01:54:03 | WARNING: Baking animation because there are keyframes with different interpolation methods in one channel
01:54:03 | WARNING: Baking animation because there are keyframes with different interpolation methods in one channel
01:54:03 | WARNING: Baking animation because there are keyframes with different interpolation methods in one channel
01:54:03 | WARNING: Baking animation because there are keyframes with different interpolation methods in one channel
01:54:03 | WARNING: Baking animation because there are keyframes with different interpolation methods in one channel
01:54:03 | WARNING: Baking animation because there are keyframes with different interpolation methods in one channel
01:54:03 | WARNING: Baking animation because there are keyframes with different interpolation methods in one channel
01:54:03 | WARNING: Baking animation because there are keyframes with different interpolation methods in one channel
01:54:03 | WARNING: Baking animation because there are keyframes with different interpolation methods in one channel
01:54:03 | WARNING: Baking animation because there are keyframes with different interpolation methods in one channel
01:54:03 | WARNING: Baking animation because there are keyframes with different interpolation methods in one channel
01:54:03 | WARNING: Baking animation because there are keyframes with different interpolation methods in one channel
01:54:03 | WARNING: Baking animation because there are keyframes with different interpolation methods in one channel
01:54:03 | WARNING: Baking animation because there are keyframes with different interpolation methods in one channel
01:54:03 | WARNING: Baking animation because there are keyframes with different interpolation methods in one channel
01:54:03 | WARNING: Baking animation because there are keyframes with different interpolation methods in one channel
01:54:03 | WARNING: Baking animation because there are keyframes with different interpolation methods in one channel
01:54:03 | WARNING: Baking animation because there are keyframes with different interpolation methods in one channel
01:54:03 | WARNING: Baking animation because there are keyframes with different interpolation methods in one channel
01:54:03 | WARNING: Baking animation because there are keyframes with different interpolation methods in one channel
01:54:03 | WARNING: Baking animation because there are keyframes with different interpolation methods in one channel
01:54:03 | WARNING: Baking animation because there are keyframes with different interpolation methods in one channel
01:54:03 | WARNING: Baking animation because there are keyframes with different interpolation methods in one channel
01:54:03 | WARNING: Baking animation because there are keyframes with different interpolation methods in one channel
01:54:03 | WARNING: Baking animation because there are keyframes with different interpolation methods in one channel
01:54:03 | WARNING: Baking animation because there are keyframes with different interpolation methods in one channel
01:54:03 | WARNING: Baking animation because there are keyframes with different interpolation methods in one channel
01:54:03 | WARNING: Baking animation because there are keyframes with different interpolation methods in one channel
01:54:03 | WARNING: Baking animation because there are keyframes with different interpolation methods in one channel
01:54:03 | WARNING: Baking animation because there are keyframes with different interpolation methods in one channel
01:54:03 | WARNING: Baking animation because there are keyframes with different interpolation methods in one channel
01:54:03 | WARNING: Baking animation because there are keyframes with different interpolation methods in one channel
01:54:03 | WARNING: Baking animation because there are keyframes with different interpolation methods in one channel
01:54:03 | WARNING: Baking animation because there are keyframes with different interpolation methods in one channel
01:54:03 | WARNING: Baking animation because there are keyframes with different interpolation methods in one channel
01:54:03 | WARNING: Baking animation because there are keyframes with different interpolation methods in one channel
01:54:03 | WARNING: Baking animation because there are keyframes with different interpolation methods in one channel
01:54:03 | WARNING: Baking animation because there are keyframes with different interpolation methods in one channel
01:54:03 | WARNING: Baking animation because there are keyframes with different interpolation methods in one channel
01:54:03 | WARNING: Baking animation because there are keyframes with different interpolation methods in one channel
01:54:03 | WARNING: Baking animation because there are keyframes with different interpolation methods in one channel
01:54:03 | WARNING: Baking animation because there are keyframes with different interpolation methods in one channel
01:54:03 | WARNING: Baking animation because there are keyframes with different interpolation methods in one channel
01:54:04 | WARNING: Baking animation because there are keyframes with different interpolation methods in one channel
01:54:04 | WARNING: Baking animation because there are keyframes with different interpolation methods in one channel
01:54:04 | WARNING: Baking animation because there are keyframes with different interpolation methods in one channel
01:54:04 | WARNING: Baking animation because there are keyframes with different interpolation methods in one channel
01:54:04 | WARNING: Baking animation because there are keyframes with different interpolation methods in one channel
01:54:04 | WARNING: Baking animation because there are keyframes with different interpolation methods in one channel
01:54:04 | WARNING: Baking animation because there are keyframes with different interpolation methods in one channel
01:54:04 | WARNING: Baking animation because there are keyframes with different interpolation methods in one channel
01:54:04 | WARNING: Baking animation because there are keyframes with different interpolation methods in one channel
01:54:04 | WARNING: Baking animation because there are keyframes with different interpolation methods in one channel
01:54:04 | WARNING: Baking animation because there are keyframes with different interpolation methods in one channel
01:54:04 | WARNING: Baking animation because there are keyframes with different interpolation methods in one channel
01:54:04 | WARNING: Baking animation because there are keyframes with different interpolation methods in one channel
01:54:04 | WARNING: Baking animation because there are keyframes with different interpolation methods in one channel
01:54:04 | WARNING: Baking animation because there are keyframes with different interpolation methods in one channel
01:54:04 | WARNING: Baking animation because there are keyframes with different interpolation methods in one channel
01:54:04 | WARNING: Baking animation because there are keyframes with different interpolation methods in one channel
01:54:04 | WARNING: Baking animation because there are keyframes with different interpolation methods in one channel
01:54:04 | WARNING: Baking animation because there are keyframes with different interpolation methods in one channel
01:54:04 | WARNING: Baking animation because there are keyframes with different interpolation methods in one channel
01:54:04 | WARNING: Baking animation because there are keyframes with different interpolation methods in one channel
01:54:04 | WARNING: Baking animation because there are keyframes with different interpolation methods in one channel
01:54:04 | WARNING: Baking animation because there are keyframes with different interpolation methods in one channel
01:54:04 | WARNING: Baking animation because there are keyframes with different interpolation methods in one channel
01:54:04 | WARNING: Baking animation because there are keyframes with different interpolation methods in one channel
01:54:04 | WARNING: Baking animation because there are keyframes with different interpolation methods in one channel
01:54:04 | WARNING: Baking animation because there are keyframes with different interpolation methods in one channel
01:54:04 | WARNING: Baking animation because there are keyframes with different interpolation methods in one channel
01:54:04 | WARNING: Baking animation because there are keyframes with different interpolation methods in one channel
01:54:04 | WARNING: Baking animation because there are keyframes with different interpolation methods in one channel
01:54:04 | WARNING: Baking animation because there are keyframes with different interpolation methods in one channel
01:54:04 | WARNING: Baking animation because there are keyframes with different interpolation methods in one channel
01:54:04 | WARNING: Baking animation because there are keyframes with different interpolation methods in one channel
01:54:04 | WARNING: Baking animation because there are keyframes with different interpolation methods in one channel
01:54:04 | WARNING: Baking animation because there are keyframes with different interpolation methods in one channel
01:54:04 | WARNING: Baking animation because there are keyframes with different interpolation methods in one channel
01:54:04 | WARNING: Baking animation because there are keyframes with different interpolation methods in one channel
01:54:04 | WARNING: Baking animation because there are keyframes with different interpolation methods in one channel
01:54:04 | WARNING: Baking animation because there are keyframes with different interpolation methods in one channel
01:54:04 | WARNING: Baking animation because there are keyframes with different interpolation methods in one channel
01:54:04 | WARNING: Baking animation because there are keyframes with different interpolation methods in one channel
01:54:04 | WARNING: Baking animation because there are keyframes with different interpolation methods in one channel
01:54:04 | WARNING: Baking animation because there are keyframes with different interpolation methods in one channel
01:54:04 | WARNING: Baking animation because there are keyframes with different interpolation methods in one channel
01:54:04 | WARNING: Baking animation because there are keyframes with different interpolation methods in one channel
01:54:04 | WARNING: Baking animation because there are keyframes with different interpolation methods in one channel
01:54:04 | WARNING: Baking animation because there are keyframes with different interpolation methods in one channel
01:54:04 | WARNING: Baking animation because there are keyframes with different interpolation methods in one channel
01:54:04 | WARNING: Baking animation because there are keyframes with different interpolation methods in one channel
01:54:04 | WARNING: Baking animation because there are keyframes with different interpolation methods in one channel
01:54:04 | WARNING: Baking animation because there are keyframes with different interpolation methods in one channel
01:54:04 | WARNING: Baking animation because there are keyframes with different interpolation methods in one channel
01:54:04 | WARNING: Baking animation because there are keyframes with different interpolation methods in one channel
01:54:04 | WARNING: Baking animation because there are keyframes with different interpolation methods in one channel
01:54:04 | WARNING: Baking animation because there are keyframes with different interpolation methods in one channel
01:54:04 | WARNING: Baking animation because there are keyframes with different interpolation methods in one channel
01:54:04 | WARNING: Baking animation because there are keyframes with different interpolation methods in one channel
01:54:04 | WARNING: Baking animation because there are keyframes with different interpolation methods in one channel
01:54:04 | WARNING: Baking animation because there are keyframes with different interpolation methods in one channel
01:54:04 | WARNING: Baking animation because there are keyframes with different interpolation methods in one channel
01:54:04 | WARNING: Baking animation because there are keyframes with different interpolation methods in one channel
01:54:04 | WARNING: Baking animation because there are keyframes with different interpolation methods in one channel
01:54:04 | WARNING: Baking animation because there are keyframes with different interpolation methods in one channel
01:54:04 | WARNING: Baking animation because there are keyframes with different interpolation methods in one channel
01:54:04 | WARNING: Baking animation because there are keyframes with different interpolation methods in one channel
01:54:04 | WARNING: Baking animation because there are keyframes with different interpolation methods in one channel
01:54:04 | WARNING: Baking animation because there are keyframes with different interpolation methods in one channel
01:54:04 | WARNING: Baking animation because there are keyframes with different interpolation methods in one channel
01:54:04 | WARNING: Baking animation because there are keyframes with different interpolation methods in one channel
01:54:04 | WARNING: Baking animation because there are keyframes with different interpolation methods in one channel
01:54:04 | WARNING: Baking animation because there are keyframes with different interpolation methods in one channel
01:54:04 | WARNING: Baking animation because there are keyframes with different interpolation methods in one channel
01:54:04 | WARNING: Baking animation because there are keyframes with different interpolation methods in one channel
01:54:04 | WARNING: Baking animation because there are keyframes with different interpolation methods in one channel
01:54:04 | WARNING: Baking animation because there are keyframes with different interpolation methods in one channel
01:54:04 | WARNING: Baking animation because there are keyframes with different interpolation methods in one channel
01:54:04 | WARNING: Baking animation because there are keyframes with different interpolation methods in one channel
01:54:04 | WARNING: Baking animation because there are keyframes with different interpolation methods in one channel
01:54:04 | WARNING: Baking animation because there are keyframes with different interpolation methods in one channel
01:54:04 | WARNING: Baking animation because there are keyframes with different interpolation methods in one channel
01:54:04 | WARNING: Baking animation because there are keyframes with different interpolation methods in one channel
01:54:04 | WARNING: Baking animation because there are keyframes with different interpolation methods in one channel
01:54:04 | WARNING: Baking animation because there are keyframes with different interpolation methods in one channel
01:54:04 | WARNING: Baking animation because there are keyframes with different interpolation methods in one channel
01:54:04 | WARNING: Baking animation because there are keyframes with different interpolation methods in one channel
01:54:04 | WARNING: Baking animation because there are keyframes with different interpolation methods in one channel
01:54:04 | WARNING: Baking animation because there are keyframes with different interpolation methods in one channel
01:54:04 | WARNING: Baking animation because there are keyframes with different interpolation methods in one channel
01:54:04 | WARNING: Baking animation because there are keyframes with different interpolation methods in one channel
01:54:04 | WARNING: Baking animation because there are keyframes with different interpolation methods in one channel
01:54:04 | WARNING: Baking animation because there are keyframes with different interpolation methods in one channel
01:54:04 | WARNING: Baking animation because there are keyframes with different interpolation methods in one channel
01:54:04 | WARNING: Baking animation because there are keyframes with different interpolation methods in one channel
01:54:04 | WARNING: Baking animation because there are keyframes with different interpolation methods in one channel
01:54:04 | WARNING: Baking animation because there are keyframes with different interpolation methods in one channel
01:54:04 | WARNING: Baking animation because there are keyframes with different interpolation methods in one channel
01:54:04 | WARNING: Baking animation because there are keyframes with different interpolation methods in one channel
01:54:04 | WARNING: Baking animation because there are keyframes with different interpolation methods in one channel
01:54:04 | WARNING: Baking animation because there are keyframes with different interpolation methods in one channel
01:54:04 | WARNING: Baking animation because there are keyframes with different interpolation methods in one channel
01:54:04 | WARNING: Baking animation because there are keyframes with different interpolation methods in one channel
01:54:04 | WARNING: Baking animation because there are keyframes with different interpolation methods in one channel
01:54:04 | WARNING: Baking animation because there are keyframes with different interpolation methods in one channel
01:54:04 | WARNING: Baking animation because there are keyframes with different interpolation methods in one channel
01:54:04 | WARNING: Baking animation because there are keyframes with different interpolation methods in one channel
01:54:04 | WARNING: Baking animation because there are keyframes with different interpolation methods in one channel
01:54:05 | WARNING: Baking animation because there are keyframes with different interpolation methods in one channel
01:54:05 | WARNING: Baking animation because there are keyframes with different interpolation methods in one channel
01:54:05 | WARNING: Baking animation because there are keyframes with different interpolation methods in one channel
01:54:05 | WARNING: Baking animation because there are keyframes with different interpolation methods in one channel
01:54:05 | WARNING: Baking animation because there are keyframes with different interpolation methods in one channel
01:54:05 | WARNING: Baking animation because there are keyframes with different interpolation methods in one channel
01:54:05 | WARNING: Baking animation because there are keyframes with different interpolation methods in one channel
01:54:05 | WARNING: Baking animation because there are keyframes with different interpolation methods in one channel
01:54:05 | WARNING: Baking animation because there are keyframes with different interpolation methods in one channel
01:54:05 | WARNING: Baking animation because there are keyframes with different interpolation methods in one channel
01:54:05 | WARNING: Baking animation because there are keyframes with different interpolation methods in one channel
01:54:05 | WARNING: Baking animation because there are keyframes with different interpolation methods in one channel
01:54:05 | WARNING: Baking animation because there are keyframes with different interpolation methods in one channel
01:54:05 | WARNING: Baking animation because there are keyframes with different interpolation methods in one channel
01:54:05 | WARNING: Baking animation because there are keyframes with different interpolation methods in one channel
01:54:05 | WARNING: Baking animation because there are keyframes with different interpolation methods in one channel
01:54:05 | WARNING: Baking animation because there are keyframes with different interpolation methods in one channel
01:54:05 | WARNING: Baking animation because there are keyframes with different interpolation methods in one channel
01:54:05 | WARNING: Baking animation because there are keyframes with different interpolation methods in one channel
01:54:05 | WARNING: Baking animation because there are keyframes with different interpolation methods in one channel
01:54:05 | WARNING: Baking animation because there are keyframes with different interpolation methods in one channel
01:54:05 | WARNING: Baking animation because there are keyframes with different interpolation methods in one channel
01:54:05 | WARNING: Baking animation because there are keyframes with different interpolation methods in one channel
01:54:05 | WARNING: Baking animation because there are keyframes with different interpolation methods in one channel
01:54:05 | WARNING: Baking animation because there are keyframes with different interpolation methods in one channel
01:54:05 | WARNING: Baking animation because there are keyframes with different interpolation methods in one channel
01:54:05 | WARNING: Baking animation because there are keyframes with different interpolation methods in one channel
01:54:05 | WARNING: Baking animation because there are keyframes with different interpolation methods in one channel
01:54:05 | WARNING: Baking animation because there are keyframes with different interpolation methods in one channel
01:54:05 | WARNING: Baking animation because there are keyframes with different interpolation methods in one channel
01:54:05 | WARNING: Baking animation because there are keyframes with different interpolation methods in one channel
01:54:05 | WARNING: Baking animation because there are keyframes with different interpolation methods in one channel
01:54:05 | WARNING: Baking animation because there are keyframes with different interpolation methods in one channel
01:54:05 | WARNING: Baking animation because there are keyframes with different interpolation methods in one channel
01:54:05 | WARNING: Baking animation because there are keyframes with different interpolation methods in one channel
01:54:05 | WARNING: Baking animation because there are keyframes with different interpolation methods in one channel
01:54:05 | WARNING: Baking animation because there are keyframes with different interpolation methods in one channel
01:54:05 | WARNING: Baking animation because there are keyframes with different interpolation methods in one channel
01:54:05 | WARNING: Baking animation because there are keyframes with different interpolation methods in one channel
01:54:05 | WARNING: Baking animation because there are keyframes with different interpolation methods in one channel
01:54:05 | WARNING: Baking animation because there are keyframes with different interpolation methods in one channel
01:54:05 | WARNING: Baking animation because there are keyframes with different interpolation methods in one channel
01:54:05 | WARNING: Baking animation because there are keyframes with different interpolation methods in one channel
01:54:05 | WARNING: Baking animation because there are keyframes with different interpolation methods in one channel
01:54:05 | WARNING: Baking animation because there are keyframes with different interpolation methods in one channel
01:54:05 | WARNING: Baking animation because there are keyframes with different interpolation methods in one channel
01:54:05 | WARNING: Baking animation because there are keyframes with different interpolation methods in one channel
01:54:05 | WARNING: Baking animation because there are keyframes with different interpolation methods in one channel
01:54:05 | WARNING: Baking animation because there are keyframes with different interpolation methods in one channel
01:54:05 | WARNING: Baking animation because there are keyframes with different interpolation methods in one channel
01:54:05 | WARNING: Baking animation because there are keyframes with different interpolation methods in one channel
01:54:05 | WARNING: Baking animation because there are keyframes with different interpolation methods in one channel
01:54:05 | WARNING: Baking animation because there are keyframes with different interpolation methods in one channel
01:54:09 | WARNING: Baking animation because there are keyframes with different interpolation methods in one channel
01:54:09 | WARNING: Baking animation because there are keyframes with different interpolation methods in one channel
01:54:09 | WARNING: Baking animation because there are keyframes with different interpolation methods in one channel
01:54:09 | WARNING: Baking animation because there are keyframes with different interpolation methods in one channel
01:54:09 | WARNING: Baking animation because there are keyframes with different interpolation methods in one channel
01:54:09 | WARNING: Baking animation because there are keyframes with different interpolation methods in one channel
01:54:09 | WARNING: Baking animation because there are keyframes with different interpolation methods in one channel
01:54:09 | WARNING: Baking animation because there are keyframes with different interpolation methods in one channel
01:54:09 | WARNING: Baking animation because there are keyframes with different interpolation methods in one channel
01:54:09 | WARNING: Baking animation because there are keyframes with different interpolation methods in one channel
01:54:09 | WARNING: Baking animation because there are keyframes with different interpolation methods in one channel
01:54:09 | WARNING: Baking animation because there are keyframes with different interpolation methods in one channel
01:54:09 | WARNING: Baking animation because there are keyframes with different interpolation methods in one channel
01:54:09 | WARNING: Baking animation because there are keyframes with different interpolation methods in one channel
01:54:09 | WARNING: Baking animation because there are keyframes with different interpolation methods in one channel
01:54:09 | WARNING: Baking animation because there are keyframes with different interpolation methods in one channel
01:54:09 | WARNING: Baking animation because there are keyframes with different interpolation methods in one channel
01:54:09 | WARNING: Baking animation because there are keyframes with different interpolation methods in one channel
01:54:09 | WARNING: Baking animation because there are keyframes with different interpolation methods in one channel
01:54:09 | WARNING: Baking animation because there are keyframes with different interpolation methods in one channel
01:54:09 | WARNING: Baking animation because there are keyframes with different interpolation methods in one channel
01:54:09 | WARNING: Baking animation because there are keyframes with different interpolation methods in one channel
01:54:09 | WARNING: Baking animation because there are keyframes with different interpolation methods in one channel
01:54:09 | WARNING: Baking animation because there are keyframes with different interpolation methods in one channel
01:54:09 | WARNING: Baking animation because there are keyframes with different interpolation methods in one channel
01:54:09 | WARNING: Baking animation because there are keyframes with different interpolation methods in one channel
01:54:09 | WARNING: Baking animation because there are keyframes with different interpolation methods in one channel
01:54:09 | WARNING: Baking animation because there are keyframes with different interpolation methods in one channel
01:54:09 | WARNING: Baking animation because there are keyframes with different interpolation methods in one channel
01:54:09 | WARNING: Baking animation because there are keyframes with different interpolation methods in one channel
01:54:09 | WARNING: Baking animation because there are keyframes with different interpolation methods in one channel
01:54:09 | WARNING: Baking animation because there are keyframes with different interpolation methods in one channel
01:54:09 | WARNING: Baking animation because there are keyframes with different interpolation methods in one channel
01:54:09 | WARNING: Baking animation because there are keyframes with different interpolation methods in one channel
01:54:09 | WARNING: Baking animation because there are keyframes with different interpolation methods in one channel
01:54:09 | WARNING: Baking animation because there are keyframes with different interpolation methods in one channel
01:54:09 | WARNING: Baking animation because there are keyframes with different interpolation methods in one channel
01:54:09 | WARNING: Baking animation because there are keyframes with different interpolation methods in one channel
01:54:09 | WARNING: Baking animation because there are keyframes with different interpolation methods in one channel
01:54:09 | WARNING: Baking animation because there are keyframes with different interpolation methods in one channel
01:54:09 | WARNING: Baking animation because there are keyframes with different interpolation methods in one channel
01:54:09 | WARNING: Baking animation because there are keyframes with different interpolation methods in one channel
01:54:09 | WARNING: Baking animation because there are keyframes with different interpolation methods in one channel
01:54:09 | WARNING: Baking animation because there are keyframes with different interpolation methods in one channel
01:54:09 | WARNING: Baking animation because there are keyframes with different interpolation methods in one channel
01:54:09 | WARNING: Baking animation because there are keyframes with different interpolation methods in one channel
01:54:09 | WARNING: Baking animation because there are keyframes with different interpolation methods in one channel
01:54:09 | WARNING: Baking animation because there are keyframes with different interpolation methods in one channel
01:54:09 | WARNING: Baking animation because there are keyframes with different interpolation methods in one channel
01:54:09 | WARNING: Baking animation because there are keyframes with different interpolation methods in one channel
01:54:09 | WARNING: Baking animation because there are keyframes with different interpolation methods in one channel
01:54:09 | WARNING: Baking animation because there are keyframes with different interpolation methods in one channel
01:54:09 | WARNING: Baking animation because there are keyframes with different interpolation methods in one channel
01:54:10 | WARNING: Baking animation because there are keyframes with different interpolation methods in one channel
01:54:10 | WARNING: Baking animation because there are keyframes with different interpolation methods in one channel
01:54:10 | WARNING: Baking animation because there are keyframes with different interpolation methods in one channel
01:54:10 | WARNING: Baking animation because there are keyframes with different interpolation methods in one channel
01:54:10 | WARNING: Baking animation because there are keyframes with different interpolation methods in one channel
01:54:10 | WARNING: Baking animation because there are keyframes with different interpolation methods in one channel
01:54:10 | WARNING: Baking animation because there are keyframes with different interpolation methods in one channel
01:54:10 | WARNING: Baking animation because there are keyframes with different interpolation methods in one channel
01:54:10 | WARNING: Baking animation because there are keyframes with different interpolation methods in one channel
01:54:10 | WARNING: Baking animation because there are keyframes with different interpolation methods in one channel
01:54:10 | WARNING: Baking animation because there are keyframes with different interpolation methods in one channel
01:54:10 | WARNING: Baking animation because there are keyframes with different interpolation methods in one channel
01:54:10 | WARNING: Baking animation because there are keyframes with different interpolation methods in one channel
01:54:10 | WARNING: Baking animation because there are keyframes with different interpolation methods in one channel
01:54:10 | WARNING: Baking animation because there are keyframes with different interpolation methods in one channel
01:54:10 | WARNING: Baking animation because there are keyframes with different interpolation methods in one channel
01:54:10 | WARNING: Baking animation because there are keyframes with different interpolation methods in one channel
01:54:10 | WARNING: Baking animation because there are keyframes with different interpolation methods in one channel
01:54:10 | WARNING: Baking animation because there are keyframes with different interpolation methods in one channel
01:54:10 | WARNING: Baking animation because there are keyframes with different interpolation methods in one channel
01:54:10 | WARNING: Baking animation because there are keyframes with different interpolation methods in one channel
01:54:10 | WARNING: Baking animation because there are keyframes with different interpolation methods in one channel
01:54:10 | WARNING: Baking animation because there are keyframes with different interpolation methods in one channel
01:54:10 | WARNING: Baking animation because there are keyframes with different interpolation methods in one channel
01:54:10 | WARNING: Baking animation because there are keyframes with different interpolation methods in one channel
01:54:10 | WARNING: Baking animation because there are keyframes with different interpolation methods in one channel
01:54:10 | WARNING: Baking animation because there are keyframes with different interpolation methods in one channel
01:54:10 | WARNING: Baking animation because there are keyframes with different interpolation methods in one channel
01:54:10 | WARNING: Baking animation because there are keyframes with different interpolation methods in one channel
01:54:10 | WARNING: Baking animation because there are keyframes with different interpolation methods in one channel
01:54:10 | WARNING: Baking animation because there are keyframes with different interpolation methods in one channel
01:54:10 | WARNING: Baking animation because there are keyframes with different interpolation methods in one channel
01:54:10 | WARNING: Baking animation because there are keyframes with different interpolation methods in one channel
01:54:10 | WARNING: Baking animation because there are keyframes with different interpolation methods in one channel
01:54:10 | WARNING: Baking animation because there are keyframes with different interpolation methods in one channel
01:54:10 | WARNING: Baking animation because there are keyframes with different interpolation methods in one channel
01:54:10 | WARNING: Baking animation because there are keyframes with different interpolation methods in one channel
01:54:10 | WARNING: Baking animation because there are keyframes with different interpolation methods in one channel
01:54:10 | WARNING: Baking animation because there are keyframes with different interpolation methods in one channel
01:54:10 | WARNING: Baking animation because there are keyframes with different interpolation methods in one channel
01:54:10 | WARNING: Baking animation because there are keyframes with different interpolation methods in one channel
01:54:10 | WARNING: Baking animation because there are keyframes with different interpolation methods in one channel
01:54:10 | WARNING: Baking animation because there are keyframes with different interpolation methods in one channel
01:54:10 | WARNING: Baking animation because there are keyframes with different interpolation methods in one channel
01:54:10 | WARNING: Baking animation because there are keyframes with different interpolation methods in one channel
01:54:10 | WARNING: Baking animation because there are keyframes with different interpolation methods in one channel
01:54:10 | WARNING: Baking animation because there are keyframes with different interpolation methods in one channel
01:54:10 | WARNING: Baking animation because there are keyframes with different interpolation methods in one channel
01:54:10 | WARNING: Baking animation because there are keyframes with different interpolation methods in one channel
01:54:10 | WARNING: Baking animation because there are keyframes with different interpolation methods in one channel
01:54:10 | WARNING: Baking animation because there are keyframes with different interpolation methods in one channel
01:54:10 | WARNING: Baking animation because there are keyframes with different interpolation methods in one channel
01:54:10 | WARNING: Baking animation because there are keyframes with different interpolation methods in one channel
01:54:13 | INFO: Finished glTF 2.0 export in 30.029799699783325 s

C01_DONE failed=[]
C01_DONE non_ok_bools=[]

Blender quit
Error: Not freed memory blocks: 7806, total unfreed memory 0.828075 MB
