DASH10_LAYOUT {"total_frames": 42, "advance_mm": 1000.026, "entry_speed_mm_per_frame": 45.8333, "exit_speed_mm_per_frame": 1.787, "decel_g": 0.3944, "foot_schedule": {"L": [[0, 20], [38, 42]], "R": [[20, 42]]}, "seam_frame": 0, "pelvis_y0_mm": -8.0, "pelvis_y_end_mm": -1008.026, "L_seam_mm": [46.64, -387.35, 85.26], "R_seam_mm": [-19.48, 532.0, 193.44], "L_plant_mm": [143.18, -1177.6, 79.76], "R_plant_mm": [-141.58, -867.59, 79.83], "R_seam_sole_mm": 108.183, "note": "落脚点由出口接缝（Idle_01@0 + 前移 D）**反推**；落地帧由单支撑滑动预算反推。"}
DASH10_CALIBRATION {"plant_z_flat_mm": 79.297, "plant_z_tip3_mm": 85.256, "tip3_reach_err_mm": 0.02, "flat_reach_err_mm": 0.02, "seam_L_ankle_z_mm": 85.256}
DASH10_Z0 {"L_w0": -0.0001, "L_w1": 0.4639, "R_w0": 0.5305}
DASH10_SOLE_CALIB {"window_floor_before_and_lift_mm": {"L_w0": [-3.608, 2.808], "L_w1": [0.0, -0.8], "R_w0": [-1.588, 0.788]}, "frozen_shift_mm": {"L_w0": 1.9489, "R_w0": 0.275, "L_w1": -1.2431}, "target_floor_mm": -0.8}
DASH10_LEGTRACE {"f": 35, "thigh.L": [-51.48, -0.75, -1.57, null], "shin.L": [56.01, 1.79, -3.37, null], "foot.L": [-6.7, -1.95, 5.72, null], "thigh.R": [-22.42, 0.92, 4.65, null], "shin.R": [47.04, 0.54, -1.24, null], "foot.R": [-31.5, 5.07, 1.59, null]}
DASH10_LEGTRACE {"f": 36, "thigh.L": [-47.72, -0.92, -2.07, 3.761], "shin.L": [50.65, 1.27, -2.68, 5.362], "foot.L": [-5.29, -2.21, 5.23, 1.411], "thigh.R": [-20.82, 0.83, 4.54, 1.596], "shin.R": [45.69, 0.42, -0.99, 1.349], "foot.R": [-31.41, 4.91, 1.33, 0.266]}
DASH10_LEGTRACE {"f": 37, "thigh.L": [-44.03, -1.01, -2.51, 3.696], "shin.L": [45.58, 0.86, -2.05, 5.068], "foot.L": [-4.27, -2.45, 4.7, 1.017], "thigh.R": [-19.46, 0.76, 4.45, 1.365], "shin.R": [44.68, 0.31, -0.75, 1.014], "foot.R": [-31.42, 4.75, 1.04, 0.289]}
DASH10_LEGTRACE {"f": 38, "thigh.L": [-40.54, -1.07, -2.89, 3.489], "shin.L": [40.95, 0.56, -1.49, 4.625], "foot.L": [-4.05, -2.7, 4.08, 0.615], "thigh.R": [-18.25, 0.7, 4.38, 1.205], "shin.R": [43.86, 0.2, -0.5, 0.818], "foot.R": [-31.46, 4.6, 0.73, 0.314]}
DASH10_LEGTRACE {"f": 39, "thigh.L": [-39.24, 0.49, -4.4, 1.559], "shin.L": [40.49, -0.0, 0.08, 1.568], "foot.L": [-4.95, -3.88, 1.74, 2.345], "thigh.R": [-17.13, 0.73, 4.26, 1.124], "shin.R": [43.31, 0.06, -0.1, 0.546], "foot.R": [-31.57, 4.42, 0.28, 0.445]}
DASH10_LEGTRACE {"f": 40, "thigh.L": [-38.04, 0.24, -4.34, 1.201], "shin.L": [40.16, -0.01, 0.04, 0.334], "foot.L": [-6.12, -3.93, 1.6, 1.168], "thigh.R": [-16.13, 0.37, 4.28, 0.994], "shin.R": [43.11, 0.03, -0.05, 0.204], "foot.R": [-31.72, 4.46, 0.27, 0.153]}
DASH10_LEGTRACE {"f": 41, "thigh.L": [-37.05, 0.06, -4.31, 0.992], "shin.L": [39.82, -0.01, 0.02, 0.335], "foot.L": [-7.19, -3.97, 1.46, 1.073], "thigh.R": [-15.39, 0.1, 4.29, 0.739], "shin.R": [43.08, 0.01, -0.01, 0.039], "foot.R": [-31.9, 4.5, 0.26, 0.175]}
DASH10_LEGTRACE {"f": 42, "thigh.L": [-36.81, -0.0, -4.3, 0.237], "shin.L": [40.09, -0.01, 0.01, 0.267], "foot.L": [-7.46, -3.97, 1.45, 0.267], "thigh.R": [-15.03, -0.0, 4.3, 0.364], "shin.R": [43.05, -0.0, 0.0, 0.029], "foot.R": [-32.01, 4.52, 0.27, 0.11]}
DASH10_REPORT {"loop_seamless": null, "ground_min_mm": -0.83, "ground_contact_ok": true, "max_frame_step_deg": 29.836, "max_frame_step_at": [4, "forearm.R"], "no_teleport": false, "bone_travel_mm": {"pelvis": 1000.44, "chest": 969.87, "head": 951.97, "hand.L": 1023.99, "hand.R": 1307.25}, "seam_start_delta": 0.0, "seam_start_ok": true, "seam_end_pose_delta": 0.003957, "seam_end_orient_delta": 0.003957, "seam_end_relative_delta": 0.00162, "seam_end_raw_delta": 1.008, "seam_end_orient_bone": "shin.L", "seam_end_relative_bone": "shin.L", "root_motion_m": -1.000026, "seam_end_ok": false, "seam_end_translation_invariant_ok": false, "entry_speed_mm": 45.8333, "entry_speed_ok": true, "min_step_mm": 1.7869, "monotone_ok": true, "decel_mm_per_frame2": 1.0743, "decel_g": 0.3944, "decel_ok": true, "speed_at_cancel_mm": 11.4557, "speed_at_end_mm": 1.7869, "residual_drive_ok": true, "advance_total_mm": -1000.026, "dash_inertia_ok": true, "root_motion_ok": true, "plant_drift_mm": {"L_w0_mm": 0.017, "L_w1_mm": 0.0005, "R_w0_mm": 0.0114}, "stance_plant_ok": true, "plant_sole_mm": {"L_w0": [-0.826, 3.35], "L_w1": [-0.8, 0.62], "R_w0": [-0.808, 1.666]}, "stance_sole_ok": true, "swing_min_clearance_mm": {"L": 7.758, "R": 1.21}, "swing_airborne_ok": true, "hitstop_frozen_steps": [0.0, 0.0], "hitstop_present_ok": true, "hitstop_momentum_mm": 47.62, "hitstop_keeps_momentum_ok": true, "hitstop_plant_mm": {"L": [[20, 20], 0.0, -0.826], "R": [[20, 22], 0.0015, 0.788]}, "hitstop_plant_ok": true, "fist_travel_mm": 1298.15, "fist_travel_ok": true, "fist_forward_mm": -1256.33, "guard_retract_mm": -91.87, "guard_antic_mm": -820.94, "guard_hit_mm": -912.81, "counter_arm_ok": false, "lean_at_hit_mm": 218.24, "lean_max_mm": 242.43, "lean_peak_frame": 14, "torso_lean_ok": true, "lean_peak_in_window_ok": true, "power_chain_channels_deg": {"pelvis": 16.615, "spine_01": 7.116, "spine_02": 7.093, "chest": 13.108, "shoulder.L": 22.149, "shoulder.R": 22.149}, "power_chain_ok": true, "leg_reach_max_ratio": {"L": 0.98754, "R": 0.98934}, "leg_reach_peak": {"L": [0, 811.76, -10.24], "R": [0, 813.24, -8.76]}, "ik_reach_ok": true, "swing_step_max_mm": {"L": 107.24, "R": 94.13}, "swing_step_peak_frame": {"L": [21, 107.24], "R": [1, 94.13]}, "swing_speed_ok": true, "return_tail": [12.5755, 11.9306, 11.2857, 10.6408, 9.9959, 9.351, 8.7061, 8.0612, 7.4163, 6.7714, 6.1265, 5.4817, 5.4342, 5.3625, 5.0683, 4.6254, 2.3446, 1.6123, 1.1071, 0.4643], "return_tail_bones": ["forearm.R", "forearm.R", "forearm.R", "forearm.R", "forearm.R", "forearm.R", "forearm.R", "forearm.R", "forearm.R", "forearm.R", "forearm.R", "forearm.R", "shin.L", "shin.L", "shin.L", "shin.L", "foot.L", "forearm.R", "shoulder.L", "shoulder.L"], "decel_smooth_ok": true, "no_snap_stop_ok": true, "max_abs_euler_y_deg": 69.76, "arm_roll_max_deg": {"upperarm.L": 0.0, "forearm.L": 0.0, "hand.L": 0.0, "upperarm.R": 0.0, "forearm.R": 12.0, "hand.R": 5.0}, "meta": {"anim_id": "Dash_Attack", "loop": false, "category": "普通攻击", "note": "冲刺冲拳：奔跑直接接后手直拳，Root Motion 前冲 1.0001 m；起步接 Run 的 2.75 m/s、全程单调减速到 ~0；支撑脚世界钉死，后脚落地 = 命中帧", "antic_frame": 7, "hit_frame": 20, "cancel_frame": 32, "hitstop_frames": 3, "root_motion_m": [0.0, -1.0], "entry_speed_mps": 2.75, "exit_speed_mps": 0.1072, "decel_g": 0.3944, "hit_point_m": null, "fps": 60, "frames": [0, 42]}, "failed": ["counter_arm_ok", "seam_end_ok", "seam_end_translation_invariant_ok"]}
Info: Saved as "bigman_anim_v001.blend"
INFO Draco mesh compression is available, use library at D:\Program Files\Blender Foundation\Blender 4.5\4.5\scripts\addons_core\io_scene_gltf2\extern_draco.dll
01:00:13 | INFO: Starting glTF 2.0 export
01:00:13 | INFO: Extracting primitive: Mesh
01:00:13 | INFO: Primitives created: 1
01:00:13 | INFO: Extracting primitive: Mesh
01:00:13 | INFO: Primitives created: 1
01:00:13 | INFO: Extracting primitive: Collar_Point_L
01:00:13 | INFO: Primitives created: 1
01:00:13 | INFO: Extracting primitive: Collar_Point_R
01:00:13 | INFO: Primitives created: 1
01:00:13 | INFO: Extracting primitive: Ear_Inner_L
01:00:13 | INFO: Primitives created: 1
01:00:13 | INFO: Extracting primitive: Ear_Inner_R
01:00:13 | INFO: Primitives created: 1
01:00:13 | INFO: Extracting primitive: Ear_L
01:00:13 | INFO: Primitives created: 1
01:00:13 | INFO: Extracting primitive: Ear_Lobe_L
01:00:13 | INFO: Primitives created: 1
01:00:13 | INFO: Extracting primitive: Ear_Lobe_R
01:00:13 | INFO: Primitives created: 1
01:00:13 | INFO: Extracting primitive: Ear_R
01:00:13 | INFO: Primitives created: 1
01:00:13 | INFO: Extracting primitive: Eye_Glint_L
01:00:13 | INFO: Primitives created: 1
01:00:13 | INFO: Extracting primitive: Eye_Glint_R
01:00:13 | INFO: Primitives created: 1
01:00:13 | INFO: Extracting primitive: Eye_Line_Upper_L
01:00:13 | INFO: Primitives created: 1
01:00:13 | INFO: Extracting primitive: Eye_Line_Upper_R
01:00:13 | INFO: Primitives created: 1
01:00:13 | INFO: Extracting primitive: Eye_White_L
01:00:13 | INFO: Primitives created: 1
01:00:13 | INFO: Extracting primitive: Eye_White_R
01:00:13 | INFO: Primitives created: 1
01:00:13 | INFO: Extracting primitive: Eyebrow_L
01:00:13 | INFO: Primitives created: 1
01:00:13 | INFO: Extracting primitive: Eyebrow_R
01:00:13 | INFO: Primitives created: 1
01:00:13 | INFO: Extracting primitive: Eyelid_Lower_L
01:00:13 | INFO: Primitives created: 1
01:00:13 | INFO: Extracting primitive: Eyelid_Lower_R
01:00:13 | INFO: Primitives created: 1
01:00:13 | INFO: Extracting primitive: Eyelid_Upper_L
01:00:13 | INFO: Primitives created: 1
01:00:13 | INFO: Extracting primitive: Eyelid_Upper_R
01:00:13 | INFO: Primitives created: 1
01:00:13 | INFO: Extracting primitive: Mesh
01:00:13 | INFO: Primitives created: 1
01:00:13 | INFO: Extracting primitive: Mesh
01:00:13 | INFO: Primitives created: 1
01:00:13 | INFO: Extracting primitive: Mesh
01:00:13 | INFO: Primitives created: 1
01:00:13 | INFO: Extracting primitive: Mesh
01:00:13 | INFO: Primitives created: 1
01:00:13 | INFO: Extracting primitive: Mesh
01:00:13 | INFO: Primitives created: 1
01:00:13 | INFO: Extracting primitive: Mesh
01:00:13 | INFO: Primitives created: 1
01:00:13 | INFO: Extracting primitive: Mesh
01:00:13 | INFO: Primitives created: 1
01:00:13 | INFO: Extracting primitive: Mesh
01:00:13 | INFO: Primitives created: 1
01:00:13 | INFO: Extracting primitive: Glasses_Bridge
01:00:13 | INFO: Primitives created: 1
01:00:13 | INFO: Extracting primitive: Glasses_Frame_L
01:00:13 | INFO: Primitives created: 1
01:00:13 | INFO: Extracting primitive: Glasses_Frame_R
01:00:13 | INFO: Primitives created: 1
01:00:13 | INFO: Extracting primitive: Glasses_Temple_L
01:00:13 | INFO: Primitives created: 1
01:00:13 | INFO: Extracting primitive: Glasses_Temple_R
01:00:13 | INFO: Primitives created: 1
01:00:13 | INFO: Extracting primitive: Mesh
01:00:13 | INFO: Primitives created: 1
01:00:13 | INFO: Extracting primitive: Mesh
01:00:13 | INFO: Primitives created: 1
01:00:13 | INFO: Extracting primitive: Mesh
01:00:13 | INFO: Primitives created: 1
01:00:13 | INFO: Extracting primitive: Mesh
01:00:13 | INFO: Primitives created: 1
01:00:13 | INFO: Extracting primitive: Mesh
01:00:13 | INFO: Primitives created: 1
01:00:13 | INFO: Extracting primitive: Iris_L
01:00:13 | INFO: Primitives created: 1
01:00:13 | INFO: Extracting primitive: Iris_R
01:00:13 | INFO: Primitives created: 1
01:00:13 | INFO: Extracting primitive: Iris_Ring_L
01:00:13 | INFO: Primitives created: 1
01:00:13 | INFO: Extracting primitive: Iris_Ring_R
01:00:13 | INFO: Primitives created: 1
01:00:13 | INFO: Extracting primitive: Jacket_Back_Seam
01:00:13 | INFO: Primitives created: 1
01:00:13 | INFO: Extracting primitive: Jacket_Button_1
01:00:13 | INFO: Primitives created: 1
01:00:13 | INFO: Extracting primitive: Jacket_Button_2
01:00:13 | INFO: Primitives created: 1
01:00:13 | INFO: Extracting primitive: Jacket_Collar
01:00:13 | INFO: Primitives created: 1
01:00:13 | INFO: Extracting primitive: Jacket_Lapel_L
01:00:13 | INFO: Primitives created: 1
01:00:13 | INFO: Extracting primitive: Jacket_Lapel_R
01:00:13 | INFO: Primitives created: 1
01:00:13 | INFO: Extracting primitive: Jacket_Vent
01:00:13 | INFO: Primitives created: 1
01:00:13 | INFO: Extracting primitive: Lapel_Fold_L
01:00:13 | INFO: Primitives created: 1
01:00:13 | INFO: Extracting primitive: Lapel_Fold_R
01:00:13 | INFO: Primitives created: 1
01:00:13 | INFO: Extracting primitive: Lapel_Notch_L
01:00:13 | INFO: Primitives created: 1
01:00:13 | INFO: Extracting primitive: Lapel_Notch_R
01:00:13 | INFO: Primitives created: 1
01:00:13 | INFO: Extracting primitive: Lower_Lip
01:00:13 | INFO: Primitives created: 1
01:00:13 | INFO: Extracting primitive: Mouth_Line
01:00:13 | INFO: Primitives created: 1
01:00:13 | INFO: Extracting primitive: Mesh
01:00:13 | INFO: Primitives created: 1
01:00:13 | INFO: Extracting primitive: Mesh
01:00:13 | INFO: Primitives created: 1
01:00:13 | INFO: Extracting primitive: Nose_Wing_L
01:00:13 | INFO: Primitives created: 1
01:00:13 | INFO: Extracting primitive: Nose_Wing_R
01:00:13 | INFO: Primitives created: 1
01:00:13 | INFO: Extracting primitive: Pocket_Flap_L
01:00:13 | INFO: Primitives created: 1
01:00:13 | INFO: Extracting primitive: Pocket_Flap_R
01:00:13 | INFO: Primitives created: 1
01:00:13 | INFO: Extracting primitive: Pupil_L
01:00:13 | INFO: Primitives created: 1
01:00:13 | INFO: Extracting primitive: Pupil_R
01:00:13 | INFO: Primitives created: 1
01:00:13 | INFO: Extracting primitive: Shirt_Collar
01:00:13 | INFO: Primitives created: 1
01:00:13 | INFO: Extracting primitive: Shirt_Cuff_L
01:00:13 | INFO: Primitives created: 1
01:00:13 | INFO: Extracting primitive: Shirt_Cuff_R
01:00:13 | INFO: Primitives created: 1
01:00:13 | INFO: Extracting primitive: Shirt_Front
01:00:13 | INFO: Primitives created: 1
01:00:13 | INFO: Extracting primitive: Mesh
01:00:13 | INFO: Primitives created: 1
01:00:13 | INFO: Extracting primitive: Mesh
01:00:13 | INFO: Primitives created: 1
01:00:13 | INFO: Extracting primitive: Mesh
01:00:13 | INFO: Primitives created: 1
01:00:13 | INFO: Extracting primitive: Mesh
01:00:13 | INFO: Primitives created: 1
01:00:13 | INFO: Extracting primitive: Shoe_Toe_Cap_L
01:00:13 | INFO: Primitives created: 1
01:00:13 | INFO: Extracting primitive: Shoe_Toe_Cap_R
01:00:13 | INFO: Primitives created: 1
01:00:13 | INFO: Extracting primitive: Mesh
01:00:13 | INFO: Primitives created: 1
01:00:13 | INFO: Extracting primitive: Mesh
01:00:13 | INFO: Primitives created: 1
01:00:13 | INFO: Extracting primitive: Sleeve_Button_1_L
01:00:13 | INFO: Primitives created: 1
01:00:13 | INFO: Extracting primitive: Sleeve_Button_1_R
01:00:13 | INFO: Primitives created: 1
01:00:13 | INFO: Extracting primitive: Sleeve_Button_2_L
01:00:14 | INFO: Primitives created: 1
01:00:14 | INFO: Extracting primitive: Sleeve_Button_2_R
01:00:14 | INFO: Primitives created: 1
01:00:14 | INFO: Extracting primitive: Sleeve_Button_3_L
01:00:14 | INFO: Primitives created: 1
01:00:14 | INFO: Extracting primitive: Sleeve_Button_3_R
01:00:14 | INFO: Primitives created: 1
01:00:14 | INFO: Extracting primitive: Mesh
01:00:14 | INFO: Primitives created: 1
01:00:14 | INFO: Extracting primitive: Mesh
01:00:14 | INFO: Primitives created: 1
01:00:14 | INFO: Extracting primitive: Mesh
01:00:14 | INFO: Primitives created: 1
01:00:14 | INFO: Extracting primitive: Mesh
01:00:14 | INFO: Primitives created: 1
01:00:14 | INFO: Extracting primitive: Mesh
01:00:14 | INFO: Primitives created: 1
01:00:14 | INFO: Extracting primitive: Mesh
01:00:14 | INFO: Primitives created: 1
01:00:14 | INFO: Extracting primitive: Mesh
01:00:14 | INFO: Primitives created: 1
01:00:14 | INFO: Extracting primitive: Upper_Lip
01:00:14 | INFO: Primitives created: 1
01:00:21 | WARNING: Baking animation because there are keyframes with different interpolation methods in one channel
01:00:21 | WARNING: Baking animation because there are keyframes with different interpolation methods in one channel
01:00:21 | WARNING: Baking animation because there are keyframes with different interpolation methods in one channel
01:00:21 | WARNING: Baking animation because there are keyframes with different interpolation methods in one channel
01:00:21 | WARNING: Baking animation because there are keyframes with different interpolation methods in one channel
01:00:21 | WARNING: Baking animation because there are keyframes with different interpolation methods in one channel
01:00:21 | WARNING: Baking animation because there are keyframes with different interpolation methods in one channel
01:00:21 | WARNING: Baking animation because there are keyframes with different interpolation methods in one channel
01:00:21 | WARNING: Baking animation because there are keyframes with different interpolation methods in one channel
01:00:21 | WARNING: Baking animation because there are keyframes with different interpolation methods in one channel
01:00:21 | WARNING: Baking animation because there are keyframes with different interpolation methods in one channel
01:00:21 | WARNING: Baking animation because there are keyframes with different interpolation methods in one channel
01:00:21 | WARNING: Baking animation because there are keyframes with different interpolation methods in one channel
01:00:21 | WARNING: Baking animation because there are keyframes with different interpolation methods in one channel
01:00:21 | WARNING: Baking animation because there are keyframes with different interpolation methods in one channel
01:00:21 | WARNING: Baking animation because there are keyframes with different interpolation methods in one channel
01:00:21 | WARNING: Baking animation because there are keyframes with different interpolation methods in one channel
01:00:21 | WARNING: Baking animation because there are keyframes with different interpolation methods in one channel
01:00:21 | WARNING: Baking animation because there are keyframes with different interpolation methods in one channel
01:00:21 | WARNING: Baking animation because there are keyframes with different interpolation methods in one channel
01:00:21 | WARNING: Baking animation because there are keyframes with different interpolation methods in one channel
01:00:21 | WARNING: Baking animation because there are keyframes with different interpolation methods in one channel
01:00:21 | WARNING: Baking animation because there are keyframes with different interpolation methods in one channel
01:00:21 | WARNING: Baking animation because there are keyframes with different interpolation methods in one channel
01:00:21 | WARNING: Baking animation because there are keyframes with different interpolation methods in one channel
01:00:21 | WARNING: Baking animation because there are keyframes with different interpolation methods in one channel
01:00:21 | WARNING: Baking animation because there are keyframes with different interpolation methods in one channel
01:00:21 | WARNING: Baking animation because there are keyframes with different interpolation methods in one channel
01:00:21 | WARNING: Baking animation because there are keyframes with different interpolation methods in one channel
01:00:21 | WARNING: Baking animation because there are keyframes with different interpolation methods in one channel
01:00:21 | WARNING: Baking animation because there are keyframes with different interpolation methods in one channel
01:00:21 | WARNING: Baking animation because there are keyframes with different interpolation methods in one channel
01:00:21 | WARNING: Baking animation because there are keyframes with different interpolation methods in one channel
01:00:21 | WARNING: Baking animation because there are keyframes with different interpolation methods in one channel
01:00:21 | WARNING: Baking animation because there are keyframes with different interpolation methods in one channel
01:00:21 | WARNING: Baking animation because there are keyframes with different interpolation methods in one channel
01:00:21 | WARNING: Baking animation because there are keyframes with different interpolation methods in one channel
01:00:21 | WARNING: Baking animation because there are keyframes with different interpolation methods in one channel
01:00:21 | WARNING: Baking animation because there are keyframes with different interpolation methods in one channel
01:00:21 | WARNING: Baking animation because there are keyframes with different interpolation methods in one channel
01:00:21 | WARNING: Baking animation because there are keyframes with different interpolation methods in one channel
01:00:21 | WARNING: Baking animation because there are keyframes with different interpolation methods in one channel
01:00:21 | WARNING: Baking animation because there are keyframes with different interpolation methods in one channel
01:00:21 | WARNING: Baking animation because there are keyframes with different interpolation methods in one channel
01:00:21 | WARNING: Baking animation because there are keyframes with different interpolation methods in one channel
01:00:21 | WARNING: Baking animation because there are keyframes with different interpolation methods in one channel
01:00:21 | WARNING: Baking animation because there are keyframes with different interpolation methods in one channel
01:00:21 | WARNING: Baking animation because there are keyframes with different interpolation methods in one channel
01:00:21 | WARNING: Baking animation because there are keyframes with different interpolation methods in one channel
01:00:21 | WARNING: Baking animation because there are keyframes with different interpolation methods in one channel
01:00:21 | WARNING: Baking animation because there are keyframes with different interpolation methods in one channel
01:00:21 | WARNING: Baking animation because there are keyframes with different interpolation methods in one channel
01:00:21 | WARNING: Baking animation because there are keyframes with different interpolation methods in one channel
01:00:22 | WARNING: Baking animation because there are keyframes with different interpolation methods in one channel
01:00:22 | WARNING: Baking animation because there are keyframes with different interpolation methods in one channel
01:00:22 | WARNING: Baking animation because there are keyframes with different interpolation methods in one channel
01:00:22 | WARNING: Baking animation because there are keyframes with different interpolation methods in one channel
01:00:22 | WARNING: Baking animation because there are keyframes with different interpolation methods in one channel
01:00:22 | WARNING: Baking animation because there are keyframes with different interpolation methods in one channel
01:00:22 | WARNING: Baking animation because there are keyframes with different interpolation methods in one channel
01:00:22 | WARNING: Baking animation because there are keyframes with different interpolation methods in one channel
01:00:22 | WARNING: Baking animation because there are keyframes with different interpolation methods in one channel
01:00:22 | WARNING: Baking animation because there are keyframes with different interpolation methods in one channel
01:00:22 | WARNING: Baking animation because there are keyframes with different interpolation methods in one channel
01:00:22 | WARNING: Baking animation because there are keyframes with different interpolation methods in one channel
01:00:22 | WARNING: Baking animation because there are keyframes with different interpolation methods in one channel
01:00:22 | WARNING: Baking animation because there are keyframes with different interpolation methods in one channel
01:00:22 | WARNING: Baking animation because there are keyframes with different interpolation methods in one channel
01:00:22 | WARNING: Baking animation because there are keyframes with different interpolation methods in one channel
01:00:22 | WARNING: Baking animation because there are keyframes with different interpolation methods in one channel
01:00:22 | WARNING: Baking animation because there are keyframes with different interpolation methods in one channel
01:00:22 | WARNING: Baking animation because there are keyframes with different interpolation methods in one channel
01:00:22 | WARNING: Baking animation because there are keyframes with different interpolation methods in one channel
01:00:22 | WARNING: Baking animation because there are keyframes with different interpolation methods in one channel
01:00:22 | WARNING: Baking animation because there are keyframes with different interpolation methods in one channel
01:00:22 | WARNING: Baking animation because there are keyframes with different interpolation methods in one channel
01:00:22 | WARNING: Baking animation because there are keyframes with different interpolation methods in one channel
01:00:22 | WARNING: Baking animation because there are keyframes with different interpolation methods in one channel
01:00:22 | WARNING: Baking animation because there are keyframes with different interpolation methods in one channel
01:00:22 | WARNING: Baking animation because there are keyframes with different interpolation methods in one channel
01:00:22 | WARNING: Baking animation because there are keyframes with different interpolation methods in one channel
01:00:22 | WARNING: Baking animation because there are keyframes with different interpolation methods in one channel
01:00:22 | WARNING: Baking animation because there are keyframes with different interpolation methods in one channel
01:00:22 | WARNING: Baking animation because there are keyframes with different interpolation methods in one channel
01:00:22 | WARNING: Baking animation because there are keyframes with different interpolation methods in one channel
01:00:22 | WARNING: Baking animation because there are keyframes with different interpolation methods in one channel
01:00:22 | WARNING: Baking animation because there are keyframes with different interpolation methods in one channel
01:00:22 | WARNING: Baking animation because there are keyframes with different interpolation methods in one channel
01:00:22 | WARNING: Baking animation because there are keyframes with different interpolation methods in one channel
01:00:22 | WARNING: Baking animation because there are keyframes with different interpolation methods in one channel
01:00:22 | WARNING: Baking animation because there are keyframes with different interpolation methods in one channel
01:00:22 | WARNING: Baking animation because there are keyframes with different interpolation methods in one channel
01:00:22 | WARNING: Baking animation because there are keyframes with different interpolation methods in one channel
01:00:22 | WARNING: Baking animation because there are keyframes with different interpolation methods in one channel
01:00:22 | WARNING: Baking animation because there are keyframes with different interpolation methods in one channel
01:00:22 | WARNING: Baking animation because there are keyframes with different interpolation methods in one channel
01:00:22 | WARNING: Baking animation because there are keyframes with different interpolation methods in one channel
01:00:22 | WARNING: Baking animation because there are keyframes with different interpolation methods in one channel
01:00:22 | WARNING: Baking animation because there are keyframes with different interpolation methods in one channel
01:00:22 | WARNING: Baking animation because there are keyframes with different interpolation methods in one channel
01:00:22 | WARNING: Baking animation because there are keyframes with different interpolation methods in one channel
01:00:22 | WARNING: Baking animation because there are keyframes with different interpolation methods in one channel
01:00:22 | WARNING: Baking animation because there are keyframes with different interpolation methods in one channel
01:00:22 | WARNING: Baking animation because there are keyframes with different interpolation methods in one channel
01:00:22 | WARNING: Baking animation because there are keyframes with different interpolation methods in one channel
01:00:22 | WARNING: Baking animation because there are keyframes with different interpolation methods in one channel
01:00:22 | WARNING: Baking animation because there are keyframes with different interpolation methods in one channel
01:00:22 | WARNING: Baking animation because there are keyframes with different interpolation methods in one channel
01:00:22 | WARNING: Baking animation because there are keyframes with different interpolation methods in one channel
01:00:22 | WARNING: Baking animation because there are keyframes with different interpolation methods in one channel
01:00:22 | WARNING: Baking animation because there are keyframes with different interpolation methods in one channel
01:00:22 | WARNING: Baking animation because there are keyframes with different interpolation methods in one channel
01:00:22 | WARNING: Baking animation because there are keyframes with different interpolation methods in one channel
01:00:22 | WARNING: Baking animation because there are keyframes with different interpolation methods in one channel
01:00:22 | WARNING: Baking animation because there are keyframes with different interpolation methods in one channel
01:00:22 | WARNING: Baking animation because there are keyframes with different interpolation methods in one channel
01:00:22 | WARNING: Baking animation because there are keyframes with different interpolation methods in one channel
01:00:22 | WARNING: Baking animation because there are keyframes with different interpolation methods in one channel
01:00:22 | WARNING: Baking animation because there are keyframes with different interpolation methods in one channel
01:00:22 | WARNING: Baking animation because there are keyframes with different interpolation methods in one channel
01:00:22 | WARNING: Baking animation because there are keyframes with different interpolation methods in one channel
01:00:22 | WARNING: Baking animation because there are keyframes with different interpolation methods in one channel
01:00:22 | WARNING: Baking animation because there are keyframes with different interpolation methods in one channel
01:00:22 | WARNING: Baking animation because there are keyframes with different interpolation methods in one channel
01:00:22 | WARNING: Baking animation because there are keyframes with different interpolation methods in one channel
01:00:22 | WARNING: Baking animation because there are keyframes with different interpolation methods in one channel
01:00:22 | WARNING: Baking animation because there are keyframes with different interpolation methods in one channel
01:00:22 | WARNING: Baking animation because there are keyframes with different interpolation methods in one channel
01:00:22 | WARNING: Baking animation because there are keyframes with different interpolation methods in one channel
01:00:22 | WARNING: Baking animation because there are keyframes with different interpolation methods in one channel
01:00:22 | WARNING: Baking animation because there are keyframes with different interpolation methods in one channel
01:00:22 | WARNING: Baking animation because there are keyframes with different interpolation methods in one channel
01:00:22 | WARNING: Baking animation because there are keyframes with different interpolation methods in one channel
01:00:22 | WARNING: Baking animation because there are keyframes with different interpolation methods in one channel
01:00:22 | WARNING: Baking animation because there are keyframes with different interpolation methods in one channel
01:00:22 | WARNING: Baking animation because there are keyframes with different interpolation methods in one channel
01:00:22 | WARNING: Baking animation because there are keyframes with different interpolation methods in one channel
01:00:22 | WARNING: Baking animation because there are keyframes with different interpolation methods in one channel
01:00:22 | WARNING: Baking animation because there are keyframes with different interpolation methods in one channel
01:00:22 | WARNING: Baking animation because there are keyframes with different interpolation methods in one channel
01:00:22 | WARNING: Baking animation because there are keyframes with different interpolation methods in one channel
01:00:22 | WARNING: Baking animation because there are keyframes with different interpolation methods in one channel
01:00:22 | WARNING: Baking animation because there are keyframes with different interpolation methods in one channel
01:00:22 | WARNING: Baking animation because there are keyframes with different interpolation methods in one channel
01:00:22 | WARNING: Baking animation because there are keyframes with different interpolation methods in one channel
01:00:22 | WARNING: Baking animation because there are keyframes with different interpolation methods in one channel
01:00:22 | WARNING: Baking animation because there are keyframes with different interpolation methods in one channel
01:00:22 | WARNING: Baking animation because there are keyframes with different interpolation methods in one channel
01:00:22 | WARNING: Baking animation because there are keyframes with different interpolation methods in one channel
01:00:22 | WARNING: Baking animation because there are keyframes with different interpolation methods in one channel
01:00:22 | WARNING: Baking animation because there are keyframes with different interpolation methods in one channel
01:00:22 | WARNING: Baking animation because there are keyframes with different interpolation methods in one channel
01:00:22 | WARNING: Baking animation because there are keyframes with different interpolation methods in one channel
01:00:22 | WARNING: Baking animation because there are keyframes with different interpolation methods in one channel
01:00:22 | WARNING: Baking animation because there are keyframes with different interpolation methods in one channel
01:00:22 | WARNING: Baking animation because there are keyframes with different interpolation methods in one channel
01:00:22 | WARNING: Baking animation because there are keyframes with different interpolation methods in one channel
01:00:22 | WARNING: Baking animation because there are keyframes with different interpolation methods in one channel
01:00:22 | WARNING: Baking animation because there are keyframes with different interpolation methods in one channel
01:00:24 | WARNING: Baking animation because there are keyframes with different interpolation methods in one channel
01:00:24 | WARNING: Baking animation because there are keyframes with different interpolation methods in one channel
01:00:24 | WARNING: Baking animation because there are keyframes with different interpolation methods in one channel
01:00:24 | WARNING: Baking animation because there are keyframes with different interpolation methods in one channel
01:00:24 | WARNING: Baking animation because there are keyframes with different interpolation methods in one channel
01:00:24 | WARNING: Baking animation because there are keyframes with different interpolation methods in one channel
01:00:24 | WARNING: Baking animation because there are keyframes with different interpolation methods in one channel
01:00:24 | WARNING: Baking animation because there are keyframes with different interpolation methods in one channel
01:00:24 | WARNING: Baking animation because there are keyframes with different interpolation methods in one channel
01:00:24 | WARNING: Baking animation because there are keyframes with different interpolation methods in one channel
01:00:24 | WARNING: Baking animation because there are keyframes with different interpolation methods in one channel
01:00:24 | WARNING: Baking animation because there are keyframes with different interpolation methods in one channel
01:00:24 | WARNING: Baking animation because there are keyframes with different interpolation methods in one channel
01:00:24 | WARNING: Baking animation because there are keyframes with different interpolation methods in one channel
01:00:24 | WARNING: Baking animation because there are keyframes with different interpolation methods in one channel
01:00:24 | WARNING: Baking animation because there are keyframes with different interpolation methods in one channel
01:00:24 | WARNING: Baking animation because there are keyframes with different interpolation methods in one channel
01:00:24 | WARNING: Baking animation because there are keyframes with different interpolation methods in one channel
01:00:24 | WARNING: Baking animation because there are keyframes with different interpolation methods in one channel
01:00:24 | WARNING: Baking animation because there are keyframes with different interpolation methods in one channel
01:00:24 | WARNING: Baking animation because there are keyframes with different interpolation methods in one channel
01:00:24 | WARNING: Baking animation because there are keyframes with different interpolation methods in one channel
01:00:24 | WARNING: Baking animation because there are keyframes with different interpolation methods in one channel
01:00:24 | WARNING: Baking animation because there are keyframes with different interpolation methods in one channel
01:00:24 | WARNING: Baking animation because there are keyframes with different interpolation methods in one channel
01:00:24 | WARNING: Baking animation because there are keyframes with different interpolation methods in one channel
01:00:24 | WARNING: Baking animation because there are keyframes with different interpolation methods in one channel
01:00:24 | WARNING: Baking animation because there are keyframes with different interpolation methods in one channel
01:00:24 | WARNING: Baking animation because there are keyframes with different interpolation methods in one channel
01:00:24 | WARNING: Baking animation because there are keyframes with different interpolation methods in one channel
01:00:24 | WARNING: Baking animation because there are keyframes with different interpolation methods in one channel
01:00:24 | WARNING: Baking animation because there are keyframes with different interpolation methods in one channel
01:00:24 | WARNING: Baking animation because there are keyframes with different interpolation methods in one channel
01:00:24 | WARNING: Baking animation because there are keyframes with different interpolation methods in one channel
01:00:24 | WARNING: Baking animation because there are keyframes with different interpolation methods in one channel
01:00:24 | WARNING: Baking animation because there are keyframes with different interpolation methods in one channel
01:00:24 | WARNING: Baking animation because there are keyframes with different interpolation methods in one channel
01:00:24 | WARNING: Baking animation because there are keyframes with different interpolation methods in one channel
01:00:24 | WARNING: Baking animation because there are keyframes with different interpolation methods in one channel
01:00:24 | WARNING: Baking animation because there are keyframes with different interpolation methods in one channel
01:00:24 | WARNING: Baking animation because there are keyframes with different interpolation methods in one channel
01:00:24 | WARNING: Baking animation because there are keyframes with different interpolation methods in one channel
01:00:24 | WARNING: Baking animation because there are keyframes with different interpolation methods in one channel
01:00:24 | WARNING: Baking animation because there are keyframes with different interpolation methods in one channel
01:00:24 | WARNING: Baking animation because there are keyframes with different interpolation methods in one channel
01:00:24 | WARNING: Baking animation because there are keyframes with different interpolation methods in one channel
01:00:24 | WARNING: Baking animation because there are keyframes with different interpolation methods in one channel
01:00:24 | WARNING: Baking animation because there are keyframes with different interpolation methods in one channel
01:00:24 | WARNING: Baking animation because there are keyframes with different interpolation methods in one channel
01:00:24 | WARNING: Baking animation because there are keyframes with different interpolation methods in one channel
01:00:24 | WARNING: Baking animation because there are keyframes with different interpolation methods in one channel
01:00:24 | WARNING: Baking animation because there are keyframes with different interpolation methods in one channel
01:00:24 | WARNING: Baking animation because there are keyframes with different interpolation methods in one channel
01:00:28 | WARNING: Baking animation because there are keyframes with different interpolation methods in one channel
01:00:28 | WARNING: Baking animation because there are keyframes with different interpolation methods in one channel
01:00:28 | WARNING: Baking animation because there are keyframes with different interpolation methods in one channel
01:00:28 | WARNING: Baking animation because there are keyframes with different interpolation methods in one channel
01:00:28 | WARNING: Baking animation because there are keyframes with different interpolation methods in one channel
01:00:28 | WARNING: Baking animation because there are keyframes with different interpolation methods in one channel
01:00:28 | WARNING: Baking animation because there are keyframes with different interpolation methods in one channel
01:00:28 | WARNING: Baking animation because there are keyframes with different interpolation methods in one channel
01:00:28 | WARNING: Baking animation because there are keyframes with different interpolation methods in one channel
01:00:28 | WARNING: Baking animation because there are keyframes with different interpolation methods in one channel
01:00:28 | WARNING: Baking animation because there are keyframes with different interpolation methods in one channel
01:00:28 | WARNING: Baking animation because there are keyframes with different interpolation methods in one channel
01:00:28 | WARNING: Baking animation because there are keyframes with different interpolation methods in one channel
01:00:28 | WARNING: Baking animation because there are keyframes with different interpolation methods in one channel
01:00:28 | WARNING: Baking animation because there are keyframes with different interpolation methods in one channel
01:00:28 | WARNING: Baking animation because there are keyframes with different interpolation methods in one channel
01:00:28 | WARNING: Baking animation because there are keyframes with different interpolation methods in one channel
01:00:28 | WARNING: Baking animation because there are keyframes with different interpolation methods in one channel
01:00:28 | WARNING: Baking animation because there are keyframes with different interpolation methods in one channel
01:00:28 | WARNING: Baking animation because there are keyframes with different interpolation methods in one channel
01:00:28 | WARNING: Baking animation because there are keyframes with different interpolation methods in one channel
01:00:28 | WARNING: Baking animation because there are keyframes with different interpolation methods in one channel
01:00:28 | WARNING: Baking animation because there are keyframes with different interpolation methods in one channel
01:00:28 | WARNING: Baking animation because there are keyframes with different interpolation methods in one channel
01:00:28 | WARNING: Baking animation because there are keyframes with different interpolation methods in one channel
01:00:28 | WARNING: Baking animation because there are keyframes with different interpolation methods in one channel
01:00:28 | WARNING: Baking animation because there are keyframes with different interpolation methods in one channel
01:00:28 | WARNING: Baking animation because there are keyframes with different interpolation methods in one channel
01:00:28 | WARNING: Baking animation because there are keyframes with different interpolation methods in one channel
01:00:28 | WARNING: Baking animation because there are keyframes with different interpolation methods in one channel
01:00:28 | WARNING: Baking animation because there are keyframes with different interpolation methods in one channel
01:00:28 | WARNING: Baking animation because there are keyframes with different interpolation methods in one channel
01:00:28 | WARNING: Baking animation because there are keyframes with different interpolation methods in one channel
01:00:28 | WARNING: Baking animation because there are keyframes with different interpolation methods in one channel
01:00:28 | WARNING: Baking animation because there are keyframes with different interpolation methods in one channel
01:00:28 | WARNING: Baking animation because there are keyframes with different interpolation methods in one channel
01:00:28 | WARNING: Baking animation because there are keyframes with different interpolation methods in one channel
01:00:28 | WARNING: Baking animation because there are keyframes with different interpolation methods in one channel
01:00:28 | WARNING: Baking animation because there are keyframes with different interpolation methods in one channel
01:00:28 | WARNING: Baking animation because there are keyframes with different interpolation methods in one channel
01:00:28 | WARNING: Baking animation because there are keyframes with different interpolation methods in one channel
01:00:28 | WARNING: Baking animation because there are keyframes with different interpolation methods in one channel
01:00:28 | WARNING: Baking animation because there are keyframes with different interpolation methods in one channel
01:00:28 | WARNING: Baking animation because there are keyframes with different interpolation methods in one channel
01:00:28 | WARNING: Baking animation because there are keyframes with different interpolation methods in one channel
01:00:28 | WARNING: Baking animation because there are keyframes with different interpolation methods in one channel
01:00:28 | WARNING: Baking animation because there are keyframes with different interpolation methods in one channel
01:00:28 | WARNING: Baking animation because there are keyframes with different interpolation methods in one channel
01:00:28 | WARNING: Baking animation because there are keyframes with different interpolation methods in one channel
01:00:28 | WARNING: Baking animation because there are keyframes with different interpolation methods in one channel
01:00:28 | WARNING: Baking animation because there are keyframes with different interpolation methods in one channel
01:00:28 | WARNING: Baking animation because there are keyframes with different interpolation methods in one channel
01:00:28 | WARNING: Baking animation because there are keyframes with different interpolation methods in one channel
01:00:30 | WARNING: Baking animation because there are keyframes with different interpolation methods in one channel
01:00:30 | WARNING: Baking animation because there are keyframes with different interpolation methods in one channel
01:00:30 | WARNING: Baking animation because there are keyframes with different interpolation methods in one channel
01:00:30 | WARNING: Baking animation because there are keyframes with different interpolation methods in one channel
01:00:30 | WARNING: Baking animation because there are keyframes with different interpolation methods in one channel
01:00:30 | WARNING: Baking animation because there are keyframes with different interpolation methods in one channel
01:00:30 | WARNING: Baking animation because there are keyframes with different interpolation methods in one channel
01:00:30 | WARNING: Baking animation because there are keyframes with different interpolation methods in one channel
01:00:30 | WARNING: Baking animation because there are keyframes with different interpolation methods in one channel
01:00:30 | WARNING: Baking animation because there are keyframes with different interpolation methods in one channel
01:00:30 | WARNING: Baking animation because there are keyframes with different interpolation methods in one channel
01:00:30 | WARNING: Baking animation because there are keyframes with different interpolation methods in one channel
01:00:30 | WARNING: Baking animation because there are keyframes with different interpolation methods in one channel
01:00:30 | WARNING: Baking animation because there are keyframes with different interpolation methods in one channel
01:00:30 | WARNING: Baking animation because there are keyframes with different interpolation methods in one channel
01:00:30 | WARNING: Baking animation because there are keyframes with different interpolation methods in one channel
01:00:30 | WARNING: Baking animation because there are keyframes with different interpolation methods in one channel
01:00:30 | WARNING: Baking animation because there are keyframes with different interpolation methods in one channel
01:00:30 | WARNING: Baking animation because there are keyframes with different interpolation methods in one channel
01:00:30 | WARNING: Baking animation because there are keyframes with different interpolation methods in one channel
01:00:30 | WARNING: Baking animation because there are keyframes with different interpolation methods in one channel
01:00:30 | WARNING: Baking animation because there are keyframes with different interpolation methods in one channel
01:00:30 | WARNING: Baking animation because there are keyframes with different interpolation methods in one channel
01:00:30 | WARNING: Baking animation because there are keyframes with different interpolation methods in one channel
01:00:30 | WARNING: Baking animation because there are keyframes with different interpolation methods in one channel
01:00:30 | WARNING: Baking animation because there are keyframes with different interpolation methods in one channel
01:00:30 | WARNING: Baking animation because there are keyframes with different interpolation methods in one channel
01:00:30 | WARNING: Baking animation because there are keyframes with different interpolation methods in one channel
01:00:30 | WARNING: Baking animation because there are keyframes with different interpolation methods in one channel
01:00:30 | WARNING: Baking animation because there are keyframes with different interpolation methods in one channel
01:00:30 | WARNING: Baking animation because there are keyframes with different interpolation methods in one channel
01:00:30 | WARNING: Baking animation because there are keyframes with different interpolation methods in one channel
01:00:30 | WARNING: Baking animation because there are keyframes with different interpolation methods in one channel
01:00:30 | WARNING: Baking animation because there are keyframes with different interpolation methods in one channel
01:00:30 | WARNING: Baking animation because there are keyframes with different interpolation methods in one channel
01:00:30 | WARNING: Baking animation because there are keyframes with different interpolation methods in one channel
01:00:30 | WARNING: Baking animation because there are keyframes with different interpolation methods in one channel
01:00:30 | WARNING: Baking animation because there are keyframes with different interpolation methods in one channel
01:00:30 | WARNING: Baking animation because there are keyframes with different interpolation methods in one channel
01:00:30 | WARNING: Baking animation because there are keyframes with different interpolation methods in one channel
01:00:30 | WARNING: Baking animation because there are keyframes with different interpolation methods in one channel
01:00:30 | WARNING: Baking animation because there are keyframes with different interpolation methods in one channel
01:00:30 | WARNING: Baking animation because there are keyframes with different interpolation methods in one channel
01:00:30 | WARNING: Baking animation because there are keyframes with different interpolation methods in one channel
01:00:30 | WARNING: Baking animation because there are keyframes with different interpolation methods in one channel
01:00:30 | WARNING: Baking animation because there are keyframes with different interpolation methods in one channel
01:00:30 | WARNING: Baking animation because there are keyframes with different interpolation methods in one channel
01:00:30 | WARNING: Baking animation because there are keyframes with different interpolation methods in one channel
01:00:30 | WARNING: Baking animation because there are keyframes with different interpolation methods in one channel
01:00:30 | WARNING: Baking animation because there are keyframes with different interpolation methods in one channel
01:00:30 | WARNING: Baking animation because there are keyframes with different interpolation methods in one channel
01:00:30 | WARNING: Baking animation because there are keyframes with different interpolation methods in one channel
01:00:30 | WARNING: Baking animation because there are keyframes with different interpolation methods in one channel
01:00:33 | WARNING: Baking animation because there are keyframes with different interpolation methods in one channel
01:00:33 | WARNING: Baking animation because there are keyframes with different interpolation methods in one channel
01:00:33 | WARNING: Baking animation because there are keyframes with different interpolation methods in one channel
01:00:33 | WARNING: Baking animation because there are keyframes with different interpolation methods in one channel
01:00:33 | WARNING: Baking animation because there are keyframes with different interpolation methods in one channel
01:00:33 | WARNING: Baking animation because there are keyframes with different interpolation methods in one channel
01:00:33 | WARNING: Baking animation because there are keyframes with different interpolation methods in one channel
01:00:33 | WARNING: Baking animation because there are keyframes with different interpolation methods in one channel
01:00:33 | WARNING: Baking animation because there are keyframes with different interpolation methods in one channel
01:00:33 | WARNING: Baking animation because there are keyframes with different interpolation methods in one channel
01:00:33 | WARNING: Baking animation because there are keyframes with different interpolation methods in one channel
01:00:33 | WARNING: Baking animation because there are keyframes with different interpolation methods in one channel
01:00:33 | WARNING: Baking animation because there are keyframes with different interpolation methods in one channel
01:00:33 | WARNING: Baking animation because there are keyframes with different interpolation methods in one channel
01:00:33 | WARNING: Baking animation because there are keyframes with different interpolation methods in one channel
01:00:33 | WARNING: Baking animation because there are keyframes with different interpolation methods in one channel
01:00:33 | WARNING: Baking animation because there are keyframes with different interpolation methods in one channel
01:00:33 | WARNING: Baking animation because there are keyframes with different interpolation methods in one channel
01:00:33 | WARNING: Baking animation because there are keyframes with different interpolation methods in one channel
01:00:33 | WARNING: Baking animation because there are keyframes with different interpolation methods in one channel
01:00:33 | WARNING: Baking animation because there are keyframes with different interpolation methods in one channel
01:00:33 | WARNING: Baking animation because there are keyframes with different interpolation methods in one channel
01:00:33 | WARNING: Baking animation because there are keyframes with different interpolation methods in one channel
01:00:33 | WARNING: Baking animation because there are keyframes with different interpolation methods in one channel
01:00:33 | WARNING: Baking animation because there are keyframes with different interpolation methods in one channel
01:00:33 | WARNING: Baking animation because there are keyframes with different interpolation methods in one channel
01:00:33 | WARNING: Baking animation because there are keyframes with different interpolation methods in one channel
01:00:33 | WARNING: Baking animation because there are keyframes with different interpolation methods in one channel
01:00:33 | WARNING: Baking animation because there are keyframes with different interpolation methods in one channel
01:00:33 | WARNING: Baking animation because there are keyframes with different interpolation methods in one channel
01:00:33 | WARNING: Baking animation because there are keyframes with different interpolation methods in one channel
01:00:33 | WARNING: Baking animation because there are keyframes with different interpolation methods in one channel
01:00:33 | WARNING: Baking animation because there are keyframes with different interpolation methods in one channel
01:00:33 | WARNING: Baking animation because there are keyframes with different interpolation methods in one channel
01:00:33 | WARNING: Baking animation because there are keyframes with different interpolation methods in one channel
01:00:33 | WARNING: Baking animation because there are keyframes with different interpolation methods in one channel
01:00:33 | WARNING: Baking animation because there are keyframes with different interpolation methods in one channel
01:00:33 | WARNING: Baking animation because there are keyframes with different interpolation methods in one channel
01:00:33 | WARNING: Baking animation because there are keyframes with different interpolation methods in one channel
01:00:33 | WARNING: Baking animation because there are keyframes with different interpolation methods in one channel
01:00:33 | WARNING: Baking animation because there are keyframes with different interpolation methods in one channel
01:00:33 | WARNING: Baking animation because there are keyframes with different interpolation methods in one channel
01:00:33 | WARNING: Baking animation because there are keyframes with different interpolation methods in one channel
01:00:33 | WARNING: Baking animation because there are keyframes with different interpolation methods in one channel
01:00:33 | WARNING: Baking animation because there are keyframes with different interpolation methods in one channel
01:00:33 | WARNING: Baking animation because there are keyframes with different interpolation methods in one channel
01:00:33 | WARNING: Baking animation because there are keyframes with different interpolation methods in one channel
01:00:33 | WARNING: Baking animation because there are keyframes with different interpolation methods in one channel
01:00:33 | WARNING: Baking animation because there are keyframes with different interpolation methods in one channel
01:00:33 | WARNING: Baking animation because there are keyframes with different interpolation methods in one channel
01:00:33 | WARNING: Baking animation because there are keyframes with different interpolation methods in one channel
01:00:33 | WARNING: Baking animation because there are keyframes with different interpolation methods in one channel
01:00:33 | WARNING: Baking animation because there are keyframes with different interpolation methods in one channel
01:00:34 | WARNING: Baking animation because there are keyframes with different interpolation methods in one channel
01:00:34 | WARNING: Baking animation because there are keyframes with different interpolation methods in one channel
01:00:34 | WARNING: Baking animation because there are keyframes with different interpolation methods in one channel
01:00:34 | WARNING: Baking animation because there are keyframes with different interpolation methods in one channel
01:00:34 | WARNING: Baking animation because there are keyframes with different interpolation methods in one channel
01:00:34 | WARNING: Baking animation because there are keyframes with different interpolation methods in one channel
01:00:34 | WARNING: Baking animation because there are keyframes with different interpolation methods in one channel
01:00:34 | WARNING: Baking animation because there are keyframes with different interpolation methods in one channel
01:00:34 | WARNING: Baking animation because there are keyframes with different interpolation methods in one channel
01:00:34 | WARNING: Baking animation because there are keyframes with different interpolation methods in one channel
01:00:34 | WARNING: Baking animation because there are keyframes with different interpolation methods in one channel
01:00:34 | WARNING: Baking animation because there are keyframes with different interpolation methods in one channel
01:00:34 | WARNING: Baking animation because there are keyframes with different interpolation methods in one channel
01:00:34 | WARNING: Baking animation because there are keyframes with different interpolation methods in one channel
01:00:34 | WARNING: Baking animation because there are keyframes with different interpolation methods in one channel
01:00:34 | WARNING: Baking animation because there are keyframes with different interpolation methods in one channel
01:00:34 | WARNING: Baking animation because there are keyframes with different interpolation methods in one channel
01:00:34 | WARNING: Baking animation because there are keyframes with different interpolation methods in one channel
01:00:34 | WARNING: Baking animation because there are keyframes with different interpolation methods in one channel
01:00:34 | WARNING: Baking animation because there are keyframes with different interpolation methods in one channel
01:00:34 | WARNING: Baking animation because there are keyframes with different interpolation methods in one channel
01:00:34 | WARNING: Baking animation because there are keyframes with different interpolation methods in one channel
01:00:34 | WARNING: Baking animation because there are keyframes with different interpolation methods in one channel
01:00:34 | WARNING: Baking animation because there are keyframes with different interpolation methods in one channel
01:00:34 | WARNING: Baking animation because there are keyframes with different interpolation methods in one channel
01:00:34 | WARNING: Baking animation because there are keyframes with different interpolation methods in one channel
01:00:34 | WARNING: Baking animation because there are keyframes with different interpolation methods in one channel
01:00:34 | WARNING: Baking animation because there are keyframes with different interpolation methods in one channel
01:00:34 | WARNING: Baking animation because there are keyframes with different interpolation methods in one channel
01:00:34 | WARNING: Baking animation because there are keyframes with different interpolation methods in one channel
01:00:34 | WARNING: Baking animation because there are keyframes with different interpolation methods in one channel
01:00:34 | WARNING: Baking animation because there are keyframes with different interpolation methods in one channel
01:00:34 | WARNING: Baking animation because there are keyframes with different interpolation methods in one channel
01:00:34 | WARNING: Baking animation because there are keyframes with different interpolation methods in one channel
01:00:34 | WARNING: Baking animation because there are keyframes with different interpolation methods in one channel
01:00:34 | WARNING: Baking animation because there are keyframes with different interpolation methods in one channel
01:00:34 | WARNING: Baking animation because there are keyframes with different interpolation methods in one channel
01:00:34 | WARNING: Baking animation because there are keyframes with different interpolation methods in one channel
01:00:34 | WARNING: Baking animation because there are keyframes with different interpolation methods in one channel
01:00:34 | WARNING: Baking animation because there are keyframes with different interpolation methods in one channel
01:00:34 | WARNING: Baking animation because there are keyframes with different interpolation methods in one channel
01:00:34 | WARNING: Baking animation because there are keyframes with different interpolation methods in one channel
01:00:34 | WARNING: Baking animation because there are keyframes with different interpolation methods in one channel
01:00:34 | WARNING: Baking animation because there are keyframes with different interpolation methods in one channel
01:00:34 | WARNING: Baking animation because there are keyframes with different interpolation methods in one channel
01:00:34 | WARNING: Baking animation because there are keyframes with different interpolation methods in one channel
01:00:34 | WARNING: Baking animation because there are keyframes with different interpolation methods in one channel
01:00:34 | WARNING: Baking animation because there are keyframes with different interpolation methods in one channel
01:00:34 | WARNING: Baking animation because there are keyframes with different interpolation methods in one channel
01:00:34 | WARNING: Baking animation because there are keyframes with different interpolation methods in one channel
01:00:34 | WARNING: Baking animation because there are keyframes with different interpolation methods in one channel
01:00:34 | WARNING: Baking animation because there are keyframes with different interpolation methods in one channel
01:00:34 | WARNING: Baking animation because there are keyframes with different interpolation methods in one channel
01:00:34 | WARNING: Baking animation because there are keyframes with different interpolation methods in one channel
01:00:34 | WARNING: Baking animation because there are keyframes with different interpolation methods in one channel
01:00:34 | WARNING: Baking animation because there are keyframes with different interpolation methods in one channel
01:00:34 | WARNING: Baking animation because there are keyframes with different interpolation methods in one channel
01:00:34 | WARNING: Baking animation because there are keyframes with different interpolation methods in one channel
01:00:34 | WARNING: Baking animation because there are keyframes with different interpolation methods in one channel
01:00:34 | WARNING: Baking animation because there are keyframes with different interpolation methods in one channel
01:00:34 | WARNING: Baking animation because there are keyframes with different interpolation methods in one channel
01:00:34 | WARNING: Baking animation because there are keyframes with different interpolation methods in one channel
01:00:34 | WARNING: Baking animation because there are keyframes with different interpolation methods in one channel
01:00:34 | WARNING: Baking animation because there are keyframes with different interpolation methods in one channel
01:00:34 | WARNING: Baking animation because there are keyframes with different interpolation methods in one channel
01:00:34 | WARNING: Baking animation because there are keyframes with different interpolation methods in one channel
01:00:34 | WARNING: Baking animation because there are keyframes with different interpolation methods in one channel
01:00:34 | WARNING: Baking animation because there are keyframes with different interpolation methods in one channel
01:00:34 | WARNING: Baking animation because there are keyframes with different interpolation methods in one channel
01:00:34 | WARNING: Baking animation because there are keyframes with different interpolation methods in one channel
01:00:34 | WARNING: Baking animation because there are keyframes with different interpolation methods in one channel
01:00:34 | WARNING: Baking animation because there are keyframes with different interpolation methods in one channel
01:00:34 | WARNING: Baking animation because there are keyframes with different interpolation methods in one channel
01:00:34 | WARNING: Baking animation because there are keyframes with different interpolation methods in one channel
01:00:34 | WARNING: Baking animation because there are keyframes with different interpolation methods in one channel
01:00:34 | WARNING: Baking animation because there are keyframes with different interpolation methods in one channel
01:00:34 | WARNING: Baking animation because there are keyframes with different interpolation methods in one channel
01:00:34 | WARNING: Baking animation because there are keyframes with different interpolation methods in one channel
01:00:34 | WARNING: Baking animation because there are keyframes with different interpolation methods in one channel
01:00:34 | WARNING: Baking animation because there are keyframes with different interpolation methods in one channel
01:00:34 | WARNING: Baking animation because there are keyframes with different interpolation methods in one channel
01:00:34 | WARNING: Baking animation because there are keyframes with different interpolation methods in one channel
01:00:34 | WARNING: Baking animation because there are keyframes with different interpolation methods in one channel
01:00:34 | WARNING: Baking animation because there are keyframes with different interpolation methods in one channel
01:00:34 | WARNING: Baking animation because there are keyframes with different interpolation methods in one channel
01:00:34 | WARNING: Baking animation because there are keyframes with different interpolation methods in one channel
01:00:34 | WARNING: Baking animation because there are keyframes with different interpolation methods in one channel
01:00:34 | WARNING: Baking animation because there are keyframes with different interpolation methods in one channel
01:00:34 | WARNING: Baking animation because there are keyframes with different interpolation methods in one channel
01:00:34 | WARNING: Baking animation because there are keyframes with different interpolation methods in one channel
01:00:34 | WARNING: Baking animation because there are keyframes with different interpolation methods in one channel
01:00:34 | WARNING: Baking animation because there are keyframes with different interpolation methods in one channel
01:00:34 | WARNING: Baking animation because there are keyframes with different interpolation methods in one channel
01:00:34 | WARNING: Baking animation because there are keyframes with different interpolation methods in one channel
01:00:34 | WARNING: Baking animation because there are keyframes with different interpolation methods in one channel
01:00:34 | WARNING: Baking animation because there are keyframes with different interpolation methods in one channel
01:00:34 | WARNING: Baking animation because there are keyframes with different interpolation methods in one channel
01:00:34 | WARNING: Baking animation because there are keyframes with different interpolation methods in one channel
01:00:34 | WARNING: Baking animation because there are keyframes with different interpolation methods in one channel
01:00:34 | WARNING: Baking animation because there are keyframes with different interpolation methods in one channel
01:00:34 | WARNING: Baking animation because there are keyframes with different interpolation methods in one channel
01:00:34 | WARNING: Baking animation because there are keyframes with different interpolation methods in one channel
01:00:34 | WARNING: Baking animation because there are keyframes with different interpolation methods in one channel
01:00:34 | WARNING: Baking animation because there are keyframes with different interpolation methods in one channel
01:00:34 | WARNING: Baking animation because there are keyframes with different interpolation methods in one channel
01:00:34 | WARNING: Baking animation because there are keyframes with different interpolation methods in one channel
01:00:35 | WARNING: Baking animation because there are keyframes with different interpolation methods in one channel
01:00:35 | WARNING: Baking animation because there are keyframes with different interpolation methods in one channel
01:00:35 | WARNING: Baking animation because there are keyframes with different interpolation methods in one channel
01:00:35 | WARNING: Baking animation because there are keyframes with different interpolation methods in one channel
01:00:35 | WARNING: Baking animation because there are keyframes with different interpolation methods in one channel
01:00:35 | WARNING: Baking animation because there are keyframes with different interpolation methods in one channel
01:00:35 | WARNING: Baking animation because there are keyframes with different interpolation methods in one channel
01:00:35 | WARNING: Baking animation because there are keyframes with different interpolation methods in one channel
01:00:35 | WARNING: Baking animation because there are keyframes with different interpolation methods in one channel
01:00:35 | WARNING: Baking animation because there are keyframes with different interpolation methods in one channel
01:00:35 | WARNING: Baking animation because there are keyframes with different interpolation methods in one channel
01:00:35 | WARNING: Baking animation because there are keyframes with different interpolation methods in one channel
01:00:35 | WARNING: Baking animation because there are keyframes with different interpolation methods in one channel
01:00:35 | WARNING: Baking animation because there are keyframes with different interpolation methods in one channel
01:00:35 | WARNING: Baking animation because there are keyframes with different interpolation methods in one channel
01:00:35 | WARNING: Baking animation because there are keyframes with different interpolation methods in one channel
01:00:35 | WARNING: Baking animation because there are keyframes with different interpolation methods in one channel
01:00:35 | WARNING: Baking animation because there are keyframes with different interpolation methods in one channel
01:00:35 | WARNING: Baking animation because there are keyframes with different interpolation methods in one channel
01:00:35 | WARNING: Baking animation because there are keyframes with different interpolation methods in one channel
01:00:35 | WARNING: Baking animation because there are keyframes with different interpolation methods in one channel
01:00:35 | WARNING: Baking animation because there are keyframes with different interpolation methods in one channel
01:00:35 | WARNING: Baking animation because there are keyframes with different interpolation methods in one channel
01:00:35 | WARNING: Baking animation because there are keyframes with different interpolation methods in one channel
01:00:35 | WARNING: Baking animation because there are keyframes with different interpolation methods in one channel
01:00:35 | WARNING: Baking animation because there are keyframes with different interpolation methods in one channel
01:00:35 | WARNING: Baking animation because there are keyframes with different interpolation methods in one channel
01:00:35 | WARNING: Baking animation because there are keyframes with different interpolation methods in one channel
01:00:35 | WARNING: Baking animation because there are keyframes with different interpolation methods in one channel
01:00:35 | WARNING: Baking animation because there are keyframes with different interpolation methods in one channel
01:00:35 | WARNING: Baking animation because there are keyframes with different interpolation methods in one channel
01:00:35 | WARNING: Baking animation because there are keyframes with different interpolation methods in one channel
01:00:35 | WARNING: Baking animation because there are keyframes with different interpolation methods in one channel
01:00:35 | WARNING: Baking animation because there are keyframes with different interpolation methods in one channel
01:00:35 | WARNING: Baking animation because there are keyframes with different interpolation methods in one channel
01:00:35 | WARNING: Baking animation because there are keyframes with different interpolation methods in one channel
01:00:35 | WARNING: Baking animation because there are keyframes with different interpolation methods in one channel
01:00:35 | WARNING: Baking animation because there are keyframes with different interpolation methods in one channel
01:00:35 | WARNING: Baking animation because there are keyframes with different interpolation methods in one channel
01:00:35 | WARNING: Baking animation because there are keyframes with different interpolation methods in one channel
01:00:35 | WARNING: Baking animation because there are keyframes with different interpolation methods in one channel
01:00:35 | WARNING: Baking animation because there are keyframes with different interpolation methods in one channel
01:00:35 | WARNING: Baking animation because there are keyframes with different interpolation methods in one channel
01:00:35 | WARNING: Baking animation because there are keyframes with different interpolation methods in one channel
01:00:35 | WARNING: Baking animation because there are keyframes with different interpolation methods in one channel
01:00:35 | WARNING: Baking animation because there are keyframes with different interpolation methods in one channel
01:00:35 | WARNING: Baking animation because there are keyframes with different interpolation methods in one channel
01:00:35 | WARNING: Baking animation because there are keyframes with different interpolation methods in one channel
01:00:35 | WARNING: Baking animation because there are keyframes with different interpolation methods in one channel
01:00:35 | WARNING: Baking animation because there are keyframes with different interpolation methods in one channel
01:00:35 | WARNING: Baking animation because there are keyframes with different interpolation methods in one channel
01:00:35 | WARNING: Baking animation because there are keyframes with different interpolation methods in one channel
01:00:35 | WARNING: Baking animation because there are keyframes with different interpolation methods in one channel
01:00:35 | WARNING: Baking animation because there are keyframes with different interpolation methods in one channel
01:00:35 | WARNING: Baking animation because there are keyframes with different interpolation methods in one channel
01:00:35 | WARNING: Baking animation because there are keyframes with different interpolation methods in one channel
01:00:35 | WARNING: Baking animation because there are keyframes with different interpolation methods in one channel
01:00:35 | WARNING: Baking animation because there are keyframes with different interpolation methods in one channel
01:00:35 | WARNING: Baking animation because there are keyframes with different interpolation methods in one channel
01:00:35 | WARNING: Baking animation because there are keyframes with different interpolation methods in one channel
01:00:35 | WARNING: Baking animation because there are keyframes with different interpolation methods in one channel
01:00:35 | WARNING: Baking animation because there are keyframes with different interpolation methods in one channel
01:00:35 | WARNING: Baking animation because there are keyframes with different interpolation methods in one channel
01:00:35 | WARNING: Baking animation because there are keyframes with different interpolation methods in one channel
01:00:35 | WARNING: Baking animation because there are keyframes with different interpolation methods in one channel
01:00:35 | WARNING: Baking animation because there are keyframes with different interpolation methods in one channel
01:00:35 | WARNING: Baking animation because there are keyframes with different interpolation methods in one channel
01:00:35 | WARNING: Baking animation because there are keyframes with different interpolation methods in one channel
01:00:35 | WARNING: Baking animation because there are keyframes with different interpolation methods in one channel
01:00:35 | WARNING: Baking animation because there are keyframes with different interpolation methods in one channel
01:00:35 | WARNING: Baking animation because there are keyframes with different interpolation methods in one channel
01:00:35 | WARNING: Baking animation because there are keyframes with different interpolation methods in one channel
01:00:35 | WARNING: Baking animation because there are keyframes with different interpolation methods in one channel
01:00:35 | WARNING: Baking animation because there are keyframes with different interpolation methods in one channel
01:00:35 | WARNING: Baking animation because there are keyframes with different interpolation methods in one channel
01:00:35 | WARNING: Baking animation because there are keyframes with different interpolation methods in one channel
01:00:35 | WARNING: Baking animation because there are keyframes with different interpolation methods in one channel
01:00:35 | WARNING: Baking animation because there are keyframes with different interpolation methods in one channel
01:00:35 | WARNING: Baking animation because there are keyframes with different interpolation methods in one channel
01:00:35 | WARNING: Baking animation because there are keyframes with different interpolation methods in one channel
01:00:35 | WARNING: Baking animation because there are keyframes with different interpolation methods in one channel
01:00:35 | WARNING: Baking animation because there are keyframes with different interpolation methods in one channel
01:00:35 | WARNING: Baking animation because there are keyframes with different interpolation methods in one channel
01:00:35 | WARNING: Baking animation because there are keyframes with different interpolation methods in one channel
01:00:35 | WARNING: Baking animation because there are keyframes with different interpolation methods in one channel
01:00:35 | WARNING: Baking animation because there are keyframes with different interpolation methods in one channel
01:00:35 | WARNING: Baking animation because there are keyframes with different interpolation methods in one channel
01:00:35 | WARNING: Baking animation because there are keyframes with different interpolation methods in one channel
01:00:35 | WARNING: Baking animation because there are keyframes with different interpolation methods in one channel
01:00:35 | WARNING: Baking animation because there are keyframes with different interpolation methods in one channel
01:00:35 | WARNING: Baking animation because there are keyframes with different interpolation methods in one channel
01:00:35 | WARNING: Baking animation because there are keyframes with different interpolation methods in one channel
01:00:35 | WARNING: Baking animation because there are keyframes with different interpolation methods in one channel
01:00:35 | WARNING: Baking animation because there are keyframes with different interpolation methods in one channel
01:00:35 | WARNING: Baking animation because there are keyframes with different interpolation methods in one channel
01:00:35 | WARNING: Baking animation because there are keyframes with different interpolation methods in one channel
01:00:35 | WARNING: Baking animation because there are keyframes with different interpolation methods in one channel
01:00:35 | WARNING: Baking animation because there are keyframes with different interpolation methods in one channel
01:00:35 | WARNING: Baking animation because there are keyframes with different interpolation methods in one channel
01:00:35 | WARNING: Baking animation because there are keyframes with different interpolation methods in one channel
01:00:35 | WARNING: Baking animation because there are keyframes with different interpolation methods in one channel
01:00:35 | WARNING: Baking animation because there are keyframes with different interpolation methods in one channel
01:00:35 | WARNING: Baking animation because there are keyframes with different interpolation methods in one channel
01:00:35 | WARNING: Baking animation because there are keyframes with different interpolation methods in one channel
01:00:35 | WARNING: Baking animation because there are keyframes with different interpolation methods in one channel
01:00:35 | WARNING: Baking animation because there are keyframes with different interpolation methods in one channel
01:00:37 | WARNING: Baking animation because there are keyframes with different interpolation methods in one channel
01:00:37 | WARNING: Baking animation because there are keyframes with different interpolation methods in one channel
01:00:37 | WARNING: Baking animation because there are keyframes with different interpolation methods in one channel
01:00:37 | WARNING: Baking animation because there are keyframes with different interpolation methods in one channel
01:00:37 | WARNING: Baking animation because there are keyframes with different interpolation methods in one channel
01:00:37 | WARNING: Baking animation because there are keyframes with different interpolation methods in one channel
01:00:37 | WARNING: Baking animation because there are keyframes with different interpolation methods in one channel
01:00:37 | WARNING: Baking animation because there are keyframes with different interpolation methods in one channel
01:00:37 | WARNING: Baking animation because there are keyframes with different interpolation methods in one channel
01:00:37 | WARNING: Baking animation because there are keyframes with different interpolation methods in one channel
01:00:37 | WARNING: Baking animation because there are keyframes with different interpolation methods in one channel
01:00:37 | WARNING: Baking animation because there are keyframes with different interpolation methods in one channel
01:00:37 | WARNING: Baking animation because there are keyframes with different interpolation methods in one channel
01:00:37 | WARNING: Baking animation because there are keyframes with different interpolation methods in one channel
01:00:37 | WARNING: Baking animation because there are keyframes with different interpolation methods in one channel
01:00:37 | WARNING: Baking animation because there are keyframes with different interpolation methods in one channel
01:00:37 | WARNING: Baking animation because there are keyframes with different interpolation methods in one channel
01:00:37 | WARNING: Baking animation because there are keyframes with different interpolation methods in one channel
01:00:37 | WARNING: Baking animation because there are keyframes with different interpolation methods in one channel
01:00:37 | WARNING: Baking animation because there are keyframes with different interpolation methods in one channel
01:00:37 | WARNING: Baking animation because there are keyframes with different interpolation methods in one channel
01:00:37 | WARNING: Baking animation because there are keyframes with different interpolation methods in one channel
01:00:37 | WARNING: Baking animation because there are keyframes with different interpolation methods in one channel
01:00:37 | WARNING: Baking animation because there are keyframes with different interpolation methods in one channel
01:00:37 | WARNING: Baking animation because there are keyframes with different interpolation methods in one channel
01:00:37 | WARNING: Baking animation because there are keyframes with different interpolation methods in one channel
01:00:37 | WARNING: Baking animation because there are keyframes with different interpolation methods in one channel
01:00:37 | WARNING: Baking animation because there are keyframes with different interpolation methods in one channel
01:00:37 | WARNING: Baking animation because there are keyframes with different interpolation methods in one channel
01:00:37 | WARNING: Baking animation because there are keyframes with different interpolation methods in one channel
01:00:37 | WARNING: Baking animation because there are keyframes with different interpolation methods in one channel
01:00:37 | WARNING: Baking animation because there are keyframes with different interpolation methods in one channel
01:00:37 | WARNING: Baking animation because there are keyframes with different interpolation methods in one channel
01:00:37 | WARNING: Baking animation because there are keyframes with different interpolation methods in one channel
01:00:37 | WARNING: Baking animation because there are keyframes with different interpolation methods in one channel
01:00:37 | WARNING: Baking animation because there are keyframes with different interpolation methods in one channel
01:00:37 | WARNING: Baking animation because there are keyframes with different interpolation methods in one channel
01:00:37 | WARNING: Baking animation because there are keyframes with different interpolation methods in one channel
01:00:37 | WARNING: Baking animation because there are keyframes with different interpolation methods in one channel
01:00:37 | WARNING: Baking animation because there are keyframes with different interpolation methods in one channel
01:00:37 | WARNING: Baking animation because there are keyframes with different interpolation methods in one channel
01:00:37 | WARNING: Baking animation because there are keyframes with different interpolation methods in one channel
01:00:37 | WARNING: Baking animation because there are keyframes with different interpolation methods in one channel
01:00:37 | WARNING: Baking animation because there are keyframes with different interpolation methods in one channel
01:00:37 | WARNING: Baking animation because there are keyframes with different interpolation methods in one channel
01:00:37 | WARNING: Baking animation because there are keyframes with different interpolation methods in one channel
01:00:37 | WARNING: Baking animation because there are keyframes with different interpolation methods in one channel
01:00:37 | WARNING: Baking animation because there are keyframes with different interpolation methods in one channel
01:00:37 | WARNING: Baking animation because there are keyframes with different interpolation methods in one channel
01:00:37 | WARNING: Baking animation because there are keyframes with different interpolation methods in one channel
01:00:37 | WARNING: Baking animation because there are keyframes with different interpolation methods in one channel
01:00:37 | WARNING: Baking animation because there are keyframes with different interpolation methods in one channel
01:00:37 | WARNING: Baking animation because there are keyframes with different interpolation methods in one channel
01:00:37 | WARNING: Baking animation because there are keyframes with different interpolation methods in one channel
01:00:37 | WARNING: Baking animation because there are keyframes with different interpolation methods in one channel
01:00:37 | WARNING: Baking animation because there are keyframes with different interpolation methods in one channel
01:00:37 | WARNING: Baking animation because there are keyframes with different interpolation methods in one channel
01:00:37 | WARNING: Baking animation because there are keyframes with different interpolation methods in one channel
01:00:37 | WARNING: Baking animation because there are keyframes with different interpolation methods in one channel
01:00:37 | WARNING: Baking animation because there are keyframes with different interpolation methods in one channel
01:00:37 | WARNING: Baking animation because there are keyframes with different interpolation methods in one channel
01:00:37 | WARNING: Baking animation because there are keyframes with different interpolation methods in one channel
01:00:37 | WARNING: Baking animation because there are keyframes with different interpolation methods in one channel
01:00:37 | WARNING: Baking animation because there are keyframes with different interpolation methods in one channel
01:00:37 | WARNING: Baking animation because there are keyframes with different interpolation methods in one channel
01:00:37 | WARNING: Baking animation because there are keyframes with different interpolation methods in one channel
01:00:37 | WARNING: Baking animation because there are keyframes with different interpolation methods in one channel
01:00:37 | WARNING: Baking animation because there are keyframes with different interpolation methods in one channel
01:00:37 | WARNING: Baking animation because there are keyframes with different interpolation methods in one channel
01:00:37 | WARNING: Baking animation because there are keyframes with different interpolation methods in one channel
01:00:37 | WARNING: Baking animation because there are keyframes with different interpolation methods in one channel
01:00:37 | WARNING: Baking animation because there are keyframes with different interpolation methods in one channel
01:00:37 | WARNING: Baking animation because there are keyframes with different interpolation methods in one channel
01:00:37 | WARNING: Baking animation because there are keyframes with different interpolation methods in one channel
01:00:37 | WARNING: Baking animation because there are keyframes with different interpolation methods in one channel
01:00:37 | WARNING: Baking animation because there are keyframes with different interpolation methods in one channel
01:00:37 | WARNING: Baking animation because there are keyframes with different interpolation methods in one channel
01:00:37 | WARNING: Baking animation because there are keyframes with different interpolation methods in one channel
01:00:37 | WARNING: Baking animation because there are keyframes with different interpolation methods in one channel
01:00:37 | WARNING: Baking animation because there are keyframes with different interpolation methods in one channel
01:00:37 | WARNING: Baking animation because there are keyframes with different interpolation methods in one channel
01:00:37 | WARNING: Baking animation because there are keyframes with different interpolation methods in one channel
01:00:37 | WARNING: Baking animation because there are keyframes with different interpolation methods in one channel
01:00:37 | WARNING: Baking animation because there are keyframes with different interpolation methods in one channel
01:00:37 | WARNING: Baking animation because there are keyframes with different interpolation methods in one channel
01:00:37 | WARNING: Baking animation because there are keyframes with different interpolation methods in one channel
01:00:37 | WARNING: Baking animation because there are keyframes with different interpolation methods in one channel
01:00:37 | WARNING: Baking animation because there are keyframes with different interpolation methods in one channel
01:00:37 | WARNING: Baking animation because there are keyframes with different interpolation methods in one channel
01:00:37 | WARNING: Baking animation because there are keyframes with different interpolation methods in one channel
01:00:37 | WARNING: Baking animation because there are keyframes with different interpolation methods in one channel
01:00:37 | WARNING: Baking animation because there are keyframes with different interpolation methods in one channel
01:00:37 | WARNING: Baking animation because there are keyframes with different interpolation methods in one channel
01:00:37 | WARNING: Baking animation because there are keyframes with different interpolation methods in one channel
01:00:37 | WARNING: Baking animation because there are keyframes with different interpolation methods in one channel
01:00:37 | WARNING: Baking animation because there are keyframes with different interpolation methods in one channel
01:00:37 | WARNING: Baking animation because there are keyframes with different interpolation methods in one channel
01:00:37 | WARNING: Baking animation because there are keyframes with different interpolation methods in one channel
01:00:37 | WARNING: Baking animation because there are keyframes with different interpolation methods in one channel
01:00:37 | WARNING: Baking animation because there are keyframes with different interpolation methods in one channel
01:00:37 | WARNING: Baking animation because there are keyframes with different interpolation methods in one channel
01:00:37 | WARNING: Baking animation because there are keyframes with different interpolation methods in one channel
01:00:37 | WARNING: Baking animation because there are keyframes with different interpolation methods in one channel
01:00:37 | WARNING: Baking animation because there are keyframes with different interpolation methods in one channel
01:00:37 | WARNING: Baking animation because there are keyframes with different interpolation methods in one channel
01:00:37 | WARNING: Baking animation because there are keyframes with different interpolation methods in one channel
01:00:38 | WARNING: Baking animation because there are keyframes with different interpolation methods in one channel
01:00:38 | WARNING: Baking animation because there are keyframes with different interpolation methods in one channel
01:00:38 | WARNING: Baking animation because there are keyframes with different interpolation methods in one channel
01:00:38 | WARNING: Baking animation because there are keyframes with different interpolation methods in one channel
01:00:38 | WARNING: Baking animation because there are keyframes with different interpolation methods in one channel
01:00:38 | WARNING: Baking animation because there are keyframes with different interpolation methods in one channel
01:00:38 | WARNING: Baking animation because there are keyframes with different interpolation methods in one channel
01:00:38 | WARNING: Baking animation because there are keyframes with different interpolation methods in one channel
01:00:38 | WARNING: Baking animation because there are keyframes with different interpolation methods in one channel
01:00:38 | WARNING: Baking animation because there are keyframes with different interpolation methods in one channel
01:00:38 | WARNING: Baking animation because there are keyframes with different interpolation methods in one channel
01:00:38 | WARNING: Baking animation because there are keyframes with different interpolation methods in one channel
01:00:38 | WARNING: Baking animation because there are keyframes with different interpolation methods in one channel
01:00:38 | WARNING: Baking animation because there are keyframes with different interpolation methods in one channel
01:00:38 | WARNING: Baking animation because there are keyframes with different interpolation methods in one channel
01:00:38 | WARNING: Baking animation because there are keyframes with different interpolation methods in one channel
01:00:38 | WARNING: Baking animation because there are keyframes with different interpolation methods in one channel
01:00:38 | WARNING: Baking animation because there are keyframes with different interpolation methods in one channel
01:00:38 | WARNING: Baking animation because there are keyframes with different interpolation methods in one channel
01:00:38 | WARNING: Baking animation because there are keyframes with different interpolation methods in one channel
01:00:38 | WARNING: Baking animation because there are keyframes with different interpolation methods in one channel
01:00:38 | WARNING: Baking animation because there are keyframes with different interpolation methods in one channel
01:00:38 | WARNING: Baking animation because there are keyframes with different interpolation methods in one channel
01:00:38 | WARNING: Baking animation because there are keyframes with different interpolation methods in one channel
01:00:38 | WARNING: Baking animation because there are keyframes with different interpolation methods in one channel
01:00:38 | WARNING: Baking animation because there are keyframes with different interpolation methods in one channel
01:00:38 | WARNING: Baking animation because there are keyframes with different interpolation methods in one channel
01:00:38 | WARNING: Baking animation because there are keyframes with different interpolation methods in one channel
01:00:38 | WARNING: Baking animation because there are keyframes with different interpolation methods in one channel
01:00:38 | WARNING: Baking animation because there are keyframes with different interpolation methods in one channel
01:00:38 | WARNING: Baking animation because there are keyframes with different interpolation methods in one channel
01:00:38 | WARNING: Baking animation because there are keyframes with different interpolation methods in one channel
01:00:38 | WARNING: Baking animation because there are keyframes with different interpolation methods in one channel
01:00:38 | WARNING: Baking animation because there are keyframes with different interpolation methods in one channel
01:00:38 | WARNING: Baking animation because there are keyframes with different interpolation methods in one channel
01:00:38 | WARNING: Baking animation because there are keyframes with different interpolation methods in one channel
01:00:38 | WARNING: Baking animation because there are keyframes with different interpolation methods in one channel
01:00:38 | WARNING: Baking animation because there are keyframes with different interpolation methods in one channel
01:00:38 | WARNING: Baking animation because there are keyframes with different interpolation methods in one channel
01:00:38 | WARNING: Baking animation because there are keyframes with different interpolation methods in one channel
01:00:38 | WARNING: Baking animation because there are keyframes with different interpolation methods in one channel
01:00:38 | WARNING: Baking animation because there are keyframes with different interpolation methods in one channel
01:00:38 | WARNING: Baking animation because there are keyframes with different interpolation methods in one channel
01:00:38 | WARNING: Baking animation because there are keyframes with different interpolation methods in one channel
01:00:38 | WARNING: Baking animation because there are keyframes with different interpolation methods in one channel
01:00:38 | WARNING: Baking animation because there are keyframes with different interpolation methods in one channel
01:00:38 | WARNING: Baking animation because there are keyframes with different interpolation methods in one channel
01:00:38 | WARNING: Baking animation because there are keyframes with different interpolation methods in one channel
01:00:38 | WARNING: Baking animation because there are keyframes with different interpolation methods in one channel
01:00:38 | WARNING: Baking animation because there are keyframes with different interpolation methods in one channel
01:00:38 | WARNING: Baking animation because there are keyframes with different interpolation methods in one channel
01:00:38 | WARNING: Baking animation because there are keyframes with different interpolation methods in one channel
01:00:38 | WARNING: Baking animation because there are keyframes with different interpolation methods in one channel
01:00:42 | WARNING: Baking animation because there are keyframes with different interpolation methods in one channel
01:00:42 | WARNING: Baking animation because there are keyframes with different interpolation methods in one channel
01:00:42 | WARNING: Baking animation because there are keyframes with different interpolation methods in one channel
01:00:42 | WARNING: Baking animation because there are keyframes with different interpolation methods in one channel
01:00:42 | WARNING: Baking animation because there are keyframes with different interpolation methods in one channel
01:00:42 | WARNING: Baking animation because there are keyframes with different interpolation methods in one channel
01:00:42 | WARNING: Baking animation because there are keyframes with different interpolation methods in one channel
01:00:42 | WARNING: Baking animation because there are keyframes with different interpolation methods in one channel
01:00:42 | WARNING: Baking animation because there are keyframes with different interpolation methods in one channel
01:00:42 | WARNING: Baking animation because there are keyframes with different interpolation methods in one channel
01:00:42 | WARNING: Baking animation because there are keyframes with different interpolation methods in one channel
01:00:42 | WARNING: Baking animation because there are keyframes with different interpolation methods in one channel
01:00:42 | WARNING: Baking animation because there are keyframes with different interpolation methods in one channel
01:00:42 | WARNING: Baking animation because there are keyframes with different interpolation methods in one channel
01:00:42 | WARNING: Baking animation because there are keyframes with different interpolation methods in one channel
01:00:42 | WARNING: Baking animation because there are keyframes with different interpolation methods in one channel
01:00:42 | WARNING: Baking animation because there are keyframes with different interpolation methods in one channel
01:00:42 | WARNING: Baking animation because there are keyframes with different interpolation methods in one channel
01:00:42 | WARNING: Baking animation because there are keyframes with different interpolation methods in one channel
01:00:42 | WARNING: Baking animation because there are keyframes with different interpolation methods in one channel
01:00:42 | WARNING: Baking animation because there are keyframes with different interpolation methods in one channel
01:00:42 | WARNING: Baking animation because there are keyframes with different interpolation methods in one channel
01:00:42 | WARNING: Baking animation because there are keyframes with different interpolation methods in one channel
01:00:42 | WARNING: Baking animation because there are keyframes with different interpolation methods in one channel
01:00:42 | WARNING: Baking animation because there are keyframes with different interpolation methods in one channel
01:00:42 | WARNING: Baking animation because there are keyframes with different interpolation methods in one channel
01:00:42 | WARNING: Baking animation because there are keyframes with different interpolation methods in one channel
01:00:42 | WARNING: Baking animation because there are keyframes with different interpolation methods in one channel
01:00:42 | WARNING: Baking animation because there are keyframes with different interpolation methods in one channel
01:00:42 | WARNING: Baking animation because there are keyframes with different interpolation methods in one channel
01:00:42 | WARNING: Baking animation because there are keyframes with different interpolation methods in one channel
01:00:42 | WARNING: Baking animation because there are keyframes with different interpolation methods in one channel
01:00:42 | WARNING: Baking animation because there are keyframes with different interpolation methods in one channel
01:00:42 | WARNING: Baking animation because there are keyframes with different interpolation methods in one channel
01:00:42 | WARNING: Baking animation because there are keyframes with different interpolation methods in one channel
01:00:42 | WARNING: Baking animation because there are keyframes with different interpolation methods in one channel
01:00:42 | WARNING: Baking animation because there are keyframes with different interpolation methods in one channel
01:00:42 | WARNING: Baking animation because there are keyframes with different interpolation methods in one channel
01:00:42 | WARNING: Baking animation because there are keyframes with different interpolation methods in one channel
01:00:42 | WARNING: Baking animation because there are keyframes with different interpolation methods in one channel
01:00:42 | WARNING: Baking animation because there are keyframes with different interpolation methods in one channel
01:00:42 | WARNING: Baking animation because there are keyframes with different interpolation methods in one channel
01:00:42 | WARNING: Baking animation because there are keyframes with different interpolation methods in one channel
01:00:42 | WARNING: Baking animation because there are keyframes with different interpolation methods in one channel
01:00:42 | WARNING: Baking animation because there are keyframes with different interpolation methods in one channel
01:00:42 | WARNING: Baking animation because there are keyframes with different interpolation methods in one channel
01:00:42 | WARNING: Baking animation because there are keyframes with different interpolation methods in one channel
01:00:42 | WARNING: Baking animation because there are keyframes with different interpolation methods in one channel
01:00:42 | WARNING: Baking animation because there are keyframes with different interpolation methods in one channel
01:00:42 | WARNING: Baking animation because there are keyframes with different interpolation methods in one channel
01:00:42 | WARNING: Baking animation because there are keyframes with different interpolation methods in one channel
01:00:42 | WARNING: Baking animation because there are keyframes with different interpolation methods in one channel
01:00:42 | WARNING: Baking animation because there are keyframes with different interpolation methods in one channel
01:00:44 | WARNING: Baking animation because there are keyframes with different interpolation methods in one channel
01:00:44 | WARNING: Baking animation because there are keyframes with different interpolation methods in one channel
01:00:44 | WARNING: Baking animation because there are keyframes with different interpolation methods in one channel
01:00:44 | WARNING: Baking animation because there are keyframes with different interpolation methods in one channel
01:00:44 | WARNING: Baking animation because there are keyframes with different interpolation methods in one channel
01:00:44 | WARNING: Baking animation because there are keyframes with different interpolation methods in one channel
01:00:44 | WARNING: Baking animation because there are keyframes with different interpolation methods in one channel
01:00:44 | WARNING: Baking animation because there are keyframes with different interpolation methods in one channel
01:00:44 | WARNING: Baking animation because there are keyframes with different interpolation methods in one channel
01:00:44 | WARNING: Baking animation because there are keyframes with different interpolation methods in one channel
01:00:44 | WARNING: Baking animation because there are keyframes with different interpolation methods in one channel
01:00:44 | WARNING: Baking animation because there are keyframes with different interpolation methods in one channel
01:00:44 | WARNING: Baking animation because there are keyframes with different interpolation methods in one channel
01:00:44 | WARNING: Baking animation because there are keyframes with different interpolation methods in one channel
01:00:44 | WARNING: Baking animation because there are keyframes with different interpolation methods in one channel
01:00:44 | WARNING: Baking animation because there are keyframes with different interpolation methods in one channel
01:00:44 | WARNING: Baking animation because there are keyframes with different interpolation methods in one channel
01:00:44 | WARNING: Baking animation because there are keyframes with different interpolation methods in one channel
01:00:44 | WARNING: Baking animation because there are keyframes with different interpolation methods in one channel
01:00:44 | WARNING: Baking animation because there are keyframes with different interpolation methods in one channel
01:00:44 | WARNING: Baking animation because there are keyframes with different interpolation methods in one channel
01:00:44 | WARNING: Baking animation because there are keyframes with different interpolation methods in one channel
01:00:44 | WARNING: Baking animation because there are keyframes with different interpolation methods in one channel
01:00:44 | WARNING: Baking animation because there are keyframes with different interpolation methods in one channel
01:00:44 | WARNING: Baking animation because there are keyframes with different interpolation methods in one channel
01:00:44 | WARNING: Baking animation because there are keyframes with different interpolation methods in one channel
01:00:44 | WARNING: Baking animation because there are keyframes with different interpolation methods in one channel
01:00:44 | WARNING: Baking animation because there are keyframes with different interpolation methods in one channel
01:00:44 | WARNING: Baking animation because there are keyframes with different interpolation methods in one channel
01:00:44 | WARNING: Baking animation because there are keyframes with different interpolation methods in one channel
01:00:44 | WARNING: Baking animation because there are keyframes with different interpolation methods in one channel
01:00:44 | WARNING: Baking animation because there are keyframes with different interpolation methods in one channel
01:00:44 | WARNING: Baking animation because there are keyframes with different interpolation methods in one channel
01:00:44 | WARNING: Baking animation because there are keyframes with different interpolation methods in one channel
01:00:44 | WARNING: Baking animation because there are keyframes with different interpolation methods in one channel
01:00:44 | WARNING: Baking animation because there are keyframes with different interpolation methods in one channel
01:00:44 | WARNING: Baking animation because there are keyframes with different interpolation methods in one channel
01:00:44 | WARNING: Baking animation because there are keyframes with different interpolation methods in one channel
01:00:44 | WARNING: Baking animation because there are keyframes with different interpolation methods in one channel
01:00:44 | WARNING: Baking animation because there are keyframes with different interpolation methods in one channel
01:00:44 | WARNING: Baking animation because there are keyframes with different interpolation methods in one channel
01:00:44 | WARNING: Baking animation because there are keyframes with different interpolation methods in one channel
01:00:44 | WARNING: Baking animation because there are keyframes with different interpolation methods in one channel
01:00:44 | WARNING: Baking animation because there are keyframes with different interpolation methods in one channel
01:00:44 | WARNING: Baking animation because there are keyframes with different interpolation methods in one channel
01:00:44 | WARNING: Baking animation because there are keyframes with different interpolation methods in one channel
01:00:44 | WARNING: Baking animation because there are keyframes with different interpolation methods in one channel
01:00:44 | WARNING: Baking animation because there are keyframes with different interpolation methods in one channel
01:00:44 | WARNING: Baking animation because there are keyframes with different interpolation methods in one channel
01:00:44 | WARNING: Baking animation because there are keyframes with different interpolation methods in one channel
01:00:44 | WARNING: Baking animation because there are keyframes with different interpolation methods in one channel
01:00:44 | WARNING: Baking animation because there are keyframes with different interpolation methods in one channel
01:00:44 | WARNING: Baking animation because there are keyframes with different interpolation methods in one channel
01:00:48 | INFO: Finished glTF 2.0 export in 34.561800956726074 s

DASH10_DONE failed=['counter_arm_ok', 'seam_end_ok', 'seam_end_translation_invariant_ok']
Blender 4.5.0 (hash 8cb6b388974a built 2025-07-15 01:36:24)
Read blend: "I:\工作项目\BIGMANFIGHT\角色资产\美术资产\bigman_v001\bigman_anim_v001.blend"

Blender quit
Error: Not freed memory blocks: 7796, total unfreed memory 0.814014 MB
