DASH10_LAYOUT {"total_frames": 42, "advance_mm": 1000.026, "entry_speed_mm_per_frame": 45.8333, "exit_speed_mm_per_frame": 1.787, "decel_g": 0.3944, "foot_schedule": {"L": [[0, 20], [38, 42]], "R": [[20, 42]]}, "seam_frame": 0, "pelvis_y0_mm": -8.0, "pelvis_y_end_mm": -1008.026, "L_seam_mm": [46.64, -387.35, 85.26], "R_seam_mm": [-19.48, 532.0, 193.44], "L_plant_mm": [143.18, -1177.6, 79.76], "R_plant_mm": [-141.58, -867.59, 79.83], "R_seam_sole_mm": 108.183, "note": "落脚点由出口接缝（Idle_01@0 + 前移 D）**反推**；落地帧由单支撑滑动预算反推。"}
DASH10_CALIBRATION {"plant_z_flat_mm": 79.297, "plant_z_tip3_mm": 85.256, "tip3_reach_err_mm": 0.02, "flat_reach_err_mm": 0.02, "seam_L_ankle_z_mm": 85.256}
DASH10_Z0 {"L_w0": -0.0001, "L_w1": 0.4639, "R_w0": 0.5305}
DASH10_SOLE_CALIB {"window_floor_before_and_lift_mm": {"L_w0": [-3.608, 2.808], "L_w1": [0.0, -0.8], "R_w0": [-1.588, 0.788]}, "frozen_shift_mm": {"L_w0": 1.9489, "R_w0": 0.275, "L_w1": -1.2431}, "target_floor_mm": -0.8}
DASH10_REPORT {"loop_seamless": null, "ground_min_mm": -0.96, "ground_contact_ok": true, "max_frame_step_deg": 29.836, "max_frame_step_at": [4, "forearm.R"], "no_teleport": false, "bone_travel_mm": {"pelvis": 1000.44, "chest": 969.87, "head": 951.97, "hand.L": 1023.99, "hand.R": 1307.25}, "seam_start_delta": 0.0, "seam_start_ok": true, "seam_end_pose_delta": 1.788e-07, "seam_end_orient_delta": 1.49e-07, "seam_end_relative_delta": 1.788e-07, "seam_end_raw_delta": 1.008, "seam_end_orient_bone": "toe.R", "seam_end_relative_bone": "index_02.L", "root_motion_m": -1.000026, "seam_end_ok": true, "seam_end_translation_invariant_ok": true, "entry_speed_mm": 45.8333, "entry_speed_ok": true, "min_step_mm": 1.7869, "monotone_ok": true, "decel_mm_per_frame2": 1.0743, "decel_g": 0.3944, "decel_ok": true, "speed_at_cancel_mm": 11.4557, "speed_at_end_mm": 1.7869, "residual_drive_ok": true, "advance_total_mm": -1000.026, "dash_inertia_ok": true, "root_motion_ok": true, "plant_drift_mm": {"L_w0_mm": 0.017, "L_w1_mm": 0.0105, "R_w0_mm": 0.0126}, "stance_plant_ok": true, "plant_sole_mm": {"L_w0": [-0.826, 3.35], "L_w1": [-0.8, 1.055], "R_w0": [-0.962, 1.666]}, "stance_sole_ok": true, "swing_min_clearance_mm": {"L": 7.758, "R": 1.21}, "swing_airborne_ok": true, "hitstop_frozen_steps": [0.0, 0.0], "hitstop_present_ok": true, "hitstop_momentum_mm": 47.62, "hitstop_keeps_momentum_ok": true, "hitstop_plant_mm": {"L": [[20, 20], 0.0, -0.826], "R": [[20, 22], 0.0015, 0.788]}, "hitstop_plant_ok": true, "fist_travel_mm": 1298.15, "fist_travel_ok": true, "fist_forward_mm": -1256.33, "guard_retract_world_mm": -91.87, "guard_retract_mm": 322.41, "guard_antic_mm": -514.66, "guard_hit_mm": -192.26, "guard_chin_antic_mm": 373.89, "guard_chin_hit_mm": 108.62, "counter_arm_ok": true, "lean_at_hit_mm": 218.24, "lean_max_mm": 242.43, "lean_peak_frame": 14, "torso_lean_ok": true, "lean_peak_in_window_ok": true, "power_chain_channels_deg": {"pelvis": 16.615, "spine_01": 7.116, "spine_02": 7.093, "chest": 13.108, "shoulder.L": 22.149, "shoulder.R": 22.149}, "power_chain_ok": true, "leg_reach_max_ratio": {"L": 0.98754, "R": 0.98934}, "leg_reach_peak": {"L": [0, 811.76, -10.24], "R": [0, 813.24, -8.76]}, "ik_reach_ok": true, "swing_step_max_mm": {"L": 107.24, "R": 94.13}, "swing_step_peak_frame": {"L": [21, 107.24], "R": [1, 94.13]}, "swing_speed_ok": true, "return_tail": [12.5755, 11.9306, 11.2857, 10.6408, 9.9959, 9.351, 8.7061, 8.0612, 7.4163, 6.7714, 6.1265, 5.4817, 5.4342, 5.3625, 5.0683, 4.6254, 2.3446, 1.6123, 1.1071, 0.7658], "return_tail_bones": ["forearm.R", "forearm.R", "forearm.R", "forearm.R", "forearm.R", "forearm.R", "forearm.R", "forearm.R", "forearm.R", "forearm.R", "forearm.R", "forearm.R", "shin.L", "shin.L", "shin.L", "shin.L", "foot.L", "forearm.R", "shoulder.R", "shin.L"], "decel_smooth_ok": true, "no_snap_stop_ok": true, "max_abs_euler_y_deg": 69.76, "arm_roll_max_deg": {"upperarm.L": 0.0, "forearm.L": 0.0, "hand.L": 0.0, "upperarm.R": 0.0, "forearm.R": 12.0, "hand.R": 5.0}, "meta": {"anim_id": "Dash_Attack", "loop": false, "category": "普通攻击", "note": "冲刺冲拳：奔跑直接接后手直拳，Root Motion 前冲 1.0001 m；起步接 Run 的 2.75 m/s、全程单调减速到 ~0；支撑脚世界钉死，后脚落地 = 命中帧", "antic_frame": 7, "hit_frame": 20, "cancel_frame": 32, "hitstop_frames": 3, "root_motion_m": [0.0, -1.0], "entry_speed_mps": 2.75, "exit_speed_mps": 0.1072, "decel_g": 0.3944, "hit_point_m": null, "fps": 60, "frames": [0, 42]}, "failed": []}
Info: Saved as "bigman_anim_v001.blend"
INFO Draco mesh compression is available, use library at D:\Program Files\Blender Foundation\Blender 4.5\4.5\scripts\addons_core\io_scene_gltf2\extern_draco.dll
01:02:33 | INFO: Starting glTF 2.0 export
01:02:33 | INFO: Extracting primitive: Mesh
01:02:34 | INFO: Primitives created: 1
01:02:34 | INFO: Extracting primitive: Mesh
01:02:34 | INFO: Primitives created: 1
01:02:34 | INFO: Extracting primitive: Collar_Point_L
01:02:34 | INFO: Primitives created: 1
01:02:34 | INFO: Extracting primitive: Collar_Point_R
01:02:34 | INFO: Primitives created: 1
01:02:34 | INFO: Extracting primitive: Ear_Inner_L
01:02:34 | INFO: Primitives created: 1
01:02:34 | INFO: Extracting primitive: Ear_Inner_R
01:02:34 | INFO: Primitives created: 1
01:02:34 | INFO: Extracting primitive: Ear_L
01:02:34 | INFO: Primitives created: 1
01:02:34 | INFO: Extracting primitive: Ear_Lobe_L
01:02:34 | INFO: Primitives created: 1
01:02:34 | INFO: Extracting primitive: Ear_Lobe_R
01:02:34 | INFO: Primitives created: 1
01:02:34 | INFO: Extracting primitive: Ear_R
01:02:34 | INFO: Primitives created: 1
01:02:34 | INFO: Extracting primitive: Eye_Glint_L
01:02:34 | INFO: Primitives created: 1
01:02:34 | INFO: Extracting primitive: Eye_Glint_R
01:02:34 | INFO: Primitives created: 1
01:02:34 | INFO: Extracting primitive: Eye_Line_Upper_L
01:02:34 | INFO: Primitives created: 1
01:02:34 | INFO: Extracting primitive: Eye_Line_Upper_R
01:02:34 | INFO: Primitives created: 1
01:02:34 | INFO: Extracting primitive: Eye_White_L
01:02:34 | INFO: Primitives created: 1
01:02:34 | INFO: Extracting primitive: Eye_White_R
01:02:34 | INFO: Primitives created: 1
01:02:34 | INFO: Extracting primitive: Eyebrow_L
01:02:34 | INFO: Primitives created: 1
01:02:34 | INFO: Extracting primitive: Eyebrow_R
01:02:34 | INFO: Primitives created: 1
01:02:34 | INFO: Extracting primitive: Eyelid_Lower_L
01:02:34 | INFO: Primitives created: 1
01:02:34 | INFO: Extracting primitive: Eyelid_Lower_R
01:02:34 | INFO: Primitives created: 1
01:02:34 | INFO: Extracting primitive: Eyelid_Upper_L
01:02:34 | INFO: Primitives created: 1
01:02:34 | INFO: Extracting primitive: Eyelid_Upper_R
01:02:34 | INFO: Primitives created: 1
01:02:34 | INFO: Extracting primitive: Mesh
01:02:34 | INFO: Primitives created: 1
01:02:34 | INFO: Extracting primitive: Mesh
01:02:34 | INFO: Primitives created: 1
01:02:34 | INFO: Extracting primitive: Mesh
01:02:34 | INFO: Primitives created: 1
01:02:34 | INFO: Extracting primitive: Mesh
01:02:34 | INFO: Primitives created: 1
01:02:34 | INFO: Extracting primitive: Mesh
01:02:34 | INFO: Primitives created: 1
01:02:34 | INFO: Extracting primitive: Mesh
01:02:34 | INFO: Primitives created: 1
01:02:34 | INFO: Extracting primitive: Mesh
01:02:34 | INFO: Primitives created: 1
01:02:34 | INFO: Extracting primitive: Mesh
01:02:34 | INFO: Primitives created: 1
01:02:34 | INFO: Extracting primitive: Glasses_Bridge
01:02:34 | INFO: Primitives created: 1
01:02:34 | INFO: Extracting primitive: Glasses_Frame_L
01:02:34 | INFO: Primitives created: 1
01:02:34 | INFO: Extracting primitive: Glasses_Frame_R
01:02:34 | INFO: Primitives created: 1
01:02:34 | INFO: Extracting primitive: Glasses_Temple_L
01:02:34 | INFO: Primitives created: 1
01:02:34 | INFO: Extracting primitive: Glasses_Temple_R
01:02:34 | INFO: Primitives created: 1
01:02:34 | INFO: Extracting primitive: Mesh
01:02:34 | INFO: Primitives created: 1
01:02:34 | INFO: Extracting primitive: Mesh
01:02:34 | INFO: Primitives created: 1
01:02:34 | INFO: Extracting primitive: Mesh
01:02:34 | INFO: Primitives created: 1
01:02:34 | INFO: Extracting primitive: Mesh
01:02:34 | INFO: Primitives created: 1
01:02:34 | INFO: Extracting primitive: Mesh
01:02:34 | INFO: Primitives created: 1
01:02:34 | INFO: Extracting primitive: Iris_L
01:02:34 | INFO: Primitives created: 1
01:02:34 | INFO: Extracting primitive: Iris_R
01:02:34 | INFO: Primitives created: 1
01:02:34 | INFO: Extracting primitive: Iris_Ring_L
01:02:34 | INFO: Primitives created: 1
01:02:34 | INFO: Extracting primitive: Iris_Ring_R
01:02:34 | INFO: Primitives created: 1
01:02:34 | INFO: Extracting primitive: Jacket_Back_Seam
01:02:34 | INFO: Primitives created: 1
01:02:34 | INFO: Extracting primitive: Jacket_Button_1
01:02:34 | INFO: Primitives created: 1
01:02:34 | INFO: Extracting primitive: Jacket_Button_2
01:02:34 | INFO: Primitives created: 1
01:02:34 | INFO: Extracting primitive: Jacket_Collar
01:02:34 | INFO: Primitives created: 1
01:02:34 | INFO: Extracting primitive: Jacket_Lapel_L
01:02:34 | INFO: Primitives created: 1
01:02:34 | INFO: Extracting primitive: Jacket_Lapel_R
01:02:34 | INFO: Primitives created: 1
01:02:34 | INFO: Extracting primitive: Jacket_Vent
01:02:34 | INFO: Primitives created: 1
01:02:34 | INFO: Extracting primitive: Lapel_Fold_L
01:02:34 | INFO: Primitives created: 1
01:02:34 | INFO: Extracting primitive: Lapel_Fold_R
01:02:34 | INFO: Primitives created: 1
01:02:34 | INFO: Extracting primitive: Lapel_Notch_L
01:02:34 | INFO: Primitives created: 1
01:02:34 | INFO: Extracting primitive: Lapel_Notch_R
01:02:34 | INFO: Primitives created: 1
01:02:34 | INFO: Extracting primitive: Lower_Lip
01:02:34 | INFO: Primitives created: 1
01:02:34 | INFO: Extracting primitive: Mouth_Line
01:02:34 | INFO: Primitives created: 1
01:02:34 | INFO: Extracting primitive: Mesh
01:02:34 | INFO: Primitives created: 1
01:02:34 | INFO: Extracting primitive: Mesh
01:02:34 | INFO: Primitives created: 1
01:02:34 | INFO: Extracting primitive: Nose_Wing_L
01:02:34 | INFO: Primitives created: 1
01:02:34 | INFO: Extracting primitive: Nose_Wing_R
01:02:34 | INFO: Primitives created: 1
01:02:34 | INFO: Extracting primitive: Pocket_Flap_L
01:02:34 | INFO: Primitives created: 1
01:02:34 | INFO: Extracting primitive: Pocket_Flap_R
01:02:34 | INFO: Primitives created: 1
01:02:34 | INFO: Extracting primitive: Pupil_L
01:02:34 | INFO: Primitives created: 1
01:02:34 | INFO: Extracting primitive: Pupil_R
01:02:34 | INFO: Primitives created: 1
01:02:34 | INFO: Extracting primitive: Shirt_Collar
01:02:34 | INFO: Primitives created: 1
01:02:34 | INFO: Extracting primitive: Shirt_Cuff_L
01:02:34 | INFO: Primitives created: 1
01:02:34 | INFO: Extracting primitive: Shirt_Cuff_R
01:02:34 | INFO: Primitives created: 1
01:02:34 | INFO: Extracting primitive: Shirt_Front
01:02:34 | INFO: Primitives created: 1
01:02:34 | INFO: Extracting primitive: Mesh
01:02:34 | INFO: Primitives created: 1
01:02:34 | INFO: Extracting primitive: Mesh
01:02:34 | INFO: Primitives created: 1
01:02:34 | INFO: Extracting primitive: Mesh
01:02:34 | INFO: Primitives created: 1
01:02:34 | INFO: Extracting primitive: Mesh
01:02:34 | INFO: Primitives created: 1
01:02:34 | INFO: Extracting primitive: Shoe_Toe_Cap_L
01:02:34 | INFO: Primitives created: 1
01:02:34 | INFO: Extracting primitive: Shoe_Toe_Cap_R
01:02:34 | INFO: Primitives created: 1
01:02:34 | INFO: Extracting primitive: Mesh
01:02:34 | INFO: Primitives created: 1
01:02:34 | INFO: Extracting primitive: Mesh
01:02:34 | INFO: Primitives created: 1
01:02:34 | INFO: Extracting primitive: Sleeve_Button_1_L
01:02:34 | INFO: Primitives created: 1
01:02:34 | INFO: Extracting primitive: Sleeve_Button_1_R
01:02:34 | INFO: Primitives created: 1
01:02:34 | INFO: Extracting primitive: Sleeve_Button_2_L
01:02:34 | INFO: Primitives created: 1
01:02:34 | INFO: Extracting primitive: Sleeve_Button_2_R
01:02:34 | INFO: Primitives created: 1
01:02:34 | INFO: Extracting primitive: Sleeve_Button_3_L
01:02:34 | INFO: Primitives created: 1
01:02:34 | INFO: Extracting primitive: Sleeve_Button_3_R
01:02:34 | INFO: Primitives created: 1
01:02:34 | INFO: Extracting primitive: Mesh
01:02:34 | INFO: Primitives created: 1
01:02:34 | INFO: Extracting primitive: Mesh
01:02:34 | INFO: Primitives created: 1
01:02:34 | INFO: Extracting primitive: Mesh
01:02:34 | INFO: Primitives created: 1
01:02:34 | INFO: Extracting primitive: Mesh
01:02:34 | INFO: Primitives created: 1
01:02:34 | INFO: Extracting primitive: Mesh
01:02:34 | INFO: Primitives created: 1
01:02:34 | INFO: Extracting primitive: Mesh
01:02:34 | INFO: Primitives created: 1
01:02:34 | INFO: Extracting primitive: Mesh
01:02:34 | INFO: Primitives created: 1
01:02:34 | INFO: Extracting primitive: Upper_Lip
01:02:34 | INFO: Primitives created: 1
01:02:41 | WARNING: Baking animation because there are keyframes with different interpolation methods in one channel
01:02:41 | WARNING: Baking animation because there are keyframes with different interpolation methods in one channel
01:02:41 | WARNING: Baking animation because there are keyframes with different interpolation methods in one channel
01:02:41 | WARNING: Baking animation because there are keyframes with different interpolation methods in one channel
01:02:41 | WARNING: Baking animation because there are keyframes with different interpolation methods in one channel
01:02:41 | WARNING: Baking animation because there are keyframes with different interpolation methods in one channel
01:02:41 | WARNING: Baking animation because there are keyframes with different interpolation methods in one channel
01:02:41 | WARNING: Baking animation because there are keyframes with different interpolation methods in one channel
01:02:41 | WARNING: Baking animation because there are keyframes with different interpolation methods in one channel
01:02:41 | WARNING: Baking animation because there are keyframes with different interpolation methods in one channel
01:02:41 | WARNING: Baking animation because there are keyframes with different interpolation methods in one channel
01:02:41 | WARNING: Baking animation because there are keyframes with different interpolation methods in one channel
01:02:41 | WARNING: Baking animation because there are keyframes with different interpolation methods in one channel
01:02:41 | WARNING: Baking animation because there are keyframes with different interpolation methods in one channel
01:02:41 | WARNING: Baking animation because there are keyframes with different interpolation methods in one channel
01:02:41 | WARNING: Baking animation because there are keyframes with different interpolation methods in one channel
01:02:41 | WARNING: Baking animation because there are keyframes with different interpolation methods in one channel
01:02:41 | WARNING: Baking animation because there are keyframes with different interpolation methods in one channel
01:02:41 | WARNING: Baking animation because there are keyframes with different interpolation methods in one channel
01:02:41 | WARNING: Baking animation because there are keyframes with different interpolation methods in one channel
01:02:41 | WARNING: Baking animation because there are keyframes with different interpolation methods in one channel
01:02:41 | WARNING: Baking animation because there are keyframes with different interpolation methods in one channel
01:02:41 | WARNING: Baking animation because there are keyframes with different interpolation methods in one channel
01:02:41 | WARNING: Baking animation because there are keyframes with different interpolation methods in one channel
01:02:41 | WARNING: Baking animation because there are keyframes with different interpolation methods in one channel
01:02:41 | WARNING: Baking animation because there are keyframes with different interpolation methods in one channel
01:02:41 | WARNING: Baking animation because there are keyframes with different interpolation methods in one channel
01:02:41 | WARNING: Baking animation because there are keyframes with different interpolation methods in one channel
01:02:41 | WARNING: Baking animation because there are keyframes with different interpolation methods in one channel
01:02:41 | WARNING: Baking animation because there are keyframes with different interpolation methods in one channel
01:02:41 | WARNING: Baking animation because there are keyframes with different interpolation methods in one channel
01:02:41 | WARNING: Baking animation because there are keyframes with different interpolation methods in one channel
01:02:41 | WARNING: Baking animation because there are keyframes with different interpolation methods in one channel
01:02:41 | WARNING: Baking animation because there are keyframes with different interpolation methods in one channel
01:02:41 | WARNING: Baking animation because there are keyframes with different interpolation methods in one channel
01:02:41 | WARNING: Baking animation because there are keyframes with different interpolation methods in one channel
01:02:41 | WARNING: Baking animation because there are keyframes with different interpolation methods in one channel
01:02:41 | WARNING: Baking animation because there are keyframes with different interpolation methods in one channel
01:02:41 | WARNING: Baking animation because there are keyframes with different interpolation methods in one channel
01:02:41 | WARNING: Baking animation because there are keyframes with different interpolation methods in one channel
01:02:41 | WARNING: Baking animation because there are keyframes with different interpolation methods in one channel
01:02:41 | WARNING: Baking animation because there are keyframes with different interpolation methods in one channel
01:02:41 | WARNING: Baking animation because there are keyframes with different interpolation methods in one channel
01:02:41 | WARNING: Baking animation because there are keyframes with different interpolation methods in one channel
01:02:41 | WARNING: Baking animation because there are keyframes with different interpolation methods in one channel
01:02:41 | WARNING: Baking animation because there are keyframes with different interpolation methods in one channel
01:02:41 | WARNING: Baking animation because there are keyframes with different interpolation methods in one channel
01:02:41 | WARNING: Baking animation because there are keyframes with different interpolation methods in one channel
01:02:41 | WARNING: Baking animation because there are keyframes with different interpolation methods in one channel
01:02:41 | WARNING: Baking animation because there are keyframes with different interpolation methods in one channel
01:02:41 | WARNING: Baking animation because there are keyframes with different interpolation methods in one channel
01:02:41 | WARNING: Baking animation because there are keyframes with different interpolation methods in one channel
01:02:41 | WARNING: Baking animation because there are keyframes with different interpolation methods in one channel
01:02:43 | WARNING: Baking animation because there are keyframes with different interpolation methods in one channel
01:02:43 | WARNING: Baking animation because there are keyframes with different interpolation methods in one channel
01:02:43 | WARNING: Baking animation because there are keyframes with different interpolation methods in one channel
01:02:43 | WARNING: Baking animation because there are keyframes with different interpolation methods in one channel
01:02:43 | WARNING: Baking animation because there are keyframes with different interpolation methods in one channel
01:02:43 | WARNING: Baking animation because there are keyframes with different interpolation methods in one channel
01:02:43 | WARNING: Baking animation because there are keyframes with different interpolation methods in one channel
01:02:43 | WARNING: Baking animation because there are keyframes with different interpolation methods in one channel
01:02:43 | WARNING: Baking animation because there are keyframes with different interpolation methods in one channel
01:02:43 | WARNING: Baking animation because there are keyframes with different interpolation methods in one channel
01:02:43 | WARNING: Baking animation because there are keyframes with different interpolation methods in one channel
01:02:43 | WARNING: Baking animation because there are keyframes with different interpolation methods in one channel
01:02:43 | WARNING: Baking animation because there are keyframes with different interpolation methods in one channel
01:02:43 | WARNING: Baking animation because there are keyframes with different interpolation methods in one channel
01:02:43 | WARNING: Baking animation because there are keyframes with different interpolation methods in one channel
01:02:43 | WARNING: Baking animation because there are keyframes with different interpolation methods in one channel
01:02:43 | WARNING: Baking animation because there are keyframes with different interpolation methods in one channel
01:02:43 | WARNING: Baking animation because there are keyframes with different interpolation methods in one channel
01:02:43 | WARNING: Baking animation because there are keyframes with different interpolation methods in one channel
01:02:43 | WARNING: Baking animation because there are keyframes with different interpolation methods in one channel
01:02:43 | WARNING: Baking animation because there are keyframes with different interpolation methods in one channel
01:02:43 | WARNING: Baking animation because there are keyframes with different interpolation methods in one channel
01:02:43 | WARNING: Baking animation because there are keyframes with different interpolation methods in one channel
01:02:43 | WARNING: Baking animation because there are keyframes with different interpolation methods in one channel
01:02:43 | WARNING: Baking animation because there are keyframes with different interpolation methods in one channel
01:02:43 | WARNING: Baking animation because there are keyframes with different interpolation methods in one channel
01:02:43 | WARNING: Baking animation because there are keyframes with different interpolation methods in one channel
01:02:43 | WARNING: Baking animation because there are keyframes with different interpolation methods in one channel
01:02:43 | WARNING: Baking animation because there are keyframes with different interpolation methods in one channel
01:02:43 | WARNING: Baking animation because there are keyframes with different interpolation methods in one channel
01:02:43 | WARNING: Baking animation because there are keyframes with different interpolation methods in one channel
01:02:43 | WARNING: Baking animation because there are keyframes with different interpolation methods in one channel
01:02:43 | WARNING: Baking animation because there are keyframes with different interpolation methods in one channel
01:02:43 | WARNING: Baking animation because there are keyframes with different interpolation methods in one channel
01:02:43 | WARNING: Baking animation because there are keyframes with different interpolation methods in one channel
01:02:43 | WARNING: Baking animation because there are keyframes with different interpolation methods in one channel
01:02:43 | WARNING: Baking animation because there are keyframes with different interpolation methods in one channel
01:02:43 | WARNING: Baking animation because there are keyframes with different interpolation methods in one channel
01:02:43 | WARNING: Baking animation because there are keyframes with different interpolation methods in one channel
01:02:43 | WARNING: Baking animation because there are keyframes with different interpolation methods in one channel
01:02:43 | WARNING: Baking animation because there are keyframes with different interpolation methods in one channel
01:02:43 | WARNING: Baking animation because there are keyframes with different interpolation methods in one channel
01:02:43 | WARNING: Baking animation because there are keyframes with different interpolation methods in one channel
01:02:43 | WARNING: Baking animation because there are keyframes with different interpolation methods in one channel
01:02:43 | WARNING: Baking animation because there are keyframes with different interpolation methods in one channel
01:02:43 | WARNING: Baking animation because there are keyframes with different interpolation methods in one channel
01:02:43 | WARNING: Baking animation because there are keyframes with different interpolation methods in one channel
01:02:43 | WARNING: Baking animation because there are keyframes with different interpolation methods in one channel
01:02:43 | WARNING: Baking animation because there are keyframes with different interpolation methods in one channel
01:02:43 | WARNING: Baking animation because there are keyframes with different interpolation methods in one channel
01:02:43 | WARNING: Baking animation because there are keyframes with different interpolation methods in one channel
01:02:43 | WARNING: Baking animation because there are keyframes with different interpolation methods in one channel
01:02:43 | WARNING: Baking animation because there are keyframes with different interpolation methods in one channel
01:02:43 | WARNING: Baking animation because there are keyframes with different interpolation methods in one channel
01:02:43 | WARNING: Baking animation because there are keyframes with different interpolation methods in one channel
01:02:43 | WARNING: Baking animation because there are keyframes with different interpolation methods in one channel
01:02:43 | WARNING: Baking animation because there are keyframes with different interpolation methods in one channel
01:02:43 | WARNING: Baking animation because there are keyframes with different interpolation methods in one channel
01:02:43 | WARNING: Baking animation because there are keyframes with different interpolation methods in one channel
01:02:43 | WARNING: Baking animation because there are keyframes with different interpolation methods in one channel
01:02:43 | WARNING: Baking animation because there are keyframes with different interpolation methods in one channel
01:02:43 | WARNING: Baking animation because there are keyframes with different interpolation methods in one channel
01:02:43 | WARNING: Baking animation because there are keyframes with different interpolation methods in one channel
01:02:43 | WARNING: Baking animation because there are keyframes with different interpolation methods in one channel
01:02:43 | WARNING: Baking animation because there are keyframes with different interpolation methods in one channel
01:02:43 | WARNING: Baking animation because there are keyframes with different interpolation methods in one channel
01:02:43 | WARNING: Baking animation because there are keyframes with different interpolation methods in one channel
01:02:43 | WARNING: Baking animation because there are keyframes with different interpolation methods in one channel
01:02:43 | WARNING: Baking animation because there are keyframes with different interpolation methods in one channel
01:02:43 | WARNING: Baking animation because there are keyframes with different interpolation methods in one channel
01:02:43 | WARNING: Baking animation because there are keyframes with different interpolation methods in one channel
01:02:43 | WARNING: Baking animation because there are keyframes with different interpolation methods in one channel
01:02:43 | WARNING: Baking animation because there are keyframes with different interpolation methods in one channel
01:02:43 | WARNING: Baking animation because there are keyframes with different interpolation methods in one channel
01:02:43 | WARNING: Baking animation because there are keyframes with different interpolation methods in one channel
01:02:43 | WARNING: Baking animation because there are keyframes with different interpolation methods in one channel
01:02:43 | WARNING: Baking animation because there are keyframes with different interpolation methods in one channel
01:02:43 | WARNING: Baking animation because there are keyframes with different interpolation methods in one channel
01:02:43 | WARNING: Baking animation because there are keyframes with different interpolation methods in one channel
01:02:43 | WARNING: Baking animation because there are keyframes with different interpolation methods in one channel
01:02:43 | WARNING: Baking animation because there are keyframes with different interpolation methods in one channel
01:02:43 | WARNING: Baking animation because there are keyframes with different interpolation methods in one channel
01:02:43 | WARNING: Baking animation because there are keyframes with different interpolation methods in one channel
01:02:43 | WARNING: Baking animation because there are keyframes with different interpolation methods in one channel
01:02:43 | WARNING: Baking animation because there are keyframes with different interpolation methods in one channel
01:02:43 | WARNING: Baking animation because there are keyframes with different interpolation methods in one channel
01:02:43 | WARNING: Baking animation because there are keyframes with different interpolation methods in one channel
01:02:43 | WARNING: Baking animation because there are keyframes with different interpolation methods in one channel
01:02:43 | WARNING: Baking animation because there are keyframes with different interpolation methods in one channel
01:02:43 | WARNING: Baking animation because there are keyframes with different interpolation methods in one channel
01:02:43 | WARNING: Baking animation because there are keyframes with different interpolation methods in one channel
01:02:43 | WARNING: Baking animation because there are keyframes with different interpolation methods in one channel
01:02:43 | WARNING: Baking animation because there are keyframes with different interpolation methods in one channel
01:02:43 | WARNING: Baking animation because there are keyframes with different interpolation methods in one channel
01:02:43 | WARNING: Baking animation because there are keyframes with different interpolation methods in one channel
01:02:43 | WARNING: Baking animation because there are keyframes with different interpolation methods in one channel
01:02:43 | WARNING: Baking animation because there are keyframes with different interpolation methods in one channel
01:02:43 | WARNING: Baking animation because there are keyframes with different interpolation methods in one channel
01:02:43 | WARNING: Baking animation because there are keyframes with different interpolation methods in one channel
01:02:43 | WARNING: Baking animation because there are keyframes with different interpolation methods in one channel
01:02:43 | WARNING: Baking animation because there are keyframes with different interpolation methods in one channel
01:02:43 | WARNING: Baking animation because there are keyframes with different interpolation methods in one channel
01:02:43 | WARNING: Baking animation because there are keyframes with different interpolation methods in one channel
01:02:43 | WARNING: Baking animation because there are keyframes with different interpolation methods in one channel
01:02:43 | WARNING: Baking animation because there are keyframes with different interpolation methods in one channel
01:02:43 | WARNING: Baking animation because there are keyframes with different interpolation methods in one channel
01:02:44 | WARNING: Baking animation because there are keyframes with different interpolation methods in one channel
01:02:44 | WARNING: Baking animation because there are keyframes with different interpolation methods in one channel
01:02:44 | WARNING: Baking animation because there are keyframes with different interpolation methods in one channel
01:02:44 | WARNING: Baking animation because there are keyframes with different interpolation methods in one channel
01:02:44 | WARNING: Baking animation because there are keyframes with different interpolation methods in one channel
01:02:44 | WARNING: Baking animation because there are keyframes with different interpolation methods in one channel
01:02:44 | WARNING: Baking animation because there are keyframes with different interpolation methods in one channel
01:02:44 | WARNING: Baking animation because there are keyframes with different interpolation methods in one channel
01:02:44 | WARNING: Baking animation because there are keyframes with different interpolation methods in one channel
01:02:44 | WARNING: Baking animation because there are keyframes with different interpolation methods in one channel
01:02:44 | WARNING: Baking animation because there are keyframes with different interpolation methods in one channel
01:02:44 | WARNING: Baking animation because there are keyframes with different interpolation methods in one channel
01:02:44 | WARNING: Baking animation because there are keyframes with different interpolation methods in one channel
01:02:44 | WARNING: Baking animation because there are keyframes with different interpolation methods in one channel
01:02:44 | WARNING: Baking animation because there are keyframes with different interpolation methods in one channel
01:02:44 | WARNING: Baking animation because there are keyframes with different interpolation methods in one channel
01:02:44 | WARNING: Baking animation because there are keyframes with different interpolation methods in one channel
01:02:44 | WARNING: Baking animation because there are keyframes with different interpolation methods in one channel
01:02:44 | WARNING: Baking animation because there are keyframes with different interpolation methods in one channel
01:02:44 | WARNING: Baking animation because there are keyframes with different interpolation methods in one channel
01:02:44 | WARNING: Baking animation because there are keyframes with different interpolation methods in one channel
01:02:44 | WARNING: Baking animation because there are keyframes with different interpolation methods in one channel
01:02:44 | WARNING: Baking animation because there are keyframes with different interpolation methods in one channel
01:02:44 | WARNING: Baking animation because there are keyframes with different interpolation methods in one channel
01:02:44 | WARNING: Baking animation because there are keyframes with different interpolation methods in one channel
01:02:44 | WARNING: Baking animation because there are keyframes with different interpolation methods in one channel
01:02:44 | WARNING: Baking animation because there are keyframes with different interpolation methods in one channel
01:02:44 | WARNING: Baking animation because there are keyframes with different interpolation methods in one channel
01:02:44 | WARNING: Baking animation because there are keyframes with different interpolation methods in one channel
01:02:44 | WARNING: Baking animation because there are keyframes with different interpolation methods in one channel
01:02:44 | WARNING: Baking animation because there are keyframes with different interpolation methods in one channel
01:02:44 | WARNING: Baking animation because there are keyframes with different interpolation methods in one channel
01:02:44 | WARNING: Baking animation because there are keyframes with different interpolation methods in one channel
01:02:44 | WARNING: Baking animation because there are keyframes with different interpolation methods in one channel
01:02:44 | WARNING: Baking animation because there are keyframes with different interpolation methods in one channel
01:02:44 | WARNING: Baking animation because there are keyframes with different interpolation methods in one channel
01:02:44 | WARNING: Baking animation because there are keyframes with different interpolation methods in one channel
01:02:44 | WARNING: Baking animation because there are keyframes with different interpolation methods in one channel
01:02:44 | WARNING: Baking animation because there are keyframes with different interpolation methods in one channel
01:02:44 | WARNING: Baking animation because there are keyframes with different interpolation methods in one channel
01:02:44 | WARNING: Baking animation because there are keyframes with different interpolation methods in one channel
01:02:44 | WARNING: Baking animation because there are keyframes with different interpolation methods in one channel
01:02:44 | WARNING: Baking animation because there are keyframes with different interpolation methods in one channel
01:02:44 | WARNING: Baking animation because there are keyframes with different interpolation methods in one channel
01:02:44 | WARNING: Baking animation because there are keyframes with different interpolation methods in one channel
01:02:44 | WARNING: Baking animation because there are keyframes with different interpolation methods in one channel
01:02:44 | WARNING: Baking animation because there are keyframes with different interpolation methods in one channel
01:02:44 | WARNING: Baking animation because there are keyframes with different interpolation methods in one channel
01:02:44 | WARNING: Baking animation because there are keyframes with different interpolation methods in one channel
01:02:44 | WARNING: Baking animation because there are keyframes with different interpolation methods in one channel
01:02:44 | WARNING: Baking animation because there are keyframes with different interpolation methods in one channel
01:02:44 | WARNING: Baking animation because there are keyframes with different interpolation methods in one channel
01:02:44 | WARNING: Baking animation because there are keyframes with different interpolation methods in one channel
01:02:49 | WARNING: Baking animation because there are keyframes with different interpolation methods in one channel
01:02:49 | WARNING: Baking animation because there are keyframes with different interpolation methods in one channel
01:02:49 | WARNING: Baking animation because there are keyframes with different interpolation methods in one channel
01:02:49 | WARNING: Baking animation because there are keyframes with different interpolation methods in one channel
01:02:49 | WARNING: Baking animation because there are keyframes with different interpolation methods in one channel
01:02:49 | WARNING: Baking animation because there are keyframes with different interpolation methods in one channel
01:02:49 | WARNING: Baking animation because there are keyframes with different interpolation methods in one channel
01:02:49 | WARNING: Baking animation because there are keyframes with different interpolation methods in one channel
01:02:49 | WARNING: Baking animation because there are keyframes with different interpolation methods in one channel
01:02:49 | WARNING: Baking animation because there are keyframes with different interpolation methods in one channel
01:02:49 | WARNING: Baking animation because there are keyframes with different interpolation methods in one channel
01:02:49 | WARNING: Baking animation because there are keyframes with different interpolation methods in one channel
01:02:49 | WARNING: Baking animation because there are keyframes with different interpolation methods in one channel
01:02:49 | WARNING: Baking animation because there are keyframes with different interpolation methods in one channel
01:02:49 | WARNING: Baking animation because there are keyframes with different interpolation methods in one channel
01:02:49 | WARNING: Baking animation because there are keyframes with different interpolation methods in one channel
01:02:49 | WARNING: Baking animation because there are keyframes with different interpolation methods in one channel
01:02:49 | WARNING: Baking animation because there are keyframes with different interpolation methods in one channel
01:02:49 | WARNING: Baking animation because there are keyframes with different interpolation methods in one channel
01:02:49 | WARNING: Baking animation because there are keyframes with different interpolation methods in one channel
01:02:49 | WARNING: Baking animation because there are keyframes with different interpolation methods in one channel
01:02:49 | WARNING: Baking animation because there are keyframes with different interpolation methods in one channel
01:02:49 | WARNING: Baking animation because there are keyframes with different interpolation methods in one channel
01:02:49 | WARNING: Baking animation because there are keyframes with different interpolation methods in one channel
01:02:49 | WARNING: Baking animation because there are keyframes with different interpolation methods in one channel
01:02:49 | WARNING: Baking animation because there are keyframes with different interpolation methods in one channel
01:02:49 | WARNING: Baking animation because there are keyframes with different interpolation methods in one channel
01:02:49 | WARNING: Baking animation because there are keyframes with different interpolation methods in one channel
01:02:49 | WARNING: Baking animation because there are keyframes with different interpolation methods in one channel
01:02:49 | WARNING: Baking animation because there are keyframes with different interpolation methods in one channel
01:02:49 | WARNING: Baking animation because there are keyframes with different interpolation methods in one channel
01:02:49 | WARNING: Baking animation because there are keyframes with different interpolation methods in one channel
01:02:49 | WARNING: Baking animation because there are keyframes with different interpolation methods in one channel
01:02:49 | WARNING: Baking animation because there are keyframes with different interpolation methods in one channel
01:02:49 | WARNING: Baking animation because there are keyframes with different interpolation methods in one channel
01:02:49 | WARNING: Baking animation because there are keyframes with different interpolation methods in one channel
01:02:49 | WARNING: Baking animation because there are keyframes with different interpolation methods in one channel
01:02:49 | WARNING: Baking animation because there are keyframes with different interpolation methods in one channel
01:02:49 | WARNING: Baking animation because there are keyframes with different interpolation methods in one channel
01:02:49 | WARNING: Baking animation because there are keyframes with different interpolation methods in one channel
01:02:49 | WARNING: Baking animation because there are keyframes with different interpolation methods in one channel
01:02:49 | WARNING: Baking animation because there are keyframes with different interpolation methods in one channel
01:02:49 | WARNING: Baking animation because there are keyframes with different interpolation methods in one channel
01:02:49 | WARNING: Baking animation because there are keyframes with different interpolation methods in one channel
01:02:49 | WARNING: Baking animation because there are keyframes with different interpolation methods in one channel
01:02:49 | WARNING: Baking animation because there are keyframes with different interpolation methods in one channel
01:02:49 | WARNING: Baking animation because there are keyframes with different interpolation methods in one channel
01:02:49 | WARNING: Baking animation because there are keyframes with different interpolation methods in one channel
01:02:49 | WARNING: Baking animation because there are keyframes with different interpolation methods in one channel
01:02:49 | WARNING: Baking animation because there are keyframes with different interpolation methods in one channel
01:02:49 | WARNING: Baking animation because there are keyframes with different interpolation methods in one channel
01:02:49 | WARNING: Baking animation because there are keyframes with different interpolation methods in one channel
01:02:49 | WARNING: Baking animation because there are keyframes with different interpolation methods in one channel
01:02:50 | WARNING: Baking animation because there are keyframes with different interpolation methods in one channel
01:02:50 | WARNING: Baking animation because there are keyframes with different interpolation methods in one channel
01:02:50 | WARNING: Baking animation because there are keyframes with different interpolation methods in one channel
01:02:50 | WARNING: Baking animation because there are keyframes with different interpolation methods in one channel
01:02:50 | WARNING: Baking animation because there are keyframes with different interpolation methods in one channel
01:02:50 | WARNING: Baking animation because there are keyframes with different interpolation methods in one channel
01:02:50 | WARNING: Baking animation because there are keyframes with different interpolation methods in one channel
01:02:50 | WARNING: Baking animation because there are keyframes with different interpolation methods in one channel
01:02:50 | WARNING: Baking animation because there are keyframes with different interpolation methods in one channel
01:02:50 | WARNING: Baking animation because there are keyframes with different interpolation methods in one channel
01:02:50 | WARNING: Baking animation because there are keyframes with different interpolation methods in one channel
01:02:50 | WARNING: Baking animation because there are keyframes with different interpolation methods in one channel
01:02:50 | WARNING: Baking animation because there are keyframes with different interpolation methods in one channel
01:02:50 | WARNING: Baking animation because there are keyframes with different interpolation methods in one channel
01:02:50 | WARNING: Baking animation because there are keyframes with different interpolation methods in one channel
01:02:50 | WARNING: Baking animation because there are keyframes with different interpolation methods in one channel
01:02:50 | WARNING: Baking animation because there are keyframes with different interpolation methods in one channel
01:02:50 | WARNING: Baking animation because there are keyframes with different interpolation methods in one channel
01:02:50 | WARNING: Baking animation because there are keyframes with different interpolation methods in one channel
01:02:50 | WARNING: Baking animation because there are keyframes with different interpolation methods in one channel
01:02:50 | WARNING: Baking animation because there are keyframes with different interpolation methods in one channel
01:02:50 | WARNING: Baking animation because there are keyframes with different interpolation methods in one channel
01:02:50 | WARNING: Baking animation because there are keyframes with different interpolation methods in one channel
01:02:50 | WARNING: Baking animation because there are keyframes with different interpolation methods in one channel
01:02:50 | WARNING: Baking animation because there are keyframes with different interpolation methods in one channel
01:02:50 | WARNING: Baking animation because there are keyframes with different interpolation methods in one channel
01:02:50 | WARNING: Baking animation because there are keyframes with different interpolation methods in one channel
01:02:50 | WARNING: Baking animation because there are keyframes with different interpolation methods in one channel
01:02:50 | WARNING: Baking animation because there are keyframes with different interpolation methods in one channel
01:02:50 | WARNING: Baking animation because there are keyframes with different interpolation methods in one channel
01:02:50 | WARNING: Baking animation because there are keyframes with different interpolation methods in one channel
01:02:50 | WARNING: Baking animation because there are keyframes with different interpolation methods in one channel
01:02:50 | WARNING: Baking animation because there are keyframes with different interpolation methods in one channel
01:02:50 | WARNING: Baking animation because there are keyframes with different interpolation methods in one channel
01:02:50 | WARNING: Baking animation because there are keyframes with different interpolation methods in one channel
01:02:50 | WARNING: Baking animation because there are keyframes with different interpolation methods in one channel
01:02:50 | WARNING: Baking animation because there are keyframes with different interpolation methods in one channel
01:02:50 | WARNING: Baking animation because there are keyframes with different interpolation methods in one channel
01:02:50 | WARNING: Baking animation because there are keyframes with different interpolation methods in one channel
01:02:50 | WARNING: Baking animation because there are keyframes with different interpolation methods in one channel
01:02:50 | WARNING: Baking animation because there are keyframes with different interpolation methods in one channel
01:02:50 | WARNING: Baking animation because there are keyframes with different interpolation methods in one channel
01:02:50 | WARNING: Baking animation because there are keyframes with different interpolation methods in one channel
01:02:50 | WARNING: Baking animation because there are keyframes with different interpolation methods in one channel
01:02:50 | WARNING: Baking animation because there are keyframes with different interpolation methods in one channel
01:02:50 | WARNING: Baking animation because there are keyframes with different interpolation methods in one channel
01:02:50 | WARNING: Baking animation because there are keyframes with different interpolation methods in one channel
01:02:50 | WARNING: Baking animation because there are keyframes with different interpolation methods in one channel
01:02:50 | WARNING: Baking animation because there are keyframes with different interpolation methods in one channel
01:02:50 | WARNING: Baking animation because there are keyframes with different interpolation methods in one channel
01:02:50 | WARNING: Baking animation because there are keyframes with different interpolation methods in one channel
01:02:50 | WARNING: Baking animation because there are keyframes with different interpolation methods in one channel
01:02:50 | WARNING: Baking animation because there are keyframes with different interpolation methods in one channel
01:02:53 | WARNING: Baking animation because there are keyframes with different interpolation methods in one channel
01:02:53 | WARNING: Baking animation because there are keyframes with different interpolation methods in one channel
01:02:53 | WARNING: Baking animation because there are keyframes with different interpolation methods in one channel
01:02:53 | WARNING: Baking animation because there are keyframes with different interpolation methods in one channel
01:02:53 | WARNING: Baking animation because there are keyframes with different interpolation methods in one channel
01:02:53 | WARNING: Baking animation because there are keyframes with different interpolation methods in one channel
01:02:53 | WARNING: Baking animation because there are keyframes with different interpolation methods in one channel
01:02:53 | WARNING: Baking animation because there are keyframes with different interpolation methods in one channel
01:02:53 | WARNING: Baking animation because there are keyframes with different interpolation methods in one channel
01:02:53 | WARNING: Baking animation because there are keyframes with different interpolation methods in one channel
01:02:53 | WARNING: Baking animation because there are keyframes with different interpolation methods in one channel
01:02:53 | WARNING: Baking animation because there are keyframes with different interpolation methods in one channel
01:02:53 | WARNING: Baking animation because there are keyframes with different interpolation methods in one channel
01:02:53 | WARNING: Baking animation because there are keyframes with different interpolation methods in one channel
01:02:53 | WARNING: Baking animation because there are keyframes with different interpolation methods in one channel
01:02:53 | WARNING: Baking animation because there are keyframes with different interpolation methods in one channel
01:02:53 | WARNING: Baking animation because there are keyframes with different interpolation methods in one channel
01:02:53 | WARNING: Baking animation because there are keyframes with different interpolation methods in one channel
01:02:53 | WARNING: Baking animation because there are keyframes with different interpolation methods in one channel
01:02:53 | WARNING: Baking animation because there are keyframes with different interpolation methods in one channel
01:02:53 | WARNING: Baking animation because there are keyframes with different interpolation methods in one channel
01:02:53 | WARNING: Baking animation because there are keyframes with different interpolation methods in one channel
01:02:53 | WARNING: Baking animation because there are keyframes with different interpolation methods in one channel
01:02:53 | WARNING: Baking animation because there are keyframes with different interpolation methods in one channel
01:02:53 | WARNING: Baking animation because there are keyframes with different interpolation methods in one channel
01:02:53 | WARNING: Baking animation because there are keyframes with different interpolation methods in one channel
01:02:53 | WARNING: Baking animation because there are keyframes with different interpolation methods in one channel
01:02:53 | WARNING: Baking animation because there are keyframes with different interpolation methods in one channel
01:02:53 | WARNING: Baking animation because there are keyframes with different interpolation methods in one channel
01:02:53 | WARNING: Baking animation because there are keyframes with different interpolation methods in one channel
01:02:53 | WARNING: Baking animation because there are keyframes with different interpolation methods in one channel
01:02:53 | WARNING: Baking animation because there are keyframes with different interpolation methods in one channel
01:02:53 | WARNING: Baking animation because there are keyframes with different interpolation methods in one channel
01:02:53 | WARNING: Baking animation because there are keyframes with different interpolation methods in one channel
01:02:53 | WARNING: Baking animation because there are keyframes with different interpolation methods in one channel
01:02:53 | WARNING: Baking animation because there are keyframes with different interpolation methods in one channel
01:02:53 | WARNING: Baking animation because there are keyframes with different interpolation methods in one channel
01:02:53 | WARNING: Baking animation because there are keyframes with different interpolation methods in one channel
01:02:53 | WARNING: Baking animation because there are keyframes with different interpolation methods in one channel
01:02:53 | WARNING: Baking animation because there are keyframes with different interpolation methods in one channel
01:02:53 | WARNING: Baking animation because there are keyframes with different interpolation methods in one channel
01:02:53 | WARNING: Baking animation because there are keyframes with different interpolation methods in one channel
01:02:53 | WARNING: Baking animation because there are keyframes with different interpolation methods in one channel
01:02:53 | WARNING: Baking animation because there are keyframes with different interpolation methods in one channel
01:02:53 | WARNING: Baking animation because there are keyframes with different interpolation methods in one channel
01:02:53 | WARNING: Baking animation because there are keyframes with different interpolation methods in one channel
01:02:53 | WARNING: Baking animation because there are keyframes with different interpolation methods in one channel
01:02:53 | WARNING: Baking animation because there are keyframes with different interpolation methods in one channel
01:02:53 | WARNING: Baking animation because there are keyframes with different interpolation methods in one channel
01:02:53 | WARNING: Baking animation because there are keyframes with different interpolation methods in one channel
01:02:53 | WARNING: Baking animation because there are keyframes with different interpolation methods in one channel
01:02:53 | WARNING: Baking animation because there are keyframes with different interpolation methods in one channel
01:02:53 | WARNING: Baking animation because there are keyframes with different interpolation methods in one channel
01:02:54 | WARNING: Baking animation because there are keyframes with different interpolation methods in one channel
01:02:54 | WARNING: Baking animation because there are keyframes with different interpolation methods in one channel
01:02:54 | WARNING: Baking animation because there are keyframes with different interpolation methods in one channel
01:02:54 | WARNING: Baking animation because there are keyframes with different interpolation methods in one channel
01:02:54 | WARNING: Baking animation because there are keyframes with different interpolation methods in one channel
01:02:54 | WARNING: Baking animation because there are keyframes with different interpolation methods in one channel
01:02:54 | WARNING: Baking animation because there are keyframes with different interpolation methods in one channel
01:02:54 | WARNING: Baking animation because there are keyframes with different interpolation methods in one channel
01:02:54 | WARNING: Baking animation because there are keyframes with different interpolation methods in one channel
01:02:54 | WARNING: Baking animation because there are keyframes with different interpolation methods in one channel
01:02:54 | WARNING: Baking animation because there are keyframes with different interpolation methods in one channel
01:02:54 | WARNING: Baking animation because there are keyframes with different interpolation methods in one channel
01:02:54 | WARNING: Baking animation because there are keyframes with different interpolation methods in one channel
01:02:54 | WARNING: Baking animation because there are keyframes with different interpolation methods in one channel
01:02:54 | WARNING: Baking animation because there are keyframes with different interpolation methods in one channel
01:02:54 | WARNING: Baking animation because there are keyframes with different interpolation methods in one channel
01:02:54 | WARNING: Baking animation because there are keyframes with different interpolation methods in one channel
01:02:54 | WARNING: Baking animation because there are keyframes with different interpolation methods in one channel
01:02:54 | WARNING: Baking animation because there are keyframes with different interpolation methods in one channel
01:02:54 | WARNING: Baking animation because there are keyframes with different interpolation methods in one channel
01:02:54 | WARNING: Baking animation because there are keyframes with different interpolation methods in one channel
01:02:54 | WARNING: Baking animation because there are keyframes with different interpolation methods in one channel
01:02:54 | WARNING: Baking animation because there are keyframes with different interpolation methods in one channel
01:02:54 | WARNING: Baking animation because there are keyframes with different interpolation methods in one channel
01:02:54 | WARNING: Baking animation because there are keyframes with different interpolation methods in one channel
01:02:54 | WARNING: Baking animation because there are keyframes with different interpolation methods in one channel
01:02:54 | WARNING: Baking animation because there are keyframes with different interpolation methods in one channel
01:02:54 | WARNING: Baking animation because there are keyframes with different interpolation methods in one channel
01:02:54 | WARNING: Baking animation because there are keyframes with different interpolation methods in one channel
01:02:54 | WARNING: Baking animation because there are keyframes with different interpolation methods in one channel
01:02:54 | WARNING: Baking animation because there are keyframes with different interpolation methods in one channel
01:02:54 | WARNING: Baking animation because there are keyframes with different interpolation methods in one channel
01:02:54 | WARNING: Baking animation because there are keyframes with different interpolation methods in one channel
01:02:54 | WARNING: Baking animation because there are keyframes with different interpolation methods in one channel
01:02:54 | WARNING: Baking animation because there are keyframes with different interpolation methods in one channel
01:02:54 | WARNING: Baking animation because there are keyframes with different interpolation methods in one channel
01:02:54 | WARNING: Baking animation because there are keyframes with different interpolation methods in one channel
01:02:54 | WARNING: Baking animation because there are keyframes with different interpolation methods in one channel
01:02:54 | WARNING: Baking animation because there are keyframes with different interpolation methods in one channel
01:02:54 | WARNING: Baking animation because there are keyframes with different interpolation methods in one channel
01:02:54 | WARNING: Baking animation because there are keyframes with different interpolation methods in one channel
01:02:54 | WARNING: Baking animation because there are keyframes with different interpolation methods in one channel
01:02:54 | WARNING: Baking animation because there are keyframes with different interpolation methods in one channel
01:02:54 | WARNING: Baking animation because there are keyframes with different interpolation methods in one channel
01:02:54 | WARNING: Baking animation because there are keyframes with different interpolation methods in one channel
01:02:54 | WARNING: Baking animation because there are keyframes with different interpolation methods in one channel
01:02:54 | WARNING: Baking animation because there are keyframes with different interpolation methods in one channel
01:02:54 | WARNING: Baking animation because there are keyframes with different interpolation methods in one channel
01:02:54 | WARNING: Baking animation because there are keyframes with different interpolation methods in one channel
01:02:54 | WARNING: Baking animation because there are keyframes with different interpolation methods in one channel
01:02:54 | WARNING: Baking animation because there are keyframes with different interpolation methods in one channel
01:02:54 | WARNING: Baking animation because there are keyframes with different interpolation methods in one channel
01:02:54 | WARNING: Baking animation because there are keyframes with different interpolation methods in one channel
01:02:54 | WARNING: Baking animation because there are keyframes with different interpolation methods in one channel
01:02:54 | WARNING: Baking animation because there are keyframes with different interpolation methods in one channel
01:02:54 | WARNING: Baking animation because there are keyframes with different interpolation methods in one channel
01:02:54 | WARNING: Baking animation because there are keyframes with different interpolation methods in one channel
01:02:54 | WARNING: Baking animation because there are keyframes with different interpolation methods in one channel
01:02:54 | WARNING: Baking animation because there are keyframes with different interpolation methods in one channel
01:02:54 | WARNING: Baking animation because there are keyframes with different interpolation methods in one channel
01:02:54 | WARNING: Baking animation because there are keyframes with different interpolation methods in one channel
01:02:54 | WARNING: Baking animation because there are keyframes with different interpolation methods in one channel
01:02:54 | WARNING: Baking animation because there are keyframes with different interpolation methods in one channel
01:02:54 | WARNING: Baking animation because there are keyframes with different interpolation methods in one channel
01:02:54 | WARNING: Baking animation because there are keyframes with different interpolation methods in one channel
01:02:54 | WARNING: Baking animation because there are keyframes with different interpolation methods in one channel
01:02:54 | WARNING: Baking animation because there are keyframes with different interpolation methods in one channel
01:02:54 | WARNING: Baking animation because there are keyframes with different interpolation methods in one channel
01:02:54 | WARNING: Baking animation because there are keyframes with different interpolation methods in one channel
01:02:54 | WARNING: Baking animation because there are keyframes with different interpolation methods in one channel
01:02:54 | WARNING: Baking animation because there are keyframes with different interpolation methods in one channel
01:02:54 | WARNING: Baking animation because there are keyframes with different interpolation methods in one channel
01:02:54 | WARNING: Baking animation because there are keyframes with different interpolation methods in one channel
01:02:54 | WARNING: Baking animation because there are keyframes with different interpolation methods in one channel
01:02:54 | WARNING: Baking animation because there are keyframes with different interpolation methods in one channel
01:02:54 | WARNING: Baking animation because there are keyframes with different interpolation methods in one channel
01:02:54 | WARNING: Baking animation because there are keyframes with different interpolation methods in one channel
01:02:54 | WARNING: Baking animation because there are keyframes with different interpolation methods in one channel
01:02:54 | WARNING: Baking animation because there are keyframes with different interpolation methods in one channel
01:02:54 | WARNING: Baking animation because there are keyframes with different interpolation methods in one channel
01:02:54 | WARNING: Baking animation because there are keyframes with different interpolation methods in one channel
01:02:54 | WARNING: Baking animation because there are keyframes with different interpolation methods in one channel
01:02:54 | WARNING: Baking animation because there are keyframes with different interpolation methods in one channel
01:02:54 | WARNING: Baking animation because there are keyframes with different interpolation methods in one channel
01:02:54 | WARNING: Baking animation because there are keyframes with different interpolation methods in one channel
01:02:54 | WARNING: Baking animation because there are keyframes with different interpolation methods in one channel
01:02:54 | WARNING: Baking animation because there are keyframes with different interpolation methods in one channel
01:02:54 | WARNING: Baking animation because there are keyframes with different interpolation methods in one channel
01:02:54 | WARNING: Baking animation because there are keyframes with different interpolation methods in one channel
01:02:54 | WARNING: Baking animation because there are keyframes with different interpolation methods in one channel
01:02:54 | WARNING: Baking animation because there are keyframes with different interpolation methods in one channel
01:02:54 | WARNING: Baking animation because there are keyframes with different interpolation methods in one channel
01:02:54 | WARNING: Baking animation because there are keyframes with different interpolation methods in one channel
01:02:54 | WARNING: Baking animation because there are keyframes with different interpolation methods in one channel
01:02:54 | WARNING: Baking animation because there are keyframes with different interpolation methods in one channel
01:02:54 | WARNING: Baking animation because there are keyframes with different interpolation methods in one channel
01:02:54 | WARNING: Baking animation because there are keyframes with different interpolation methods in one channel
01:02:54 | WARNING: Baking animation because there are keyframes with different interpolation methods in one channel
01:02:54 | WARNING: Baking animation because there are keyframes with different interpolation methods in one channel
01:02:54 | WARNING: Baking animation because there are keyframes with different interpolation methods in one channel
01:02:54 | WARNING: Baking animation because there are keyframes with different interpolation methods in one channel
01:02:54 | WARNING: Baking animation because there are keyframes with different interpolation methods in one channel
01:02:54 | WARNING: Baking animation because there are keyframes with different interpolation methods in one channel
01:02:54 | WARNING: Baking animation because there are keyframes with different interpolation methods in one channel
01:02:54 | WARNING: Baking animation because there are keyframes with different interpolation methods in one channel
01:02:54 | WARNING: Baking animation because there are keyframes with different interpolation methods in one channel
01:02:56 | WARNING: Baking animation because there are keyframes with different interpolation methods in one channel
01:02:56 | WARNING: Baking animation because there are keyframes with different interpolation methods in one channel
01:02:56 | WARNING: Baking animation because there are keyframes with different interpolation methods in one channel
01:02:56 | WARNING: Baking animation because there are keyframes with different interpolation methods in one channel
01:02:56 | WARNING: Baking animation because there are keyframes with different interpolation methods in one channel
01:02:56 | WARNING: Baking animation because there are keyframes with different interpolation methods in one channel
01:02:56 | WARNING: Baking animation because there are keyframes with different interpolation methods in one channel
01:02:56 | WARNING: Baking animation because there are keyframes with different interpolation methods in one channel
01:02:56 | WARNING: Baking animation because there are keyframes with different interpolation methods in one channel
01:02:56 | WARNING: Baking animation because there are keyframes with different interpolation methods in one channel
01:02:56 | WARNING: Baking animation because there are keyframes with different interpolation methods in one channel
01:02:56 | WARNING: Baking animation because there are keyframes with different interpolation methods in one channel
01:02:56 | WARNING: Baking animation because there are keyframes with different interpolation methods in one channel
01:02:56 | WARNING: Baking animation because there are keyframes with different interpolation methods in one channel
01:02:56 | WARNING: Baking animation because there are keyframes with different interpolation methods in one channel
01:02:56 | WARNING: Baking animation because there are keyframes with different interpolation methods in one channel
01:02:56 | WARNING: Baking animation because there are keyframes with different interpolation methods in one channel
01:02:56 | WARNING: Baking animation because there are keyframes with different interpolation methods in one channel
01:02:56 | WARNING: Baking animation because there are keyframes with different interpolation methods in one channel
01:02:56 | WARNING: Baking animation because there are keyframes with different interpolation methods in one channel
01:02:56 | WARNING: Baking animation because there are keyframes with different interpolation methods in one channel
01:02:56 | WARNING: Baking animation because there are keyframes with different interpolation methods in one channel
01:02:56 | WARNING: Baking animation because there are keyframes with different interpolation methods in one channel
01:02:56 | WARNING: Baking animation because there are keyframes with different interpolation methods in one channel
01:02:56 | WARNING: Baking animation because there are keyframes with different interpolation methods in one channel
01:02:56 | WARNING: Baking animation because there are keyframes with different interpolation methods in one channel
01:02:56 | WARNING: Baking animation because there are keyframes with different interpolation methods in one channel
01:02:56 | WARNING: Baking animation because there are keyframes with different interpolation methods in one channel
01:02:56 | WARNING: Baking animation because there are keyframes with different interpolation methods in one channel
01:02:56 | WARNING: Baking animation because there are keyframes with different interpolation methods in one channel
01:02:56 | WARNING: Baking animation because there are keyframes with different interpolation methods in one channel
01:02:56 | WARNING: Baking animation because there are keyframes with different interpolation methods in one channel
01:02:56 | WARNING: Baking animation because there are keyframes with different interpolation methods in one channel
01:02:56 | WARNING: Baking animation because there are keyframes with different interpolation methods in one channel
01:02:56 | WARNING: Baking animation because there are keyframes with different interpolation methods in one channel
01:02:56 | WARNING: Baking animation because there are keyframes with different interpolation methods in one channel
01:02:56 | WARNING: Baking animation because there are keyframes with different interpolation methods in one channel
01:02:56 | WARNING: Baking animation because there are keyframes with different interpolation methods in one channel
01:02:56 | WARNING: Baking animation because there are keyframes with different interpolation methods in one channel
01:02:56 | WARNING: Baking animation because there are keyframes with different interpolation methods in one channel
01:02:56 | WARNING: Baking animation because there are keyframes with different interpolation methods in one channel
01:02:56 | WARNING: Baking animation because there are keyframes with different interpolation methods in one channel
01:02:56 | WARNING: Baking animation because there are keyframes with different interpolation methods in one channel
01:02:56 | WARNING: Baking animation because there are keyframes with different interpolation methods in one channel
01:02:56 | WARNING: Baking animation because there are keyframes with different interpolation methods in one channel
01:02:56 | WARNING: Baking animation because there are keyframes with different interpolation methods in one channel
01:02:56 | WARNING: Baking animation because there are keyframes with different interpolation methods in one channel
01:02:56 | WARNING: Baking animation because there are keyframes with different interpolation methods in one channel
01:02:56 | WARNING: Baking animation because there are keyframes with different interpolation methods in one channel
01:02:56 | WARNING: Baking animation because there are keyframes with different interpolation methods in one channel
01:02:56 | WARNING: Baking animation because there are keyframes with different interpolation methods in one channel
01:02:56 | WARNING: Baking animation because there are keyframes with different interpolation methods in one channel
01:02:56 | WARNING: Baking animation because there are keyframes with different interpolation methods in one channel
01:02:56 | WARNING: Baking animation because there are keyframes with different interpolation methods in one channel
01:02:56 | WARNING: Baking animation because there are keyframes with different interpolation methods in one channel
01:02:56 | WARNING: Baking animation because there are keyframes with different interpolation methods in one channel
01:02:56 | WARNING: Baking animation because there are keyframes with different interpolation methods in one channel
01:02:56 | WARNING: Baking animation because there are keyframes with different interpolation methods in one channel
01:02:56 | WARNING: Baking animation because there are keyframes with different interpolation methods in one channel
01:02:56 | WARNING: Baking animation because there are keyframes with different interpolation methods in one channel
01:02:56 | WARNING: Baking animation because there are keyframes with different interpolation methods in one channel
01:02:56 | WARNING: Baking animation because there are keyframes with different interpolation methods in one channel
01:02:56 | WARNING: Baking animation because there are keyframes with different interpolation methods in one channel
01:02:56 | WARNING: Baking animation because there are keyframes with different interpolation methods in one channel
01:02:56 | WARNING: Baking animation because there are keyframes with different interpolation methods in one channel
01:02:56 | WARNING: Baking animation because there are keyframes with different interpolation methods in one channel
01:02:56 | WARNING: Baking animation because there are keyframes with different interpolation methods in one channel
01:02:56 | WARNING: Baking animation because there are keyframes with different interpolation methods in one channel
01:02:56 | WARNING: Baking animation because there are keyframes with different interpolation methods in one channel
01:02:56 | WARNING: Baking animation because there are keyframes with different interpolation methods in one channel
01:02:56 | WARNING: Baking animation because there are keyframes with different interpolation methods in one channel
01:02:56 | WARNING: Baking animation because there are keyframes with different interpolation methods in one channel
01:02:56 | WARNING: Baking animation because there are keyframes with different interpolation methods in one channel
01:02:56 | WARNING: Baking animation because there are keyframes with different interpolation methods in one channel
01:02:56 | WARNING: Baking animation because there are keyframes with different interpolation methods in one channel
01:02:56 | WARNING: Baking animation because there are keyframes with different interpolation methods in one channel
01:02:56 | WARNING: Baking animation because there are keyframes with different interpolation methods in one channel
01:02:56 | WARNING: Baking animation because there are keyframes with different interpolation methods in one channel
01:02:56 | WARNING: Baking animation because there are keyframes with different interpolation methods in one channel
01:02:56 | WARNING: Baking animation because there are keyframes with different interpolation methods in one channel
01:02:56 | WARNING: Baking animation because there are keyframes with different interpolation methods in one channel
01:02:56 | WARNING: Baking animation because there are keyframes with different interpolation methods in one channel
01:02:56 | WARNING: Baking animation because there are keyframes with different interpolation methods in one channel
01:02:56 | WARNING: Baking animation because there are keyframes with different interpolation methods in one channel
01:02:56 | WARNING: Baking animation because there are keyframes with different interpolation methods in one channel
01:02:56 | WARNING: Baking animation because there are keyframes with different interpolation methods in one channel
01:02:56 | WARNING: Baking animation because there are keyframes with different interpolation methods in one channel
01:02:56 | WARNING: Baking animation because there are keyframes with different interpolation methods in one channel
01:02:56 | WARNING: Baking animation because there are keyframes with different interpolation methods in one channel
01:02:56 | WARNING: Baking animation because there are keyframes with different interpolation methods in one channel
01:02:56 | WARNING: Baking animation because there are keyframes with different interpolation methods in one channel
01:02:56 | WARNING: Baking animation because there are keyframes with different interpolation methods in one channel
01:02:56 | WARNING: Baking animation because there are keyframes with different interpolation methods in one channel
01:02:56 | WARNING: Baking animation because there are keyframes with different interpolation methods in one channel
01:02:56 | WARNING: Baking animation because there are keyframes with different interpolation methods in one channel
01:02:56 | WARNING: Baking animation because there are keyframes with different interpolation methods in one channel
01:02:56 | WARNING: Baking animation because there are keyframes with different interpolation methods in one channel
01:02:56 | WARNING: Baking animation because there are keyframes with different interpolation methods in one channel
01:02:56 | WARNING: Baking animation because there are keyframes with different interpolation methods in one channel
01:02:56 | WARNING: Baking animation because there are keyframes with different interpolation methods in one channel
01:02:56 | WARNING: Baking animation because there are keyframes with different interpolation methods in one channel
01:02:56 | WARNING: Baking animation because there are keyframes with different interpolation methods in one channel
01:02:56 | WARNING: Baking animation because there are keyframes with different interpolation methods in one channel
01:02:56 | WARNING: Baking animation because there are keyframes with different interpolation methods in one channel
01:02:56 | WARNING: Baking animation because there are keyframes with different interpolation methods in one channel
01:02:56 | WARNING: Baking animation because there are keyframes with different interpolation methods in one channel
01:02:57 | WARNING: Baking animation because there are keyframes with different interpolation methods in one channel
01:02:57 | WARNING: Baking animation because there are keyframes with different interpolation methods in one channel
01:02:57 | WARNING: Baking animation because there are keyframes with different interpolation methods in one channel
01:02:57 | WARNING: Baking animation because there are keyframes with different interpolation methods in one channel
01:02:57 | WARNING: Baking animation because there are keyframes with different interpolation methods in one channel
01:02:57 | WARNING: Baking animation because there are keyframes with different interpolation methods in one channel
01:02:57 | WARNING: Baking animation because there are keyframes with different interpolation methods in one channel
01:02:57 | WARNING: Baking animation because there are keyframes with different interpolation methods in one channel
01:02:57 | WARNING: Baking animation because there are keyframes with different interpolation methods in one channel
01:02:57 | WARNING: Baking animation because there are keyframes with different interpolation methods in one channel
01:02:57 | WARNING: Baking animation because there are keyframes with different interpolation methods in one channel
01:02:57 | WARNING: Baking animation because there are keyframes with different interpolation methods in one channel
01:02:57 | WARNING: Baking animation because there are keyframes with different interpolation methods in one channel
01:02:57 | WARNING: Baking animation because there are keyframes with different interpolation methods in one channel
01:02:57 | WARNING: Baking animation because there are keyframes with different interpolation methods in one channel
01:02:57 | WARNING: Baking animation because there are keyframes with different interpolation methods in one channel
01:02:57 | WARNING: Baking animation because there are keyframes with different interpolation methods in one channel
01:02:57 | WARNING: Baking animation because there are keyframes with different interpolation methods in one channel
01:02:57 | WARNING: Baking animation because there are keyframes with different interpolation methods in one channel
01:02:57 | WARNING: Baking animation because there are keyframes with different interpolation methods in one channel
01:02:57 | WARNING: Baking animation because there are keyframes with different interpolation methods in one channel
01:02:57 | WARNING: Baking animation because there are keyframes with different interpolation methods in one channel
01:02:57 | WARNING: Baking animation because there are keyframes with different interpolation methods in one channel
01:02:57 | WARNING: Baking animation because there are keyframes with different interpolation methods in one channel
01:02:57 | WARNING: Baking animation because there are keyframes with different interpolation methods in one channel
01:02:57 | WARNING: Baking animation because there are keyframes with different interpolation methods in one channel
01:02:57 | WARNING: Baking animation because there are keyframes with different interpolation methods in one channel
01:02:57 | WARNING: Baking animation because there are keyframes with different interpolation methods in one channel
01:02:57 | WARNING: Baking animation because there are keyframes with different interpolation methods in one channel
01:02:57 | WARNING: Baking animation because there are keyframes with different interpolation methods in one channel
01:02:57 | WARNING: Baking animation because there are keyframes with different interpolation methods in one channel
01:02:57 | WARNING: Baking animation because there are keyframes with different interpolation methods in one channel
01:02:57 | WARNING: Baking animation because there are keyframes with different interpolation methods in one channel
01:02:57 | WARNING: Baking animation because there are keyframes with different interpolation methods in one channel
01:02:57 | WARNING: Baking animation because there are keyframes with different interpolation methods in one channel
01:02:57 | WARNING: Baking animation because there are keyframes with different interpolation methods in one channel
01:02:57 | WARNING: Baking animation because there are keyframes with different interpolation methods in one channel
01:02:57 | WARNING: Baking animation because there are keyframes with different interpolation methods in one channel
01:02:57 | WARNING: Baking animation because there are keyframes with different interpolation methods in one channel
01:02:57 | WARNING: Baking animation because there are keyframes with different interpolation methods in one channel
01:02:57 | WARNING: Baking animation because there are keyframes with different interpolation methods in one channel
01:02:57 | WARNING: Baking animation because there are keyframes with different interpolation methods in one channel
01:02:57 | WARNING: Baking animation because there are keyframes with different interpolation methods in one channel
01:02:57 | WARNING: Baking animation because there are keyframes with different interpolation methods in one channel
01:02:57 | WARNING: Baking animation because there are keyframes with different interpolation methods in one channel
01:02:57 | WARNING: Baking animation because there are keyframes with different interpolation methods in one channel
01:02:57 | WARNING: Baking animation because there are keyframes with different interpolation methods in one channel
01:02:57 | WARNING: Baking animation because there are keyframes with different interpolation methods in one channel
01:02:57 | WARNING: Baking animation because there are keyframes with different interpolation methods in one channel
01:02:57 | WARNING: Baking animation because there are keyframes with different interpolation methods in one channel
01:02:57 | WARNING: Baking animation because there are keyframes with different interpolation methods in one channel
01:02:57 | WARNING: Baking animation because there are keyframes with different interpolation methods in one channel
01:02:57 | WARNING: Baking animation because there are keyframes with different interpolation methods in one channel
01:02:57 | WARNING: Baking animation because there are keyframes with different interpolation methods in one channel
01:02:57 | WARNING: Baking animation because there are keyframes with different interpolation methods in one channel
01:02:57 | WARNING: Baking animation because there are keyframes with different interpolation methods in one channel
01:02:57 | WARNING: Baking animation because there are keyframes with different interpolation methods in one channel
01:02:57 | WARNING: Baking animation because there are keyframes with different interpolation methods in one channel
01:02:57 | WARNING: Baking animation because there are keyframes with different interpolation methods in one channel
01:02:57 | WARNING: Baking animation because there are keyframes with different interpolation methods in one channel
01:02:57 | WARNING: Baking animation because there are keyframes with different interpolation methods in one channel
01:02:57 | WARNING: Baking animation because there are keyframes with different interpolation methods in one channel
01:02:57 | WARNING: Baking animation because there are keyframes with different interpolation methods in one channel
01:02:57 | WARNING: Baking animation because there are keyframes with different interpolation methods in one channel
01:02:57 | WARNING: Baking animation because there are keyframes with different interpolation methods in one channel
01:02:57 | WARNING: Baking animation because there are keyframes with different interpolation methods in one channel
01:02:57 | WARNING: Baking animation because there are keyframes with different interpolation methods in one channel
01:02:57 | WARNING: Baking animation because there are keyframes with different interpolation methods in one channel
01:02:57 | WARNING: Baking animation because there are keyframes with different interpolation methods in one channel
01:02:57 | WARNING: Baking animation because there are keyframes with different interpolation methods in one channel
01:02:57 | WARNING: Baking animation because there are keyframes with different interpolation methods in one channel
01:02:57 | WARNING: Baking animation because there are keyframes with different interpolation methods in one channel
01:02:57 | WARNING: Baking animation because there are keyframes with different interpolation methods in one channel
01:02:57 | WARNING: Baking animation because there are keyframes with different interpolation methods in one channel
01:02:57 | WARNING: Baking animation because there are keyframes with different interpolation methods in one channel
01:02:57 | WARNING: Baking animation because there are keyframes with different interpolation methods in one channel
01:02:57 | WARNING: Baking animation because there are keyframes with different interpolation methods in one channel
01:02:57 | WARNING: Baking animation because there are keyframes with different interpolation methods in one channel
01:02:57 | WARNING: Baking animation because there are keyframes with different interpolation methods in one channel
01:02:57 | WARNING: Baking animation because there are keyframes with different interpolation methods in one channel
01:02:57 | WARNING: Baking animation because there are keyframes with different interpolation methods in one channel
01:02:57 | WARNING: Baking animation because there are keyframes with different interpolation methods in one channel
01:02:57 | WARNING: Baking animation because there are keyframes with different interpolation methods in one channel
01:02:57 | WARNING: Baking animation because there are keyframes with different interpolation methods in one channel
01:02:57 | WARNING: Baking animation because there are keyframes with different interpolation methods in one channel
01:02:57 | WARNING: Baking animation because there are keyframes with different interpolation methods in one channel
01:02:57 | WARNING: Baking animation because there are keyframes with different interpolation methods in one channel
01:02:57 | WARNING: Baking animation because there are keyframes with different interpolation methods in one channel
01:02:57 | WARNING: Baking animation because there are keyframes with different interpolation methods in one channel
01:02:57 | WARNING: Baking animation because there are keyframes with different interpolation methods in one channel
01:02:57 | WARNING: Baking animation because there are keyframes with different interpolation methods in one channel
01:02:57 | WARNING: Baking animation because there are keyframes with different interpolation methods in one channel
01:02:57 | WARNING: Baking animation because there are keyframes with different interpolation methods in one channel
01:02:57 | WARNING: Baking animation because there are keyframes with different interpolation methods in one channel
01:02:57 | WARNING: Baking animation because there are keyframes with different interpolation methods in one channel
01:02:57 | WARNING: Baking animation because there are keyframes with different interpolation methods in one channel
01:02:57 | WARNING: Baking animation because there are keyframes with different interpolation methods in one channel
01:02:57 | WARNING: Baking animation because there are keyframes with different interpolation methods in one channel
01:02:57 | WARNING: Baking animation because there are keyframes with different interpolation methods in one channel
01:02:57 | WARNING: Baking animation because there are keyframes with different interpolation methods in one channel
01:02:57 | WARNING: Baking animation because there are keyframes with different interpolation methods in one channel
01:02:57 | WARNING: Baking animation because there are keyframes with different interpolation methods in one channel
01:02:57 | WARNING: Baking animation because there are keyframes with different interpolation methods in one channel
01:02:57 | WARNING: Baking animation because there are keyframes with different interpolation methods in one channel
01:02:57 | WARNING: Baking animation because there are keyframes with different interpolation methods in one channel
01:02:57 | WARNING: Baking animation because there are keyframes with different interpolation methods in one channel
01:02:59 | WARNING: Baking animation because there are keyframes with different interpolation methods in one channel
01:02:59 | WARNING: Baking animation because there are keyframes with different interpolation methods in one channel
01:02:59 | WARNING: Baking animation because there are keyframes with different interpolation methods in one channel
01:02:59 | WARNING: Baking animation because there are keyframes with different interpolation methods in one channel
01:02:59 | WARNING: Baking animation because there are keyframes with different interpolation methods in one channel
01:02:59 | WARNING: Baking animation because there are keyframes with different interpolation methods in one channel
01:02:59 | WARNING: Baking animation because there are keyframes with different interpolation methods in one channel
01:02:59 | WARNING: Baking animation because there are keyframes with different interpolation methods in one channel
01:02:59 | WARNING: Baking animation because there are keyframes with different interpolation methods in one channel
01:02:59 | WARNING: Baking animation because there are keyframes with different interpolation methods in one channel
01:02:59 | WARNING: Baking animation because there are keyframes with different interpolation methods in one channel
01:02:59 | WARNING: Baking animation because there are keyframes with different interpolation methods in one channel
01:02:59 | WARNING: Baking animation because there are keyframes with different interpolation methods in one channel
01:02:59 | WARNING: Baking animation because there are keyframes with different interpolation methods in one channel
01:02:59 | WARNING: Baking animation because there are keyframes with different interpolation methods in one channel
01:02:59 | WARNING: Baking animation because there are keyframes with different interpolation methods in one channel
01:02:59 | WARNING: Baking animation because there are keyframes with different interpolation methods in one channel
01:02:59 | WARNING: Baking animation because there are keyframes with different interpolation methods in one channel
01:02:59 | WARNING: Baking animation because there are keyframes with different interpolation methods in one channel
01:02:59 | WARNING: Baking animation because there are keyframes with different interpolation methods in one channel
01:02:59 | WARNING: Baking animation because there are keyframes with different interpolation methods in one channel
01:02:59 | WARNING: Baking animation because there are keyframes with different interpolation methods in one channel
01:02:59 | WARNING: Baking animation because there are keyframes with different interpolation methods in one channel
01:02:59 | WARNING: Baking animation because there are keyframes with different interpolation methods in one channel
01:02:59 | WARNING: Baking animation because there are keyframes with different interpolation methods in one channel
01:02:59 | WARNING: Baking animation because there are keyframes with different interpolation methods in one channel
01:02:59 | WARNING: Baking animation because there are keyframes with different interpolation methods in one channel
01:02:59 | WARNING: Baking animation because there are keyframes with different interpolation methods in one channel
01:02:59 | WARNING: Baking animation because there are keyframes with different interpolation methods in one channel
01:02:59 | WARNING: Baking animation because there are keyframes with different interpolation methods in one channel
01:02:59 | WARNING: Baking animation because there are keyframes with different interpolation methods in one channel
01:02:59 | WARNING: Baking animation because there are keyframes with different interpolation methods in one channel
01:02:59 | WARNING: Baking animation because there are keyframes with different interpolation methods in one channel
01:02:59 | WARNING: Baking animation because there are keyframes with different interpolation methods in one channel
01:02:59 | WARNING: Baking animation because there are keyframes with different interpolation methods in one channel
01:02:59 | WARNING: Baking animation because there are keyframes with different interpolation methods in one channel
01:02:59 | WARNING: Baking animation because there are keyframes with different interpolation methods in one channel
01:02:59 | WARNING: Baking animation because there are keyframes with different interpolation methods in one channel
01:02:59 | WARNING: Baking animation because there are keyframes with different interpolation methods in one channel
01:02:59 | WARNING: Baking animation because there are keyframes with different interpolation methods in one channel
01:02:59 | WARNING: Baking animation because there are keyframes with different interpolation methods in one channel
01:02:59 | WARNING: Baking animation because there are keyframes with different interpolation methods in one channel
01:02:59 | WARNING: Baking animation because there are keyframes with different interpolation methods in one channel
01:02:59 | WARNING: Baking animation because there are keyframes with different interpolation methods in one channel
01:02:59 | WARNING: Baking animation because there are keyframes with different interpolation methods in one channel
01:02:59 | WARNING: Baking animation because there are keyframes with different interpolation methods in one channel
01:02:59 | WARNING: Baking animation because there are keyframes with different interpolation methods in one channel
01:02:59 | WARNING: Baking animation because there are keyframes with different interpolation methods in one channel
01:02:59 | WARNING: Baking animation because there are keyframes with different interpolation methods in one channel
01:02:59 | WARNING: Baking animation because there are keyframes with different interpolation methods in one channel
01:02:59 | WARNING: Baking animation because there are keyframes with different interpolation methods in one channel
01:02:59 | WARNING: Baking animation because there are keyframes with different interpolation methods in one channel
01:02:59 | WARNING: Baking animation because there are keyframes with different interpolation methods in one channel
01:03:03 | WARNING: Baking animation because there are keyframes with different interpolation methods in one channel
01:03:03 | WARNING: Baking animation because there are keyframes with different interpolation methods in one channel
01:03:03 | WARNING: Baking animation because there are keyframes with different interpolation methods in one channel
01:03:03 | WARNING: Baking animation because there are keyframes with different interpolation methods in one channel
01:03:03 | WARNING: Baking animation because there are keyframes with different interpolation methods in one channel
01:03:03 | WARNING: Baking animation because there are keyframes with different interpolation methods in one channel
01:03:03 | WARNING: Baking animation because there are keyframes with different interpolation methods in one channel
01:03:03 | WARNING: Baking animation because there are keyframes with different interpolation methods in one channel
01:03:03 | WARNING: Baking animation because there are keyframes with different interpolation methods in one channel
01:03:03 | WARNING: Baking animation because there are keyframes with different interpolation methods in one channel
01:03:03 | WARNING: Baking animation because there are keyframes with different interpolation methods in one channel
01:03:03 | WARNING: Baking animation because there are keyframes with different interpolation methods in one channel
01:03:03 | WARNING: Baking animation because there are keyframes with different interpolation methods in one channel
01:03:03 | WARNING: Baking animation because there are keyframes with different interpolation methods in one channel
01:03:03 | WARNING: Baking animation because there are keyframes with different interpolation methods in one channel
01:03:03 | WARNING: Baking animation because there are keyframes with different interpolation methods in one channel
01:03:03 | WARNING: Baking animation because there are keyframes with different interpolation methods in one channel
01:03:03 | WARNING: Baking animation because there are keyframes with different interpolation methods in one channel
01:03:03 | WARNING: Baking animation because there are keyframes with different interpolation methods in one channel
01:03:03 | WARNING: Baking animation because there are keyframes with different interpolation methods in one channel
01:03:03 | WARNING: Baking animation because there are keyframes with different interpolation methods in one channel
01:03:03 | WARNING: Baking animation because there are keyframes with different interpolation methods in one channel
01:03:03 | WARNING: Baking animation because there are keyframes with different interpolation methods in one channel
01:03:03 | WARNING: Baking animation because there are keyframes with different interpolation methods in one channel
01:03:03 | WARNING: Baking animation because there are keyframes with different interpolation methods in one channel
01:03:03 | WARNING: Baking animation because there are keyframes with different interpolation methods in one channel
01:03:03 | WARNING: Baking animation because there are keyframes with different interpolation methods in one channel
01:03:03 | WARNING: Baking animation because there are keyframes with different interpolation methods in one channel
01:03:03 | WARNING: Baking animation because there are keyframes with different interpolation methods in one channel
01:03:03 | WARNING: Baking animation because there are keyframes with different interpolation methods in one channel
01:03:03 | WARNING: Baking animation because there are keyframes with different interpolation methods in one channel
01:03:03 | WARNING: Baking animation because there are keyframes with different interpolation methods in one channel
01:03:03 | WARNING: Baking animation because there are keyframes with different interpolation methods in one channel
01:03:03 | WARNING: Baking animation because there are keyframes with different interpolation methods in one channel
01:03:03 | WARNING: Baking animation because there are keyframes with different interpolation methods in one channel
01:03:03 | WARNING: Baking animation because there are keyframes with different interpolation methods in one channel
01:03:03 | WARNING: Baking animation because there are keyframes with different interpolation methods in one channel
01:03:03 | WARNING: Baking animation because there are keyframes with different interpolation methods in one channel
01:03:03 | WARNING: Baking animation because there are keyframes with different interpolation methods in one channel
01:03:03 | WARNING: Baking animation because there are keyframes with different interpolation methods in one channel
01:03:03 | WARNING: Baking animation because there are keyframes with different interpolation methods in one channel
01:03:03 | WARNING: Baking animation because there are keyframes with different interpolation methods in one channel
01:03:03 | WARNING: Baking animation because there are keyframes with different interpolation methods in one channel
01:03:03 | WARNING: Baking animation because there are keyframes with different interpolation methods in one channel
01:03:03 | WARNING: Baking animation because there are keyframes with different interpolation methods in one channel
01:03:03 | WARNING: Baking animation because there are keyframes with different interpolation methods in one channel
01:03:03 | WARNING: Baking animation because there are keyframes with different interpolation methods in one channel
01:03:03 | WARNING: Baking animation because there are keyframes with different interpolation methods in one channel
01:03:03 | WARNING: Baking animation because there are keyframes with different interpolation methods in one channel
01:03:03 | WARNING: Baking animation because there are keyframes with different interpolation methods in one channel
01:03:03 | WARNING: Baking animation because there are keyframes with different interpolation methods in one channel
01:03:03 | WARNING: Baking animation because there are keyframes with different interpolation methods in one channel
01:03:03 | WARNING: Baking animation because there are keyframes with different interpolation methods in one channel
01:03:04 | WARNING: Baking animation because there are keyframes with different interpolation methods in one channel
01:03:04 | WARNING: Baking animation because there are keyframes with different interpolation methods in one channel
01:03:04 | WARNING: Baking animation because there are keyframes with different interpolation methods in one channel
01:03:04 | WARNING: Baking animation because there are keyframes with different interpolation methods in one channel
01:03:04 | WARNING: Baking animation because there are keyframes with different interpolation methods in one channel
01:03:04 | WARNING: Baking animation because there are keyframes with different interpolation methods in one channel
01:03:04 | WARNING: Baking animation because there are keyframes with different interpolation methods in one channel
01:03:04 | WARNING: Baking animation because there are keyframes with different interpolation methods in one channel
01:03:04 | WARNING: Baking animation because there are keyframes with different interpolation methods in one channel
01:03:04 | WARNING: Baking animation because there are keyframes with different interpolation methods in one channel
01:03:04 | WARNING: Baking animation because there are keyframes with different interpolation methods in one channel
01:03:04 | WARNING: Baking animation because there are keyframes with different interpolation methods in one channel
01:03:04 | WARNING: Baking animation because there are keyframes with different interpolation methods in one channel
01:03:04 | WARNING: Baking animation because there are keyframes with different interpolation methods in one channel
01:03:04 | WARNING: Baking animation because there are keyframes with different interpolation methods in one channel
01:03:04 | WARNING: Baking animation because there are keyframes with different interpolation methods in one channel
01:03:04 | WARNING: Baking animation because there are keyframes with different interpolation methods in one channel
01:03:04 | WARNING: Baking animation because there are keyframes with different interpolation methods in one channel
01:03:04 | WARNING: Baking animation because there are keyframes with different interpolation methods in one channel
01:03:04 | WARNING: Baking animation because there are keyframes with different interpolation methods in one channel
01:03:04 | WARNING: Baking animation because there are keyframes with different interpolation methods in one channel
01:03:04 | WARNING: Baking animation because there are keyframes with different interpolation methods in one channel
01:03:04 | WARNING: Baking animation because there are keyframes with different interpolation methods in one channel
01:03:04 | WARNING: Baking animation because there are keyframes with different interpolation methods in one channel
01:03:04 | WARNING: Baking animation because there are keyframes with different interpolation methods in one channel
01:03:04 | WARNING: Baking animation because there are keyframes with different interpolation methods in one channel
01:03:04 | WARNING: Baking animation because there are keyframes with different interpolation methods in one channel
01:03:04 | WARNING: Baking animation because there are keyframes with different interpolation methods in one channel
01:03:04 | WARNING: Baking animation because there are keyframes with different interpolation methods in one channel
01:03:04 | WARNING: Baking animation because there are keyframes with different interpolation methods in one channel
01:03:04 | WARNING: Baking animation because there are keyframes with different interpolation methods in one channel
01:03:04 | WARNING: Baking animation because there are keyframes with different interpolation methods in one channel
01:03:04 | WARNING: Baking animation because there are keyframes with different interpolation methods in one channel
01:03:04 | WARNING: Baking animation because there are keyframes with different interpolation methods in one channel
01:03:04 | WARNING: Baking animation because there are keyframes with different interpolation methods in one channel
01:03:04 | WARNING: Baking animation because there are keyframes with different interpolation methods in one channel
01:03:04 | WARNING: Baking animation because there are keyframes with different interpolation methods in one channel
01:03:04 | WARNING: Baking animation because there are keyframes with different interpolation methods in one channel
01:03:04 | WARNING: Baking animation because there are keyframes with different interpolation methods in one channel
01:03:04 | WARNING: Baking animation because there are keyframes with different interpolation methods in one channel
01:03:04 | WARNING: Baking animation because there are keyframes with different interpolation methods in one channel
01:03:04 | WARNING: Baking animation because there are keyframes with different interpolation methods in one channel
01:03:04 | WARNING: Baking animation because there are keyframes with different interpolation methods in one channel
01:03:04 | WARNING: Baking animation because there are keyframes with different interpolation methods in one channel
01:03:04 | WARNING: Baking animation because there are keyframes with different interpolation methods in one channel
01:03:04 | WARNING: Baking animation because there are keyframes with different interpolation methods in one channel
01:03:04 | WARNING: Baking animation because there are keyframes with different interpolation methods in one channel
01:03:04 | WARNING: Baking animation because there are keyframes with different interpolation methods in one channel
01:03:04 | WARNING: Baking animation because there are keyframes with different interpolation methods in one channel
01:03:04 | WARNING: Baking animation because there are keyframes with different interpolation methods in one channel
01:03:04 | WARNING: Baking animation because there are keyframes with different interpolation methods in one channel
01:03:04 | WARNING: Baking animation because there are keyframes with different interpolation methods in one channel
01:03:04 | WARNING: Baking animation because there are keyframes with different interpolation methods in one channel
01:03:08 | INFO: Finished glTF 2.0 export in 34.873116970062256 s

DASH10_DONE failed=[]
Blender 4.5.0 (hash 8cb6b388974a built 2025-07-15 01:36:24)
Read blend: "I:\工作项目\BIGMANFIGHT\角色资产\美术资产\bigman_v001\bigman_anim_v001.blend"

Blender quit
Error: Not freed memory blocks: 7796, total unfreed memory 0.814014 MB
