LOW06_IDLE_TRUTH {"support": "R", "attack": "L", "front_foot": "L", "ankle_mm": {"L": [143.18, -169.57, 79.76], "R": [-141.58, 140.43, 79.83]}, "knee_mm": {"L": [113.8, -223.6, 487.1], "R": [-116.9, -77.9, 428.3]}, "pelvis_z_mm": 830.0, "thigh_mid_z_mm": {"L": 658.6, "R": 629.2}, "leg_pole_mm": {"L": [-19.4, -975.5, 219.1], "R": [-7.7, -983.0, -183.5]}, "arm_guard_offset_mm": {"L": [-6.2, -256.6, -41.8], "R": [21.1, -222.3, -14.7]}, "leg_units_mm": 822.0, "idle_hip_ankle_mm": {"L": 771.0, "R": 764.9}, "note": "下段攻击：**前腿（L）低踢**、后腿（R）单腿支撑。支撑腿在髋后面 140 mm ⟹ 骨盆下沉 + 后移对它都是安全方向。"}
LOW06_LIMB_EULER {"max_abs_euler_y_deg": 51.68, "per_bone_y_deg": {"upperarm.L": 50.2, "forearm.L": 16.3, "hand.L": 0.5, "upperarm.R": 51.7, "forearm.R": 12.0, "hand.R": 1.9, "thigh.L": 15.2, "shin.L": 40.5, "foot.L": 13.8, "thigh.R": 2.6, "shin.R": 9.7, "foot.R": 4.9}, "max_roll_deg": {"upperarm.L": 0.0, "forearm.L": 0.0, "hand.L": 0.0, "upperarm.R": 0.0, "forearm.R": 0.0, "hand.R": 0.0, "thigh.L": 0.0, "shin.L": 20.0, "foot.L": 21.0, "thigh.R": 0.0, "shin.R": 0.0, "foot.R": 0.0}, "max_extension_ratio": {"L": 0.9592, "R": 0.9233}, "note": "腿 = `leg_aim`（3D 瞄准式双骨 IK + `_knee_bulge` 接力 + `aim_carry`）。搜索旋钮用库默认，`no_teleport` 说话"}
LOW06_REPORT {"loop_seamless": null, "foot_travel_mm_toe.R": 1.6, "no_foot_slide_toe.R": true, "ground_min_mm": -1.02, "ground_contact_ok": true, "max_frame_step_deg": 16.605, "max_frame_step_at": [20, "shin.L"], "no_teleport": true, "bone_travel_mm": {"pelvis": 137.12, "chest": 201.8, "head": 398.53, "hand.L": 401.21, "hand.R": 397.58}, "ground_min_mm_detail": -1.021, "ground_min_frame": 4, "ground_series_mm": [-0.96, -1.0, -1.01, -1.02, -1.02, -1.02, -0.98, -0.93, -0.85, -0.89, -0.92, -0.92, -0.91, -0.9, -0.89, -0.88, -0.86, -0.84, -0.81, -0.78, -0.76, -0.76, -0.76, -0.76, -0.75, -0.73, -0.72, -0.7, -0.68, -0.73, -0.77, -0.8, -0.83, -0.86, -0.88, -0.9, -0.91, -0.92, -0.93, -0.93, -0.93, -0.93, -0.94, -0.94, -0.94, -0.94, -0.94], "first_frame_delta": 0.0, "last_frame_delta": 0.3354, "guard_start_ok": true, "end_pose_switched_ok": true, "end_pose_note": "B06 是单发普通攻击：首帧仍须逐位 = Idle_01@0（起手不闪），末帧**停在自持的「收势」姿态**（收腿落地站稳，骨盆仍沉 40 mm）", "end_hold_steps_deg": [0.3627, 0.0, 0.0, 0.0], "end_pose_hold_ok": true, "chamber_window_frames": 10, "chamber_knee_z_guard_mm": 487.1, "chamber_knee_z_peak_mm": 754.5, "chamber_knee_rise_mm": 267.4, "chamber_ankle_z_peak_mm": 440.4, "chamber_ok": true, "support_ankle_travel_mm": 1.6003, "support_sole_series_mm": [-0.96, -1.0, -1.01, -1.02, -1.02, -1.02, -0.98, -0.93, -0.85, -0.89, -0.92, -0.92, -0.91, -0.9, -0.89, -0.88, -0.86, -0.84, -0.81, -0.78, -0.76, -0.76, -0.76, -0.76, -0.75, -0.73, -0.72, -0.7, -0.68, -0.73, -0.77, -0.8, -0.83, -0.86, -0.88, -0.9, -0.91, -0.92, -0.93, -0.93, -0.93, -0.93, -0.94, -0.94, -0.94, -0.94, -0.94], "support_sole_min_mm": -1.02, "support_sole_max_mm": -0.68, "support_foot_pinned_ok": true, "support_foot_note": "这是本清单**第一支单腿支撑动画**：B04/B05 的`no_foot_slide` 是「双脚都不动」，本支拆两侧写 —— 支撑脚 ≤3 mm + 鞋底 −2~+6，攻击腿**不进**判据。", "hit_pelvis_z_mm": 715.0, "hit_foot_z_mm": 426.1, "hit_z_ceiling_mm": 465.0, "hit_z_margin_mm": 38.9, "attack_foot_max_z_mm": 440.4, "thigh_mid_z_mm": 536.9, "hit_z_below_b05_mm": -212.8, "hit_point_m": [0.1652, -0.6896, 0.4261], "low_height_ok": true, "leg_path_len_mm": 1790.6, "leg_travel_chord_mm": 625.2, "leg_travel_min_mm": 600.0, "hip_sweep_deg": 91.8, "hip_sweep_min_deg": 70.0, "leg_amplitude_ok": true, "balance_window_clock": [10, 20], "balance_leg_sag_mm": [-129.6, -709.6], "balance_leg_forward_mm": 580.0, "balance_trunk_lean_deg": [-4.33, 12.65], "balance_trunk_leans_back_deg": 16.98, "balance_leg_rx_delta_deg": 4.62, "balance_trunk_rx_delta_deg": -20.0, "balance_leg_swings_forward": true, "balance_trunk_leans_back": true, "balance_trunk_rel_series_deg": [5.0, 4.8, 4.6, 4.4, 4.2, 4.0, 3.32, 2.54, 1.72, 0.87, 0.0, -0.45, -1.41, -2.74, -4.41, -6.37, -8.61, -11.1, -13.84, -16.81, -20.0, -20.0, -20.0, -20.0, -21.34, -23.18, -25.28, -27.57, -30.0, -25.36, -21.04, -17.04, -13.36, -10.0, -6.96, -4.24, -1.84, 0.24, 2.0, 3.44, 4.56, 5.36, 5.84, 6.0, 6.0, 6.0, 6.0], "balance_measure": "物理量：腿 = 髋→踝矢状分量（前移 mm）；上身 = 骨盆→胸骨顶矢状仰角（后仰 deg）。欧拉 rx 只作诊断（受 ry/rz 污染）", "upper_body_balance_ok": true, "follow_through_deg": {"chest": [14.0, 20.0, 6.0], "pelvis": [4.0, 8.0, 4.0]}, "follow_through_window": [24, 28], "follow_through_channel": "−rx（后仰量；踢腿的打透 = 上身继续后仰）", "body_follow_through_ok": true, "pelvis_drop_mm": 135.0, "pelvis_xy_span_mm": 24.0, "support_knee_bend_span_deg": 37.71, "attack_knee_bend_span_deg": 92.83, "knee_drop_ok": true, "knee_drop_note": "口径改：门槛由 B05 的 60 mm 降到 **40 mm**（单腿支撑的下沉空间小，计划原文指定）；但**多了一条**——只许支撑脚下沉、攻击脚自由，骨盆 XY ≤120 mm 与 B05 同。", "hitstop_frozen_steps": 3, "hitstop_frames": 4, "hitstop_window": [20, 23], "hitstop_present": true, "markers": {"GUARD": 0, "ANTIC": 1, "LOAD_END": 5, "ANTIC_END": 10, "HIT": 20, "HITSTOP_END": 23, "RECOV": 23, "FOLLOW_END": 25, "CANCEL": 30, "END": 46}, "cancel_reach_mm": [169.6, 689.6, 567.7], "cancel_marker_ok": true, "max_abs_euler_y_deg": 51.68, "euler_y_is_health_check_only": true, "power_chain_ranges_deg": {"foot": 76.293, "leg": 84.788, "hip": 12.0, "waist": 22.0, "shoulder": 15.0, "hand": 67.816}, "power_chain_b05_ranges_deg": {"foot": 23.53, "leg": 44.91, "hip": 28.0, "waist": 33.0, "shoulder": 39.0, "hand": 137.43}, "power_chain_same_quantity_as_b05": ["foot", "leg"], "power_chain_vs_b05": {"foot": 52.76, "leg": 39.88, "hip": -16.0, "waist": -11.0, "shoulder": -24.0, "hand": -69.61}, "power_chain_over_b05": {"foot": true, "leg": true}, "strike_limb_range_deg": 84.788, "support_limb_range_deg": 35.262, "strike_dominates_support": true, "power_chain_all_segments_alive": {"foot": true, "leg": true, "hip": true, "waist": true, "shoulder": true, "hand": true}, "power_chain_peak_frames": {"foot": 20, "leg": 20, "hip": 29, "waist": 29, "shoulder": 29, "hand": 29}, "power_chain_note": "B06 是**踢腿**：驱动肢体是腿，`hand` 段不可能翻到 B05 的 137.43°（那是锤击手腕的行程）。照 B04→B05 的先例「口径跟着动作类型走」：**foot / leg 两段（与 B05 同一物理量）仍严格要求 > B05**，其余四段改为非退化 + 时序 + 攻击肢体占优。六段数值全部照实列出。", "timing_window": [0, 23], "timing_peak_frames": {"pelvis": 20, "knee": 10, "ankle": 20, "toe": 20}, "timing_peak_speed_mm_per_frame": {"pelvis": 9.71, "knee": 84.76, "ankle": 91.16, "toe": 102.53}, "power_chain_timing_measure": "世界空间速度峰值帧（欧拉步长会被万向节放大，不作时序尺子）；窗口 = [0, HIT+HOLD]（只取发力段，排除收招段的速度峰）；顺序 = 骨盆 ≤ 膝 ≤ 踝 ≤ 脚尖，且踝峰落在 [HIT−3, HIT+1]", "power_chain_timing_ok": true, "power_chain_ok": true, "limb_euler_ranges_deg": {"upperarm.L": [31.32, 63.41, 57.45], "forearm.L": [7.79, 4.51, 11.79], "hand.L": [3.76, 0.96, 44.08], "upperarm.R": [31.74, 67.82, 59.48], "forearm.R": [5.99, 3.63, 13.18], "hand.R": [4.87, 2.45, 47.61], "thigh.L": [64.1, 15.25, 11.11], "shin.L": [84.79, 41.69, 30.37], "foot.L": [76.29, 19.94, 27.49], "thigh.R": [7.56, 2.61, 9.89], "shin.R": [35.26, 9.88, 13.16], "foot.R": [17.7, 6.65, 6.07]}, "limb_euler_range_max": 84.79, "limb_euler_range_max_at": [84.79, "shin.L", "x"], "tail_deg_per_frame": [1.6556, 1.05553, 0.36267, 0.0, 0.0, 0.0], "tail_worst_bone": ["shin.L", "shin.L", "shin.L", null, null, null], "decel_smooth_ok": true, "no_snap_stop_ok": true, "limb_peak_step_frame": 20, "limb_peak_step_deg": 16.605, "recover_first_step_deg": 2.484, "burst_last_step_deg": 16.605, "no_teleport_budget_left_deg": 8.395, "ankle_target_error_mm": 0.024, "ik_reach_ok": true, "leg_reach_max_mm": {"L": 788.5, "R": 764.9}, "leg_reach_headroom_mm": {"L": 33.5, "R": 57.1}, "leg_reach_ok": true, "leg_extension_max": {"L": 0.9592, "R": 0.9233}, "antic_frame": 10, "hit_frame": 20, "cancel_frame": 30, "hitstop_frame_span": [20, 23], "meta": {"anim_id": "Low_Attack", "loop": false, "category": "普通攻击", "note": "下段攻击（前腿低踢）：攻击腿后压 220 mm 做反向预备 → 抬腿前引（膝抬到 z≈690 mm）→ 小腿甩出（hit_frame 20，命中踝 z ≈425 mm，**低于腰线 290 mm**）→ 上身反向配重并继续后仰打透 → f20~f23 冻结 4 帧 → 收腿落地停在自持「收势」（末帧不回 idle）", "antic_frame": 10, "hit_frame": 20, "cancel_frame": 30, "follow_frame": 25, "burst_span_clock": [10, 20], "hitstop_frames": 4, "hitstop_span": [20, 23], "motion_clock_hold_frames": 3, "strike_style": "front_leg_low_kick", "support_leg": "R", "attack_leg": "L", "root_motion_m": [0.0, 0.0], "root_motion_note": "**原地**（清单 §0.4：普通攻击不许 Root Motion，C 族起才允许）。本支没有跨步，只有骨盆下沉 + 20 mm 后移；引擎位移由程序控制", "support_foot_pinned": {"ankle_travel_mm": "≤3（支撑脚 R 全程钉死）", "sole_mm": "−2~+6（鞋底贴地）", "attack_leg_excluded": "攻击腿 L **不进**这条判据（离地自由）", "why": "本清单第一支单腿支撑动画：B04/B05 的 no_foot_slide 是「双脚都不动」"}, "low_height": {"rule": "命中帧攻击踝 z ≤ 骨盆 z − 250 mm，且全程攻击踝最高点 < 大腿中部", "pelvis_z_mm": 830.0, "pelvis_drop_mm": "115（命中帧骨盆 z 715 ⟹ 天花板 465）"}, "leg_amplitude": {"path_len_mm": "≥600（踢击弧长，逐帧位移之和）", "chord_mm": "同时报出（相对首帧的最大位移）", "hip_sweep_deg": "≥70（以髋为轴的累计转角，到命中帧）"}, "upper_body_balance": {"rule": "腿向前摆（thigh.rx 变小）时上身必须向后仰（spine_01+spine_02+chest 的 rx 变小），幅度 ≥8°", "why": "防「只有腿在动」的僵直感；对应 §6 力量传导链的「腰」段。「反号」按**物理方向**取 —— 两者在世界 rx 上同号（都绕 +X 负向）"}, "knee_drop": {"pelvis_drop_mm": "≥40（单腿支撑下沉空间小，计划原文指定，比 B05 的 60 宽松）", "pelvis_xy_mm": "≤120", "support_foot_mm": "≤3"}, "follow_through": {"window": [24, 28], "peak_clock": 25, "channel": "−rx（后仰量；B05 用 +rx 是因为锤击是前折）", "why": "f20~f23 是 4 帧完全冻结（clock 被夹在 20），「命中后继续送」只能取冻结之后的窗口；踢腿的打透 = 上身**继续后仰**（重心留在支撑腿上才能把腿送出去）"}, "phase_path": {"guard": 0, "load": 5, "chamber": 10, "strike": 20, "follow": 25, "end": 40, "powers": {"load": 1.0, "chamber": 1.1, "burst": 1.65, "follow": 1.25, "settle": 2.0}, "why": "每条通道 = `g + (ld−g)·load + (ch−ld)·chamber + (st−ch)·burst + (fo−st)·follow + (en−fo)·settle`；相位标量精确饱和 ⟹ clock 40~43 姿态逐位恒定（末 4 帧零变化）。★ 只有 settle 是缓出 `1−(1−u)^p`，其余四个 `u^p` 加速"}, "power_chain_scale_note": "B06 口径：foot / leg 两段（与 B05 同一物理量）**严格要求 > B05**（23.53 / 44.91）；其余四段（hip/waist/shoulder/hand）在 B05 里是锤击的躯干折叠与手腕翻转挣来的，与踢腿不是同一物理量 ⟹ 改为非退化（≥3°）+ 时序 + 攻击肢体占优（> 支撑腿 ×1.5）。**换尺子，不是放宽**：六段数值全部照实列出（power_chain_vs_b05）", "link_prev": "Idle_01@0（**首帧**逐位相等；起手不闪）", "link_next": "末帧 = 自持「收势」姿态（收腿落地站稳、骨盆仍沉 40 mm，不回 idle）⟹ 可直接接后摇/硬直", "fps": 60, "frames": [0, 46]}, "hitstop_probe": {"f20_vs_f21": [{"d": 0.0, "bone": "upperarm.R", "axis": "z", "before": -3.753, "after": -3.753}, {"d": 0.0, "bone": "upperarm.R", "axis": "y", "before": -36.7795, "after": -36.7795}, {"d": 0.0, "bone": "upperarm.R", "axis": "x", "before": -46.5057, "after": -46.5057}, {"d": 0.0, "bone": "upperarm.L", "axis": "z", "before": 8.3006, "after": 8.3006}, {"d": 0.0, "bone": "upperarm.L", "axis": "y", "before": 37.3238, "after": 37.3238}, {"d": 0.0, "bone": "upperarm.L", "axis": "x", "before": -44.7272, "after": -44.7272}]}, "tail_probe": [{"f": 39, "top": [{"d": 2.72797, "bone": "thigh.L", "axis": "x", "before": -50.8465, "after": -48.1185}, {"d": 2.40124, "bone": "upperarm.L", "axis": "y", "before": 3.4941, "after": 1.0929}, {"d": 2.3962, "bone": "shin.L", "axis": "x", "before": 62.734, "after": 60.3378}]}, {"f": 40, "top": [{"d": 2.21197, "bone": "thigh.L", "axis": "x", "before": -48.1185, "after": -45.9066}, {"d": 2.1143, "bone": "shin.L", "axis": "x", "before": 60.3378, "after": 58.2235}, {"d": 1.87349, "bone": "upperarm.L", "axis": "y", "before": 1.0929, "after": -0.7806}]}, {"f": 41, "top": [{"d": 1.6556, "bone": "shin.L", "axis": "x", "before": 58.2235, "after": 56.5679}, {"d": 1.6325, "bone": "thigh.L", "axis": "x", "before": -45.9066, "after": -44.2741}, {"d": 1.34106, "bone": "upperarm.L", "axis": "y", "before": -0.7806, "after": -2.1217}]}, {"f": 42, "top": [{"d": 1.05553, "bone": "shin.L", "axis": "x", "before": 56.5679, "after": 55.5124}, {"d": 1.00213, "bone": "thigh.L", "axis": "x", "before": -44.2741, "after": -43.2719}, {"d": 0.80567, "bone": "upperarm.L", "axis": "y", "before": -2.1217, "after": -2.9274}]}, {"f": 43, "top": [{"d": 0.36267, "bone": "shin.L", "axis": "x", "before": 55.5124, "after": 55.1498}, {"d": 0.338, "bone": "thigh.L", "axis": "x", "before": -43.2719, "after": -42.9339}, {"d": 0.26872, "bone": "upperarm.L", "axis": "y", "before": -2.9274, "after": -3.1961}]}, {"f": 44, "top": [{"d": 0.0, "bone": "upperarm.R", "axis": "z", "before": 19.186, "after": 19.186}, {"d": 0.0, "bone": "upperarm.R", "axis": "y", "before": 3.1466, "after": 3.1466}, {"d": 0.0, "bone": "upperarm.R", "axis": "x", "before": -55.8823, "after": -55.8823}]}, {"f": 45, "top": [{"d": 0.0, "bone": "upperarm.R", "axis": "z", "before": 19.186, "after": 19.186}, {"d": 0.0, "bone": "upperarm.R", "axis": "y", "before": 3.1466, "after": 3.1466}, {"d": 0.0, "bone": "upperarm.R", "axis": "x", "before": -55.8823, "after": -55.8823}]}, {"f": 46, "top": [{"d": 0.0, "bone": "upperarm.R", "axis": "z", "before": 19.186, "after": 19.186}, {"d": 0.0, "bone": "upperarm.R", "axis": "y", "before": 3.1466, "after": 3.1466}, {"d": 0.0, "bone": "upperarm.R", "axis": "x", "before": -55.8823, "after": -55.8823}]}], "burst_probe": [{"f": 8, "euler": {"upperarm.L": [-58.47, -9.42, -25.7], "forearm.L": [2.82, 15.58, -144.56], "hand.L": [2.11, 0.26, 21.08], "upperarm.R": [-59.32, 13.5, 30.85], "forearm.R": [0.59, -11.21, 152.91], "hand.R": [6.35, -0.04, -26.3]}, "roll": {"upperarm.L": 0.0, "forearm.L": 0.0, "hand.L": 0.0, "upperarm.R": 0.0, "forearm.R": 0.0, "hand.R": 0.0, "thigh.L": 0.0, "shin.L": 0.0, "foot.L": 0.0, "thigh.R": 0.0, "shin.R": 0.0, "foot.R": 0.0}}, {"f": 9, "euler": {"upperarm.L": [-59.94, -8.16, -25.12], "forearm.L": [2.43, 15.96, -145.35], "hand.L": [2.11, 0.34, 20.38], "upperarm.R": [-61.08, 12.45, 30.29], "forearm.R": [0.24, -11.6, 153.7], "hand.R": [5.98, -0.31, -25.77]}, "roll": {"upperarm.L": 0.0, "forearm.L": 0.0, "hand.L": 0.0, "upperarm.R": 0.0, "forearm.R": 0.0, "hand.R": 0.0, "thigh.L": 0.0, "shin.L": 0.0, "foot.L": 0.0, "thigh.R": 0.0, "shin.R": 0.0, "foot.R": 0.0}}, {"f": 10, "euler": {"upperarm.L": [-61.43, -6.83, -24.56], "forearm.L": [2.02, 16.34, -146.13], "hand.L": [2.11, 0.41, 19.62], "upperarm.R": [-62.87, 11.33, 29.75], "forearm.R": [-0.12, -12.0, 154.5], "hand.R": [5.59, -0.58, -25.17]}, "roll": {"upperarm.L": 0.0, "forearm.L": 0.0, "hand.L": 0.0, "upperarm.R": 0.0, "forearm.R": 0.0, "hand.R": 0.0, "thigh.L": 0.0, "shin.L": 0.0, "foot.L": 3.0, "thigh.R": 0.0, "shin.R": 0.0, "foot.R": 0.0}}, {"f": 11, "euler": {"upperarm.L": [-61.25, -5.8, -24.06], "forearm.L": [2.12, 16.25, -146.29], "hand.L": [2.25, 0.38, 19.17], "upperarm.R": [-62.72, 10.31, 29.27], "forearm.R": [-0.04, -11.92, 154.71], "hand.R": [5.73, -0.53, -24.79]}, "roll": {"upperarm.L": 0.0, "forearm.L": 0.0, "hand.L": 0.0, "upperarm.R": 0.0, "forearm.R": 0.0, "hand.R": 0.0, "thigh.L": 0.0, "shin.L": 0.0, "foot.L": 0.0, "thigh.R": 0.0, "shin.R": 0.0, "foot.R": 0.0}}, {"f": 12, "euler": {"upperarm.L": [-60.83, -3.59, -22.98], "forearm.L": [2.33, 16.04, -146.6], "hand.L": [2.55, 0.31, 18.16], "upperarm.R": [-62.37, 8.11, 28.22], "forearm.R": [0.12, -11.75, 155.16], "hand.R": [6.03, -0.44, -23.93]}, "roll": {"upperarm.L": 0.0, "forearm.L": 0.0, "hand.L": 0.0, "upperarm.R": 0.0, "forearm.R": 0.0, "hand.R": 0.0, "thigh.L": 0.0, "shin.L": 0.0, "foot.L": 0.0, "thigh.R": 0.0, "shin.R": 0.0, "foot.R": 0.0}}, {"f": 13, "euler": {"upperarm.L": [-60.2, -0.5, -21.42], "forearm.L": [2.64, 15.76, -147.0], "hand.L": [2.97, 0.23, 16.68], "upperarm.R": [-61.83, 5.0, 26.7], "forearm.R": [0.34, -11.51, 155.74], "hand.R": [6.46, -0.31, -22.61]}, "roll": {"upperarm.L": 0.0, "forearm.L": 0.0, "hand.L": 0.0, "upperarm.R": 0.0, "forearm.R": 0.0, "hand.R": 0.0, "thigh.L": 0.0, "shin.L": 0.0, "foot.L": 0.0, "thigh.R": 0.0, "shin.R": 0.0, "foot.R": 0.0}}, {"f": 14, "euler": {"upperarm.L": [-59.33, 3.35, -19.39], "forearm.L": [3.05, 15.42, -147.42], "hand.L": [3.49, 0.15, 14.69], "upperarm.R": [-61.06, 1.08, 24.71], "forearm.R": [0.63, -11.22, 156.38], "hand.R": [7.02, -0.17, -20.79]}, "roll": {"upperarm.L": 0.0, "forearm.L": 0.0, "hand.L": 0.0, "upperarm.R": 0.0, "forearm.R": 0.0, "hand.R": 0.0, "thigh.L": 0.0, "shin.L": 0.0, "foot.L": 0.0, "thigh.R": 0.0, "shin.R": 0.0, "foot.R": 0.0}}, {"f": 15, "euler": {"upperarm.L": [-58.17, 7.89, -16.82], "forearm.L": [3.55, 15.02, -147.83], "hand.L": [4.07, 0.09, 12.16], "upperarm.R": [-60.02, -3.62, 22.21], "forearm.R": [0.99, -10.9, 157.03], "hand.R": [7.7, -0.03, -18.37]}, "roll": {"upperarm.L": 0.0, "forearm.L": 0.0, "hand.L": 0.0, "upperarm.R": 0.0, "forearm.R": 0.0, "hand.R": 0.0, "thigh.L": 0.0, "shin.L": 0.0, "foot.L": 0.0, "thigh.R": 0.0, "shin.R": 0.0, "foot.R": 0.0}}, {"f": 16, "euler": {"upperarm.L": [-56.67, 13.03, -13.66], "forearm.L": [4.16, 14.58, -148.16], "hand.L": [4.67, 0.06, 9.03], "upperarm.R": [-58.63, -9.08, 19.1], "forearm.R": [1.42, -10.53, 157.6], "hand.R": [8.47, 0.07, -15.22]}, "roll": {"upperarm.L": 0.0, "forearm.L": 0.0, "hand.L": 0.0, "upperarm.R": 0.0, "forearm.R": 0.0, "hand.R": 0.0, "thigh.L": 0.0, "shin.L": 0.0, "foot.L": 0.0, "thigh.R": 0.0, "shin.R": 0.0, "foot.R": 0.0}}, {"f": 17, "euler": {"upperarm.L": [-54.74, 18.7, -9.77], "forearm.L": [4.91, 14.1, -148.35], "hand.L": [5.24, 0.09, 5.23], "upperarm.R": [-56.78, -15.24, 15.22], "forearm.R": [1.95, -10.14, 158.01], "hand.R": [9.27, 0.11, -11.21]}, "roll": {"upperarm.L": 0.0, "forearm.L": 0.0, "hand.L": 0.0, "upperarm.R": 0.0, "forearm.R": 0.0, "hand.R": 0.0, "thigh.L": 0.0, "shin.L": 0.0, "foot.L": 0.0, "thigh.R": 0.0, "shin.R": 0.0, "foot.R": 0.0}}, {"f": 18, "euler": {"upperarm.L": [-52.24, 24.76, -4.99], "forearm.L": [5.82, 13.58, -148.36], "hand.L": [5.68, 0.18, 0.72], "upperarm.R": [-54.32, -22.04, 10.36], "forearm.R": [2.61, -9.72, 158.19], "hand.R": [9.99, 0.04, -6.2]}, "roll": {"upperarm.L": 0.0, "forearm.L": 0.0, "hand.L": 0.0, "upperarm.R": 0.0, "forearm.R": 0.0, "hand.R": 0.0, "thigh.L": 0.0, "shin.L": 0.0, "foot.L": 0.0, "thigh.R": 0.0, "shin.R": 0.0, "foot.R": 0.0}}, {"f": 19, "euler": {"upperarm.L": [-48.98, 31.05, 0.93], "forearm.L": [6.94, 13.04, -148.14], "hand.L": [5.86, 0.29, -4.51], "upperarm.R": [-51.01, -29.32, 4.19], "forearm.R": [3.46, -9.28, 158.05], "hand.R": [10.46, -0.14, -0.11]}, "roll": {"upperarm.L": 0.0, "forearm.L": 0.0, "hand.L": 0.0, "upperarm.R": 0.0, "forearm.R": 0.0, "hand.R": 0.0, "thigh.L": 0.0, "shin.L": -12.0, "foot.L": 0.0, "thigh.R": 0.0, "shin.R": 0.0, "foot.R": 0.0}}, {"f": 20, "euler": {"upperarm.L": [-44.73, 37.32, 8.3], "forearm.L": [8.32, 12.46, -147.65], "hand.L": [5.67, 0.36, -10.45], "upperarm.R": [-46.51, -36.78, -3.75], "forearm.R": [4.58, -8.81, 157.55], "hand.R": [10.44, -0.36, 7.03]}, "roll": {"upperarm.L": 0.0, "forearm.L": 0.0, "hand.L": 0.0, "upperarm.R": 0.0, "forearm.R": 0.0, "hand.R": 0.0, "thigh.L": 0.0, "shin.L": -20.0, "foot.L": -21.0, "thigh.R": 0.0, "shin.R": 0.0, "foot.R": 0.0}}, {"f": 21, "euler": {"upperarm.L": [-44.73, 37.32, 8.3], "forearm.L": [8.32, 12.46, -147.65], "hand.L": [5.67, 0.36, -10.45], "upperarm.R": [-46.51, -36.78, -3.75], "forearm.R": [4.58, -8.81, 157.55], "hand.R": [10.44, -0.36, 7.03]}, "roll": {"upperarm.L": 0.0, "forearm.L": 0.0, "hand.L": 0.0, "upperarm.R": 0.0, "forearm.R": 0.0, "hand.R": 0.0, "thigh.L": 0.0, "shin.L": -20.0, "foot.L": -21.0, "thigh.R": 0.0, "shin.R": 0.0, "foot.R": 0.0}}, {"f": 22, "euler": {"upperarm.L": [-44.73, 37.32, 8.3], "forearm.L": [8.32, 12.46, -147.65], "hand.L": [5.67, 0.36, -10.45], "upperarm.R": [-46.51, -36.78, -3.75], "forearm.R": [4.58, -8.81, 157.55], "hand.R": [10.44, -0.36, 7.03]}, "roll": {"upperarm.L": 0.0, "forearm.L": 0.0, "hand.L": 0.0, "upperarm.R": 0.0, "forearm.R": 0.0, "hand.R": 0.0, "thigh.L": 0.0, "shin.L": -20.0, "foot.L": -21.0, "thigh.R": 0.0, "shin.R": 0.0, "foot.R": 0.0}}, {"f": 23, "euler": {"upperarm.L": [-44.73, 37.32, 8.3], "forearm.L": [8.32, 12.46, -147.65], "hand.L": [5.67, 0.36, -10.45], "upperarm.R": [-46.51, -36.78, -3.75], "forearm.R": [4.58, -8.81, 157.55], "hand.R": [10.44, -0.36, 7.03]}, "roll": {"upperarm.L": 0.0, "forearm.L": 0.0, "hand.L": 0.0, "upperarm.R": 0.0, "forearm.R": 0.0, "hand.R": 0.0, "thigh.L": 0.0, "shin.L": -20.0, "foot.L": -21.0, "thigh.R": 0.0, "shin.R": 0.0, "foot.R": 0.0}}, {"f": 24, "euler": {"upperarm.L": [-43.27, 39.33, 10.65], "forearm.L": [8.51, 12.38, -147.38], "hand.L": [5.66, 0.39, -11.91], "upperarm.R": [-45.06, -39.08, -6.24], "forearm.R": [4.74, -8.75, 157.24], "hand.R": [10.38, -0.41, 8.81]}, "roll": {"upperarm.L": 0.0, "forearm.L": 0.0, "hand.L": 0.0, "upperarm.R": 0.0, "forearm.R": 0.0, "hand.R": 0.0, "thigh.L": 0.0, "shin.L": 0.0, "foot.L": 0.0, "thigh.R": 0.0, "shin.R": 0.0, "foot.R": 0.0}}, {"f": 25, "euler": {"upperarm.L": [-41.02, 41.98, 14.13], "forearm.L": [8.77, 12.27, -146.99], "hand.L": [5.64, 0.41, -13.92], "upperarm.R": [-42.8, -42.13, -9.94], "forearm.R": [4.96, -8.67, 156.8], "hand.R": [10.27, -0.47, 11.25]}, "roll": {"upperarm.L": 0.0, "forearm.L": 0.0, "hand.L": 0.0, "upperarm.R": 0.0, "forearm.R": 0.0, "hand.R": 0.0, "thigh.L": 0.0, "shin.L": 0.0, "foot.L": 0.0, "thigh.R": 0.0, "shin.R": 0.0, "foot.R": 0.0}}, {"f": 26, "euler": {"upperarm.L": [-38.12, 44.8, 18.47], "forearm.L": [9.08, 12.14, -146.53], "hand.L": [5.6, 0.42, -16.21], "upperarm.R": [-39.79, -45.38, -14.59], "forearm.R": [5.22, -8.58, 156.29], "hand.R": [10.12, -0.53, 14.01]}, "roll": {"upperarm.L": 0.0, "forearm.L": 0.0, "hand.L": 0.0, "upperarm.R": 0.0, "forearm.R": 0.0, "hand.R": 0.0, "thigh.L": 0.0, "shin.L": 0.0, "foot.L": 0.0, "thigh.R": 0.0, "shin.R": 0.0, "foot.R": 0.0}}], "pole_probe": [{"f": 1, "side": "R", "sin": 1.0}, {"f": 1, "side": "L", "sin": 0.9987}, {"f": 2, "side": "R", "sin": 1.0}, {"f": 2, "side": "L", "sin": 0.9942}, {"f": 3, "side": "R", "sin": 1.0}, {"f": 3, "side": "L", "sin": 0.986}, {"f": 4, "side": "R", "sin": 1.0}, {"f": 4, "side": "L", "sin": 0.9733}, {"f": 5, "side": "R", "sin": 1.0}, {"f": 5, "side": "L", "sin": 0.9555}, {"f": 6, "side": "R", "sin": 0.9989}, {"f": 6, "side": "L", "sin": 0.9706}, {"f": 7, "side": "R", "sin": 0.9982}, {"f": 7, "side": "L", "sin": 0.9902}, {"f": 8, "side": "R", "sin": 1.0024}, {"f": 8, "side": "L", "sin": 1.0031}, {"f": 9, "side": "R", "sin": 1.0116}, {"f": 9, "side": "L", "sin": 0.9925}, {"f": 10, "side": "R", "sin": 1.0173}, {"f": 10, "side": "L", "sin": 0.9419}, {"f": 11, "side": "R", "sin": 1.0173}, {"f": 11, "side": "L", "sin": 0.9281}, {"f": 12, "side": "R", "sin": 1.0173}, {"f": 12, "side": "L", "sin": 0.8966}, {"f": 13, "side": "R", "sin": 1.0173}, {"f": 13, "side": "L", "sin": 0.8494}, {"f": 14, "side": "R", "sin": 1.0173}, {"f": 14, "side": "L", "sin": 0.7889}, {"f": 15, "side": "R", "sin": 1.0173}, {"f": 15, "side": "L", "sin": 0.7194}, {"f": 16, "side": "R", "sin": 1.0173}, {"f": 16, "side": "L", "sin": 0.6466}, {"f": 17, "side": "R", "sin": 1.0173}, {"f": 17, "side": "L", "sin": 0.5759}, {"f": 18, "side": "R", "sin": 1.0173}, {"f": 18, "side": "L", "sin": 0.5115}, {"f": 19, "side": "R", "sin": 1.0173}, {"f": 19, "side": "L", "sin": 0.4556}, {"f": 20, "side": "R", "sin": 1.0173}, {"f": 20, "side": "L", "sin": 0.4089}, {"f": 24, "side": "R", "sin": 1.0173}, {"f": 24, "side": "L", "sin": 0.4102}, {"f": 25, "side": "R", "sin": 1.0173}, {"f": 25, "side": "L", "sin": 0.4119}, {"f": 26, "side": "R", "sin": 1.0174}, {"f": 26, "side": "L", "sin": 0.4139}], "seg_probe": [{"f": 1, "foot": 8.1, "leg": 10.39, "hip": 0.2, "waist": 0.2, "shoulder": 0.4, "hand": 0.91}, {"f": 2, "foot": 7.2, "leg": 8.1, "hip": 0.2, "waist": 0.2, "shoulder": 0.4, "hand": 0.91}, {"f": 3, "foot": 6.68, "leg": 6.58, "hip": 0.2, "waist": 0.2, "shoulder": 0.4, "hand": 0.91}, {"f": 4, "foot": 6.34, "leg": 5.4, "hip": 0.2, "waist": 0.2, "shoulder": 0.4, "hand": 0.92}, {"f": 5, "foot": 2.16, "leg": 4.4, "hip": 0.2, "waist": 0.2, "shoulder": 0.4, "hand": 0.94}, {"f": 6, "foot": 6.13, "leg": 11.44, "hip": 0.0, "waist": 0.68, "shoulder": 0.34, "hand": 1.41}, {"f": 7, "foot": 10.27, "leg": 11.21, "hip": 0.0, "waist": 0.78, "shoulder": 0.39, "hand": 1.61}, {"f": 8, "foot": 13.72, "leg": 9.98, "hip": 0.0, "waist": 0.82, "shoulder": 0.41, "hand": 1.7}, {"f": 9, "foot": 15.84, "leg": 10.83, "hip": 0.0, "waist": 0.85, "shoulder": 0.42, "hand": 1.75}, {"f": 10, "foot": 16.58, "leg": 12.46, "hip": 0.0, "waist": 0.87, "shoulder": 0.44, "hand": 1.79}, {"f": 11, "foot": 0.88, "leg": 1.39, "hip": 0.16, "waist": 0.22, "shoulder": 0.22, "hand": 1.03}, {"f": 12, "foot": 1.74, "leg": 2.72, "hip": 0.34, "waist": 0.48, "shoulder": 0.48, "hand": 2.21}, {"f": 13, "foot": 2.04, "leg": 3.22, "hip": 0.47, "waist": 0.67, "shoulder": 0.67, "hand": 3.11}, {"f": 14, "foot": 1.82, "leg": 4.06, "hip": 0.58, "waist": 0.83, "shoulder": 0.83, "hand": 3.93}, {"f": 15, "foot": 1.37, "leg": 5.74, "hip": 0.69, "waist": 0.98, "shoulder": 0.98, "hand": 4.7}, {"f": 16, "foot": 1.67, "leg": 7.69, "hip": 0.78, "waist": 1.12, "shoulder": 1.12, "hand": 5.45}, {"f": 17, "foot": 1.69, "leg": 9.96, "hip": 0.87, "waist": 1.25, "shoulder": 1.25, "hand": 6.16}, {"f": 18, "foot": 1.33, "leg": 12.7, "hip": 0.96, "waist": 1.37, "shoulder": 1.37, "hand": 6.8}, {"f": 19, "foot": 12.66, "leg": 12.83, "hip": 1.04, "waist": 1.48, "shoulder": 1.48, "hand": 7.28}, {"f": 20, "foot": 8.1, "leg": 16.6, "hip": 1.12, "waist": 1.6, "shoulder": 1.6, "hand": 7.94}, {"f": 21, "foot": 0.0, "leg": 0.0, "hip": 0.0, "waist": 0.0, "shoulder": 0.0, "hand": 0.0}, {"f": 22, "foot": 0.0, "leg": 0.0, "hip": 0.0, "waist": 0.0, "shoulder": 0.0, "hand": 0.0}, {"f": 23, "foot": 0.0, "leg": 0.0, "hip": 0.0, "waist": 0.0, "shoulder": 0.0, "hand": 0.0}, {"f": 24, "foot": 0.3, "leg": 1.32, "hip": 0.53, "waist": 0.8, "shoulder": 0.67, "hand": 2.48}, {"f": 25, "foot": 0.4, "leg": 1.8, "hip": 0.74, "waist": 1.11, "shoulder": 0.92, "hand": 3.7}, {"f": 26, "foot": 0.45, "leg": 2.11, "hip": 0.84, "waist": 1.26, "shoulder": 1.05, "hand": 4.65}, {"f": 27, "foot": 0.49, "leg": 2.4, "hip": 0.91, "waist": 1.37, "shoulder": 1.14, "hand": 5.65}, {"f": 28, "foot": 0.52, "leg": 2.69, "hip": 0.97, "waist": 1.46, "shoulder": 1.22, "hand": 6.77}, {"f": 29, "foot": 5.28, "leg": 11.46, "hip": 1.42, "waist": 2.84, "shoulder": 1.8, "hand": 10.76}, {"f": 30, "foot": 10.67, "leg": 9.4, "hip": 1.32, "waist": 2.64, "shoulder": 1.68, "hand": 7.94}, {"f": 31, "foot": 9.07, "leg": 5.91, "hip": 1.22, "waist": 2.44, "shoulder": 1.56, "hand": 6.05}, {"f": 32, "foot": 7.62, "leg": 3.31, "hip": 1.12, "waist": 2.25, "shoulder": 1.43, "hand": 5.68}, {"f": 33, "foot": 6.23, "leg": 3.33, "hip": 1.03, "waist": 2.05, "shoulder": 1.31, "hand": 5.32}, {"f": 34, "foot": 4.98, "leg": 3.74, "hip": 0.93, "waist": 1.86, "shoulder": 1.18, "hand": 4.89}, {"f": 35, "foot": 3.88, "leg": 3.86, "hip": 0.83, "waist": 1.66, "shoulder": 1.06, "hand": 4.43}, {"f": 36, "foot": 2.93, "leg": 3.76, "hip": 0.73, "waist": 1.47, "shoulder": 0.93, "hand": 3.94}, {"f": 37, "foot": 2.13, "leg": 3.52, "hip": 0.64, "waist": 1.27, "shoulder": 0.81, "hand": 3.43}, {"f": 38, "foot": 1.48, "leg": 3.17, "hip": 0.54, "waist": 1.08, "shoulder": 0.68, "hand": 2.92}, {"f": 39, "foot": 0.97, "leg": 2.73, "hip": 0.44, "waist": 0.88, "shoulder": 0.56, "hand": 2.4}, {"f": 40, "foot": 0.59, "leg": 2.21, "hip": 0.34, "waist": 0.68, "shoulder": 0.44, "hand": 1.87}, {"f": 41, "foot": 0.33, "leg": 1.66, "hip": 0.24, "waist": 0.49, "shoulder": 0.31, "hand": 1.34}, {"f": 42, "foot": 0.18, "leg": 1.06, "hip": 0.15, "waist": 0.29, "shoulder": 0.19, "hand": 0.81}, {"f": 43, "foot": 0.06, "leg": 0.36, "hip": 0.05, "waist": 0.1, "shoulder": 0.06, "hand": 0.27}, {"f": 44, "foot": 0.0, "leg": 0.0, "hip": 0.0, "waist": 0.0, "shoulder": 0.0, "hand": 0.0}, {"f": 45, "foot": 0.0, "leg": 0.0, "hip": 0.0, "waist": 0.0, "shoulder": 0.0, "hand": 0.0}, {"f": 46, "foot": 0.0, "leg": 0.0, "hip": 0.0, "waist": 0.0, "shoulder": 0.0, "hand": 0.0}], "skipped_gates": [], "failed": []}Blender 4.5.0 (hash 8cb6b388974a built 2025-07-15 01:36:24)
Read blend: "I:\工作项目\BIGMANFIGHT\角色资产\美术资产\bigman_v001\bigman_anim_v001.blend"
Fra:0 Mem:86.59M (Peak 89.78M) | Time:00:03.19 | Rendering 1 / 64 samples
Fra:0 Mem:86.59M (Peak 89.78M) | Time:00:03.36 | Rendering 25 / 64 samples
Fra:0 Mem:86.59M (Peak 89.78M) | Time:00:03.50 | Rendering 50 / 64 samples
Fra:0 Mem:86.59M (Peak 89.78M) | Time:00:03.53 | Rendering 64 / 64 samples
Fra:0 Mem:54.54M (Peak 100.39M) | Time:00:03.71 | Compositing
Saved: 'I:\工作项目\BIGMANFIGHT\角色资产\美术资产\bigman_v001\previews\anim\low06_side_f0000.png'
Time: 00:04.34 (Saving: 00:00.18)

Fra:5 Mem:88.66M (Peak 91.81M) | Time:00:00.27 | Rendering 1 / 64 samples
Fra:5 Mem:88.66M (Peak 91.81M) | Time:00:00.31 | Rendering 25 / 64 samples
Fra:5 Mem:88.66M (Peak 91.81M) | Time:00:00.35 | Rendering 50 / 64 samples
Fra:5 Mem:88.66M (Peak 91.81M) | Time:00:00.37 | Rendering 64 / 64 samples
Fra:5 Mem:56.61M (Peak 102.46M) | Time:00:00.39 | Compositing
Saved: 'I:\工作项目\BIGMANFIGHT\角色资产\美术资产\bigman_v001\previews\anim\low06_side_f0005.png'
Time: 00:00.43 (Saving: 00:00.04)

Fra:8 Mem:88.66M (Peak 91.82M) | Time:00:00.24 | Rendering 1 / 64 samples
Fra:8 Mem:88.66M (Peak 91.82M) | Time:00:00.28 | Rendering 25 / 64 samples
Fra:8 Mem:88.66M (Peak 91.82M) | Time:00:00.31 | Rendering 50 / 64 samples
Fra:8 Mem:88.66M (Peak 91.82M) | Time:00:00.33 | Rendering 64 / 64 samples
Fra:8 Mem:56.61M (Peak 102.47M) | Time:00:00.35 | Compositing
Saved: 'I:\工作项目\BIGMANFIGHT\角色资产\美术资产\bigman_v001\previews\anim\low06_side_f0008.png'
Time: 00:00.40 (Saving: 00:00.04)

Fra:10 Mem:88.66M (Peak 91.82M) | Time:00:00.24 | Rendering 1 / 64 samples
Fra:10 Mem:88.66M (Peak 91.82M) | Time:00:00.27 | Rendering 25 / 64 samples
Fra:10 Mem:88.66M (Peak 91.82M) | Time:00:00.30 | Rendering 50 / 64 samples
Fra:10 Mem:88.66M (Peak 91.82M) | Time:00:00.32 | Rendering 64 / 64 samples
Fra:10 Mem:56.61M (Peak 102.47M) | Time:00:00.34 | Compositing
Saved: 'I:\工作项目\BIGMANFIGHT\角色资产\美术资产\bigman_v001\previews\anim\low06_side_f0010.png'
Time: 00:00.39 (Saving: 00:00.04)

Fra:14 Mem:88.66M (Peak 91.82M) | Time:00:00.25 | Rendering 1 / 64 samples
Fra:14 Mem:88.66M (Peak 91.82M) | Time:00:00.28 | Rendering 25 / 64 samples
Fra:14 Mem:88.66M (Peak 91.82M) | Time:00:00.32 | Rendering 50 / 64 samples
Fra:14 Mem:88.66M (Peak 91.82M) | Time:00:00.34 | Rendering 64 / 64 samples
Fra:14 Mem:56.61M (Peak 102.47M) | Time:00:00.36 | Compositing
Saved: 'I:\工作项目\BIGMANFIGHT\角色资产\美术资产\bigman_v001\previews\anim\low06_side_f0014.png'
Time: 00:00.41 (Saving: 00:00.04)

Fra:17 Mem:88.66M (Peak 91.82M) | Time:00:00.23 | Rendering 1 / 64 samples
Fra:17 Mem:88.66M (Peak 91.82M) | Time:00:00.26 | Rendering 25 / 64 samples
Fra:17 Mem:88.66M (Peak 91.82M) | Time:00:00.30 | Rendering 50 / 64 samples
Fra:17 Mem:88.66M (Peak 91.82M) | Time:00:00.32 | Rendering 64 / 64 samples
Fra:17 Mem:56.61M (Peak 102.47M) | Time:00:00.34 | Compositing
Saved: 'I:\工作项目\BIGMANFIGHT\角色资产\美术资产\bigman_v001\previews\anim\low06_side_f0017.png'
Time: 00:00.39 (Saving: 00:00.04)

Fra:20 Mem:88.66M (Peak 91.82M) | Time:00:00.25 | Rendering 1 / 64 samples
Fra:20 Mem:88.66M (Peak 91.82M) | Time:00:00.28 | Rendering 25 / 64 samples
Fra:20 Mem:88.66M (Peak 91.82M) | Time:00:00.31 | Rendering 50 / 64 samples
Fra:20 Mem:88.66M (Peak 91.82M) | Time:00:00.33 | Rendering 64 / 64 samples
Fra:20 Mem:56.61M (Peak 102.47M) | Time:00:00.35 | Compositing
Saved: 'I:\工作项目\BIGMANFIGHT\角色资产\美术资产\bigman_v001\previews\anim\low06_side_f0020.png'
Time: 00:00.40 (Saving: 00:00.04)

Fra:23 Mem:88.66M (Peak 91.82M) | Time:00:00.23 | Rendering 1 / 64 samples
Fra:23 Mem:88.66M (Peak 91.82M) | Time:00:00.26 | Rendering 25 / 64 samples
Fra:23 Mem:88.66M (Peak 91.82M) | Time:00:00.29 | Rendering 50 / 64 samples
Fra:23 Mem:88.66M (Peak 91.82M) | Time:00:00.31 | Rendering 64 / 64 samples
Fra:23 Mem:56.61M (Peak 102.47M) | Time:00:00.33 | Compositing
Saved: 'I:\工作项目\BIGMANFIGHT\角色资产\美术资产\bigman_v001\previews\anim\low06_side_f0023.png'
Time: 00:00.38 (Saving: 00:00.04)

Fra:26 Mem:88.66M (Peak 91.82M) | Time:00:00.23 | Rendering 1 / 64 samples
Fra:26 Mem:88.66M (Peak 91.82M) | Time:00:00.27 | Rendering 25 / 64 samples
Fra:26 Mem:88.66M (Peak 91.82M) | Time:00:00.30 | Rendering 50 / 64 samples
Fra:26 Mem:88.66M (Peak 91.82M) | Time:00:00.32 | Rendering 64 / 64 samples
Fra:26 Mem:56.61M (Peak 102.47M) | Time:00:00.34 | Compositing
Saved: 'I:\工作项目\BIGMANFIGHT\角色资产\美术资产\bigman_v001\previews\anim\low06_side_f0026.png'
Time: 00:00.39 (Saving: 00:00.04)

Fra:30 Mem:88.66M (Peak 91.82M) | Time:00:00.25 | Rendering 1 / 64 samples
Fra:30 Mem:88.66M (Peak 91.82M) | Time:00:00.28 | Rendering 25 / 64 samples
Fra:30 Mem:88.66M (Peak 91.82M) | Time:00:00.32 | Rendering 50 / 64 samples
Fra:30 Mem:88.66M (Peak 91.82M) | Time:00:00.34 | Rendering 64 / 64 samples
Fra:30 Mem:56.61M (Peak 102.47M) | Time:00:00.36 | Compositing
Saved: 'I:\工作项目\BIGMANFIGHT\角色资产\美术资产\bigman_v001\previews\anim\low06_side_f0030.png'
Time: 00:00.41 (Saving: 00:00.04)

Fra:34 Mem:88.66M (Peak 91.82M) | Time:00:00.23 | Rendering 1 / 64 samples
Fra:34 Mem:88.66M (Peak 91.82M) | Time:00:00.27 | Rendering 25 / 64 samples
Fra:34 Mem:88.66M (Peak 91.82M) | Time:00:00.31 | Rendering 50 / 64 samples
Fra:34 Mem:88.66M (Peak 91.82M) | Time:00:00.33 | Rendering 64 / 64 samples
Fra:34 Mem:56.61M (Peak 102.47M) | Time:00:00.35 | Compositing
Saved: 'I:\工作项目\BIGMANFIGHT\角色资产\美术资产\bigman_v001\previews\anim\low06_side_f0034.png'
Time: 00:00.41 (Saving: 00:00.04)

Fra:46 Mem:88.66M (Peak 91.82M) | Time:00:00.23 | Rendering 1 / 64 samples
Fra:46 Mem:88.66M (Peak 91.82M) | Time:00:00.28 | Rendering 25 / 64 samples
Fra:46 Mem:88.66M (Peak 91.82M) | Time:00:00.32 | Rendering 50 / 64 samples
Fra:46 Mem:88.66M (Peak 91.82M) | Time:00:00.34 | Rendering 64 / 64 samples
Fra:46 Mem:56.61M (Peak 102.47M) | Time:00:00.36 | Compositing
Saved: 'I:\工作项目\BIGMANFIGHT\角色资产\美术资产\bigman_v001\previews\anim\low06_side_f0046.png'
Time: 00:00.41 (Saving: 00:00.04)

Fra:0 Mem:89.00M (Peak 92.16M) | Time:00:00.24 | Rendering 1 / 64 samples
Fra:0 Mem:89.00M (Peak 92.16M) | Time:00:00.28 | Rendering 25 / 64 samples
Fra:0 Mem:89.00M (Peak 92.16M) | Time:00:00.31 | Rendering 50 / 64 samples
Fra:0 Mem:89.00M (Peak 92.16M) | Time:00:00.33 | Rendering 64 / 64 samples
Fra:0 Mem:56.95M (Peak 103.15M) | Time:00:00.36 | Compositing
Saved: 'I:\工作项目\BIGMANFIGHT\角色资产\美术资产\bigman_v001\previews\anim\low06_front_f0000.png'
Time: 00:00.41 (Saving: 00:00.04)

Fra:10 Mem:89.00M (Peak 92.16M) | Time:00:00.23 | Rendering 1 / 64 samples
Fra:10 Mem:89.00M (Peak 92.16M) | Time:00:00.27 | Rendering 25 / 64 samples
Fra:10 Mem:89.00M (Peak 92.16M) | Time:00:00.30 | Rendering 50 / 64 samples
Fra:10 Mem:89.00M (Peak 92.16M) | Time:00:00.32 | Rendering 64 / 64 samples
Fra:10 Mem:56.95M (Peak 103.15M) | Time:00:00.34 | Compositing
Saved: 'I:\工作项目\BIGMANFIGHT\角色资产\美术资产\bigman_v001\previews\anim\low06_front_f0010.png'
Time: 00:00.40 (Saving: 00:00.04)

Fra:20 Mem:89.00M (Peak 92.16M) | Time:00:00.24 | Rendering 1 / 64 samples
Fra:20 Mem:89.00M (Peak 92.16M) | Time:00:00.28 | Rendering 25 / 64 samples
Fra:20 Mem:89.00M (Peak 92.16M) | Time:00:00.32 | Rendering 50 / 64 samples
Fra:20 Mem:89.00M (Peak 92.16M) | Time:00:00.34 | Rendering 64 / 64 samples
Fra:20 Mem:56.95M (Peak 103.15M) | Time:00:00.37 | Compositing
Saved: 'I:\工作项目\BIGMANFIGHT\角色资产\美术资产\bigman_v001\previews\anim\low06_front_f0020.png'
Time: 00:00.42 (Saving: 00:00.04)

Fra:46 Mem:89.00M (Peak 92.16M) | Time:00:00.24 | Rendering 1 / 64 samples
Fra:46 Mem:89.00M (Peak 92.16M) | Time:00:00.27 | Rendering 25 / 64 samples
Fra:46 Mem:89.00M (Peak 92.16M) | Time:00:00.30 | Rendering 50 / 64 samples
Fra:46 Mem:89.00M (Peak 92.16M) | Time:00:00.32 | Rendering 64 / 64 samples
Fra:46 Mem:56.95M (Peak 103.15M) | Time:00:00.34 | Compositing
Saved: 'I:\工作项目\BIGMANFIGHT\角色资产\美术资产\bigman_v001\previews\anim\low06_front_f0046.png'
Time: 00:00.40 (Saving: 00:00.04)

Fra:10 Mem:88.66M (Peak 88.66M) | Time:00:00.23 | Rendering 1 / 64 samples
Fra:10 Mem:88.66M (Peak 88.66M) | Time:00:00.26 | Rendering 25 / 64 samples
Fra:10 Mem:88.66M (Peak 88.66M) | Time:00:00.30 | Rendering 50 / 64 samples
Fra:10 Mem:88.66M (Peak 88.66M) | Time:00:00.32 | Rendering 64 / 64 samples
Fra:10 Mem:56.61M (Peak 102.47M) | Time:00:00.34 | Compositing
Saved: 'I:\工作项目\BIGMANFIGHT\角色资产\美术资产\bigman_v001\previews\anim\low06_three_quarter_f0010.png'
Time: 00:00.39 (Saving: 00:00.04)

Fra:20 Mem:88.66M (Peak 91.82M) | Time:00:00.23 | Rendering 1 / 64 samples
Fra:20 Mem:88.66M (Peak 91.82M) | Time:00:00.26 | Rendering 25 / 64 samples
Fra:20 Mem:88.66M (Peak 91.82M) | Time:00:00.29 | Rendering 50 / 64 samples
Fra:20 Mem:88.66M (Peak 91.82M) | Time:00:00.31 | Rendering 64 / 64 samples
Fra:20 Mem:56.61M (Peak 102.47M) | Time:00:00.33 | Compositing
Saved: 'I:\工作项目\BIGMANFIGHT\角色资产\美术资产\bigman_v001\previews\anim\low06_three_quarter_f0020.png'
Time: 00:00.38 (Saving: 00:00.04)


Info: Saved as "bigman_anim_v001.blend"
INFO Draco mesh compression is available, use library at D:\Program Files\Blender Foundation\Blender 4.5\4.5\scripts\addons_core\io_scene_gltf2\extern_draco.dll
21:12:51 | INFO: Starting glTF 2.0 export
21:12:51 | INFO: Extracting primitive: Mesh
21:12:51 | INFO: Primitives created: 1
21:12:51 | INFO: Extracting primitive: Mesh
21:12:51 | INFO: Primitives created: 1
21:12:51 | INFO: Extracting primitive: Collar_Point_L
21:12:51 | INFO: Primitives created: 1
21:12:51 | INFO: Extracting primitive: Collar_Point_R
21:12:51 | INFO: Primitives created: 1
21:12:51 | INFO: Extracting primitive: Ear_Inner_L
21:12:51 | INFO: Primitives created: 1
21:12:51 | INFO: Extracting primitive: Ear_Inner_R
21:12:51 | INFO: Primitives created: 1
21:12:51 | INFO: Extracting primitive: Ear_L
21:12:51 | INFO: Primitives created: 1
21:12:51 | INFO: Extracting primitive: Ear_Lobe_L
21:12:51 | INFO: Primitives created: 1
21:12:51 | INFO: Extracting primitive: Ear_Lobe_R
21:12:51 | INFO: Primitives created: 1
21:12:51 | INFO: Extracting primitive: Ear_R
21:12:51 | INFO: Primitives created: 1
21:12:51 | INFO: Extracting primitive: Eye_Glint_L
21:12:51 | INFO: Primitives created: 1
21:12:51 | INFO: Extracting primitive: Eye_Glint_R
21:12:51 | INFO: Primitives created: 1
21:12:51 | INFO: Extracting primitive: Eye_Line_Upper_L
21:12:51 | INFO: Primitives created: 1
21:12:51 | INFO: Extracting primitive: Eye_Line_Upper_R
21:12:51 | INFO: Primitives created: 1
21:12:51 | INFO: Extracting primitive: Eye_White_L
21:12:51 | INFO: Primitives created: 1
21:12:51 | INFO: Extracting primitive: Eye_White_R
21:12:51 | INFO: Primitives created: 1
21:12:51 | INFO: Extracting primitive: Eyebrow_L
21:12:51 | INFO: Primitives created: 1
21:12:51 | INFO: Extracting primitive: Eyebrow_R
21:12:51 | INFO: Primitives created: 1
21:12:51 | INFO: Extracting primitive: Eyelid_Lower_L
21:12:51 | INFO: Primitives created: 1
21:12:51 | INFO: Extracting primitive: Eyelid_Lower_R
21:12:51 | INFO: Primitives created: 1
21:12:51 | INFO: Extracting primitive: Eyelid_Upper_L
21:12:51 | INFO: Primitives created: 1
21:12:51 | INFO: Extracting primitive: Eyelid_Upper_R
21:12:51 | INFO: Primitives created: 1
21:12:51 | INFO: Extracting primitive: Mesh
21:12:51 | INFO: Primitives created: 1
21:12:51 | INFO: Extracting primitive: Mesh
21:12:51 | INFO: Primitives created: 1
21:12:51 | INFO: Extracting primitive: Mesh
21:12:51 | INFO: Primitives created: 1
21:12:51 | INFO: Extracting primitive: Mesh
21:12:51 | INFO: Primitives created: 1
21:12:51 | INFO: Extracting primitive: Mesh
21:12:51 | INFO: Primitives created: 1
21:12:51 | INFO: Extracting primitive: Mesh
21:12:51 | INFO: Primitives created: 1
21:12:51 | INFO: Extracting primitive: Mesh
21:12:51 | INFO: Primitives created: 1
21:12:52 | INFO: Extracting primitive: Mesh
21:12:52 | INFO: Primitives created: 1
21:12:52 | INFO: Extracting primitive: Glasses_Bridge
21:12:52 | INFO: Primitives created: 1
21:12:52 | INFO: Extracting primitive: Glasses_Frame_L
21:12:52 | INFO: Primitives created: 1
21:12:52 | INFO: Extracting primitive: Glasses_Frame_R
21:12:52 | INFO: Primitives created: 1
21:12:52 | INFO: Extracting primitive: Glasses_Temple_L
21:12:52 | INFO: Primitives created: 1
21:12:52 | INFO: Extracting primitive: Glasses_Temple_R
21:12:52 | INFO: Primitives created: 1
21:12:52 | INFO: Extracting primitive: Mesh
21:12:52 | INFO: Primitives created: 1
21:12:52 | INFO: Extracting primitive: Mesh
21:12:52 | INFO: Primitives created: 1
21:12:52 | INFO: Extracting primitive: Mesh
21:12:52 | INFO: Primitives created: 1
21:12:52 | INFO: Extracting primitive: Mesh
21:12:52 | INFO: Primitives created: 1
21:12:52 | INFO: Extracting primitive: Mesh
21:12:52 | INFO: Primitives created: 1
21:12:52 | INFO: Extracting primitive: Iris_L
21:12:52 | INFO: Primitives created: 1
21:12:52 | INFO: Extracting primitive: Iris_R
21:12:52 | INFO: Primitives created: 1
21:12:52 | INFO: Extracting primitive: Iris_Ring_L
21:12:52 | INFO: Primitives created: 1
21:12:52 | INFO: Extracting primitive: Iris_Ring_R
21:12:52 | INFO: Primitives created: 1
21:12:52 | INFO: Extracting primitive: Jacket_Back_Seam
21:12:52 | INFO: Primitives created: 1
21:12:52 | INFO: Extracting primitive: Jacket_Button_1
21:12:52 | INFO: Primitives created: 1
21:12:52 | INFO: Extracting primitive: Jacket_Button_2
21:12:52 | INFO: Primitives created: 1
21:12:52 | INFO: Extracting primitive: Jacket_Collar
21:12:52 | INFO: Primitives created: 1
21:12:52 | INFO: Extracting primitive: Jacket_Lapel_L
21:12:52 | INFO: Primitives created: 1
21:12:52 | INFO: Extracting primitive: Jacket_Lapel_R
21:12:52 | INFO: Primitives created: 1
21:12:52 | INFO: Extracting primitive: Jacket_Vent
21:12:52 | INFO: Primitives created: 1
21:12:52 | INFO: Extracting primitive: Lapel_Fold_L
21:12:52 | INFO: Primitives created: 1
21:12:52 | INFO: Extracting primitive: Lapel_Fold_R
21:12:52 | INFO: Primitives created: 1
21:12:52 | INFO: Extracting primitive: Lapel_Notch_L
21:12:52 | INFO: Primitives created: 1
21:12:52 | INFO: Extracting primitive: Lapel_Notch_R
21:12:52 | INFO: Primitives created: 1
21:12:52 | INFO: Extracting primitive: Lower_Lip
21:12:52 | INFO: Primitives created: 1
21:12:52 | INFO: Extracting primitive: Mouth_Line
21:12:52 | INFO: Primitives created: 1
21:12:52 | INFO: Extracting primitive: Mesh
21:12:52 | INFO: Primitives created: 1
21:12:52 | INFO: Extracting primitive: Mesh
21:12:52 | INFO: Primitives created: 1
21:12:52 | INFO: Extracting primitive: Nose_Wing_L
21:12:52 | INFO: Primitives created: 1
21:12:52 | INFO: Extracting primitive: Nose_Wing_R
21:12:52 | INFO: Primitives created: 1
21:12:52 | INFO: Extracting primitive: Pocket_Flap_L
21:12:52 | INFO: Primitives created: 1
21:12:52 | INFO: Extracting primitive: Pocket_Flap_R
21:12:52 | INFO: Primitives created: 1
21:12:52 | INFO: Extracting primitive: Pupil_L
21:12:52 | INFO: Primitives created: 1
21:12:52 | INFO: Extracting primitive: Pupil_R
21:12:52 | INFO: Primitives created: 1
21:12:52 | INFO: Extracting primitive: Shirt_Collar
21:12:52 | INFO: Primitives created: 1
21:12:52 | INFO: Extracting primitive: Shirt_Cuff_L
21:12:52 | INFO: Primitives created: 1
21:12:52 | INFO: Extracting primitive: Shirt_Cuff_R
21:12:52 | INFO: Primitives created: 1
21:12:52 | INFO: Extracting primitive: Shirt_Front
21:12:52 | INFO: Primitives created: 1
21:12:52 | INFO: Extracting primitive: Mesh
21:12:52 | INFO: Primitives created: 1
21:12:52 | INFO: Extracting primitive: Mesh
21:12:52 | INFO: Primitives created: 1
21:12:52 | INFO: Extracting primitive: Mesh
21:12:52 | INFO: Primitives created: 1
21:12:52 | INFO: Extracting primitive: Mesh
21:12:52 | INFO: Primitives created: 1
21:12:52 | INFO: Extracting primitive: Shoe_Toe_Cap_L
21:12:52 | INFO: Primitives created: 1
21:12:52 | INFO: Extracting primitive: Shoe_Toe_Cap_R
21:12:52 | INFO: Primitives created: 1
21:12:52 | INFO: Extracting primitive: Mesh
21:12:52 | INFO: Primitives created: 1
21:12:52 | INFO: Extracting primitive: Mesh
21:12:52 | INFO: Primitives created: 1
21:12:52 | INFO: Extracting primitive: Sleeve_Button_1_L
21:12:52 | INFO: Primitives created: 1
21:12:52 | INFO: Extracting primitive: Sleeve_Button_1_R
21:12:52 | INFO: Primitives created: 1
21:12:52 | INFO: Extracting primitive: Sleeve_Button_2_L
21:12:52 | INFO: Primitives created: 1
21:12:52 | INFO: Extracting primitive: Sleeve_Button_2_R
21:12:52 | INFO: Primitives created: 1
21:12:52 | INFO: Extracting primitive: Sleeve_Button_3_L
21:12:52 | INFO: Primitives created: 1
21:12:52 | INFO: Extracting primitive: Sleeve_Button_3_R
21:12:52 | INFO: Primitives created: 1
21:12:52 | INFO: Extracting primitive: Mesh
21:12:52 | INFO: Primitives created: 1
21:12:52 | INFO: Extracting primitive: Mesh
21:12:52 | INFO: Primitives created: 1
21:12:52 | INFO: Extracting primitive: Mesh
21:12:52 | INFO: Primitives created: 1
21:12:52 | INFO: Extracting primitive: Mesh
21:12:52 | INFO: Primitives created: 1
21:12:52 | INFO: Extracting primitive: Mesh
21:12:52 | INFO: Primitives created: 1
21:12:52 | INFO: Extracting primitive: Mesh
21:12:52 | INFO: Primitives created: 1
21:12:52 | INFO: Extracting primitive: Mesh
21:12:52 | INFO: Primitives created: 1
21:12:52 | INFO: Extracting primitive: Upper_Lip
21:12:52 | INFO: Primitives created: 1
21:12:54 | WARNING: Baking animation because there are keyframes with different interpolation methods in one channel
21:12:54 | WARNING: Baking animation because there are keyframes with different interpolation methods in one channel
21:12:54 | WARNING: Baking animation because there are keyframes with different interpolation methods in one channel
21:12:54 | WARNING: Baking animation because there are keyframes with different interpolation methods in one channel
21:12:54 | WARNING: Baking animation because there are keyframes with different interpolation methods in one channel
21:12:54 | WARNING: Baking animation because there are keyframes with different interpolation methods in one channel
21:12:54 | WARNING: Baking animation because there are keyframes with different interpolation methods in one channel
21:12:54 | WARNING: Baking animation because there are keyframes with different interpolation methods in one channel
21:12:54 | WARNING: Baking animation because there are keyframes with different interpolation methods in one channel
21:12:54 | WARNING: Baking animation because there are keyframes with different interpolation methods in one channel
21:12:54 | WARNING: Baking animation because there are keyframes with different interpolation methods in one channel
21:12:54 | WARNING: Baking animation because there are keyframes with different interpolation methods in one channel
21:12:54 | WARNING: Baking animation because there are keyframes with different interpolation methods in one channel
21:12:54 | WARNING: Baking animation because there are keyframes with different interpolation methods in one channel
21:12:54 | WARNING: Baking animation because there are keyframes with different interpolation methods in one channel
21:12:54 | WARNING: Baking animation because there are keyframes with different interpolation methods in one channel
21:12:54 | WARNING: Baking animation because there are keyframes with different interpolation methods in one channel
21:12:54 | WARNING: Baking animation because there are keyframes with different interpolation methods in one channel
21:12:54 | WARNING: Baking animation because there are keyframes with different interpolation methods in one channel
21:12:54 | WARNING: Baking animation because there are keyframes with different interpolation methods in one channel
21:12:54 | WARNING: Baking animation because there are keyframes with different interpolation methods in one channel
21:12:54 | WARNING: Baking animation because there are keyframes with different interpolation methods in one channel
21:12:54 | WARNING: Baking animation because there are keyframes with different interpolation methods in one channel
21:12:54 | WARNING: Baking animation because there are keyframes with different interpolation methods in one channel
21:12:54 | WARNING: Baking animation because there are keyframes with different interpolation methods in one channel
21:12:54 | WARNING: Baking animation because there are keyframes with different interpolation methods in one channel
21:12:54 | WARNING: Baking animation because there are keyframes with different interpolation methods in one channel
21:12:54 | WARNING: Baking animation because there are keyframes with different interpolation methods in one channel
21:12:54 | WARNING: Baking animation because there are keyframes with different interpolation methods in one channel
21:12:54 | WARNING: Baking animation because there are keyframes with different interpolation methods in one channel
21:12:54 | WARNING: Baking animation because there are keyframes with different interpolation methods in one channel
21:12:54 | WARNING: Baking animation because there are keyframes with different interpolation methods in one channel
21:12:54 | WARNING: Baking animation because there are keyframes with different interpolation methods in one channel
21:12:54 | WARNING: Baking animation because there are keyframes with different interpolation methods in one channel
21:12:54 | WARNING: Baking animation because there are keyframes with different interpolation methods in one channel
21:12:54 | WARNING: Baking animation because there are keyframes with different interpolation methods in one channel
21:12:54 | WARNING: Baking animation because there are keyframes with different interpolation methods in one channel
21:12:54 | WARNING: Baking animation because there are keyframes with different interpolation methods in one channel
21:12:54 | WARNING: Baking animation because there are keyframes with different interpolation methods in one channel
21:12:54 | WARNING: Baking animation because there are keyframes with different interpolation methods in one channel
21:12:54 | WARNING: Baking animation because there are keyframes with different interpolation methods in one channel
21:12:54 | WARNING: Baking animation because there are keyframes with different interpolation methods in one channel
21:12:54 | WARNING: Baking animation because there are keyframes with different interpolation methods in one channel
21:12:54 | WARNING: Baking animation because there are keyframes with different interpolation methods in one channel
21:12:54 | WARNING: Baking animation because there are keyframes with different interpolation methods in one channel
21:12:54 | WARNING: Baking animation because there are keyframes with different interpolation methods in one channel
21:12:54 | WARNING: Baking animation because there are keyframes with different interpolation methods in one channel
21:12:54 | WARNING: Baking animation because there are keyframes with different interpolation methods in one channel
21:12:54 | WARNING: Baking animation because there are keyframes with different interpolation methods in one channel
21:12:54 | WARNING: Baking animation because there are keyframes with different interpolation methods in one channel
21:12:54 | WARNING: Baking animation because there are keyframes with different interpolation methods in one channel
21:12:54 | WARNING: Baking animation because there are keyframes with different interpolation methods in one channel
21:12:54 | WARNING: Baking animation because there are keyframes with different interpolation methods in one channel
21:12:55 | WARNING: Baking animation because there are keyframes with different interpolation methods in one channel
21:12:55 | WARNING: Baking animation because there are keyframes with different interpolation methods in one channel
21:12:55 | WARNING: Baking animation because there are keyframes with different interpolation methods in one channel
21:12:55 | WARNING: Baking animation because there are keyframes with different interpolation methods in one channel
21:12:55 | WARNING: Baking animation because there are keyframes with different interpolation methods in one channel
21:12:55 | WARNING: Baking animation because there are keyframes with different interpolation methods in one channel
21:12:55 | WARNING: Baking animation because there are keyframes with different interpolation methods in one channel
21:12:55 | WARNING: Baking animation because there are keyframes with different interpolation methods in one channel
21:12:55 | WARNING: Baking animation because there are keyframes with different interpolation methods in one channel
21:12:55 | WARNING: Baking animation because there are keyframes with different interpolation methods in one channel
21:12:55 | WARNING: Baking animation because there are keyframes with different interpolation methods in one channel
21:12:55 | WARNING: Baking animation because there are keyframes with different interpolation methods in one channel
21:12:55 | WARNING: Baking animation because there are keyframes with different interpolation methods in one channel
21:12:55 | WARNING: Baking animation because there are keyframes with different interpolation methods in one channel
21:12:55 | WARNING: Baking animation because there are keyframes with different interpolation methods in one channel
21:12:55 | WARNING: Baking animation because there are keyframes with different interpolation methods in one channel
21:12:55 | WARNING: Baking animation because there are keyframes with different interpolation methods in one channel
21:12:55 | WARNING: Baking animation because there are keyframes with different interpolation methods in one channel
21:12:55 | WARNING: Baking animation because there are keyframes with different interpolation methods in one channel
21:12:55 | WARNING: Baking animation because there are keyframes with different interpolation methods in one channel
21:12:55 | WARNING: Baking animation because there are keyframes with different interpolation methods in one channel
21:12:55 | WARNING: Baking animation because there are keyframes with different interpolation methods in one channel
21:12:55 | WARNING: Baking animation because there are keyframes with different interpolation methods in one channel
21:12:55 | WARNING: Baking animation because there are keyframes with different interpolation methods in one channel
21:12:55 | WARNING: Baking animation because there are keyframes with different interpolation methods in one channel
21:12:55 | WARNING: Baking animation because there are keyframes with different interpolation methods in one channel
21:12:55 | WARNING: Baking animation because there are keyframes with different interpolation methods in one channel
21:12:55 | WARNING: Baking animation because there are keyframes with different interpolation methods in one channel
21:12:55 | WARNING: Baking animation because there are keyframes with different interpolation methods in one channel
21:12:55 | WARNING: Baking animation because there are keyframes with different interpolation methods in one channel
21:12:55 | WARNING: Baking animation because there are keyframes with different interpolation methods in one channel
21:12:55 | WARNING: Baking animation because there are keyframes with different interpolation methods in one channel
21:12:55 | WARNING: Baking animation because there are keyframes with different interpolation methods in one channel
21:12:55 | WARNING: Baking animation because there are keyframes with different interpolation methods in one channel
21:12:55 | WARNING: Baking animation because there are keyframes with different interpolation methods in one channel
21:12:55 | WARNING: Baking animation because there are keyframes with different interpolation methods in one channel
21:12:55 | WARNING: Baking animation because there are keyframes with different interpolation methods in one channel
21:12:55 | WARNING: Baking animation because there are keyframes with different interpolation methods in one channel
21:12:55 | WARNING: Baking animation because there are keyframes with different interpolation methods in one channel
21:12:55 | WARNING: Baking animation because there are keyframes with different interpolation methods in one channel
21:12:55 | WARNING: Baking animation because there are keyframes with different interpolation methods in one channel
21:12:55 | WARNING: Baking animation because there are keyframes with different interpolation methods in one channel
21:12:55 | WARNING: Baking animation because there are keyframes with different interpolation methods in one channel
21:12:55 | WARNING: Baking animation because there are keyframes with different interpolation methods in one channel
21:12:55 | WARNING: Baking animation because there are keyframes with different interpolation methods in one channel
21:12:55 | WARNING: Baking animation because there are keyframes with different interpolation methods in one channel
21:12:55 | WARNING: Baking animation because there are keyframes with different interpolation methods in one channel
21:12:55 | WARNING: Baking animation because there are keyframes with different interpolation methods in one channel
21:12:55 | WARNING: Baking animation because there are keyframes with different interpolation methods in one channel
21:12:55 | WARNING: Baking animation because there are keyframes with different interpolation methods in one channel
21:12:55 | WARNING: Baking animation because there are keyframes with different interpolation methods in one channel
21:12:55 | WARNING: Baking animation because there are keyframes with different interpolation methods in one channel
21:12:55 | WARNING: Baking animation because there are keyframes with different interpolation methods in one channel
21:12:55 | WARNING: Baking animation because there are keyframes with different interpolation methods in one channel
21:12:55 | WARNING: Baking animation because there are keyframes with different interpolation methods in one channel
21:12:55 | WARNING: Baking animation because there are keyframes with different interpolation methods in one channel
21:12:55 | WARNING: Baking animation because there are keyframes with different interpolation methods in one channel
21:12:55 | WARNING: Baking animation because there are keyframes with different interpolation methods in one channel
21:12:55 | WARNING: Baking animation because there are keyframes with different interpolation methods in one channel
21:12:55 | WARNING: Baking animation because there are keyframes with different interpolation methods in one channel
21:12:55 | WARNING: Baking animation because there are keyframes with different interpolation methods in one channel
21:12:55 | WARNING: Baking animation because there are keyframes with different interpolation methods in one channel
21:12:55 | WARNING: Baking animation because there are keyframes with different interpolation methods in one channel
21:12:55 | WARNING: Baking animation because there are keyframes with different interpolation methods in one channel
21:12:55 | WARNING: Baking animation because there are keyframes with different interpolation methods in one channel
21:12:55 | WARNING: Baking animation because there are keyframes with different interpolation methods in one channel
21:12:55 | WARNING: Baking animation because there are keyframes with different interpolation methods in one channel
21:12:55 | WARNING: Baking animation because there are keyframes with different interpolation methods in one channel
21:12:55 | WARNING: Baking animation because there are keyframes with different interpolation methods in one channel
21:12:55 | WARNING: Baking animation because there are keyframes with different interpolation methods in one channel
21:12:55 | WARNING: Baking animation because there are keyframes with different interpolation methods in one channel
21:12:55 | WARNING: Baking animation because there are keyframes with different interpolation methods in one channel
21:12:55 | WARNING: Baking animation because there are keyframes with different interpolation methods in one channel
21:12:55 | WARNING: Baking animation because there are keyframes with different interpolation methods in one channel
21:12:55 | WARNING: Baking animation because there are keyframes with different interpolation methods in one channel
21:12:55 | WARNING: Baking animation because there are keyframes with different interpolation methods in one channel
21:12:55 | WARNING: Baking animation because there are keyframes with different interpolation methods in one channel
21:12:55 | WARNING: Baking animation because there are keyframes with different interpolation methods in one channel
21:12:55 | WARNING: Baking animation because there are keyframes with different interpolation methods in one channel
21:12:55 | WARNING: Baking animation because there are keyframes with different interpolation methods in one channel
21:12:55 | WARNING: Baking animation because there are keyframes with different interpolation methods in one channel
21:12:55 | WARNING: Baking animation because there are keyframes with different interpolation methods in one channel
21:12:55 | WARNING: Baking animation because there are keyframes with different interpolation methods in one channel
21:12:55 | WARNING: Baking animation because there are keyframes with different interpolation methods in one channel
21:12:55 | WARNING: Baking animation because there are keyframes with different interpolation methods in one channel
21:12:55 | WARNING: Baking animation because there are keyframes with different interpolation methods in one channel
21:12:55 | WARNING: Baking animation because there are keyframes with different interpolation methods in one channel
21:12:55 | WARNING: Baking animation because there are keyframes with different interpolation methods in one channel
21:12:55 | WARNING: Baking animation because there are keyframes with different interpolation methods in one channel
21:12:55 | WARNING: Baking animation because there are keyframes with different interpolation methods in one channel
21:12:55 | WARNING: Baking animation because there are keyframes with different interpolation methods in one channel
21:12:55 | WARNING: Baking animation because there are keyframes with different interpolation methods in one channel
21:12:55 | WARNING: Baking animation because there are keyframes with different interpolation methods in one channel
21:12:55 | WARNING: Baking animation because there are keyframes with different interpolation methods in one channel
21:12:55 | WARNING: Baking animation because there are keyframes with different interpolation methods in one channel
21:12:55 | WARNING: Baking animation because there are keyframes with different interpolation methods in one channel
21:12:55 | WARNING: Baking animation because there are keyframes with different interpolation methods in one channel
21:12:55 | WARNING: Baking animation because there are keyframes with different interpolation methods in one channel
21:12:55 | WARNING: Baking animation because there are keyframes with different interpolation methods in one channel
21:12:55 | WARNING: Baking animation because there are keyframes with different interpolation methods in one channel
21:12:55 | WARNING: Baking animation because there are keyframes with different interpolation methods in one channel
21:12:55 | WARNING: Baking animation because there are keyframes with different interpolation methods in one channel
21:12:55 | WARNING: Baking animation because there are keyframes with different interpolation methods in one channel
21:12:55 | WARNING: Baking animation because there are keyframes with different interpolation methods in one channel
21:12:55 | WARNING: Baking animation because there are keyframes with different interpolation methods in one channel
21:12:55 | WARNING: Baking animation because there are keyframes with different interpolation methods in one channel
21:12:55 | WARNING: Baking animation because there are keyframes with different interpolation methods in one channel
21:12:55 | WARNING: Baking animation because there are keyframes with different interpolation methods in one channel
21:12:55 | WARNING: Baking animation because there are keyframes with different interpolation methods in one channel
21:12:55 | WARNING: Baking animation because there are keyframes with different interpolation methods in one channel
21:12:55 | WARNING: Baking animation because there are keyframes with different interpolation methods in one channel
21:12:55 | WARNING: Baking animation because there are keyframes with different interpolation methods in one channel
21:12:55 | WARNING: Baking animation because there are keyframes with different interpolation methods in one channel
21:12:55 | WARNING: Baking animation because there are keyframes with different interpolation methods in one channel
21:12:55 | WARNING: Baking animation because there are keyframes with different interpolation methods in one channel
21:12:55 | WARNING: Baking animation because there are keyframes with different interpolation methods in one channel
21:12:55 | WARNING: Baking animation because there are keyframes with different interpolation methods in one channel
21:12:55 | WARNING: Baking animation because there are keyframes with different interpolation methods in one channel
21:12:55 | WARNING: Baking animation because there are keyframes with different interpolation methods in one channel
21:12:55 | WARNING: Baking animation because there are keyframes with different interpolation methods in one channel
21:12:55 | WARNING: Baking animation because there are keyframes with different interpolation methods in one channel
21:12:55 | WARNING: Baking animation because there are keyframes with different interpolation methods in one channel
21:12:55 | WARNING: Baking animation because there are keyframes with different interpolation methods in one channel
21:12:55 | WARNING: Baking animation because there are keyframes with different interpolation methods in one channel
21:12:55 | WARNING: Baking animation because there are keyframes with different interpolation methods in one channel
21:12:55 | WARNING: Baking animation because there are keyframes with different interpolation methods in one channel
21:12:55 | WARNING: Baking animation because there are keyframes with different interpolation methods in one channel
21:12:55 | WARNING: Baking animation because there are keyframes with different interpolation methods in one channel
21:12:55 | WARNING: Baking animation because there are keyframes with different interpolation methods in one channel
21:12:55 | WARNING: Baking animation because there are keyframes with different interpolation methods in one channel
21:12:55 | WARNING: Baking animation because there are keyframes with different interpolation methods in one channel
21:12:55 | WARNING: Baking animation because there are keyframes with different interpolation methods in one channel
21:12:55 | WARNING: Baking animation because there are keyframes with different interpolation methods in one channel
21:12:55 | WARNING: Baking animation because there are keyframes with different interpolation methods in one channel
21:12:55 | WARNING: Baking animation because there are keyframes with different interpolation methods in one channel
21:12:55 | WARNING: Baking animation because there are keyframes with different interpolation methods in one channel
21:12:55 | WARNING: Baking animation because there are keyframes with different interpolation methods in one channel
21:12:55 | WARNING: Baking animation because there are keyframes with different interpolation methods in one channel
21:12:55 | WARNING: Baking animation because there are keyframes with different interpolation methods in one channel
21:12:55 | WARNING: Baking animation because there are keyframes with different interpolation methods in one channel
21:12:55 | WARNING: Baking animation because there are keyframes with different interpolation methods in one channel
21:12:55 | WARNING: Baking animation because there are keyframes with different interpolation methods in one channel
21:12:55 | WARNING: Baking animation because there are keyframes with different interpolation methods in one channel
21:12:55 | WARNING: Baking animation because there are keyframes with different interpolation methods in one channel
21:12:55 | WARNING: Baking animation because there are keyframes with different interpolation methods in one channel
21:12:55 | WARNING: Baking animation because there are keyframes with different interpolation methods in one channel
21:12:55 | WARNING: Baking animation because there are keyframes with different interpolation methods in one channel
21:12:55 | WARNING: Baking animation because there are keyframes with different interpolation methods in one channel
21:12:55 | WARNING: Baking animation because there are keyframes with different interpolation methods in one channel
21:12:55 | WARNING: Baking animation because there are keyframes with different interpolation methods in one channel
21:12:55 | WARNING: Baking animation because there are keyframes with different interpolation methods in one channel
21:12:55 | WARNING: Baking animation because there are keyframes with different interpolation methods in one channel
21:12:55 | WARNING: Baking animation because there are keyframes with different interpolation methods in one channel
21:12:55 | WARNING: Baking animation because there are keyframes with different interpolation methods in one channel
21:12:55 | WARNING: Baking animation because there are keyframes with different interpolation methods in one channel
21:12:55 | WARNING: Baking animation because there are keyframes with different interpolation methods in one channel
21:12:55 | WARNING: Baking animation because there are keyframes with different interpolation methods in one channel
21:12:55 | WARNING: Baking animation because there are keyframes with different interpolation methods in one channel
21:12:55 | WARNING: Baking animation because there are keyframes with different interpolation methods in one channel
21:12:58 | WARNING: Baking animation because there are keyframes with different interpolation methods in one channel
21:12:58 | WARNING: Baking animation because there are keyframes with different interpolation methods in one channel
21:12:58 | WARNING: Baking animation because there are keyframes with different interpolation methods in one channel
21:12:58 | WARNING: Baking animation because there are keyframes with different interpolation methods in one channel
21:12:58 | WARNING: Baking animation because there are keyframes with different interpolation methods in one channel
21:12:58 | WARNING: Baking animation because there are keyframes with different interpolation methods in one channel
21:12:58 | WARNING: Baking animation because there are keyframes with different interpolation methods in one channel
21:12:58 | WARNING: Baking animation because there are keyframes with different interpolation methods in one channel
21:12:58 | WARNING: Baking animation because there are keyframes with different interpolation methods in one channel
21:12:58 | WARNING: Baking animation because there are keyframes with different interpolation methods in one channel
21:12:58 | WARNING: Baking animation because there are keyframes with different interpolation methods in one channel
21:12:58 | WARNING: Baking animation because there are keyframes with different interpolation methods in one channel
21:12:58 | WARNING: Baking animation because there are keyframes with different interpolation methods in one channel
21:12:58 | WARNING: Baking animation because there are keyframes with different interpolation methods in one channel
21:12:58 | WARNING: Baking animation because there are keyframes with different interpolation methods in one channel
21:12:58 | WARNING: Baking animation because there are keyframes with different interpolation methods in one channel
21:12:58 | WARNING: Baking animation because there are keyframes with different interpolation methods in one channel
21:12:58 | WARNING: Baking animation because there are keyframes with different interpolation methods in one channel
21:12:58 | WARNING: Baking animation because there are keyframes with different interpolation methods in one channel
21:12:58 | WARNING: Baking animation because there are keyframes with different interpolation methods in one channel
21:12:58 | WARNING: Baking animation because there are keyframes with different interpolation methods in one channel
21:12:58 | WARNING: Baking animation because there are keyframes with different interpolation methods in one channel
21:12:58 | WARNING: Baking animation because there are keyframes with different interpolation methods in one channel
21:12:58 | WARNING: Baking animation because there are keyframes with different interpolation methods in one channel
21:12:58 | WARNING: Baking animation because there are keyframes with different interpolation methods in one channel
21:12:58 | WARNING: Baking animation because there are keyframes with different interpolation methods in one channel
21:12:58 | WARNING: Baking animation because there are keyframes with different interpolation methods in one channel
21:12:58 | WARNING: Baking animation because there are keyframes with different interpolation methods in one channel
21:12:58 | WARNING: Baking animation because there are keyframes with different interpolation methods in one channel
21:12:58 | WARNING: Baking animation because there are keyframes with different interpolation methods in one channel
21:12:58 | WARNING: Baking animation because there are keyframes with different interpolation methods in one channel
21:12:58 | WARNING: Baking animation because there are keyframes with different interpolation methods in one channel
21:12:58 | WARNING: Baking animation because there are keyframes with different interpolation methods in one channel
21:12:58 | WARNING: Baking animation because there are keyframes with different interpolation methods in one channel
21:12:58 | WARNING: Baking animation because there are keyframes with different interpolation methods in one channel
21:12:58 | WARNING: Baking animation because there are keyframes with different interpolation methods in one channel
21:12:58 | WARNING: Baking animation because there are keyframes with different interpolation methods in one channel
21:12:58 | WARNING: Baking animation because there are keyframes with different interpolation methods in one channel
21:12:58 | WARNING: Baking animation because there are keyframes with different interpolation methods in one channel
21:12:58 | WARNING: Baking animation because there are keyframes with different interpolation methods in one channel
21:12:58 | WARNING: Baking animation because there are keyframes with different interpolation methods in one channel
21:12:58 | WARNING: Baking animation because there are keyframes with different interpolation methods in one channel
21:12:58 | WARNING: Baking animation because there are keyframes with different interpolation methods in one channel
21:12:58 | WARNING: Baking animation because there are keyframes with different interpolation methods in one channel
21:12:58 | WARNING: Baking animation because there are keyframes with different interpolation methods in one channel
21:12:58 | WARNING: Baking animation because there are keyframes with different interpolation methods in one channel
21:12:58 | WARNING: Baking animation because there are keyframes with different interpolation methods in one channel
21:12:58 | WARNING: Baking animation because there are keyframes with different interpolation methods in one channel
21:12:58 | WARNING: Baking animation because there are keyframes with different interpolation methods in one channel
21:12:58 | WARNING: Baking animation because there are keyframes with different interpolation methods in one channel
21:12:58 | WARNING: Baking animation because there are keyframes with different interpolation methods in one channel
21:12:58 | WARNING: Baking animation because there are keyframes with different interpolation methods in one channel
21:12:58 | WARNING: Baking animation because there are keyframes with different interpolation methods in one channel
21:12:59 | WARNING: Baking animation because there are keyframes with different interpolation methods in one channel
21:12:59 | WARNING: Baking animation because there are keyframes with different interpolation methods in one channel
21:12:59 | WARNING: Baking animation because there are keyframes with different interpolation methods in one channel
21:12:59 | WARNING: Baking animation because there are keyframes with different interpolation methods in one channel
21:12:59 | WARNING: Baking animation because there are keyframes with different interpolation methods in one channel
21:12:59 | WARNING: Baking animation because there are keyframes with different interpolation methods in one channel
21:12:59 | WARNING: Baking animation because there are keyframes with different interpolation methods in one channel
21:12:59 | WARNING: Baking animation because there are keyframes with different interpolation methods in one channel
21:12:59 | WARNING: Baking animation because there are keyframes with different interpolation methods in one channel
21:12:59 | WARNING: Baking animation because there are keyframes with different interpolation methods in one channel
21:12:59 | WARNING: Baking animation because there are keyframes with different interpolation methods in one channel
21:12:59 | WARNING: Baking animation because there are keyframes with different interpolation methods in one channel
21:12:59 | WARNING: Baking animation because there are keyframes with different interpolation methods in one channel
21:12:59 | WARNING: Baking animation because there are keyframes with different interpolation methods in one channel
21:12:59 | WARNING: Baking animation because there are keyframes with different interpolation methods in one channel
21:12:59 | WARNING: Baking animation because there are keyframes with different interpolation methods in one channel
21:12:59 | WARNING: Baking animation because there are keyframes with different interpolation methods in one channel
21:12:59 | WARNING: Baking animation because there are keyframes with different interpolation methods in one channel
21:12:59 | WARNING: Baking animation because there are keyframes with different interpolation methods in one channel
21:12:59 | WARNING: Baking animation because there are keyframes with different interpolation methods in one channel
21:12:59 | WARNING: Baking animation because there are keyframes with different interpolation methods in one channel
21:12:59 | WARNING: Baking animation because there are keyframes with different interpolation methods in one channel
21:12:59 | WARNING: Baking animation because there are keyframes with different interpolation methods in one channel
21:12:59 | WARNING: Baking animation because there are keyframes with different interpolation methods in one channel
21:12:59 | WARNING: Baking animation because there are keyframes with different interpolation methods in one channel
21:12:59 | WARNING: Baking animation because there are keyframes with different interpolation methods in one channel
21:12:59 | WARNING: Baking animation because there are keyframes with different interpolation methods in one channel
21:12:59 | WARNING: Baking animation because there are keyframes with different interpolation methods in one channel
21:12:59 | WARNING: Baking animation because there are keyframes with different interpolation methods in one channel
21:12:59 | WARNING: Baking animation because there are keyframes with different interpolation methods in one channel
21:12:59 | WARNING: Baking animation because there are keyframes with different interpolation methods in one channel
21:12:59 | WARNING: Baking animation because there are keyframes with different interpolation methods in one channel
21:12:59 | WARNING: Baking animation because there are keyframes with different interpolation methods in one channel
21:12:59 | WARNING: Baking animation because there are keyframes with different interpolation methods in one channel
21:12:59 | WARNING: Baking animation because there are keyframes with different interpolation methods in one channel
21:12:59 | WARNING: Baking animation because there are keyframes with different interpolation methods in one channel
21:12:59 | WARNING: Baking animation because there are keyframes with different interpolation methods in one channel
21:12:59 | WARNING: Baking animation because there are keyframes with different interpolation methods in one channel
21:12:59 | WARNING: Baking animation because there are keyframes with different interpolation methods in one channel
21:12:59 | WARNING: Baking animation because there are keyframes with different interpolation methods in one channel
21:12:59 | WARNING: Baking animation because there are keyframes with different interpolation methods in one channel
21:12:59 | WARNING: Baking animation because there are keyframes with different interpolation methods in one channel
21:12:59 | WARNING: Baking animation because there are keyframes with different interpolation methods in one channel
21:12:59 | WARNING: Baking animation because there are keyframes with different interpolation methods in one channel
21:12:59 | WARNING: Baking animation because there are keyframes with different interpolation methods in one channel
21:12:59 | WARNING: Baking animation because there are keyframes with different interpolation methods in one channel
21:12:59 | WARNING: Baking animation because there are keyframes with different interpolation methods in one channel
21:12:59 | WARNING: Baking animation because there are keyframes with different interpolation methods in one channel
21:12:59 | WARNING: Baking animation because there are keyframes with different interpolation methods in one channel
21:12:59 | WARNING: Baking animation because there are keyframes with different interpolation methods in one channel
21:12:59 | WARNING: Baking animation because there are keyframes with different interpolation methods in one channel
21:12:59 | WARNING: Baking animation because there are keyframes with different interpolation methods in one channel
21:12:59 | WARNING: Baking animation because there are keyframes with different interpolation methods in one channel
21:13:01 | WARNING: Baking animation because there are keyframes with different interpolation methods in one channel
21:13:01 | WARNING: Baking animation because there are keyframes with different interpolation methods in one channel
21:13:01 | WARNING: Baking animation because there are keyframes with different interpolation methods in one channel
21:13:01 | WARNING: Baking animation because there are keyframes with different interpolation methods in one channel
21:13:01 | WARNING: Baking animation because there are keyframes with different interpolation methods in one channel
21:13:01 | WARNING: Baking animation because there are keyframes with different interpolation methods in one channel
21:13:01 | WARNING: Baking animation because there are keyframes with different interpolation methods in one channel
21:13:01 | WARNING: Baking animation because there are keyframes with different interpolation methods in one channel
21:13:01 | WARNING: Baking animation because there are keyframes with different interpolation methods in one channel
21:13:01 | WARNING: Baking animation because there are keyframes with different interpolation methods in one channel
21:13:01 | WARNING: Baking animation because there are keyframes with different interpolation methods in one channel
21:13:01 | WARNING: Baking animation because there are keyframes with different interpolation methods in one channel
21:13:01 | WARNING: Baking animation because there are keyframes with different interpolation methods in one channel
21:13:01 | WARNING: Baking animation because there are keyframes with different interpolation methods in one channel
21:13:01 | WARNING: Baking animation because there are keyframes with different interpolation methods in one channel
21:13:01 | WARNING: Baking animation because there are keyframes with different interpolation methods in one channel
21:13:01 | WARNING: Baking animation because there are keyframes with different interpolation methods in one channel
21:13:01 | WARNING: Baking animation because there are keyframes with different interpolation methods in one channel
21:13:01 | WARNING: Baking animation because there are keyframes with different interpolation methods in one channel
21:13:01 | WARNING: Baking animation because there are keyframes with different interpolation methods in one channel
21:13:01 | WARNING: Baking animation because there are keyframes with different interpolation methods in one channel
21:13:01 | WARNING: Baking animation because there are keyframes with different interpolation methods in one channel
21:13:01 | WARNING: Baking animation because there are keyframes with different interpolation methods in one channel
21:13:01 | WARNING: Baking animation because there are keyframes with different interpolation methods in one channel
21:13:01 | WARNING: Baking animation because there are keyframes with different interpolation methods in one channel
21:13:01 | WARNING: Baking animation because there are keyframes with different interpolation methods in one channel
21:13:01 | WARNING: Baking animation because there are keyframes with different interpolation methods in one channel
21:13:01 | WARNING: Baking animation because there are keyframes with different interpolation methods in one channel
21:13:01 | WARNING: Baking animation because there are keyframes with different interpolation methods in one channel
21:13:01 | WARNING: Baking animation because there are keyframes with different interpolation methods in one channel
21:13:01 | WARNING: Baking animation because there are keyframes with different interpolation methods in one channel
21:13:01 | WARNING: Baking animation because there are keyframes with different interpolation methods in one channel
21:13:01 | WARNING: Baking animation because there are keyframes with different interpolation methods in one channel
21:13:01 | WARNING: Baking animation because there are keyframes with different interpolation methods in one channel
21:13:01 | WARNING: Baking animation because there are keyframes with different interpolation methods in one channel
21:13:01 | WARNING: Baking animation because there are keyframes with different interpolation methods in one channel
21:13:01 | WARNING: Baking animation because there are keyframes with different interpolation methods in one channel
21:13:01 | WARNING: Baking animation because there are keyframes with different interpolation methods in one channel
21:13:01 | WARNING: Baking animation because there are keyframes with different interpolation methods in one channel
21:13:01 | WARNING: Baking animation because there are keyframes with different interpolation methods in one channel
21:13:01 | WARNING: Baking animation because there are keyframes with different interpolation methods in one channel
21:13:01 | WARNING: Baking animation because there are keyframes with different interpolation methods in one channel
21:13:01 | WARNING: Baking animation because there are keyframes with different interpolation methods in one channel
21:13:01 | WARNING: Baking animation because there are keyframes with different interpolation methods in one channel
21:13:01 | WARNING: Baking animation because there are keyframes with different interpolation methods in one channel
21:13:01 | WARNING: Baking animation because there are keyframes with different interpolation methods in one channel
21:13:01 | WARNING: Baking animation because there are keyframes with different interpolation methods in one channel
21:13:01 | WARNING: Baking animation because there are keyframes with different interpolation methods in one channel
21:13:01 | WARNING: Baking animation because there are keyframes with different interpolation methods in one channel
21:13:01 | WARNING: Baking animation because there are keyframes with different interpolation methods in one channel
21:13:01 | WARNING: Baking animation because there are keyframes with different interpolation methods in one channel
21:13:01 | WARNING: Baking animation because there are keyframes with different interpolation methods in one channel
21:13:01 | WARNING: Baking animation because there are keyframes with different interpolation methods in one channel
21:13:02 | WARNING: Baking animation because there are keyframes with different interpolation methods in one channel
21:13:02 | WARNING: Baking animation because there are keyframes with different interpolation methods in one channel
21:13:02 | WARNING: Baking animation because there are keyframes with different interpolation methods in one channel
21:13:02 | WARNING: Baking animation because there are keyframes with different interpolation methods in one channel
21:13:02 | WARNING: Baking animation because there are keyframes with different interpolation methods in one channel
21:13:02 | WARNING: Baking animation because there are keyframes with different interpolation methods in one channel
21:13:02 | WARNING: Baking animation because there are keyframes with different interpolation methods in one channel
21:13:02 | WARNING: Baking animation because there are keyframes with different interpolation methods in one channel
21:13:02 | WARNING: Baking animation because there are keyframes with different interpolation methods in one channel
21:13:02 | WARNING: Baking animation because there are keyframes with different interpolation methods in one channel
21:13:02 | WARNING: Baking animation because there are keyframes with different interpolation methods in one channel
21:13:02 | WARNING: Baking animation because there are keyframes with different interpolation methods in one channel
21:13:02 | WARNING: Baking animation because there are keyframes with different interpolation methods in one channel
21:13:02 | WARNING: Baking animation because there are keyframes with different interpolation methods in one channel
21:13:02 | WARNING: Baking animation because there are keyframes with different interpolation methods in one channel
21:13:02 | WARNING: Baking animation because there are keyframes with different interpolation methods in one channel
21:13:02 | WARNING: Baking animation because there are keyframes with different interpolation methods in one channel
21:13:02 | WARNING: Baking animation because there are keyframes with different interpolation methods in one channel
21:13:02 | WARNING: Baking animation because there are keyframes with different interpolation methods in one channel
21:13:02 | WARNING: Baking animation because there are keyframes with different interpolation methods in one channel
21:13:02 | WARNING: Baking animation because there are keyframes with different interpolation methods in one channel
21:13:02 | WARNING: Baking animation because there are keyframes with different interpolation methods in one channel
21:13:02 | WARNING: Baking animation because there are keyframes with different interpolation methods in one channel
21:13:02 | WARNING: Baking animation because there are keyframes with different interpolation methods in one channel
21:13:02 | WARNING: Baking animation because there are keyframes with different interpolation methods in one channel
21:13:02 | WARNING: Baking animation because there are keyframes with different interpolation methods in one channel
21:13:02 | WARNING: Baking animation because there are keyframes with different interpolation methods in one channel
21:13:02 | WARNING: Baking animation because there are keyframes with different interpolation methods in one channel
21:13:02 | WARNING: Baking animation because there are keyframes with different interpolation methods in one channel
21:13:02 | WARNING: Baking animation because there are keyframes with different interpolation methods in one channel
21:13:02 | WARNING: Baking animation because there are keyframes with different interpolation methods in one channel
21:13:02 | WARNING: Baking animation because there are keyframes with different interpolation methods in one channel
21:13:02 | WARNING: Baking animation because there are keyframes with different interpolation methods in one channel
21:13:02 | WARNING: Baking animation because there are keyframes with different interpolation methods in one channel
21:13:02 | WARNING: Baking animation because there are keyframes with different interpolation methods in one channel
21:13:02 | WARNING: Baking animation because there are keyframes with different interpolation methods in one channel
21:13:02 | WARNING: Baking animation because there are keyframes with different interpolation methods in one channel
21:13:02 | WARNING: Baking animation because there are keyframes with different interpolation methods in one channel
21:13:02 | WARNING: Baking animation because there are keyframes with different interpolation methods in one channel
21:13:02 | WARNING: Baking animation because there are keyframes with different interpolation methods in one channel
21:13:02 | WARNING: Baking animation because there are keyframes with different interpolation methods in one channel
21:13:02 | WARNING: Baking animation because there are keyframes with different interpolation methods in one channel
21:13:02 | WARNING: Baking animation because there are keyframes with different interpolation methods in one channel
21:13:02 | WARNING: Baking animation because there are keyframes with different interpolation methods in one channel
21:13:02 | WARNING: Baking animation because there are keyframes with different interpolation methods in one channel
21:13:02 | WARNING: Baking animation because there are keyframes with different interpolation methods in one channel
21:13:02 | WARNING: Baking animation because there are keyframes with different interpolation methods in one channel
21:13:02 | WARNING: Baking animation because there are keyframes with different interpolation methods in one channel
21:13:02 | WARNING: Baking animation because there are keyframes with different interpolation methods in one channel
21:13:02 | WARNING: Baking animation because there are keyframes with different interpolation methods in one channel
21:13:02 | WARNING: Baking animation because there are keyframes with different interpolation methods in one channel
21:13:02 | WARNING: Baking animation because there are keyframes with different interpolation methods in one channel
21:13:02 | WARNING: Baking animation because there are keyframes with different interpolation methods in one channel
21:13:02 | WARNING: Baking animation because there are keyframes with different interpolation methods in one channel
21:13:02 | WARNING: Baking animation because there are keyframes with different interpolation methods in one channel
21:13:02 | WARNING: Baking animation because there are keyframes with different interpolation methods in one channel
21:13:02 | WARNING: Baking animation because there are keyframes with different interpolation methods in one channel
21:13:02 | WARNING: Baking animation because there are keyframes with different interpolation methods in one channel
21:13:02 | WARNING: Baking animation because there are keyframes with different interpolation methods in one channel
21:13:02 | WARNING: Baking animation because there are keyframes with different interpolation methods in one channel
21:13:02 | WARNING: Baking animation because there are keyframes with different interpolation methods in one channel
21:13:02 | WARNING: Baking animation because there are keyframes with different interpolation methods in one channel
21:13:02 | WARNING: Baking animation because there are keyframes with different interpolation methods in one channel
21:13:02 | WARNING: Baking animation because there are keyframes with different interpolation methods in one channel
21:13:02 | WARNING: Baking animation because there are keyframes with different interpolation methods in one channel
21:13:02 | WARNING: Baking animation because there are keyframes with different interpolation methods in one channel
21:13:02 | WARNING: Baking animation because there are keyframes with different interpolation methods in one channel
21:13:02 | WARNING: Baking animation because there are keyframes with different interpolation methods in one channel
21:13:02 | WARNING: Baking animation because there are keyframes with different interpolation methods in one channel
21:13:02 | WARNING: Baking animation because there are keyframes with different interpolation methods in one channel
21:13:02 | WARNING: Baking animation because there are keyframes with different interpolation methods in one channel
21:13:02 | WARNING: Baking animation because there are keyframes with different interpolation methods in one channel
21:13:02 | WARNING: Baking animation because there are keyframes with different interpolation methods in one channel
21:13:02 | WARNING: Baking animation because there are keyframes with different interpolation methods in one channel
21:13:02 | WARNING: Baking animation because there are keyframes with different interpolation methods in one channel
21:13:02 | WARNING: Baking animation because there are keyframes with different interpolation methods in one channel
21:13:02 | WARNING: Baking animation because there are keyframes with different interpolation methods in one channel
21:13:02 | WARNING: Baking animation because there are keyframes with different interpolation methods in one channel
21:13:02 | WARNING: Baking animation because there are keyframes with different interpolation methods in one channel
21:13:02 | WARNING: Baking animation because there are keyframes with different interpolation methods in one channel
21:13:02 | WARNING: Baking animation because there are keyframes with different interpolation methods in one channel
21:13:02 | WARNING: Baking animation because there are keyframes with different interpolation methods in one channel
21:13:02 | WARNING: Baking animation because there are keyframes with different interpolation methods in one channel
21:13:02 | WARNING: Baking animation because there are keyframes with different interpolation methods in one channel
21:13:02 | WARNING: Baking animation because there are keyframes with different interpolation methods in one channel
21:13:02 | WARNING: Baking animation because there are keyframes with different interpolation methods in one channel
21:13:02 | WARNING: Baking animation because there are keyframes with different interpolation methods in one channel
21:13:02 | WARNING: Baking animation because there are keyframes with different interpolation methods in one channel
21:13:02 | WARNING: Baking animation because there are keyframes with different interpolation methods in one channel
21:13:02 | WARNING: Baking animation because there are keyframes with different interpolation methods in one channel
21:13:02 | WARNING: Baking animation because there are keyframes with different interpolation methods in one channel
21:13:02 | WARNING: Baking animation because there are keyframes with different interpolation methods in one channel
21:13:02 | WARNING: Baking animation because there are keyframes with different interpolation methods in one channel
21:13:02 | WARNING: Baking animation because there are keyframes with different interpolation methods in one channel
21:13:02 | WARNING: Baking animation because there are keyframes with different interpolation methods in one channel
21:13:02 | WARNING: Baking animation because there are keyframes with different interpolation methods in one channel
21:13:02 | WARNING: Baking animation because there are keyframes with different interpolation methods in one channel
21:13:02 | WARNING: Baking animation because there are keyframes with different interpolation methods in one channel
21:13:02 | WARNING: Baking animation because there are keyframes with different interpolation methods in one channel
21:13:02 | WARNING: Baking animation because there are keyframes with different interpolation methods in one channel
21:13:02 | WARNING: Baking animation because there are keyframes with different interpolation methods in one channel
21:13:02 | WARNING: Baking animation because there are keyframes with different interpolation methods in one channel
21:13:02 | WARNING: Baking animation because there are keyframes with different interpolation methods in one channel
21:13:02 | WARNING: Baking animation because there are keyframes with different interpolation methods in one channel
21:13:02 | WARNING: Baking animation because there are keyframes with different interpolation methods in one channel
21:13:02 | WARNING: Baking animation because there are keyframes with different interpolation methods in one channel
21:13:02 | WARNING: Baking animation because there are keyframes with different interpolation methods in one channel
21:13:02 | WARNING: Baking animation because there are keyframes with different interpolation methods in one channel
21:13:02 | WARNING: Baking animation because there are keyframes with different interpolation methods in one channel
21:13:02 | WARNING: Baking animation because there are keyframes with different interpolation methods in one channel
21:13:02 | WARNING: Baking animation because there are keyframes with different interpolation methods in one channel
21:13:02 | WARNING: Baking animation because there are keyframes with different interpolation methods in one channel
21:13:02 | WARNING: Baking animation because there are keyframes with different interpolation methods in one channel
21:13:02 | WARNING: Baking animation because there are keyframes with different interpolation methods in one channel
21:13:02 | WARNING: Baking animation because there are keyframes with different interpolation methods in one channel
21:13:02 | WARNING: Baking animation because there are keyframes with different interpolation methods in one channel
21:13:02 | WARNING: Baking animation because there are keyframes with different interpolation methods in one channel
21:13:02 | WARNING: Baking animation because there are keyframes with different interpolation methods in one channel
21:13:02 | WARNING: Baking animation because there are keyframes with different interpolation methods in one channel
21:13:02 | WARNING: Baking animation because there are keyframes with different interpolation methods in one channel
21:13:02 | WARNING: Baking animation because there are keyframes with different interpolation methods in one channel
21:13:02 | WARNING: Baking animation because there are keyframes with different interpolation methods in one channel
21:13:02 | WARNING: Baking animation because there are keyframes with different interpolation methods in one channel
21:13:02 | WARNING: Baking animation because there are keyframes with different interpolation methods in one channel
21:13:02 | WARNING: Baking animation because there are keyframes with different interpolation methods in one channel
21:13:02 | WARNING: Baking animation because there are keyframes with different interpolation methods in one channel
21:13:02 | WARNING: Baking animation because there are keyframes with different interpolation methods in one channel
21:13:02 | WARNING: Baking animation because there are keyframes with different interpolation methods in one channel
21:13:02 | WARNING: Baking animation because there are keyframes with different interpolation methods in one channel
21:13:02 | WARNING: Baking animation because there are keyframes with different interpolation methods in one channel
21:13:02 | WARNING: Baking animation because there are keyframes with different interpolation methods in one channel
21:13:02 | WARNING: Baking animation because there are keyframes with different interpolation methods in one channel
21:13:02 | WARNING: Baking animation because there are keyframes with different interpolation methods in one channel
21:13:02 | WARNING: Baking animation because there are keyframes with different interpolation methods in one channel
21:13:02 | WARNING: Baking animation because there are keyframes with different interpolation methods in one channel
21:13:02 | WARNING: Baking animation because there are keyframes with different interpolation methods in one channel
21:13:02 | WARNING: Baking animation because there are keyframes with different interpolation methods in one channel
21:13:02 | WARNING: Baking animation because there are keyframes with different interpolation methods in one channel
21:13:02 | WARNING: Baking animation because there are keyframes with different interpolation methods in one channel
21:13:02 | WARNING: Baking animation because there are keyframes with different interpolation methods in one channel
21:13:02 | WARNING: Baking animation because there are keyframes with different interpolation methods in one channel
21:13:02 | WARNING: Baking animation because there are keyframes with different interpolation methods in one channel
21:13:02 | WARNING: Baking animation because there are keyframes with different interpolation methods in one channel
21:13:02 | WARNING: Baking animation because there are keyframes with different interpolation methods in one channel
21:13:02 | WARNING: Baking animation because there are keyframes with different interpolation methods in one channel
21:13:02 | WARNING: Baking animation because there are keyframes with different interpolation methods in one channel
21:13:02 | WARNING: Baking animation because there are keyframes with different interpolation methods in one channel
21:13:02 | WARNING: Baking animation because there are keyframes with different interpolation methods in one channel
21:13:02 | WARNING: Baking animation because there are keyframes with different interpolation methods in one channel
21:13:02 | WARNING: Baking animation because there are keyframes with different interpolation methods in one channel
21:13:02 | WARNING: Baking animation because there are keyframes with different interpolation methods in one channel
21:13:02 | WARNING: Baking animation because there are keyframes with different interpolation methods in one channel
21:13:02 | WARNING: Baking animation because there are keyframes with different interpolation methods in one channel
21:13:02 | WARNING: Baking animation because there are keyframes with different interpolation methods in one channel
21:13:02 | WARNING: Baking animation because there are keyframes with different interpolation methods in one channel
21:13:02 | WARNING: Baking animation because there are keyframes with different interpolation methods in one channel
21:13:02 | WARNING: Baking animation because there are keyframes with different interpolation methods in one channel
21:13:02 | WARNING: Baking animation because there are keyframes with different interpolation methods in one channel
21:13:02 | WARNING: Baking animation because there are keyframes with different interpolation methods in one channel
21:13:02 | WARNING: Baking animation because there are keyframes with different interpolation methods in one channel
21:13:02 | WARNING: Baking animation because there are keyframes with different interpolation methods in one channel
21:13:02 | WARNING: Baking animation because there are keyframes with different interpolation methods in one channel
21:13:02 | WARNING: Baking animation because there are keyframes with different interpolation methods in one channel
21:13:02 | WARNING: Baking animation because there are keyframes with different interpolation methods in one channel
21:13:02 | WARNING: Baking animation because there are keyframes with different interpolation methods in one channel
21:13:02 | WARNING: Baking animation because there are keyframes with different interpolation methods in one channel
21:13:02 | WARNING: Baking animation because there are keyframes with different interpolation methods in one channel
21:13:02 | WARNING: Baking animation because there are keyframes with different interpolation methods in one channel
21:13:02 | WARNING: Baking animation because there are keyframes with different interpolation methods in one channel
21:13:02 | WARNING: Baking animation because there are keyframes with different interpolation methods in one channel
21:13:02 | WARNING: Baking animation because there are keyframes with different interpolation methods in one channel
21:13:02 | WARNING: Baking animation because there are keyframes with different interpolation methods in one channel
21:13:02 | WARNING: Baking animation because there are keyframes with different interpolation methods in one channel
21:13:02 | WARNING: Baking animation because there are keyframes with different interpolation methods in one channel
21:13:02 | WARNING: Baking animation because there are keyframes with different interpolation methods in one channel
21:13:02 | WARNING: Baking animation because there are keyframes with different interpolation methods in one channel
21:13:02 | WARNING: Baking animation because there are keyframes with different interpolation methods in one channel
21:13:02 | WARNING: Baking animation because there are keyframes with different interpolation methods in one channel
21:13:02 | WARNING: Baking animation because there are keyframes with different interpolation methods in one channel
21:13:02 | WARNING: Baking animation because there are keyframes with different interpolation methods in one channel
21:13:02 | WARNING: Baking animation because there are keyframes with different interpolation methods in one channel
21:13:02 | WARNING: Baking animation because there are keyframes with different interpolation methods in one channel
21:13:02 | WARNING: Baking animation because there are keyframes with different interpolation methods in one channel
21:13:02 | WARNING: Baking animation because there are keyframes with different interpolation methods in one channel
21:13:02 | WARNING: Baking animation because there are keyframes with different interpolation methods in one channel
21:13:02 | WARNING: Baking animation because there are keyframes with different interpolation methods in one channel
21:13:02 | WARNING: Baking animation because there are keyframes with different interpolation methods in one channel
21:13:02 | WARNING: Baking animation because there are keyframes with different interpolation methods in one channel
21:13:02 | WARNING: Baking animation because there are keyframes with different interpolation methods in one channel
21:13:02 | WARNING: Baking animation because there are keyframes with different interpolation methods in one channel
21:13:02 | WARNING: Baking animation because there are keyframes with different interpolation methods in one channel
21:13:02 | WARNING: Baking animation because there are keyframes with different interpolation methods in one channel
21:13:02 | WARNING: Baking animation because there are keyframes with different interpolation methods in one channel
21:13:02 | WARNING: Baking animation because there are keyframes with different interpolation methods in one channel
21:13:02 | WARNING: Baking animation because there are keyframes with different interpolation methods in one channel
21:13:02 | WARNING: Baking animation because there are keyframes with different interpolation methods in one channel
21:13:02 | WARNING: Baking animation because there are keyframes with different interpolation methods in one channel
21:13:02 | WARNING: Baking animation because there are keyframes with different interpolation methods in one channel
21:13:02 | WARNING: Baking animation because there are keyframes with different interpolation methods in one channel
21:13:02 | WARNING: Baking animation because there are keyframes with different interpolation methods in one channel
21:13:02 | WARNING: Baking animation because there are keyframes with different interpolation methods in one channel
21:13:02 | WARNING: Baking animation because there are keyframes with different interpolation methods in one channel
21:13:02 | WARNING: Baking animation because there are keyframes with different interpolation methods in one channel
21:13:02 | WARNING: Baking animation because there are keyframes with different interpolation methods in one channel
21:13:02 | WARNING: Baking animation because there are keyframes with different interpolation methods in one channel
21:13:02 | WARNING: Baking animation because there are keyframes with different interpolation methods in one channel
21:13:02 | WARNING: Baking animation because there are keyframes with different interpolation methods in one channel
21:13:02 | WARNING: Baking animation because there are keyframes with different interpolation methods in one channel
21:13:02 | WARNING: Baking animation because there are keyframes with different interpolation methods in one channel
21:13:02 | WARNING: Baking animation because there are keyframes with different interpolation methods in one channel
21:13:02 | WARNING: Baking animation because there are keyframes with different interpolation methods in one channel
21:13:02 | WARNING: Baking animation because there are keyframes with different interpolation methods in one channel
21:13:03 | WARNING: Baking animation because there are keyframes with different interpolation methods in one channel
21:13:03 | WARNING: Baking animation because there are keyframes with different interpolation methods in one channel
21:13:03 | WARNING: Baking animation because there are keyframes with different interpolation methods in one channel
21:13:03 | WARNING: Baking animation because there are keyframes with different interpolation methods in one channel
21:13:03 | WARNING: Baking animation because there are keyframes with different interpolation methods in one channel
21:13:03 | WARNING: Baking animation because there are keyframes with different interpolation methods in one channel
21:13:03 | WARNING: Baking animation because there are keyframes with different interpolation methods in one channel
21:13:03 | WARNING: Baking animation because there are keyframes with different interpolation methods in one channel
21:13:03 | WARNING: Baking animation because there are keyframes with different interpolation methods in one channel
21:13:03 | WARNING: Baking animation because there are keyframes with different interpolation methods in one channel
21:13:03 | WARNING: Baking animation because there are keyframes with different interpolation methods in one channel
21:13:03 | WARNING: Baking animation because there are keyframes with different interpolation methods in one channel
21:13:03 | WARNING: Baking animation because there are keyframes with different interpolation methods in one channel
21:13:03 | WARNING: Baking animation because there are keyframes with different interpolation methods in one channel
21:13:03 | WARNING: Baking animation because there are keyframes with different interpolation methods in one channel
21:13:03 | WARNING: Baking animation because there are keyframes with different interpolation methods in one channel
21:13:03 | WARNING: Baking animation because there are keyframes with different interpolation methods in one channel
21:13:03 | WARNING: Baking animation because there are keyframes with different interpolation methods in one channel
21:13:03 | WARNING: Baking animation because there are keyframes with different interpolation methods in one channel
21:13:03 | WARNING: Baking animation because there are keyframes with different interpolation methods in one channel
21:13:03 | WARNING: Baking animation because there are keyframes with different interpolation methods in one channel
21:13:03 | WARNING: Baking animation because there are keyframes with different interpolation methods in one channel
21:13:03 | WARNING: Baking animation because there are keyframes with different interpolation methods in one channel
21:13:03 | WARNING: Baking animation because there are keyframes with different interpolation methods in one channel
21:13:03 | WARNING: Baking animation because there are keyframes with different interpolation methods in one channel
21:13:03 | WARNING: Baking animation because there are keyframes with different interpolation methods in one channel
21:13:03 | WARNING: Baking animation because there are keyframes with different interpolation methods in one channel
21:13:03 | WARNING: Baking animation because there are keyframes with different interpolation methods in one channel
21:13:03 | WARNING: Baking animation because there are keyframes with different interpolation methods in one channel
21:13:03 | WARNING: Baking animation because there are keyframes with different interpolation methods in one channel
21:13:03 | WARNING: Baking animation because there are keyframes with different interpolation methods in one channel
21:13:03 | WARNING: Baking animation because there are keyframes with different interpolation methods in one channel
21:13:03 | WARNING: Baking animation because there are keyframes with different interpolation methods in one channel
21:13:03 | WARNING: Baking animation because there are keyframes with different interpolation methods in one channel
21:13:03 | WARNING: Baking animation because there are keyframes with different interpolation methods in one channel
21:13:03 | WARNING: Baking animation because there are keyframes with different interpolation methods in one channel
21:13:03 | WARNING: Baking animation because there are keyframes with different interpolation methods in one channel
21:13:03 | WARNING: Baking animation because there are keyframes with different interpolation methods in one channel
21:13:03 | WARNING: Baking animation because there are keyframes with different interpolation methods in one channel
21:13:03 | WARNING: Baking animation because there are keyframes with different interpolation methods in one channel
21:13:03 | WARNING: Baking animation because there are keyframes with different interpolation methods in one channel
21:13:03 | WARNING: Baking animation because there are keyframes with different interpolation methods in one channel
21:13:03 | WARNING: Baking animation because there are keyframes with different interpolation methods in one channel
21:13:03 | WARNING: Baking animation because there are keyframes with different interpolation methods in one channel
21:13:03 | WARNING: Baking animation because there are keyframes with different interpolation methods in one channel
21:13:03 | WARNING: Baking animation because there are keyframes with different interpolation methods in one channel
21:13:03 | WARNING: Baking animation because there are keyframes with different interpolation methods in one channel
21:13:03 | WARNING: Baking animation because there are keyframes with different interpolation methods in one channel
21:13:03 | WARNING: Baking animation because there are keyframes with different interpolation methods in one channel
21:13:03 | WARNING: Baking animation because there are keyframes with different interpolation methods in one channel
21:13:03 | WARNING: Baking animation because there are keyframes with different interpolation methods in one channel
21:13:03 | WARNING: Baking animation because there are keyframes with different interpolation methods in one channel
21:13:03 | WARNING: Baking animation because there are keyframes with different interpolation methods in one channel
21:13:03 | WARNING: Baking animation because there are keyframes with different interpolation methods in one channel
21:13:03 | WARNING: Baking animation because there are keyframes with different interpolation methods in one channel
21:13:03 | WARNING: Baking animation because there are keyframes with different interpolation methods in one channel
21:13:03 | WARNING: Baking animation because there are keyframes with different interpolation methods in one channel
21:13:03 | WARNING: Baking animation because there are keyframes with different interpolation methods in one channel
21:13:03 | WARNING: Baking animation because there are keyframes with different interpolation methods in one channel
21:13:03 | WARNING: Baking animation because there are keyframes with different interpolation methods in one channel
21:13:03 | WARNING: Baking animation because there are keyframes with different interpolation methods in one channel
21:13:03 | WARNING: Baking animation because there are keyframes with different interpolation methods in one channel
21:13:03 | WARNING: Baking animation because there are keyframes with different interpolation methods in one channel
21:13:03 | WARNING: Baking animation because there are keyframes with different interpolation methods in one channel
21:13:03 | WARNING: Baking animation because there are keyframes with different interpolation methods in one channel
21:13:03 | WARNING: Baking animation because there are keyframes with different interpolation methods in one channel
21:13:03 | WARNING: Baking animation because there are keyframes with different interpolation methods in one channel
21:13:03 | WARNING: Baking animation because there are keyframes with different interpolation methods in one channel
21:13:03 | WARNING: Baking animation because there are keyframes with different interpolation methods in one channel
21:13:03 | WARNING: Baking animation because there are keyframes with different interpolation methods in one channel
21:13:03 | WARNING: Baking animation because there are keyframes with different interpolation methods in one channel
21:13:03 | WARNING: Baking animation because there are keyframes with different interpolation methods in one channel
21:13:03 | WARNING: Baking animation because there are keyframes with different interpolation methods in one channel
21:13:03 | WARNING: Baking animation because there are keyframes with different interpolation methods in one channel
21:13:03 | WARNING: Baking animation because there are keyframes with different interpolation methods in one channel
21:13:03 | WARNING: Baking animation because there are keyframes with different interpolation methods in one channel
21:13:03 | WARNING: Baking animation because there are keyframes with different interpolation methods in one channel
21:13:03 | WARNING: Baking animation because there are keyframes with different interpolation methods in one channel
21:13:03 | WARNING: Baking animation because there are keyframes with different interpolation methods in one channel
21:13:03 | WARNING: Baking animation because there are keyframes with different interpolation methods in one channel
21:13:03 | WARNING: Baking animation because there are keyframes with different interpolation methods in one channel
21:13:03 | WARNING: Baking animation because there are keyframes with different interpolation methods in one channel
21:13:03 | WARNING: Baking animation because there are keyframes with different interpolation methods in one channel
21:13:03 | WARNING: Baking animation because there are keyframes with different interpolation methods in one channel
21:13:03 | WARNING: Baking animation because there are keyframes with different interpolation methods in one channel
21:13:03 | WARNING: Baking animation because there are keyframes with different interpolation methods in one channel
21:13:03 | WARNING: Baking animation because there are keyframes with different interpolation methods in one channel
21:13:03 | WARNING: Baking animation because there are keyframes with different interpolation methods in one channel
21:13:03 | WARNING: Baking animation because there are keyframes with different interpolation methods in one channel
21:13:03 | WARNING: Baking animation because there are keyframes with different interpolation methods in one channel
21:13:03 | WARNING: Baking animation because there are keyframes with different interpolation methods in one channel
21:13:03 | WARNING: Baking animation because there are keyframes with different interpolation methods in one channel
21:13:03 | WARNING: Baking animation because there are keyframes with different interpolation methods in one channel
21:13:03 | WARNING: Baking animation because there are keyframes with different interpolation methods in one channel
21:13:03 | WARNING: Baking animation because there are keyframes with different interpolation methods in one channel
21:13:03 | WARNING: Baking animation because there are keyframes with different interpolation methods in one channel
21:13:03 | WARNING: Baking animation because there are keyframes with different interpolation methods in one channel
21:13:03 | WARNING: Baking animation because there are keyframes with different interpolation methods in one channel
21:13:03 | WARNING: Baking animation because there are keyframes with different interpolation methods in one channel
21:13:03 | WARNING: Baking animation because there are keyframes with different interpolation methods in one channel
21:13:03 | WARNING: Baking animation because there are keyframes with different interpolation methods in one channel
21:13:03 | WARNING: Baking animation because there are keyframes with different interpolation methods in one channel
21:13:03 | WARNING: Baking animation because there are keyframes with different interpolation methods in one channel
21:13:03 | WARNING: Baking animation because there are keyframes with different interpolation methods in one channel
21:13:03 | WARNING: Baking animation because there are keyframes with different interpolation methods in one channel
21:13:03 | WARNING: Baking animation because there are keyframes with different interpolation methods in one channel
21:13:04 | WARNING: Baking animation because there are keyframes with different interpolation methods in one channel
21:13:04 | WARNING: Baking animation because there are keyframes with different interpolation methods in one channel
21:13:04 | WARNING: Baking animation because there are keyframes with different interpolation methods in one channel
21:13:04 | WARNING: Baking animation because there are keyframes with different interpolation methods in one channel
21:13:04 | WARNING: Baking animation because there are keyframes with different interpolation methods in one channel
21:13:04 | WARNING: Baking animation because there are keyframes with different interpolation methods in one channel
21:13:04 | WARNING: Baking animation because there are keyframes with different interpolation methods in one channel
21:13:04 | WARNING: Baking animation because there are keyframes with different interpolation methods in one channel
21:13:04 | WARNING: Baking animation because there are keyframes with different interpolation methods in one channel
21:13:04 | WARNING: Baking animation because there are keyframes with different interpolation methods in one channel
21:13:04 | WARNING: Baking animation because there are keyframes with different interpolation methods in one channel
21:13:04 | WARNING: Baking animation because there are keyframes with different interpolation methods in one channel
21:13:04 | WARNING: Baking animation because there are keyframes with different interpolation methods in one channel
21:13:04 | WARNING: Baking animation because there are keyframes with different interpolation methods in one channel
21:13:04 | WARNING: Baking animation because there are keyframes with different interpolation methods in one channel
21:13:04 | WARNING: Baking animation because there are keyframes with different interpolation methods in one channel
21:13:04 | WARNING: Baking animation because there are keyframes with different interpolation methods in one channel
21:13:04 | WARNING: Baking animation because there are keyframes with different interpolation methods in one channel
21:13:04 | WARNING: Baking animation because there are keyframes with different interpolation methods in one channel
21:13:04 | WARNING: Baking animation because there are keyframes with different interpolation methods in one channel
21:13:04 | WARNING: Baking animation because there are keyframes with different interpolation methods in one channel
21:13:04 | WARNING: Baking animation because there are keyframes with different interpolation methods in one channel
21:13:04 | WARNING: Baking animation because there are keyframes with different interpolation methods in one channel
21:13:04 | WARNING: Baking animation because there are keyframes with different interpolation methods in one channel
21:13:04 | WARNING: Baking animation because there are keyframes with different interpolation methods in one channel
21:13:04 | WARNING: Baking animation because there are keyframes with different interpolation methods in one channel
21:13:04 | WARNING: Baking animation because there are keyframes with different interpolation methods in one channel
21:13:04 | WARNING: Baking animation because there are keyframes with different interpolation methods in one channel
21:13:04 | WARNING: Baking animation because there are keyframes with different interpolation methods in one channel
21:13:04 | WARNING: Baking animation because there are keyframes with different interpolation methods in one channel
21:13:04 | WARNING: Baking animation because there are keyframes with different interpolation methods in one channel
21:13:04 | WARNING: Baking animation because there are keyframes with different interpolation methods in one channel
21:13:04 | WARNING: Baking animation because there are keyframes with different interpolation methods in one channel
21:13:04 | WARNING: Baking animation because there are keyframes with different interpolation methods in one channel
21:13:04 | WARNING: Baking animation because there are keyframes with different interpolation methods in one channel
21:13:04 | WARNING: Baking animation because there are keyframes with different interpolation methods in one channel
21:13:04 | WARNING: Baking animation because there are keyframes with different interpolation methods in one channel
21:13:04 | WARNING: Baking animation because there are keyframes with different interpolation methods in one channel
21:13:04 | WARNING: Baking animation because there are keyframes with different interpolation methods in one channel
21:13:04 | WARNING: Baking animation because there are keyframes with different interpolation methods in one channel
21:13:04 | WARNING: Baking animation because there are keyframes with different interpolation methods in one channel
21:13:04 | WARNING: Baking animation because there are keyframes with different interpolation methods in one channel
21:13:04 | WARNING: Baking animation because there are keyframes with different interpolation methods in one channel
21:13:04 | WARNING: Baking animation because there are keyframes with different interpolation methods in one channel
21:13:04 | WARNING: Baking animation because there are keyframes with different interpolation methods in one channel
21:13:04 | WARNING: Baking animation because there are keyframes with different interpolation methods in one channel
21:13:04 | WARNING: Baking animation because there are keyframes with different interpolation methods in one channel
21:13:04 | WARNING: Baking animation because there are keyframes with different interpolation methods in one channel
21:13:04 | WARNING: Baking animation because there are keyframes with different interpolation methods in one channel
21:13:04 | WARNING: Baking animation because there are keyframes with different interpolation methods in one channel
21:13:04 | WARNING: Baking animation because there are keyframes with different interpolation methods in one channel
21:13:04 | WARNING: Baking animation because there are keyframes with different interpolation methods in one channel
21:13:04 | WARNING: Baking animation because there are keyframes with different interpolation methods in one channel
21:13:09 | INFO: Finished glTF 2.0 export in 17.97966957092285 s

LOW06_DONE failed=[]

Blender quit
Error: Not freed memory blocks: 7806, total unfreed memory 0.828075 MB
