Blender 4.5.0 (hash 8cb6b388974a built 2025-07-15 01:36:24)
Read blend: "I:\工作项目\BIGMANFIGHT\角色资产\美术资产\bigman_v001\bigman_anim_v001.blend"
Fra:0 Mem:89.19M (Peak 92.38M) | Time:00:00.60 | Rendering 1 / 64 samples
Fra:0 Mem:89.19M (Peak 92.38M) | Time:00:00.64 | Rendering 25 / 64 samples
Fra:0 Mem:89.19M (Peak 92.38M) | Time:00:00.68 | Rendering 50 / 64 samples
Fra:0 Mem:89.19M (Peak 92.38M) | Time:00:00.70 | Rendering 64 / 64 samples
Fra:0 Mem:57.15M (Peak 102.28M) | Time:00:00.72 | Compositing
Saved: 'I:\工作项目\BIGMANFIGHT\角色资产\美术资产\bigman_v001\previews\anim\launcher02_side_f0000.png'
Time: 00:00.78 (Saving: 00:00.04)

Fra:18 Mem:91.26M (Peak 94.41M) | Time:00:00.26 | Rendering 1 / 64 samples
Fra:18 Mem:91.26M (Peak 94.41M) | Time:00:00.29 | Rendering 25 / 64 samples
Fra:18 Mem:91.26M (Peak 94.41M) | Time:00:00.33 | Rendering 50 / 64 samples
Fra:18 Mem:91.26M (Peak 94.41M) | Time:00:00.35 | Rendering 64 / 64 samples
Fra:18 Mem:59.21M (Peak 104.35M) | Time:00:00.37 | Compositing
Saved: 'I:\工作项目\BIGMANFIGHT\角色资产\美术资产\bigman_v001\previews\anim\launcher02_side_f0018.png'
Time: 00:00.42 (Saving: 00:00.04)

Fra:30 Mem:91.26M (Peak 94.42M) | Time:00:00.25 | Rendering 1 / 64 samples
Fra:30 Mem:91.26M (Peak 94.42M) | Time:00:00.28 | Rendering 25 / 64 samples
Fra:30 Mem:91.26M (Peak 94.42M) | Time:00:00.32 | Rendering 50 / 64 samples
Fra:30 Mem:91.26M (Peak 94.42M) | Time:00:00.34 | Rendering 64 / 64 samples
Fra:30 Mem:59.21M (Peak 104.35M) | Time:00:00.36 | Compositing
Saved: 'I:\工作项目\BIGMANFIGHT\角色资产\美术资产\bigman_v001\previews\anim\launcher02_side_f0030.png'
Time: 00:00.41 (Saving: 00:00.04)

Fra:33 Mem:91.26M (Peak 94.42M) | Time:00:00.24 | Rendering 1 / 64 samples
Fra:33 Mem:91.26M (Peak 94.42M) | Time:00:00.28 | Rendering 25 / 64 samples
Fra:33 Mem:91.26M (Peak 94.42M) | Time:00:00.31 | Rendering 50 / 64 samples
Fra:33 Mem:91.26M (Peak 94.42M) | Time:00:00.33 | Rendering 64 / 64 samples
Fra:33 Mem:59.21M (Peak 104.35M) | Time:00:00.35 | Compositing
Saved: 'I:\工作项目\BIGMANFIGHT\角色资产\美术资产\bigman_v001\previews\anim\launcher02_side_f0033.png'
Time: 00:00.40 (Saving: 00:00.04)

Fra:52 Mem:91.26M (Peak 94.42M) | Time:00:00.23 | Rendering 1 / 64 samples
Fra:52 Mem:91.26M (Peak 94.42M) | Time:00:00.26 | Rendering 25 / 64 samples
Fra:52 Mem:91.26M (Peak 94.42M) | Time:00:00.29 | Rendering 50 / 64 samples
Fra:52 Mem:91.26M (Peak 94.42M) | Time:00:00.31 | Rendering 64 / 64 samples
Fra:52 Mem:59.21M (Peak 104.35M) | Time:00:00.33 | Compositing
Saved: 'I:\工作项目\BIGMANFIGHT\角色资产\美术资产\bigman_v001\previews\anim\launcher02_side_f0052.png'
Time: 00:00.38 (Saving: 00:00.04)

Fra:0 Mem:91.26M (Peak 94.42M) | Time:00:00.24 | Rendering 1 / 64 samples
Fra:0 Mem:91.26M (Peak 94.42M) | Time:00:00.27 | Rendering 25 / 64 samples
Fra:0 Mem:91.26M (Peak 94.42M) | Time:00:00.31 | Rendering 50 / 64 samples
Fra:0 Mem:91.26M (Peak 94.42M) | Time:00:00.33 | Rendering 64 / 64 samples
Fra:0 Mem:59.21M (Peak 104.35M) | Time:00:00.35 | Compositing
Saved: 'I:\工作项目\BIGMANFIGHT\角色资产\美术资产\bigman_v001\previews\anim\launcher02_front_f0000.png'
Time: 00:00.40 (Saving: 00:00.04)

Fra:18 Mem:91.26M (Peak 94.42M) | Time:00:00.24 | Rendering 1 / 64 samples
Fra:18 Mem:91.26M (Peak 94.42M) | Time:00:00.27 | Rendering 25 / 64 samples
Fra:18 Mem:91.26M (Peak 94.42M) | Time:00:00.30 | Rendering 50 / 64 samples
Fra:18 Mem:91.26M (Peak 94.42M) | Time:00:00.32 | Rendering 64 / 64 samples
Fra:18 Mem:59.21M (Peak 104.35M) | Time:00:00.34 | Compositing
Saved: 'I:\工作项目\BIGMANFIGHT\角色资产\美术资产\bigman_v001\previews\anim\launcher02_front_f0018.png'
Time: 00:00.39 (Saving: 00:00.04)

Fra:30 Mem:91.26M (Peak 94.42M) | Time:00:00.24 | Rendering 1 / 64 samples
Fra:30 Mem:91.26M (Peak 94.42M) | Time:00:00.27 | Rendering 25 / 64 samples
Fra:30 Mem:91.26M (Peak 94.42M) | Time:00:00.31 | Rendering 50 / 64 samples
Fra:30 Mem:91.26M (Peak 94.42M) | Time:00:00.33 | Rendering 64 / 64 samples
Fra:30 Mem:59.21M (Peak 104.35M) | Time:00:00.35 | Compositing
Saved: 'I:\工作项目\BIGMANFIGHT\角色资产\美术资产\bigman_v001\previews\anim\launcher02_front_f0030.png'
Time: 00:00.40 (Saving: 00:00.04)

Fra:52 Mem:91.26M (Peak 94.42M) | Time:00:00.24 | Rendering 1 / 64 samples
Fra:52 Mem:91.26M (Peak 94.42M) | Time:00:00.28 | Rendering 25 / 64 samples
Fra:52 Mem:91.26M (Peak 94.42M) | Time:00:00.31 | Rendering 50 / 64 samples
Fra:52 Mem:91.26M (Peak 94.42M) | Time:00:00.33 | Rendering 64 / 64 samples
Fra:52 Mem:59.21M (Peak 104.35M) | Time:00:00.35 | Compositing
Saved: 'I:\工作项目\BIGMANFIGHT\角色资产\美术资产\bigman_v001\previews\anim\launcher02_front_f0052.png'
Time: 00:00.40 (Saving: 00:00.04)

Fra:0 Mem:91.26M (Peak 94.42M) | Time:00:00.24 | Rendering 1 / 64 samples
Fra:0 Mem:91.26M (Peak 94.42M) | Time:00:00.28 | Rendering 25 / 64 samples
Fra:0 Mem:91.26M (Peak 94.42M) | Time:00:00.31 | Rendering 50 / 64 samples
Fra:0 Mem:91.26M (Peak 94.42M) | Time:00:00.33 | Rendering 64 / 64 samples
Fra:0 Mem:59.21M (Peak 104.35M) | Time:00:00.35 | Compositing
Saved: 'I:\工作项目\BIGMANFIGHT\角色资产\美术资产\bigman_v001\previews\anim\launcher02_three_quarter_f0000.png'
Time: 00:00.40 (Saving: 00:00.04)

Fra:18 Mem:91.26M (Peak 94.42M) | Time:00:00.24 | Rendering 1 / 64 samples
Fra:18 Mem:91.26M (Peak 94.42M) | Time:00:00.27 | Rendering 25 / 64 samples
Fra:18 Mem:91.26M (Peak 94.42M) | Time:00:00.30 | Rendering 50 / 64 samples
Fra:18 Mem:91.26M (Peak 94.42M) | Time:00:00.32 | Rendering 64 / 64 samples
Fra:18 Mem:59.21M (Peak 104.35M) | Time:00:00.34 | Compositing
Saved: 'I:\工作项目\BIGMANFIGHT\角色资产\美术资产\bigman_v001\previews\anim\launcher02_three_quarter_f0018.png'
Time: 00:00.39 (Saving: 00:00.04)

Fra:30 Mem:91.26M (Peak 94.42M) | Time:00:00.23 | Rendering 1 / 64 samples
Fra:30 Mem:91.26M (Peak 94.42M) | Time:00:00.27 | Rendering 25 / 64 samples
Fra:30 Mem:91.26M (Peak 94.42M) | Time:00:00.30 | Rendering 50 / 64 samples
Fra:30 Mem:91.26M (Peak 94.42M) | Time:00:00.32 | Rendering 64 / 64 samples
Fra:30 Mem:59.21M (Peak 104.35M) | Time:00:00.35 | Compositing
Saved: 'I:\工作项目\BIGMANFIGHT\角色资产\美术资产\bigman_v001\previews\anim\launcher02_three_quarter_f0030.png'
Time: 00:00.40 (Saving: 00:00.04)

Fra:52 Mem:91.26M (Peak 94.42M) | Time:00:00.24 | Rendering 1 / 64 samples
Fra:52 Mem:91.26M (Peak 94.42M) | Time:00:00.27 | Rendering 25 / 64 samples
Fra:52 Mem:91.26M (Peak 94.42M) | Time:00:00.30 | Rendering 50 / 64 samples
Fra:52 Mem:91.26M (Peak 94.42M) | Time:00:00.32 | Rendering 64 / 64 samples
Fra:52 Mem:59.21M (Peak 104.35M) | Time:00:00.34 | Compositing
Saved: 'I:\工作项目\BIGMANFIGHT\角色资产\美术资产\bigman_v001\previews\anim\launcher02_three_quarter_f0052.png'
Time: 00:00.40 (Saving: 00:00.04)

C02_LAYOUT {"total_frames": 52, "antic": 18, "hit": 30, "hold": 4, "cancel": 42, "advance_mm": 200.0, "foot_schedule": {"L": [[0, 6], [16, 52]], "R": [[0, 20], [42, 52]]}, "seam_source": ["Heavy_01", 36], "pelvis_y0_mm": -89.388, "L_seam_mm": [152.18, -329.58, 79.74], "R_seam_mm": [-141.58, 140.44, 79.8], "L_end_mm": [143.18, -458.96, 79.76], "R_end_mm": [-141.58, -148.96, 79.83], "L_step_mm": 129.38, "R_step_mm": 289.39, "seam_sole_mm": {"L": 0.622, "R": -1.574}, "seam_extra_bones": [], "note": "上游接缝 = Heavy_01 的 CANCEL 帧；末帧 = Idle_01@0 平移；L 蓄力段上步、R 蹬离地后前落。"}
C02_CALIBRATION {"per_window": {"L_w0": {"pivot_mm": [158.18, -535.6, 15.834], "pivot_vertex": ["Shoe_Sole_L", 141], "ankle_flat_mm": [152.18, -329.6, 83.33]}, "R_w0": {"pivot_mm": [-147.58, -65.57, 13.606], "pivot_vertex": ["Shoe_Sole_R", 141], "ankle_flat_mm": [-141.58, 140.43, 81.11]}, "L_w1": {"pivot_mm": [149.18, -664.98, 11.072], "pivot_vertex": ["Shoe_Sole_L", 141], "ankle_flat_mm": [143.18, -458.98, 78.57]}, "R_w1": {"pivot_mm": [-147.58, -354.97, 14.338], "pivot_vertex": ["Shoe_Sole_R", 141], "ankle_flat_mm": [-141.58, -148.97, 81.84]}}, "pivot_axis_world": [1.0, 0.0, 0.0], "pivot_axis_dev_deg": 0.0, "pivot_scale": 1.0, "tip40_ankle_z_mm": 199.96, "note": "支点 x/y 由构造不变（贴地闭环只改 z）；az0 = 踝高 − 鞋底最低点。滚动轴取骨架 X 轴的世界投影，故 40° 踮脚的支点漂移由构造归零。"}
C02_R_AIR {"off_ankle_mm": [-141.58, 73.36, 180.01], "seam_ankle_mm": [-141.58, 140.44, 79.8], "vert0_mm": 418.56, "vert1_mm": 768.16, "tip_at_off_deg": 32.0, "landing_pelvis_mm": 850.0, "landing_ankle_mm": 81.84}
C02_REPORT {"loop_seamless": null, "ground_min_mm": -1.57, "ground_contact_ok": true, "max_frame_step_deg": 58.642, "max_frame_step_at": [24, "upperarm.R"], "no_teleport": false, "bone_travel_mm": {"pelvis": 259.92, "chest": 370.8, "head": 665.87, "hand.L": 609.74, "hand.R": 1080.93}, "seam_start_delta": 0.0, "seam_start_ok": true, "seam_end_pose_delta": 2.384e-07, "seam_end_orient_delta": 2.384e-07, "seam_end_relative_delta": 5.96e-08, "seam_end_raw_delta": 0.2894, "seam_end_orient_bone": "upperarm.R", "seam_end_relative_bone": "middle_02.L", "root_motion_m": -0.2, "seam_end_ok": true, "root_motion_ok": true, "advance_total_mm": -200.0, "pivot_drift_mm": {"L_w0_mm": 0.0276, "L_w1_mm": 0.0386, "R_w0_mm": 0.0092, "R_w1_mm": 0.0156}, "stance_pivot_ok": true, "plant_sole_mm": {"L_w0": [0.002, 0.622], "L_w1": [-0.002, 1.055], "R_w0": [-1.574, 0.0], "R_w1": [-0.962, 0.025]}, "stance_sole_ok": true, "unsupported_frames": [], "always_supported_ok": true, "air_sole_min_mm": 13.966, "swing_airborne_ok": true, "fist_z_min_mm": 184.03, "fist_z_peak_mm": 2031.0, "fist_z_rise_mm": 1846.98, "fist_z_rise_l_mm": 548.64, "fist_rise_ratio": 1.496, "fist_rise_up_ok": true, "fist_up_monotone_ratio": 0.9167, "fist_strike_path_mm": 2357.26, "fist_strike_rise_mm": 1816.5, "fist_up_dominance": 0.7706, "trajectory_up_ok": true, "pelvis_z_min_mm": 548.0, "pelvis_z_max_mm": 948.0, "pelvis_z_min_frame": 18, "pelvis_z_max_frame": 33, "pelvis_z_rise_mm": 400.0, "hip_rise_ratio": 1.12, "launch_up_ok": true, "hip_up_monotone_ratio": 1.0, "hip_up_monotone_ok": true, "hitstop_frozen_steps": [0.0, 0.0, 0.0], "hitstop_present_ok": true, "hitstop_momentum_mm": 0.0, "hitstop_rise_mm": 15.0, "hitstop_keeps_momentum_ok": true, "power_chain_channels_deg": {"pelvis": 22.867, "spine_01": 20.809, "spine_02": 20.809, "chest": 20.779, "shoulder.L": 28.0, "shoulder.R": 19.86, "thigh.L": 103.559, "shin.L": 80.415, "thigh.R": 51.858, "shin.R": 111.6}, "power_chain_ok": true, "leg_reach_max_ratio": {"L": 0.9914, "R": 0.96892}, "leg_reach_peak": {"L": [34, 814.93], "R": [42, 796.45]}, "ik_reach_ok": true, "return_tail": [13.1189, 12.7594, 12.3894, 12.008, 11.6141, 11.2064, 10.7833, 10.3428, 9.8828, 9.4002, 8.8914, 8.3517, 7.7745, 7.1508, 6.4671, 5.7015, 4.8147, 3.718, 2.0335], "return_tail_bones": ["upperarm.R", "upperarm.R", "upperarm.R", "upperarm.R", "upperarm.R", "upperarm.R", "upperarm.R", "upperarm.R", "upperarm.R", "upperarm.R", "upperarm.R", "upperarm.R", "upperarm.R", "upperarm.R", "upperarm.R", "upperarm.R", "upperarm.R", "upperarm.R", "upperarm.R"], "decel_smooth_ok": true, "no_snap_stop_ok": true, "return_tail_zero_frames": 0, "local_step_max_deg": 26.914, "local_step_max_at": [23, "upperarm.R"], "antic_frames": 18, "antic_frames_ok": true, "hitstop_frames": 4, "hitstop_frames_ok": true, "launch_window": [18, 30], "amplitude_baseline": {"pelvis_z_rise_mm": 357.0, "fist_z_rise_mm": 1235.0, "fist_z_peak_mm": 1929.98}, "hip_rise_min_mm": 392.7, "fist_rise_min_mm": 1482.0, "world_step_max_deg": 22.986, "world_step_max_at": [24, "hand.R"], "world_step_ok": true, "max_abs_euler_y_deg": 95.2, "arm_roll_max_deg": {"upperarm.L": 8.0, "forearm.L": 61.0, "hand.L": 7.0, "upperarm.R": 56.0, "forearm.R": 6.0, "hand.R": 8.0}, "meta": {"anim_id": "Launcher", "loop": false, "category": "连招与特殊技", "note": "击飞技：接 Heavy_01 可取消帧，深蹲蓄力 → 双踮脚蹬伸 → 后手上挑贯拳至头顶前上方，4 帧爆发停顿，Root Motion 前冲 0.200 m；纵向幅度 ≥ 最强地面普通攻击（Uppercut）", "antic_frame": 18, "hit_frame": 30, "cancel_frame": 42, "hitstop_frames": 4, "root_motion_m": [0.0, -0.2], "amplitude_baseline": {"pelvis_z_rise_mm": 357.0, "fist_z_rise_mm": 1235.0, "fist_z_peak_mm": 1929.98}, "hit_point_m": null, "fps": 60, "frames": [0, 52]}, "failed": [], "non_ok_bools": ["no_teleport"]}
Info: Saved as "bigman_anim_v001.blend"
INFO Draco mesh compression is available, use library at D:\Program Files\Blender Foundation\Blender 4.5\4.5\scripts\addons_core\io_scene_gltf2\extern_draco.dll
03:01:51 | INFO: Starting glTF 2.0 export
03:01:51 | INFO: Extracting primitive: Mesh
03:01:51 | INFO: Primitives created: 1
03:01:51 | INFO: Extracting primitive: Mesh
03:01:51 | INFO: Primitives created: 1
03:01:51 | INFO: Extracting primitive: Collar_Point_L
03:01:51 | INFO: Primitives created: 1
03:01:51 | INFO: Extracting primitive: Collar_Point_R
03:01:51 | INFO: Primitives created: 1
03:01:51 | INFO: Extracting primitive: Ear_Inner_L
03:01:51 | INFO: Primitives created: 1
03:01:51 | INFO: Extracting primitive: Ear_Inner_R
03:01:51 | INFO: Primitives created: 1
03:01:51 | INFO: Extracting primitive: Ear_L
03:01:51 | INFO: Primitives created: 1
03:01:51 | INFO: Extracting primitive: Ear_Lobe_L
03:01:51 | INFO: Primitives created: 1
03:01:51 | INFO: Extracting primitive: Ear_Lobe_R
03:01:51 | INFO: Primitives created: 1
03:01:51 | INFO: Extracting primitive: Ear_R
03:01:51 | INFO: Primitives created: 1
03:01:51 | INFO: Extracting primitive: Eye_Glint_L
03:01:51 | INFO: Primitives created: 1
03:01:51 | INFO: Extracting primitive: Eye_Glint_R
03:01:51 | INFO: Primitives created: 1
03:01:51 | INFO: Extracting primitive: Eye_Line_Upper_L
03:01:51 | INFO: Primitives created: 1
03:01:51 | INFO: Extracting primitive: Eye_Line_Upper_R
03:01:51 | INFO: Primitives created: 1
03:01:51 | INFO: Extracting primitive: Eye_White_L
03:01:51 | INFO: Primitives created: 1
03:01:51 | INFO: Extracting primitive: Eye_White_R
03:01:51 | INFO: Primitives created: 1
03:01:51 | INFO: Extracting primitive: Eyebrow_L
03:01:51 | INFO: Primitives created: 1
03:01:51 | INFO: Extracting primitive: Eyebrow_R
03:01:51 | INFO: Primitives created: 1
03:01:51 | INFO: Extracting primitive: Eyelid_Lower_L
03:01:51 | INFO: Primitives created: 1
03:01:51 | INFO: Extracting primitive: Eyelid_Lower_R
03:01:51 | INFO: Primitives created: 1
03:01:51 | INFO: Extracting primitive: Eyelid_Upper_L
03:01:51 | INFO: Primitives created: 1
03:01:51 | INFO: Extracting primitive: Eyelid_Upper_R
03:01:51 | INFO: Primitives created: 1
03:01:51 | INFO: Extracting primitive: Mesh
03:01:51 | INFO: Primitives created: 1
03:01:51 | INFO: Extracting primitive: Mesh
03:01:51 | INFO: Primitives created: 1
03:01:51 | INFO: Extracting primitive: Mesh
03:01:51 | INFO: Primitives created: 1
03:01:51 | INFO: Extracting primitive: Mesh
03:01:51 | INFO: Primitives created: 1
03:01:51 | INFO: Extracting primitive: Mesh
03:01:51 | INFO: Primitives created: 1
03:01:51 | INFO: Extracting primitive: Mesh
03:01:51 | INFO: Primitives created: 1
03:01:51 | INFO: Extracting primitive: Mesh
03:01:51 | INFO: Primitives created: 1
03:01:51 | INFO: Extracting primitive: Mesh
03:01:51 | INFO: Primitives created: 1
03:01:51 | INFO: Extracting primitive: Glasses_Bridge
03:01:51 | INFO: Primitives created: 1
03:01:51 | INFO: Extracting primitive: Glasses_Frame_L
03:01:51 | INFO: Primitives created: 1
03:01:51 | INFO: Extracting primitive: Glasses_Frame_R
03:01:51 | INFO: Primitives created: 1
03:01:51 | INFO: Extracting primitive: Glasses_Temple_L
03:01:51 | INFO: Primitives created: 1
03:01:51 | INFO: Extracting primitive: Glasses_Temple_R
03:01:51 | INFO: Primitives created: 1
03:01:51 | INFO: Extracting primitive: Mesh
03:01:51 | INFO: Primitives created: 1
03:01:51 | INFO: Extracting primitive: Mesh
03:01:51 | INFO: Primitives created: 1
03:01:51 | INFO: Extracting primitive: Mesh
03:01:51 | INFO: Primitives created: 1
03:01:51 | INFO: Extracting primitive: Mesh
03:01:51 | INFO: Primitives created: 1
03:01:51 | INFO: Extracting primitive: Mesh
03:01:51 | INFO: Primitives created: 1
03:01:51 | INFO: Extracting primitive: Iris_L
03:01:51 | INFO: Primitives created: 1
03:01:51 | INFO: Extracting primitive: Iris_R
03:01:51 | INFO: Primitives created: 1
03:01:51 | INFO: Extracting primitive: Iris_Ring_L
03:01:51 | INFO: Primitives created: 1
03:01:51 | INFO: Extracting primitive: Iris_Ring_R
03:01:51 | INFO: Primitives created: 1
03:01:51 | INFO: Extracting primitive: Jacket_Back_Seam
03:01:51 | INFO: Primitives created: 1
03:01:51 | INFO: Extracting primitive: Jacket_Button_1
03:01:51 | INFO: Primitives created: 1
03:01:51 | INFO: Extracting primitive: Jacket_Button_2
03:01:51 | INFO: Primitives created: 1
03:01:51 | INFO: Extracting primitive: Jacket_Collar
03:01:51 | INFO: Primitives created: 1
03:01:51 | INFO: Extracting primitive: Jacket_Lapel_L
03:01:51 | INFO: Primitives created: 1
03:01:51 | INFO: Extracting primitive: Jacket_Lapel_R
03:01:51 | INFO: Primitives created: 1
03:01:51 | INFO: Extracting primitive: Jacket_Vent
03:01:51 | INFO: Primitives created: 1
03:01:51 | INFO: Extracting primitive: Lapel_Fold_L
03:01:51 | INFO: Primitives created: 1
03:01:51 | INFO: Extracting primitive: Lapel_Fold_R
03:01:51 | INFO: Primitives created: 1
03:01:51 | INFO: Extracting primitive: Lapel_Notch_L
03:01:51 | INFO: Primitives created: 1
03:01:51 | INFO: Extracting primitive: Lapel_Notch_R
03:01:51 | INFO: Primitives created: 1
03:01:51 | INFO: Extracting primitive: Lower_Lip
03:01:51 | INFO: Primitives created: 1
03:01:51 | INFO: Extracting primitive: Mouth_Line
03:01:51 | INFO: Primitives created: 1
03:01:51 | INFO: Extracting primitive: Mesh
03:01:51 | INFO: Primitives created: 1
03:01:51 | INFO: Extracting primitive: Mesh
03:01:51 | INFO: Primitives created: 1
03:01:51 | INFO: Extracting primitive: Nose_Wing_L
03:01:51 | INFO: Primitives created: 1
03:01:51 | INFO: Extracting primitive: Nose_Wing_R
03:01:51 | INFO: Primitives created: 1
03:01:51 | INFO: Extracting primitive: Pocket_Flap_L
03:01:51 | INFO: Primitives created: 1
03:01:51 | INFO: Extracting primitive: Pocket_Flap_R
03:01:51 | INFO: Primitives created: 1
03:01:51 | INFO: Extracting primitive: Pupil_L
03:01:51 | INFO: Primitives created: 1
03:01:51 | INFO: Extracting primitive: Pupil_R
03:01:51 | INFO: Primitives created: 1
03:01:51 | INFO: Extracting primitive: Shirt_Collar
03:01:51 | INFO: Primitives created: 1
03:01:51 | INFO: Extracting primitive: Shirt_Cuff_L
03:01:51 | INFO: Primitives created: 1
03:01:51 | INFO: Extracting primitive: Shirt_Cuff_R
03:01:51 | INFO: Primitives created: 1
03:01:51 | INFO: Extracting primitive: Shirt_Front
03:01:51 | INFO: Primitives created: 1
03:01:51 | INFO: Extracting primitive: Mesh
03:01:51 | INFO: Primitives created: 1
03:01:51 | INFO: Extracting primitive: Mesh
03:01:51 | INFO: Primitives created: 1
03:01:51 | INFO: Extracting primitive: Mesh
03:01:51 | INFO: Primitives created: 1
03:01:51 | INFO: Extracting primitive: Mesh
03:01:51 | INFO: Primitives created: 1
03:01:51 | INFO: Extracting primitive: Shoe_Toe_Cap_L
03:01:51 | INFO: Primitives created: 1
03:01:51 | INFO: Extracting primitive: Shoe_Toe_Cap_R
03:01:51 | INFO: Primitives created: 1
03:01:51 | INFO: Extracting primitive: Mesh
03:01:51 | INFO: Primitives created: 1
03:01:51 | INFO: Extracting primitive: Mesh
03:01:51 | INFO: Primitives created: 1
03:01:51 | INFO: Extracting primitive: Sleeve_Button_1_L
03:01:51 | INFO: Primitives created: 1
03:01:51 | INFO: Extracting primitive: Sleeve_Button_1_R
03:01:51 | INFO: Primitives created: 1
03:01:51 | INFO: Extracting primitive: Sleeve_Button_2_L
03:01:51 | INFO: Primitives created: 1
03:01:51 | INFO: Extracting primitive: Sleeve_Button_2_R
03:01:51 | INFO: Primitives created: 1
03:01:51 | INFO: Extracting primitive: Sleeve_Button_3_L
03:01:51 | INFO: Primitives created: 1
03:01:51 | INFO: Extracting primitive: Sleeve_Button_3_R
03:01:51 | INFO: Primitives created: 1
03:01:51 | INFO: Extracting primitive: Mesh
03:01:51 | INFO: Primitives created: 1
03:01:51 | INFO: Extracting primitive: Mesh
03:01:51 | INFO: Primitives created: 1
03:01:51 | INFO: Extracting primitive: Mesh
03:01:51 | INFO: Primitives created: 1
03:01:51 | INFO: Extracting primitive: Mesh
03:01:51 | INFO: Primitives created: 1
03:01:51 | INFO: Extracting primitive: Mesh
03:01:51 | INFO: Primitives created: 1
03:01:51 | INFO: Extracting primitive: Mesh
03:01:51 | INFO: Primitives created: 1
03:01:51 | INFO: Extracting primitive: Mesh
03:01:51 | INFO: Primitives created: 1
03:01:51 | INFO: Extracting primitive: Upper_Lip
03:01:51 | INFO: Primitives created: 1
03:01:57 | WARNING: Baking animation because there are keyframes with different interpolation methods in one channel
03:01:57 | WARNING: Baking animation because there are keyframes with different interpolation methods in one channel
03:01:57 | WARNING: Baking animation because there are keyframes with different interpolation methods in one channel
03:01:57 | WARNING: Baking animation because there are keyframes with different interpolation methods in one channel
03:01:57 | WARNING: Baking animation because there are keyframes with different interpolation methods in one channel
03:01:57 | WARNING: Baking animation because there are keyframes with different interpolation methods in one channel
03:01:57 | WARNING: Baking animation because there are keyframes with different interpolation methods in one channel
03:01:57 | WARNING: Baking animation because there are keyframes with different interpolation methods in one channel
03:01:57 | WARNING: Baking animation because there are keyframes with different interpolation methods in one channel
03:01:57 | WARNING: Baking animation because there are keyframes with different interpolation methods in one channel
03:01:57 | WARNING: Baking animation because there are keyframes with different interpolation methods in one channel
03:01:57 | WARNING: Baking animation because there are keyframes with different interpolation methods in one channel
03:01:57 | WARNING: Baking animation because there are keyframes with different interpolation methods in one channel
03:01:57 | WARNING: Baking animation because there are keyframes with different interpolation methods in one channel
03:01:57 | WARNING: Baking animation because there are keyframes with different interpolation methods in one channel
03:01:57 | WARNING: Baking animation because there are keyframes with different interpolation methods in one channel
03:01:57 | WARNING: Baking animation because there are keyframes with different interpolation methods in one channel
03:01:57 | WARNING: Baking animation because there are keyframes with different interpolation methods in one channel
03:01:57 | WARNING: Baking animation because there are keyframes with different interpolation methods in one channel
03:01:57 | WARNING: Baking animation because there are keyframes with different interpolation methods in one channel
03:01:57 | WARNING: Baking animation because there are keyframes with different interpolation methods in one channel
03:01:57 | WARNING: Baking animation because there are keyframes with different interpolation methods in one channel
03:01:57 | WARNING: Baking animation because there are keyframes with different interpolation methods in one channel
03:01:57 | WARNING: Baking animation because there are keyframes with different interpolation methods in one channel
03:01:57 | WARNING: Baking animation because there are keyframes with different interpolation methods in one channel
03:01:57 | WARNING: Baking animation because there are keyframes with different interpolation methods in one channel
03:01:57 | WARNING: Baking animation because there are keyframes with different interpolation methods in one channel
03:01:57 | WARNING: Baking animation because there are keyframes with different interpolation methods in one channel
03:01:57 | WARNING: Baking animation because there are keyframes with different interpolation methods in one channel
03:01:57 | WARNING: Baking animation because there are keyframes with different interpolation methods in one channel
03:01:57 | WARNING: Baking animation because there are keyframes with different interpolation methods in one channel
03:01:57 | WARNING: Baking animation because there are keyframes with different interpolation methods in one channel
03:01:57 | WARNING: Baking animation because there are keyframes with different interpolation methods in one channel
03:01:57 | WARNING: Baking animation because there are keyframes with different interpolation methods in one channel
03:01:57 | WARNING: Baking animation because there are keyframes with different interpolation methods in one channel
03:01:57 | WARNING: Baking animation because there are keyframes with different interpolation methods in one channel
03:01:57 | WARNING: Baking animation because there are keyframes with different interpolation methods in one channel
03:01:57 | WARNING: Baking animation because there are keyframes with different interpolation methods in one channel
03:01:57 | WARNING: Baking animation because there are keyframes with different interpolation methods in one channel
03:01:57 | WARNING: Baking animation because there are keyframes with different interpolation methods in one channel
03:01:57 | WARNING: Baking animation because there are keyframes with different interpolation methods in one channel
03:01:57 | WARNING: Baking animation because there are keyframes with different interpolation methods in one channel
03:01:57 | WARNING: Baking animation because there are keyframes with different interpolation methods in one channel
03:01:57 | WARNING: Baking animation because there are keyframes with different interpolation methods in one channel
03:01:57 | WARNING: Baking animation because there are keyframes with different interpolation methods in one channel
03:01:57 | WARNING: Baking animation because there are keyframes with different interpolation methods in one channel
03:01:57 | WARNING: Baking animation because there are keyframes with different interpolation methods in one channel
03:01:57 | WARNING: Baking animation because there are keyframes with different interpolation methods in one channel
03:01:57 | WARNING: Baking animation because there are keyframes with different interpolation methods in one channel
03:01:57 | WARNING: Baking animation because there are keyframes with different interpolation methods in one channel
03:01:57 | WARNING: Baking animation because there are keyframes with different interpolation methods in one channel
03:01:57 | WARNING: Baking animation because there are keyframes with different interpolation methods in one channel
03:01:57 | WARNING: Baking animation because there are keyframes with different interpolation methods in one channel
03:01:58 | WARNING: Baking animation because there are keyframes with different interpolation methods in one channel
03:01:58 | WARNING: Baking animation because there are keyframes with different interpolation methods in one channel
03:01:58 | WARNING: Baking animation because there are keyframes with different interpolation methods in one channel
03:01:58 | WARNING: Baking animation because there are keyframes with different interpolation methods in one channel
03:01:58 | WARNING: Baking animation because there are keyframes with different interpolation methods in one channel
03:01:58 | WARNING: Baking animation because there are keyframes with different interpolation methods in one channel
03:01:58 | WARNING: Baking animation because there are keyframes with different interpolation methods in one channel
03:01:58 | WARNING: Baking animation because there are keyframes with different interpolation methods in one channel
03:01:58 | WARNING: Baking animation because there are keyframes with different interpolation methods in one channel
03:01:58 | WARNING: Baking animation because there are keyframes with different interpolation methods in one channel
03:01:58 | WARNING: Baking animation because there are keyframes with different interpolation methods in one channel
03:01:58 | WARNING: Baking animation because there are keyframes with different interpolation methods in one channel
03:01:58 | WARNING: Baking animation because there are keyframes with different interpolation methods in one channel
03:01:58 | WARNING: Baking animation because there are keyframes with different interpolation methods in one channel
03:01:58 | WARNING: Baking animation because there are keyframes with different interpolation methods in one channel
03:01:58 | WARNING: Baking animation because there are keyframes with different interpolation methods in one channel
03:01:58 | WARNING: Baking animation because there are keyframes with different interpolation methods in one channel
03:01:58 | WARNING: Baking animation because there are keyframes with different interpolation methods in one channel
03:01:58 | WARNING: Baking animation because there are keyframes with different interpolation methods in one channel
03:01:58 | WARNING: Baking animation because there are keyframes with different interpolation methods in one channel
03:01:58 | WARNING: Baking animation because there are keyframes with different interpolation methods in one channel
03:01:58 | WARNING: Baking animation because there are keyframes with different interpolation methods in one channel
03:01:58 | WARNING: Baking animation because there are keyframes with different interpolation methods in one channel
03:01:58 | WARNING: Baking animation because there are keyframes with different interpolation methods in one channel
03:01:58 | WARNING: Baking animation because there are keyframes with different interpolation methods in one channel
03:01:58 | WARNING: Baking animation because there are keyframes with different interpolation methods in one channel
03:01:58 | WARNING: Baking animation because there are keyframes with different interpolation methods in one channel
03:01:58 | WARNING: Baking animation because there are keyframes with different interpolation methods in one channel
03:01:58 | WARNING: Baking animation because there are keyframes with different interpolation methods in one channel
03:01:58 | WARNING: Baking animation because there are keyframes with different interpolation methods in one channel
03:01:58 | WARNING: Baking animation because there are keyframes with different interpolation methods in one channel
03:01:58 | WARNING: Baking animation because there are keyframes with different interpolation methods in one channel
03:01:58 | WARNING: Baking animation because there are keyframes with different interpolation methods in one channel
03:01:58 | WARNING: Baking animation because there are keyframes with different interpolation methods in one channel
03:01:58 | WARNING: Baking animation because there are keyframes with different interpolation methods in one channel
03:01:58 | WARNING: Baking animation because there are keyframes with different interpolation methods in one channel
03:01:58 | WARNING: Baking animation because there are keyframes with different interpolation methods in one channel
03:01:58 | WARNING: Baking animation because there are keyframes with different interpolation methods in one channel
03:01:58 | WARNING: Baking animation because there are keyframes with different interpolation methods in one channel
03:01:58 | WARNING: Baking animation because there are keyframes with different interpolation methods in one channel
03:01:58 | WARNING: Baking animation because there are keyframes with different interpolation methods in one channel
03:01:58 | WARNING: Baking animation because there are keyframes with different interpolation methods in one channel
03:01:58 | WARNING: Baking animation because there are keyframes with different interpolation methods in one channel
03:01:58 | WARNING: Baking animation because there are keyframes with different interpolation methods in one channel
03:01:58 | WARNING: Baking animation because there are keyframes with different interpolation methods in one channel
03:01:58 | WARNING: Baking animation because there are keyframes with different interpolation methods in one channel
03:01:58 | WARNING: Baking animation because there are keyframes with different interpolation methods in one channel
03:01:58 | WARNING: Baking animation because there are keyframes with different interpolation methods in one channel
03:01:58 | WARNING: Baking animation because there are keyframes with different interpolation methods in one channel
03:01:58 | WARNING: Baking animation because there are keyframes with different interpolation methods in one channel
03:01:58 | WARNING: Baking animation because there are keyframes with different interpolation methods in one channel
03:01:58 | WARNING: Baking animation because there are keyframes with different interpolation methods in one channel
03:01:58 | WARNING: Baking animation because there are keyframes with different interpolation methods in one channel
03:01:58 | WARNING: Baking animation because there are keyframes with different interpolation methods in one channel
03:01:58 | WARNING: Baking animation because there are keyframes with different interpolation methods in one channel
03:01:58 | WARNING: Baking animation because there are keyframes with different interpolation methods in one channel
03:01:58 | WARNING: Baking animation because there are keyframes with different interpolation methods in one channel
03:01:58 | WARNING: Baking animation because there are keyframes with different interpolation methods in one channel
03:01:58 | WARNING: Baking animation because there are keyframes with different interpolation methods in one channel
03:01:58 | WARNING: Baking animation because there are keyframes with different interpolation methods in one channel
03:01:58 | WARNING: Baking animation because there are keyframes with different interpolation methods in one channel
03:01:58 | WARNING: Baking animation because there are keyframes with different interpolation methods in one channel
03:01:58 | WARNING: Baking animation because there are keyframes with different interpolation methods in one channel
03:01:58 | WARNING: Baking animation because there are keyframes with different interpolation methods in one channel
03:01:58 | WARNING: Baking animation because there are keyframes with different interpolation methods in one channel
03:01:58 | WARNING: Baking animation because there are keyframes with different interpolation methods in one channel
03:01:58 | WARNING: Baking animation because there are keyframes with different interpolation methods in one channel
03:01:58 | WARNING: Baking animation because there are keyframes with different interpolation methods in one channel
03:01:58 | WARNING: Baking animation because there are keyframes with different interpolation methods in one channel
03:01:58 | WARNING: Baking animation because there are keyframes with different interpolation methods in one channel
03:01:58 | WARNING: Baking animation because there are keyframes with different interpolation methods in one channel
03:01:58 | WARNING: Baking animation because there are keyframes with different interpolation methods in one channel
03:01:58 | WARNING: Baking animation because there are keyframes with different interpolation methods in one channel
03:01:58 | WARNING: Baking animation because there are keyframes with different interpolation methods in one channel
03:01:58 | WARNING: Baking animation because there are keyframes with different interpolation methods in one channel
03:01:58 | WARNING: Baking animation because there are keyframes with different interpolation methods in one channel
03:01:58 | WARNING: Baking animation because there are keyframes with different interpolation methods in one channel
03:01:58 | WARNING: Baking animation because there are keyframes with different interpolation methods in one channel
03:01:58 | WARNING: Baking animation because there are keyframes with different interpolation methods in one channel
03:01:58 | WARNING: Baking animation because there are keyframes with different interpolation methods in one channel
03:01:58 | WARNING: Baking animation because there are keyframes with different interpolation methods in one channel
03:01:58 | WARNING: Baking animation because there are keyframes with different interpolation methods in one channel
03:01:58 | WARNING: Baking animation because there are keyframes with different interpolation methods in one channel
03:01:58 | WARNING: Baking animation because there are keyframes with different interpolation methods in one channel
03:01:58 | WARNING: Baking animation because there are keyframes with different interpolation methods in one channel
03:01:58 | WARNING: Baking animation because there are keyframes with different interpolation methods in one channel
03:01:58 | WARNING: Baking animation because there are keyframes with different interpolation methods in one channel
03:01:58 | WARNING: Baking animation because there are keyframes with different interpolation methods in one channel
03:01:58 | WARNING: Baking animation because there are keyframes with different interpolation methods in one channel
03:01:58 | WARNING: Baking animation because there are keyframes with different interpolation methods in one channel
03:01:58 | WARNING: Baking animation because there are keyframes with different interpolation methods in one channel
03:01:58 | WARNING: Baking animation because there are keyframes with different interpolation methods in one channel
03:01:58 | WARNING: Baking animation because there are keyframes with different interpolation methods in one channel
03:01:58 | WARNING: Baking animation because there are keyframes with different interpolation methods in one channel
03:01:58 | WARNING: Baking animation because there are keyframes with different interpolation methods in one channel
03:01:58 | WARNING: Baking animation because there are keyframes with different interpolation methods in one channel
03:01:58 | WARNING: Baking animation because there are keyframes with different interpolation methods in one channel
03:01:58 | WARNING: Baking animation because there are keyframes with different interpolation methods in one channel
03:01:58 | WARNING: Baking animation because there are keyframes with different interpolation methods in one channel
03:01:58 | WARNING: Baking animation because there are keyframes with different interpolation methods in one channel
03:01:58 | WARNING: Baking animation because there are keyframes with different interpolation methods in one channel
03:01:58 | WARNING: Baking animation because there are keyframes with different interpolation methods in one channel
03:01:58 | WARNING: Baking animation because there are keyframes with different interpolation methods in one channel
03:01:58 | WARNING: Baking animation because there are keyframes with different interpolation methods in one channel
03:01:58 | WARNING: Baking animation because there are keyframes with different interpolation methods in one channel
03:01:58 | WARNING: Baking animation because there are keyframes with different interpolation methods in one channel
03:01:59 | WARNING: Baking animation because there are keyframes with different interpolation methods in one channel
03:01:59 | WARNING: Baking animation because there are keyframes with different interpolation methods in one channel
03:01:59 | WARNING: Baking animation because there are keyframes with different interpolation methods in one channel
03:01:59 | WARNING: Baking animation because there are keyframes with different interpolation methods in one channel
03:01:59 | WARNING: Baking animation because there are keyframes with different interpolation methods in one channel
03:01:59 | WARNING: Baking animation because there are keyframes with different interpolation methods in one channel
03:01:59 | WARNING: Baking animation because there are keyframes with different interpolation methods in one channel
03:01:59 | WARNING: Baking animation because there are keyframes with different interpolation methods in one channel
03:01:59 | WARNING: Baking animation because there are keyframes with different interpolation methods in one channel
03:01:59 | WARNING: Baking animation because there are keyframes with different interpolation methods in one channel
03:01:59 | WARNING: Baking animation because there are keyframes with different interpolation methods in one channel
03:01:59 | WARNING: Baking animation because there are keyframes with different interpolation methods in one channel
03:01:59 | WARNING: Baking animation because there are keyframes with different interpolation methods in one channel
03:01:59 | WARNING: Baking animation because there are keyframes with different interpolation methods in one channel
03:01:59 | WARNING: Baking animation because there are keyframes with different interpolation methods in one channel
03:01:59 | WARNING: Baking animation because there are keyframes with different interpolation methods in one channel
03:01:59 | WARNING: Baking animation because there are keyframes with different interpolation methods in one channel
03:01:59 | WARNING: Baking animation because there are keyframes with different interpolation methods in one channel
03:01:59 | WARNING: Baking animation because there are keyframes with different interpolation methods in one channel
03:01:59 | WARNING: Baking animation because there are keyframes with different interpolation methods in one channel
03:01:59 | WARNING: Baking animation because there are keyframes with different interpolation methods in one channel
03:01:59 | WARNING: Baking animation because there are keyframes with different interpolation methods in one channel
03:01:59 | WARNING: Baking animation because there are keyframes with different interpolation methods in one channel
03:01:59 | WARNING: Baking animation because there are keyframes with different interpolation methods in one channel
03:01:59 | WARNING: Baking animation because there are keyframes with different interpolation methods in one channel
03:01:59 | WARNING: Baking animation because there are keyframes with different interpolation methods in one channel
03:01:59 | WARNING: Baking animation because there are keyframes with different interpolation methods in one channel
03:01:59 | WARNING: Baking animation because there are keyframes with different interpolation methods in one channel
03:01:59 | WARNING: Baking animation because there are keyframes with different interpolation methods in one channel
03:01:59 | WARNING: Baking animation because there are keyframes with different interpolation methods in one channel
03:01:59 | WARNING: Baking animation because there are keyframes with different interpolation methods in one channel
03:01:59 | WARNING: Baking animation because there are keyframes with different interpolation methods in one channel
03:01:59 | WARNING: Baking animation because there are keyframes with different interpolation methods in one channel
03:01:59 | WARNING: Baking animation because there are keyframes with different interpolation methods in one channel
03:01:59 | WARNING: Baking animation because there are keyframes with different interpolation methods in one channel
03:01:59 | WARNING: Baking animation because there are keyframes with different interpolation methods in one channel
03:01:59 | WARNING: Baking animation because there are keyframes with different interpolation methods in one channel
03:01:59 | WARNING: Baking animation because there are keyframes with different interpolation methods in one channel
03:01:59 | WARNING: Baking animation because there are keyframes with different interpolation methods in one channel
03:01:59 | WARNING: Baking animation because there are keyframes with different interpolation methods in one channel
03:01:59 | WARNING: Baking animation because there are keyframes with different interpolation methods in one channel
03:01:59 | WARNING: Baking animation because there are keyframes with different interpolation methods in one channel
03:01:59 | WARNING: Baking animation because there are keyframes with different interpolation methods in one channel
03:01:59 | WARNING: Baking animation because there are keyframes with different interpolation methods in one channel
03:01:59 | WARNING: Baking animation because there are keyframes with different interpolation methods in one channel
03:01:59 | WARNING: Baking animation because there are keyframes with different interpolation methods in one channel
03:01:59 | WARNING: Baking animation because there are keyframes with different interpolation methods in one channel
03:01:59 | WARNING: Baking animation because there are keyframes with different interpolation methods in one channel
03:01:59 | WARNING: Baking animation because there are keyframes with different interpolation methods in one channel
03:01:59 | WARNING: Baking animation because there are keyframes with different interpolation methods in one channel
03:01:59 | WARNING: Baking animation because there are keyframes with different interpolation methods in one channel
03:01:59 | WARNING: Baking animation because there are keyframes with different interpolation methods in one channel
03:01:59 | WARNING: Baking animation because there are keyframes with different interpolation methods in one channel
03:02:02 | WARNING: Baking animation because there are keyframes with different interpolation methods in one channel
03:02:02 | WARNING: Baking animation because there are keyframes with different interpolation methods in one channel
03:02:02 | WARNING: Baking animation because there are keyframes with different interpolation methods in one channel
03:02:02 | WARNING: Baking animation because there are keyframes with different interpolation methods in one channel
03:02:02 | WARNING: Baking animation because there are keyframes with different interpolation methods in one channel
03:02:02 | WARNING: Baking animation because there are keyframes with different interpolation methods in one channel
03:02:02 | WARNING: Baking animation because there are keyframes with different interpolation methods in one channel
03:02:02 | WARNING: Baking animation because there are keyframes with different interpolation methods in one channel
03:02:02 | WARNING: Baking animation because there are keyframes with different interpolation methods in one channel
03:02:02 | WARNING: Baking animation because there are keyframes with different interpolation methods in one channel
03:02:02 | WARNING: Baking animation because there are keyframes with different interpolation methods in one channel
03:02:02 | WARNING: Baking animation because there are keyframes with different interpolation methods in one channel
03:02:02 | WARNING: Baking animation because there are keyframes with different interpolation methods in one channel
03:02:02 | WARNING: Baking animation because there are keyframes with different interpolation methods in one channel
03:02:02 | WARNING: Baking animation because there are keyframes with different interpolation methods in one channel
03:02:02 | WARNING: Baking animation because there are keyframes with different interpolation methods in one channel
03:02:02 | WARNING: Baking animation because there are keyframes with different interpolation methods in one channel
03:02:02 | WARNING: Baking animation because there are keyframes with different interpolation methods in one channel
03:02:02 | WARNING: Baking animation because there are keyframes with different interpolation methods in one channel
03:02:02 | WARNING: Baking animation because there are keyframes with different interpolation methods in one channel
03:02:02 | WARNING: Baking animation because there are keyframes with different interpolation methods in one channel
03:02:02 | WARNING: Baking animation because there are keyframes with different interpolation methods in one channel
03:02:02 | WARNING: Baking animation because there are keyframes with different interpolation methods in one channel
03:02:02 | WARNING: Baking animation because there are keyframes with different interpolation methods in one channel
03:02:02 | WARNING: Baking animation because there are keyframes with different interpolation methods in one channel
03:02:02 | WARNING: Baking animation because there are keyframes with different interpolation methods in one channel
03:02:02 | WARNING: Baking animation because there are keyframes with different interpolation methods in one channel
03:02:02 | WARNING: Baking animation because there are keyframes with different interpolation methods in one channel
03:02:02 | WARNING: Baking animation because there are keyframes with different interpolation methods in one channel
03:02:02 | WARNING: Baking animation because there are keyframes with different interpolation methods in one channel
03:02:02 | WARNING: Baking animation because there are keyframes with different interpolation methods in one channel
03:02:02 | WARNING: Baking animation because there are keyframes with different interpolation methods in one channel
03:02:02 | WARNING: Baking animation because there are keyframes with different interpolation methods in one channel
03:02:02 | WARNING: Baking animation because there are keyframes with different interpolation methods in one channel
03:02:02 | WARNING: Baking animation because there are keyframes with different interpolation methods in one channel
03:02:02 | WARNING: Baking animation because there are keyframes with different interpolation methods in one channel
03:02:02 | WARNING: Baking animation because there are keyframes with different interpolation methods in one channel
03:02:02 | WARNING: Baking animation because there are keyframes with different interpolation methods in one channel
03:02:02 | WARNING: Baking animation because there are keyframes with different interpolation methods in one channel
03:02:02 | WARNING: Baking animation because there are keyframes with different interpolation methods in one channel
03:02:02 | WARNING: Baking animation because there are keyframes with different interpolation methods in one channel
03:02:02 | WARNING: Baking animation because there are keyframes with different interpolation methods in one channel
03:02:02 | WARNING: Baking animation because there are keyframes with different interpolation methods in one channel
03:02:02 | WARNING: Baking animation because there are keyframes with different interpolation methods in one channel
03:02:02 | WARNING: Baking animation because there are keyframes with different interpolation methods in one channel
03:02:02 | WARNING: Baking animation because there are keyframes with different interpolation methods in one channel
03:02:02 | WARNING: Baking animation because there are keyframes with different interpolation methods in one channel
03:02:02 | WARNING: Baking animation because there are keyframes with different interpolation methods in one channel
03:02:02 | WARNING: Baking animation because there are keyframes with different interpolation methods in one channel
03:02:02 | WARNING: Baking animation because there are keyframes with different interpolation methods in one channel
03:02:02 | WARNING: Baking animation because there are keyframes with different interpolation methods in one channel
03:02:02 | WARNING: Baking animation because there are keyframes with different interpolation methods in one channel
03:02:02 | WARNING: Baking animation because there are keyframes with different interpolation methods in one channel
03:02:03 | WARNING: Baking animation because there are keyframes with different interpolation methods in one channel
03:02:03 | WARNING: Baking animation because there are keyframes with different interpolation methods in one channel
03:02:03 | WARNING: Baking animation because there are keyframes with different interpolation methods in one channel
03:02:03 | WARNING: Baking animation because there are keyframes with different interpolation methods in one channel
03:02:03 | WARNING: Baking animation because there are keyframes with different interpolation methods in one channel
03:02:03 | WARNING: Baking animation because there are keyframes with different interpolation methods in one channel
03:02:03 | WARNING: Baking animation because there are keyframes with different interpolation methods in one channel
03:02:03 | WARNING: Baking animation because there are keyframes with different interpolation methods in one channel
03:02:03 | WARNING: Baking animation because there are keyframes with different interpolation methods in one channel
03:02:03 | WARNING: Baking animation because there are keyframes with different interpolation methods in one channel
03:02:03 | WARNING: Baking animation because there are keyframes with different interpolation methods in one channel
03:02:03 | WARNING: Baking animation because there are keyframes with different interpolation methods in one channel
03:02:03 | WARNING: Baking animation because there are keyframes with different interpolation methods in one channel
03:02:03 | WARNING: Baking animation because there are keyframes with different interpolation methods in one channel
03:02:03 | WARNING: Baking animation because there are keyframes with different interpolation methods in one channel
03:02:03 | WARNING: Baking animation because there are keyframes with different interpolation methods in one channel
03:02:03 | WARNING: Baking animation because there are keyframes with different interpolation methods in one channel
03:02:03 | WARNING: Baking animation because there are keyframes with different interpolation methods in one channel
03:02:03 | WARNING: Baking animation because there are keyframes with different interpolation methods in one channel
03:02:03 | WARNING: Baking animation because there are keyframes with different interpolation methods in one channel
03:02:03 | WARNING: Baking animation because there are keyframes with different interpolation methods in one channel
03:02:03 | WARNING: Baking animation because there are keyframes with different interpolation methods in one channel
03:02:03 | WARNING: Baking animation because there are keyframes with different interpolation methods in one channel
03:02:03 | WARNING: Baking animation because there are keyframes with different interpolation methods in one channel
03:02:03 | WARNING: Baking animation because there are keyframes with different interpolation methods in one channel
03:02:03 | WARNING: Baking animation because there are keyframes with different interpolation methods in one channel
03:02:03 | WARNING: Baking animation because there are keyframes with different interpolation methods in one channel
03:02:03 | WARNING: Baking animation because there are keyframes with different interpolation methods in one channel
03:02:03 | WARNING: Baking animation because there are keyframes with different interpolation methods in one channel
03:02:03 | WARNING: Baking animation because there are keyframes with different interpolation methods in one channel
03:02:03 | WARNING: Baking animation because there are keyframes with different interpolation methods in one channel
03:02:03 | WARNING: Baking animation because there are keyframes with different interpolation methods in one channel
03:02:03 | WARNING: Baking animation because there are keyframes with different interpolation methods in one channel
03:02:03 | WARNING: Baking animation because there are keyframes with different interpolation methods in one channel
03:02:03 | WARNING: Baking animation because there are keyframes with different interpolation methods in one channel
03:02:03 | WARNING: Baking animation because there are keyframes with different interpolation methods in one channel
03:02:03 | WARNING: Baking animation because there are keyframes with different interpolation methods in one channel
03:02:03 | WARNING: Baking animation because there are keyframes with different interpolation methods in one channel
03:02:03 | WARNING: Baking animation because there are keyframes with different interpolation methods in one channel
03:02:03 | WARNING: Baking animation because there are keyframes with different interpolation methods in one channel
03:02:03 | WARNING: Baking animation because there are keyframes with different interpolation methods in one channel
03:02:03 | WARNING: Baking animation because there are keyframes with different interpolation methods in one channel
03:02:03 | WARNING: Baking animation because there are keyframes with different interpolation methods in one channel
03:02:03 | WARNING: Baking animation because there are keyframes with different interpolation methods in one channel
03:02:03 | WARNING: Baking animation because there are keyframes with different interpolation methods in one channel
03:02:03 | WARNING: Baking animation because there are keyframes with different interpolation methods in one channel
03:02:03 | WARNING: Baking animation because there are keyframes with different interpolation methods in one channel
03:02:03 | WARNING: Baking animation because there are keyframes with different interpolation methods in one channel
03:02:03 | WARNING: Baking animation because there are keyframes with different interpolation methods in one channel
03:02:03 | WARNING: Baking animation because there are keyframes with different interpolation methods in one channel
03:02:03 | WARNING: Baking animation because there are keyframes with different interpolation methods in one channel
03:02:03 | WARNING: Baking animation because there are keyframes with different interpolation methods in one channel
03:02:03 | WARNING: Baking animation because there are keyframes with different interpolation methods in one channel
03:02:06 | WARNING: Baking animation because there are keyframes with different interpolation methods in one channel
03:02:06 | WARNING: Baking animation because there are keyframes with different interpolation methods in one channel
03:02:06 | WARNING: Baking animation because there are keyframes with different interpolation methods in one channel
03:02:06 | WARNING: Baking animation because there are keyframes with different interpolation methods in one channel
03:02:06 | WARNING: Baking animation because there are keyframes with different interpolation methods in one channel
03:02:06 | WARNING: Baking animation because there are keyframes with different interpolation methods in one channel
03:02:06 | WARNING: Baking animation because there are keyframes with different interpolation methods in one channel
03:02:06 | WARNING: Baking animation because there are keyframes with different interpolation methods in one channel
03:02:06 | WARNING: Baking animation because there are keyframes with different interpolation methods in one channel
03:02:06 | WARNING: Baking animation because there are keyframes with different interpolation methods in one channel
03:02:06 | WARNING: Baking animation because there are keyframes with different interpolation methods in one channel
03:02:06 | WARNING: Baking animation because there are keyframes with different interpolation methods in one channel
03:02:06 | WARNING: Baking animation because there are keyframes with different interpolation methods in one channel
03:02:06 | WARNING: Baking animation because there are keyframes with different interpolation methods in one channel
03:02:06 | WARNING: Baking animation because there are keyframes with different interpolation methods in one channel
03:02:06 | WARNING: Baking animation because there are keyframes with different interpolation methods in one channel
03:02:06 | WARNING: Baking animation because there are keyframes with different interpolation methods in one channel
03:02:06 | WARNING: Baking animation because there are keyframes with different interpolation methods in one channel
03:02:06 | WARNING: Baking animation because there are keyframes with different interpolation methods in one channel
03:02:06 | WARNING: Baking animation because there are keyframes with different interpolation methods in one channel
03:02:06 | WARNING: Baking animation because there are keyframes with different interpolation methods in one channel
03:02:06 | WARNING: Baking animation because there are keyframes with different interpolation methods in one channel
03:02:06 | WARNING: Baking animation because there are keyframes with different interpolation methods in one channel
03:02:06 | WARNING: Baking animation because there are keyframes with different interpolation methods in one channel
03:02:06 | WARNING: Baking animation because there are keyframes with different interpolation methods in one channel
03:02:06 | WARNING: Baking animation because there are keyframes with different interpolation methods in one channel
03:02:06 | WARNING: Baking animation because there are keyframes with different interpolation methods in one channel
03:02:06 | WARNING: Baking animation because there are keyframes with different interpolation methods in one channel
03:02:06 | WARNING: Baking animation because there are keyframes with different interpolation methods in one channel
03:02:06 | WARNING: Baking animation because there are keyframes with different interpolation methods in one channel
03:02:06 | WARNING: Baking animation because there are keyframes with different interpolation methods in one channel
03:02:06 | WARNING: Baking animation because there are keyframes with different interpolation methods in one channel
03:02:06 | WARNING: Baking animation because there are keyframes with different interpolation methods in one channel
03:02:06 | WARNING: Baking animation because there are keyframes with different interpolation methods in one channel
03:02:06 | WARNING: Baking animation because there are keyframes with different interpolation methods in one channel
03:02:06 | WARNING: Baking animation because there are keyframes with different interpolation methods in one channel
03:02:06 | WARNING: Baking animation because there are keyframes with different interpolation methods in one channel
03:02:06 | WARNING: Baking animation because there are keyframes with different interpolation methods in one channel
03:02:06 | WARNING: Baking animation because there are keyframes with different interpolation methods in one channel
03:02:06 | WARNING: Baking animation because there are keyframes with different interpolation methods in one channel
03:02:06 | WARNING: Baking animation because there are keyframes with different interpolation methods in one channel
03:02:06 | WARNING: Baking animation because there are keyframes with different interpolation methods in one channel
03:02:06 | WARNING: Baking animation because there are keyframes with different interpolation methods in one channel
03:02:06 | WARNING: Baking animation because there are keyframes with different interpolation methods in one channel
03:02:06 | WARNING: Baking animation because there are keyframes with different interpolation methods in one channel
03:02:06 | WARNING: Baking animation because there are keyframes with different interpolation methods in one channel
03:02:06 | WARNING: Baking animation because there are keyframes with different interpolation methods in one channel
03:02:06 | WARNING: Baking animation because there are keyframes with different interpolation methods in one channel
03:02:06 | WARNING: Baking animation because there are keyframes with different interpolation methods in one channel
03:02:06 | WARNING: Baking animation because there are keyframes with different interpolation methods in one channel
03:02:06 | WARNING: Baking animation because there are keyframes with different interpolation methods in one channel
03:02:06 | WARNING: Baking animation because there are keyframes with different interpolation methods in one channel
03:02:06 | WARNING: Baking animation because there are keyframes with different interpolation methods in one channel
03:02:06 | WARNING: Baking animation because there are keyframes with different interpolation methods in one channel
03:02:06 | WARNING: Baking animation because there are keyframes with different interpolation methods in one channel
03:02:06 | WARNING: Baking animation because there are keyframes with different interpolation methods in one channel
03:02:06 | WARNING: Baking animation because there are keyframes with different interpolation methods in one channel
03:02:06 | WARNING: Baking animation because there are keyframes with different interpolation methods in one channel
03:02:06 | WARNING: Baking animation because there are keyframes with different interpolation methods in one channel
03:02:06 | WARNING: Baking animation because there are keyframes with different interpolation methods in one channel
03:02:06 | WARNING: Baking animation because there are keyframes with different interpolation methods in one channel
03:02:06 | WARNING: Baking animation because there are keyframes with different interpolation methods in one channel
03:02:06 | WARNING: Baking animation because there are keyframes with different interpolation methods in one channel
03:02:06 | WARNING: Baking animation because there are keyframes with different interpolation methods in one channel
03:02:06 | WARNING: Baking animation because there are keyframes with different interpolation methods in one channel
03:02:06 | WARNING: Baking animation because there are keyframes with different interpolation methods in one channel
03:02:06 | WARNING: Baking animation because there are keyframes with different interpolation methods in one channel
03:02:06 | WARNING: Baking animation because there are keyframes with different interpolation methods in one channel
03:02:06 | WARNING: Baking animation because there are keyframes with different interpolation methods in one channel
03:02:06 | WARNING: Baking animation because there are keyframes with different interpolation methods in one channel
03:02:06 | WARNING: Baking animation because there are keyframes with different interpolation methods in one channel
03:02:06 | WARNING: Baking animation because there are keyframes with different interpolation methods in one channel
03:02:06 | WARNING: Baking animation because there are keyframes with different interpolation methods in one channel
03:02:06 | WARNING: Baking animation because there are keyframes with different interpolation methods in one channel
03:02:06 | WARNING: Baking animation because there are keyframes with different interpolation methods in one channel
03:02:06 | WARNING: Baking animation because there are keyframes with different interpolation methods in one channel
03:02:06 | WARNING: Baking animation because there are keyframes with different interpolation methods in one channel
03:02:06 | WARNING: Baking animation because there are keyframes with different interpolation methods in one channel
03:02:06 | WARNING: Baking animation because there are keyframes with different interpolation methods in one channel
03:02:06 | WARNING: Baking animation because there are keyframes with different interpolation methods in one channel
03:02:06 | WARNING: Baking animation because there are keyframes with different interpolation methods in one channel
03:02:06 | WARNING: Baking animation because there are keyframes with different interpolation methods in one channel
03:02:06 | WARNING: Baking animation because there are keyframes with different interpolation methods in one channel
03:02:06 | WARNING: Baking animation because there are keyframes with different interpolation methods in one channel
03:02:06 | WARNING: Baking animation because there are keyframes with different interpolation methods in one channel
03:02:06 | WARNING: Baking animation because there are keyframes with different interpolation methods in one channel
03:02:06 | WARNING: Baking animation because there are keyframes with different interpolation methods in one channel
03:02:06 | WARNING: Baking animation because there are keyframes with different interpolation methods in one channel
03:02:06 | WARNING: Baking animation because there are keyframes with different interpolation methods in one channel
03:02:06 | WARNING: Baking animation because there are keyframes with different interpolation methods in one channel
03:02:06 | WARNING: Baking animation because there are keyframes with different interpolation methods in one channel
03:02:06 | WARNING: Baking animation because there are keyframes with different interpolation methods in one channel
03:02:06 | WARNING: Baking animation because there are keyframes with different interpolation methods in one channel
03:02:06 | WARNING: Baking animation because there are keyframes with different interpolation methods in one channel
03:02:06 | WARNING: Baking animation because there are keyframes with different interpolation methods in one channel
03:02:06 | WARNING: Baking animation because there are keyframes with different interpolation methods in one channel
03:02:06 | WARNING: Baking animation because there are keyframes with different interpolation methods in one channel
03:02:06 | WARNING: Baking animation because there are keyframes with different interpolation methods in one channel
03:02:06 | WARNING: Baking animation because there are keyframes with different interpolation methods in one channel
03:02:06 | WARNING: Baking animation because there are keyframes with different interpolation methods in one channel
03:02:06 | WARNING: Baking animation because there are keyframes with different interpolation methods in one channel
03:02:06 | WARNING: Baking animation because there are keyframes with different interpolation methods in one channel
03:02:06 | WARNING: Baking animation because there are keyframes with different interpolation methods in one channel
03:02:06 | WARNING: Baking animation because there are keyframes with different interpolation methods in one channel
03:02:06 | WARNING: Baking animation because there are keyframes with different interpolation methods in one channel
03:02:06 | WARNING: Baking animation because there are keyframes with different interpolation methods in one channel
03:02:06 | WARNING: Baking animation because there are keyframes with different interpolation methods in one channel
03:02:06 | WARNING: Baking animation because there are keyframes with different interpolation methods in one channel
03:02:06 | WARNING: Baking animation because there are keyframes with different interpolation methods in one channel
03:02:06 | WARNING: Baking animation because there are keyframes with different interpolation methods in one channel
03:02:06 | WARNING: Baking animation because there are keyframes with different interpolation methods in one channel
03:02:06 | WARNING: Baking animation because there are keyframes with different interpolation methods in one channel
03:02:06 | WARNING: Baking animation because there are keyframes with different interpolation methods in one channel
03:02:06 | WARNING: Baking animation because there are keyframes with different interpolation methods in one channel
03:02:06 | WARNING: Baking animation because there are keyframes with different interpolation methods in one channel
03:02:06 | WARNING: Baking animation because there are keyframes with different interpolation methods in one channel
03:02:06 | WARNING: Baking animation because there are keyframes with different interpolation methods in one channel
03:02:06 | WARNING: Baking animation because there are keyframes with different interpolation methods in one channel
03:02:06 | WARNING: Baking animation because there are keyframes with different interpolation methods in one channel
03:02:06 | WARNING: Baking animation because there are keyframes with different interpolation methods in one channel
03:02:06 | WARNING: Baking animation because there are keyframes with different interpolation methods in one channel
03:02:06 | WARNING: Baking animation because there are keyframes with different interpolation methods in one channel
03:02:06 | WARNING: Baking animation because there are keyframes with different interpolation methods in one channel
03:02:06 | WARNING: Baking animation because there are keyframes with different interpolation methods in one channel
03:02:06 | WARNING: Baking animation because there are keyframes with different interpolation methods in one channel
03:02:06 | WARNING: Baking animation because there are keyframes with different interpolation methods in one channel
03:02:06 | WARNING: Baking animation because there are keyframes with different interpolation methods in one channel
03:02:06 | WARNING: Baking animation because there are keyframes with different interpolation methods in one channel
03:02:06 | WARNING: Baking animation because there are keyframes with different interpolation methods in one channel
03:02:06 | WARNING: Baking animation because there are keyframes with different interpolation methods in one channel
03:02:06 | WARNING: Baking animation because there are keyframes with different interpolation methods in one channel
03:02:06 | WARNING: Baking animation because there are keyframes with different interpolation methods in one channel
03:02:06 | WARNING: Baking animation because there are keyframes with different interpolation methods in one channel
03:02:06 | WARNING: Baking animation because there are keyframes with different interpolation methods in one channel
03:02:06 | WARNING: Baking animation because there are keyframes with different interpolation methods in one channel
03:02:06 | WARNING: Baking animation because there are keyframes with different interpolation methods in one channel
03:02:06 | WARNING: Baking animation because there are keyframes with different interpolation methods in one channel
03:02:06 | WARNING: Baking animation because there are keyframes with different interpolation methods in one channel
03:02:06 | WARNING: Baking animation because there are keyframes with different interpolation methods in one channel
03:02:06 | WARNING: Baking animation because there are keyframes with different interpolation methods in one channel
03:02:06 | WARNING: Baking animation because there are keyframes with different interpolation methods in one channel
03:02:06 | WARNING: Baking animation because there are keyframes with different interpolation methods in one channel
03:02:06 | WARNING: Baking animation because there are keyframes with different interpolation methods in one channel
03:02:06 | WARNING: Baking animation because there are keyframes with different interpolation methods in one channel
03:02:06 | WARNING: Baking animation because there are keyframes with different interpolation methods in one channel
03:02:06 | WARNING: Baking animation because there are keyframes with different interpolation methods in one channel
03:02:06 | WARNING: Baking animation because there are keyframes with different interpolation methods in one channel
03:02:06 | WARNING: Baking animation because there are keyframes with different interpolation methods in one channel
03:02:06 | WARNING: Baking animation because there are keyframes with different interpolation methods in one channel
03:02:06 | WARNING: Baking animation because there are keyframes with different interpolation methods in one channel
03:02:06 | WARNING: Baking animation because there are keyframes with different interpolation methods in one channel
03:02:06 | WARNING: Baking animation because there are keyframes with different interpolation methods in one channel
03:02:06 | WARNING: Baking animation because there are keyframes with different interpolation methods in one channel
03:02:06 | WARNING: Baking animation because there are keyframes with different interpolation methods in one channel
03:02:06 | WARNING: Baking animation because there are keyframes with different interpolation methods in one channel
03:02:06 | WARNING: Baking animation because there are keyframes with different interpolation methods in one channel
03:02:06 | WARNING: Baking animation because there are keyframes with different interpolation methods in one channel
03:02:06 | WARNING: Baking animation because there are keyframes with different interpolation methods in one channel
03:02:06 | WARNING: Baking animation because there are keyframes with different interpolation methods in one channel
03:02:07 | WARNING: Baking animation because there are keyframes with different interpolation methods in one channel
03:02:07 | WARNING: Baking animation because there are keyframes with different interpolation methods in one channel
03:02:07 | WARNING: Baking animation because there are keyframes with different interpolation methods in one channel
03:02:07 | WARNING: Baking animation because there are keyframes with different interpolation methods in one channel
03:02:07 | WARNING: Baking animation because there are keyframes with different interpolation methods in one channel
03:02:07 | WARNING: Baking animation because there are keyframes with different interpolation methods in one channel
03:02:07 | WARNING: Baking animation because there are keyframes with different interpolation methods in one channel
03:02:07 | WARNING: Baking animation because there are keyframes with different interpolation methods in one channel
03:02:07 | WARNING: Baking animation because there are keyframes with different interpolation methods in one channel
03:02:07 | WARNING: Baking animation because there are keyframes with different interpolation methods in one channel
03:02:07 | WARNING: Baking animation because there are keyframes with different interpolation methods in one channel
03:02:07 | WARNING: Baking animation because there are keyframes with different interpolation methods in one channel
03:02:07 | WARNING: Baking animation because there are keyframes with different interpolation methods in one channel
03:02:07 | WARNING: Baking animation because there are keyframes with different interpolation methods in one channel
03:02:07 | WARNING: Baking animation because there are keyframes with different interpolation methods in one channel
03:02:07 | WARNING: Baking animation because there are keyframes with different interpolation methods in one channel
03:02:07 | WARNING: Baking animation because there are keyframes with different interpolation methods in one channel
03:02:07 | WARNING: Baking animation because there are keyframes with different interpolation methods in one channel
03:02:07 | WARNING: Baking animation because there are keyframes with different interpolation methods in one channel
03:02:07 | WARNING: Baking animation because there are keyframes with different interpolation methods in one channel
03:02:07 | WARNING: Baking animation because there are keyframes with different interpolation methods in one channel
03:02:07 | WARNING: Baking animation because there are keyframes with different interpolation methods in one channel
03:02:07 | WARNING: Baking animation because there are keyframes with different interpolation methods in one channel
03:02:07 | WARNING: Baking animation because there are keyframes with different interpolation methods in one channel
03:02:07 | WARNING: Baking animation because there are keyframes with different interpolation methods in one channel
03:02:07 | WARNING: Baking animation because there are keyframes with different interpolation methods in one channel
03:02:07 | WARNING: Baking animation because there are keyframes with different interpolation methods in one channel
03:02:07 | WARNING: Baking animation because there are keyframes with different interpolation methods in one channel
03:02:07 | WARNING: Baking animation because there are keyframes with different interpolation methods in one channel
03:02:07 | WARNING: Baking animation because there are keyframes with different interpolation methods in one channel
03:02:07 | WARNING: Baking animation because there are keyframes with different interpolation methods in one channel
03:02:07 | WARNING: Baking animation because there are keyframes with different interpolation methods in one channel
03:02:07 | WARNING: Baking animation because there are keyframes with different interpolation methods in one channel
03:02:07 | WARNING: Baking animation because there are keyframes with different interpolation methods in one channel
03:02:07 | WARNING: Baking animation because there are keyframes with different interpolation methods in one channel
03:02:07 | WARNING: Baking animation because there are keyframes with different interpolation methods in one channel
03:02:07 | WARNING: Baking animation because there are keyframes with different interpolation methods in one channel
03:02:07 | WARNING: Baking animation because there are keyframes with different interpolation methods in one channel
03:02:07 | WARNING: Baking animation because there are keyframes with different interpolation methods in one channel
03:02:07 | WARNING: Baking animation because there are keyframes with different interpolation methods in one channel
03:02:07 | WARNING: Baking animation because there are keyframes with different interpolation methods in one channel
03:02:07 | WARNING: Baking animation because there are keyframes with different interpolation methods in one channel
03:02:07 | WARNING: Baking animation because there are keyframes with different interpolation methods in one channel
03:02:07 | WARNING: Baking animation because there are keyframes with different interpolation methods in one channel
03:02:07 | WARNING: Baking animation because there are keyframes with different interpolation methods in one channel
03:02:07 | WARNING: Baking animation because there are keyframes with different interpolation methods in one channel
03:02:07 | WARNING: Baking animation because there are keyframes with different interpolation methods in one channel
03:02:07 | WARNING: Baking animation because there are keyframes with different interpolation methods in one channel
03:02:07 | WARNING: Baking animation because there are keyframes with different interpolation methods in one channel
03:02:07 | WARNING: Baking animation because there are keyframes with different interpolation methods in one channel
03:02:07 | WARNING: Baking animation because there are keyframes with different interpolation methods in one channel
03:02:07 | WARNING: Baking animation because there are keyframes with different interpolation methods in one channel
03:02:07 | WARNING: Baking animation because there are keyframes with different interpolation methods in one channel
03:02:07 | WARNING: Baking animation because there are keyframes with different interpolation methods in one channel
03:02:07 | WARNING: Baking animation because there are keyframes with different interpolation methods in one channel
03:02:07 | WARNING: Baking animation because there are keyframes with different interpolation methods in one channel
03:02:07 | WARNING: Baking animation because there are keyframes with different interpolation methods in one channel
03:02:07 | WARNING: Baking animation because there are keyframes with different interpolation methods in one channel
03:02:07 | WARNING: Baking animation because there are keyframes with different interpolation methods in one channel
03:02:07 | WARNING: Baking animation because there are keyframes with different interpolation methods in one channel
03:02:07 | WARNING: Baking animation because there are keyframes with different interpolation methods in one channel
03:02:07 | WARNING: Baking animation because there are keyframes with different interpolation methods in one channel
03:02:07 | WARNING: Baking animation because there are keyframes with different interpolation methods in one channel
03:02:07 | WARNING: Baking animation because there are keyframes with different interpolation methods in one channel
03:02:07 | WARNING: Baking animation because there are keyframes with different interpolation methods in one channel
03:02:07 | WARNING: Baking animation because there are keyframes with different interpolation methods in one channel
03:02:07 | WARNING: Baking animation because there are keyframes with different interpolation methods in one channel
03:02:07 | WARNING: Baking animation because there are keyframes with different interpolation methods in one channel
03:02:07 | WARNING: Baking animation because there are keyframes with different interpolation methods in one channel
03:02:07 | WARNING: Baking animation because there are keyframes with different interpolation methods in one channel
03:02:07 | WARNING: Baking animation because there are keyframes with different interpolation methods in one channel
03:02:07 | WARNING: Baking animation because there are keyframes with different interpolation methods in one channel
03:02:07 | WARNING: Baking animation because there are keyframes with different interpolation methods in one channel
03:02:07 | WARNING: Baking animation because there are keyframes with different interpolation methods in one channel
03:02:07 | WARNING: Baking animation because there are keyframes with different interpolation methods in one channel
03:02:07 | WARNING: Baking animation because there are keyframes with different interpolation methods in one channel
03:02:07 | WARNING: Baking animation because there are keyframes with different interpolation methods in one channel
03:02:07 | WARNING: Baking animation because there are keyframes with different interpolation methods in one channel
03:02:07 | WARNING: Baking animation because there are keyframes with different interpolation methods in one channel
03:02:07 | WARNING: Baking animation because there are keyframes with different interpolation methods in one channel
03:02:07 | WARNING: Baking animation because there are keyframes with different interpolation methods in one channel
03:02:07 | WARNING: Baking animation because there are keyframes with different interpolation methods in one channel
03:02:07 | WARNING: Baking animation because there are keyframes with different interpolation methods in one channel
03:02:07 | WARNING: Baking animation because there are keyframes with different interpolation methods in one channel
03:02:07 | WARNING: Baking animation because there are keyframes with different interpolation methods in one channel
03:02:07 | WARNING: Baking animation because there are keyframes with different interpolation methods in one channel
03:02:07 | WARNING: Baking animation because there are keyframes with different interpolation methods in one channel
03:02:07 | WARNING: Baking animation because there are keyframes with different interpolation methods in one channel
03:02:07 | WARNING: Baking animation because there are keyframes with different interpolation methods in one channel
03:02:07 | WARNING: Baking animation because there are keyframes with different interpolation methods in one channel
03:02:07 | WARNING: Baking animation because there are keyframes with different interpolation methods in one channel
03:02:07 | WARNING: Baking animation because there are keyframes with different interpolation methods in one channel
03:02:07 | WARNING: Baking animation because there are keyframes with different interpolation methods in one channel
03:02:07 | WARNING: Baking animation because there are keyframes with different interpolation methods in one channel
03:02:07 | WARNING: Baking animation because there are keyframes with different interpolation methods in one channel
03:02:07 | WARNING: Baking animation because there are keyframes with different interpolation methods in one channel
03:02:07 | WARNING: Baking animation because there are keyframes with different interpolation methods in one channel
03:02:07 | WARNING: Baking animation because there are keyframes with different interpolation methods in one channel
03:02:07 | WARNING: Baking animation because there are keyframes with different interpolation methods in one channel
03:02:07 | WARNING: Baking animation because there are keyframes with different interpolation methods in one channel
03:02:07 | WARNING: Baking animation because there are keyframes with different interpolation methods in one channel
03:02:07 | WARNING: Baking animation because there are keyframes with different interpolation methods in one channel
03:02:07 | WARNING: Baking animation because there are keyframes with different interpolation methods in one channel
03:02:07 | WARNING: Baking animation because there are keyframes with different interpolation methods in one channel
03:02:07 | WARNING: Baking animation because there are keyframes with different interpolation methods in one channel
03:02:07 | WARNING: Baking animation because there are keyframes with different interpolation methods in one channel
03:02:08 | WARNING: Baking animation because there are keyframes with different interpolation methods in one channel
03:02:08 | WARNING: Baking animation because there are keyframes with different interpolation methods in one channel
03:02:08 | WARNING: Baking animation because there are keyframes with different interpolation methods in one channel
03:02:08 | WARNING: Baking animation because there are keyframes with different interpolation methods in one channel
03:02:08 | WARNING: Baking animation because there are keyframes with different interpolation methods in one channel
03:02:08 | WARNING: Baking animation because there are keyframes with different interpolation methods in one channel
03:02:08 | WARNING: Baking animation because there are keyframes with different interpolation methods in one channel
03:02:08 | WARNING: Baking animation because there are keyframes with different interpolation methods in one channel
03:02:08 | WARNING: Baking animation because there are keyframes with different interpolation methods in one channel
03:02:08 | WARNING: Baking animation because there are keyframes with different interpolation methods in one channel
03:02:08 | WARNING: Baking animation because there are keyframes with different interpolation methods in one channel
03:02:08 | WARNING: Baking animation because there are keyframes with different interpolation methods in one channel
03:02:08 | WARNING: Baking animation because there are keyframes with different interpolation methods in one channel
03:02:08 | WARNING: Baking animation because there are keyframes with different interpolation methods in one channel
03:02:08 | WARNING: Baking animation because there are keyframes with different interpolation methods in one channel
03:02:08 | WARNING: Baking animation because there are keyframes with different interpolation methods in one channel
03:02:08 | WARNING: Baking animation because there are keyframes with different interpolation methods in one channel
03:02:08 | WARNING: Baking animation because there are keyframes with different interpolation methods in one channel
03:02:08 | WARNING: Baking animation because there are keyframes with different interpolation methods in one channel
03:02:08 | WARNING: Baking animation because there are keyframes with different interpolation methods in one channel
03:02:08 | WARNING: Baking animation because there are keyframes with different interpolation methods in one channel
03:02:08 | WARNING: Baking animation because there are keyframes with different interpolation methods in one channel
03:02:08 | WARNING: Baking animation because there are keyframes with different interpolation methods in one channel
03:02:08 | WARNING: Baking animation because there are keyframes with different interpolation methods in one channel
03:02:08 | WARNING: Baking animation because there are keyframes with different interpolation methods in one channel
03:02:08 | WARNING: Baking animation because there are keyframes with different interpolation methods in one channel
03:02:08 | WARNING: Baking animation because there are keyframes with different interpolation methods in one channel
03:02:08 | WARNING: Baking animation because there are keyframes with different interpolation methods in one channel
03:02:08 | WARNING: Baking animation because there are keyframes with different interpolation methods in one channel
03:02:08 | WARNING: Baking animation because there are keyframes with different interpolation methods in one channel
03:02:08 | WARNING: Baking animation because there are keyframes with different interpolation methods in one channel
03:02:08 | WARNING: Baking animation because there are keyframes with different interpolation methods in one channel
03:02:08 | WARNING: Baking animation because there are keyframes with different interpolation methods in one channel
03:02:08 | WARNING: Baking animation because there are keyframes with different interpolation methods in one channel
03:02:08 | WARNING: Baking animation because there are keyframes with different interpolation methods in one channel
03:02:08 | WARNING: Baking animation because there are keyframes with different interpolation methods in one channel
03:02:08 | WARNING: Baking animation because there are keyframes with different interpolation methods in one channel
03:02:08 | WARNING: Baking animation because there are keyframes with different interpolation methods in one channel
03:02:08 | WARNING: Baking animation because there are keyframes with different interpolation methods in one channel
03:02:08 | WARNING: Baking animation because there are keyframes with different interpolation methods in one channel
03:02:08 | WARNING: Baking animation because there are keyframes with different interpolation methods in one channel
03:02:08 | WARNING: Baking animation because there are keyframes with different interpolation methods in one channel
03:02:08 | WARNING: Baking animation because there are keyframes with different interpolation methods in one channel
03:02:08 | WARNING: Baking animation because there are keyframes with different interpolation methods in one channel
03:02:08 | WARNING: Baking animation because there are keyframes with different interpolation methods in one channel
03:02:08 | WARNING: Baking animation because there are keyframes with different interpolation methods in one channel
03:02:08 | WARNING: Baking animation because there are keyframes with different interpolation methods in one channel
03:02:08 | WARNING: Baking animation because there are keyframes with different interpolation methods in one channel
03:02:08 | WARNING: Baking animation because there are keyframes with different interpolation methods in one channel
03:02:08 | WARNING: Baking animation because there are keyframes with different interpolation methods in one channel
03:02:08 | WARNING: Baking animation because there are keyframes with different interpolation methods in one channel
03:02:08 | WARNING: Baking animation because there are keyframes with different interpolation methods in one channel
03:02:08 | WARNING: Baking animation because there are keyframes with different interpolation methods in one channel
03:02:08 | WARNING: Baking animation because there are keyframes with different interpolation methods in one channel
03:02:08 | WARNING: Baking animation because there are keyframes with different interpolation methods in one channel
03:02:08 | WARNING: Baking animation because there are keyframes with different interpolation methods in one channel
03:02:08 | WARNING: Baking animation because there are keyframes with different interpolation methods in one channel
03:02:08 | WARNING: Baking animation because there are keyframes with different interpolation methods in one channel
03:02:08 | WARNING: Baking animation because there are keyframes with different interpolation methods in one channel
03:02:08 | WARNING: Baking animation because there are keyframes with different interpolation methods in one channel
03:02:08 | WARNING: Baking animation because there are keyframes with different interpolation methods in one channel
03:02:08 | WARNING: Baking animation because there are keyframes with different interpolation methods in one channel
03:02:08 | WARNING: Baking animation because there are keyframes with different interpolation methods in one channel
03:02:08 | WARNING: Baking animation because there are keyframes with different interpolation methods in one channel
03:02:08 | WARNING: Baking animation because there are keyframes with different interpolation methods in one channel
03:02:08 | WARNING: Baking animation because there are keyframes with different interpolation methods in one channel
03:02:08 | WARNING: Baking animation because there are keyframes with different interpolation methods in one channel
03:02:08 | WARNING: Baking animation because there are keyframes with different interpolation methods in one channel
03:02:08 | WARNING: Baking animation because there are keyframes with different interpolation methods in one channel
03:02:08 | WARNING: Baking animation because there are keyframes with different interpolation methods in one channel
03:02:08 | WARNING: Baking animation because there are keyframes with different interpolation methods in one channel
03:02:08 | WARNING: Baking animation because there are keyframes with different interpolation methods in one channel
03:02:08 | WARNING: Baking animation because there are keyframes with different interpolation methods in one channel
03:02:08 | WARNING: Baking animation because there are keyframes with different interpolation methods in one channel
03:02:08 | WARNING: Baking animation because there are keyframes with different interpolation methods in one channel
03:02:08 | WARNING: Baking animation because there are keyframes with different interpolation methods in one channel
03:02:08 | WARNING: Baking animation because there are keyframes with different interpolation methods in one channel
03:02:08 | WARNING: Baking animation because there are keyframes with different interpolation methods in one channel
03:02:08 | WARNING: Baking animation because there are keyframes with different interpolation methods in one channel
03:02:08 | WARNING: Baking animation because there are keyframes with different interpolation methods in one channel
03:02:08 | WARNING: Baking animation because there are keyframes with different interpolation methods in one channel
03:02:08 | WARNING: Baking animation because there are keyframes with different interpolation methods in one channel
03:02:08 | WARNING: Baking animation because there are keyframes with different interpolation methods in one channel
03:02:08 | WARNING: Baking animation because there are keyframes with different interpolation methods in one channel
03:02:08 | WARNING: Baking animation because there are keyframes with different interpolation methods in one channel
03:02:08 | WARNING: Baking animation because there are keyframes with different interpolation methods in one channel
03:02:08 | WARNING: Baking animation because there are keyframes with different interpolation methods in one channel
03:02:08 | WARNING: Baking animation because there are keyframes with different interpolation methods in one channel
03:02:08 | WARNING: Baking animation because there are keyframes with different interpolation methods in one channel
03:02:08 | WARNING: Baking animation because there are keyframes with different interpolation methods in one channel
03:02:08 | WARNING: Baking animation because there are keyframes with different interpolation methods in one channel
03:02:08 | WARNING: Baking animation because there are keyframes with different interpolation methods in one channel
03:02:08 | WARNING: Baking animation because there are keyframes with different interpolation methods in one channel
03:02:08 | WARNING: Baking animation because there are keyframes with different interpolation methods in one channel
03:02:08 | WARNING: Baking animation because there are keyframes with different interpolation methods in one channel
03:02:08 | WARNING: Baking animation because there are keyframes with different interpolation methods in one channel
03:02:08 | WARNING: Baking animation because there are keyframes with different interpolation methods in one channel
03:02:08 | WARNING: Baking animation because there are keyframes with different interpolation methods in one channel
03:02:08 | WARNING: Baking animation because there are keyframes with different interpolation methods in one channel
03:02:08 | WARNING: Baking animation because there are keyframes with different interpolation methods in one channel
03:02:08 | WARNING: Baking animation because there are keyframes with different interpolation methods in one channel
03:02:08 | WARNING: Baking animation because there are keyframes with different interpolation methods in one channel
03:02:08 | WARNING: Baking animation because there are keyframes with different interpolation methods in one channel
03:02:08 | WARNING: Baking animation because there are keyframes with different interpolation methods in one channel
03:02:08 | WARNING: Baking animation because there are keyframes with different interpolation methods in one channel
03:02:08 | WARNING: Baking animation because there are keyframes with different interpolation methods in one channel
03:02:09 | WARNING: Baking animation because there are keyframes with different interpolation methods in one channel
03:02:09 | WARNING: Baking animation because there are keyframes with different interpolation methods in one channel
03:02:09 | WARNING: Baking animation because there are keyframes with different interpolation methods in one channel
03:02:09 | WARNING: Baking animation because there are keyframes with different interpolation methods in one channel
03:02:09 | WARNING: Baking animation because there are keyframes with different interpolation methods in one channel
03:02:09 | WARNING: Baking animation because there are keyframes with different interpolation methods in one channel
03:02:09 | WARNING: Baking animation because there are keyframes with different interpolation methods in one channel
03:02:09 | WARNING: Baking animation because there are keyframes with different interpolation methods in one channel
03:02:09 | WARNING: Baking animation because there are keyframes with different interpolation methods in one channel
03:02:09 | WARNING: Baking animation because there are keyframes with different interpolation methods in one channel
03:02:09 | WARNING: Baking animation because there are keyframes with different interpolation methods in one channel
03:02:09 | WARNING: Baking animation because there are keyframes with different interpolation methods in one channel
03:02:09 | WARNING: Baking animation because there are keyframes with different interpolation methods in one channel
03:02:09 | WARNING: Baking animation because there are keyframes with different interpolation methods in one channel
03:02:09 | WARNING: Baking animation because there are keyframes with different interpolation methods in one channel
03:02:09 | WARNING: Baking animation because there are keyframes with different interpolation methods in one channel
03:02:09 | WARNING: Baking animation because there are keyframes with different interpolation methods in one channel
03:02:09 | WARNING: Baking animation because there are keyframes with different interpolation methods in one channel
03:02:09 | WARNING: Baking animation because there are keyframes with different interpolation methods in one channel
03:02:09 | WARNING: Baking animation because there are keyframes with different interpolation methods in one channel
03:02:09 | WARNING: Baking animation because there are keyframes with different interpolation methods in one channel
03:02:09 | WARNING: Baking animation because there are keyframes with different interpolation methods in one channel
03:02:09 | WARNING: Baking animation because there are keyframes with different interpolation methods in one channel
03:02:09 | WARNING: Baking animation because there are keyframes with different interpolation methods in one channel
03:02:09 | WARNING: Baking animation because there are keyframes with different interpolation methods in one channel
03:02:09 | WARNING: Baking animation because there are keyframes with different interpolation methods in one channel
03:02:09 | WARNING: Baking animation because there are keyframes with different interpolation methods in one channel
03:02:09 | WARNING: Baking animation because there are keyframes with different interpolation methods in one channel
03:02:09 | WARNING: Baking animation because there are keyframes with different interpolation methods in one channel
03:02:09 | WARNING: Baking animation because there are keyframes with different interpolation methods in one channel
03:02:09 | WARNING: Baking animation because there are keyframes with different interpolation methods in one channel
03:02:09 | WARNING: Baking animation because there are keyframes with different interpolation methods in one channel
03:02:09 | WARNING: Baking animation because there are keyframes with different interpolation methods in one channel
03:02:09 | WARNING: Baking animation because there are keyframes with different interpolation methods in one channel
03:02:09 | WARNING: Baking animation because there are keyframes with different interpolation methods in one channel
03:02:09 | WARNING: Baking animation because there are keyframes with different interpolation methods in one channel
03:02:09 | WARNING: Baking animation because there are keyframes with different interpolation methods in one channel
03:02:09 | WARNING: Baking animation because there are keyframes with different interpolation methods in one channel
03:02:09 | WARNING: Baking animation because there are keyframes with different interpolation methods in one channel
03:02:09 | WARNING: Baking animation because there are keyframes with different interpolation methods in one channel
03:02:09 | WARNING: Baking animation because there are keyframes with different interpolation methods in one channel
03:02:09 | WARNING: Baking animation because there are keyframes with different interpolation methods in one channel
03:02:09 | WARNING: Baking animation because there are keyframes with different interpolation methods in one channel
03:02:09 | WARNING: Baking animation because there are keyframes with different interpolation methods in one channel
03:02:09 | WARNING: Baking animation because there are keyframes with different interpolation methods in one channel
03:02:09 | WARNING: Baking animation because there are keyframes with different interpolation methods in one channel
03:02:09 | WARNING: Baking animation because there are keyframes with different interpolation methods in one channel
03:02:09 | WARNING: Baking animation because there are keyframes with different interpolation methods in one channel
03:02:09 | WARNING: Baking animation because there are keyframes with different interpolation methods in one channel
03:02:09 | WARNING: Baking animation because there are keyframes with different interpolation methods in one channel
03:02:09 | WARNING: Baking animation because there are keyframes with different interpolation methods in one channel
03:02:09 | WARNING: Baking animation because there are keyframes with different interpolation methods in one channel
03:02:09 | WARNING: Baking animation because there are keyframes with different interpolation methods in one channel
03:02:12 | WARNING: Baking animation because there are keyframes with different interpolation methods in one channel
03:02:12 | WARNING: Baking animation because there are keyframes with different interpolation methods in one channel
03:02:12 | WARNING: Baking animation because there are keyframes with different interpolation methods in one channel
03:02:12 | WARNING: Baking animation because there are keyframes with different interpolation methods in one channel
03:02:12 | WARNING: Baking animation because there are keyframes with different interpolation methods in one channel
03:02:12 | WARNING: Baking animation because there are keyframes with different interpolation methods in one channel
03:02:12 | WARNING: Baking animation because there are keyframes with different interpolation methods in one channel
03:02:12 | WARNING: Baking animation because there are keyframes with different interpolation methods in one channel
03:02:12 | WARNING: Baking animation because there are keyframes with different interpolation methods in one channel
03:02:12 | WARNING: Baking animation because there are keyframes with different interpolation methods in one channel
03:02:12 | WARNING: Baking animation because there are keyframes with different interpolation methods in one channel
03:02:12 | WARNING: Baking animation because there are keyframes with different interpolation methods in one channel
03:02:12 | WARNING: Baking animation because there are keyframes with different interpolation methods in one channel
03:02:12 | WARNING: Baking animation because there are keyframes with different interpolation methods in one channel
03:02:12 | WARNING: Baking animation because there are keyframes with different interpolation methods in one channel
03:02:12 | WARNING: Baking animation because there are keyframes with different interpolation methods in one channel
03:02:12 | WARNING: Baking animation because there are keyframes with different interpolation methods in one channel
03:02:12 | WARNING: Baking animation because there are keyframes with different interpolation methods in one channel
03:02:12 | WARNING: Baking animation because there are keyframes with different interpolation methods in one channel
03:02:12 | WARNING: Baking animation because there are keyframes with different interpolation methods in one channel
03:02:12 | WARNING: Baking animation because there are keyframes with different interpolation methods in one channel
03:02:12 | WARNING: Baking animation because there are keyframes with different interpolation methods in one channel
03:02:12 | WARNING: Baking animation because there are keyframes with different interpolation methods in one channel
03:02:12 | WARNING: Baking animation because there are keyframes with different interpolation methods in one channel
03:02:12 | WARNING: Baking animation because there are keyframes with different interpolation methods in one channel
03:02:12 | WARNING: Baking animation because there are keyframes with different interpolation methods in one channel
03:02:12 | WARNING: Baking animation because there are keyframes with different interpolation methods in one channel
03:02:12 | WARNING: Baking animation because there are keyframes with different interpolation methods in one channel
03:02:12 | WARNING: Baking animation because there are keyframes with different interpolation methods in one channel
03:02:12 | WARNING: Baking animation because there are keyframes with different interpolation methods in one channel
03:02:12 | WARNING: Baking animation because there are keyframes with different interpolation methods in one channel
03:02:12 | WARNING: Baking animation because there are keyframes with different interpolation methods in one channel
03:02:12 | WARNING: Baking animation because there are keyframes with different interpolation methods in one channel
03:02:12 | WARNING: Baking animation because there are keyframes with different interpolation methods in one channel
03:02:12 | WARNING: Baking animation because there are keyframes with different interpolation methods in one channel
03:02:12 | WARNING: Baking animation because there are keyframes with different interpolation methods in one channel
03:02:12 | WARNING: Baking animation because there are keyframes with different interpolation methods in one channel
03:02:12 | WARNING: Baking animation because there are keyframes with different interpolation methods in one channel
03:02:12 | WARNING: Baking animation because there are keyframes with different interpolation methods in one channel
03:02:12 | WARNING: Baking animation because there are keyframes with different interpolation methods in one channel
03:02:12 | WARNING: Baking animation because there are keyframes with different interpolation methods in one channel
03:02:12 | WARNING: Baking animation because there are keyframes with different interpolation methods in one channel
03:02:12 | WARNING: Baking animation because there are keyframes with different interpolation methods in one channel
03:02:12 | WARNING: Baking animation because there are keyframes with different interpolation methods in one channel
03:02:12 | WARNING: Baking animation because there are keyframes with different interpolation methods in one channel
03:02:12 | WARNING: Baking animation because there are keyframes with different interpolation methods in one channel
03:02:12 | WARNING: Baking animation because there are keyframes with different interpolation methods in one channel
03:02:12 | WARNING: Baking animation because there are keyframes with different interpolation methods in one channel
03:02:12 | WARNING: Baking animation because there are keyframes with different interpolation methods in one channel
03:02:12 | WARNING: Baking animation because there are keyframes with different interpolation methods in one channel
03:02:12 | WARNING: Baking animation because there are keyframes with different interpolation methods in one channel
03:02:12 | WARNING: Baking animation because there are keyframes with different interpolation methods in one channel
03:02:12 | WARNING: Baking animation because there are keyframes with different interpolation methods in one channel
03:02:13 | WARNING: Baking animation because there are keyframes with different interpolation methods in one channel
03:02:13 | WARNING: Baking animation because there are keyframes with different interpolation methods in one channel
03:02:13 | WARNING: Baking animation because there are keyframes with different interpolation methods in one channel
03:02:13 | WARNING: Baking animation because there are keyframes with different interpolation methods in one channel
03:02:13 | WARNING: Baking animation because there are keyframes with different interpolation methods in one channel
03:02:13 | WARNING: Baking animation because there are keyframes with different interpolation methods in one channel
03:02:13 | WARNING: Baking animation because there are keyframes with different interpolation methods in one channel
03:02:13 | WARNING: Baking animation because there are keyframes with different interpolation methods in one channel
03:02:13 | WARNING: Baking animation because there are keyframes with different interpolation methods in one channel
03:02:13 | WARNING: Baking animation because there are keyframes with different interpolation methods in one channel
03:02:13 | WARNING: Baking animation because there are keyframes with different interpolation methods in one channel
03:02:13 | WARNING: Baking animation because there are keyframes with different interpolation methods in one channel
03:02:13 | WARNING: Baking animation because there are keyframes with different interpolation methods in one channel
03:02:13 | WARNING: Baking animation because there are keyframes with different interpolation methods in one channel
03:02:13 | WARNING: Baking animation because there are keyframes with different interpolation methods in one channel
03:02:13 | WARNING: Baking animation because there are keyframes with different interpolation methods in one channel
03:02:13 | WARNING: Baking animation because there are keyframes with different interpolation methods in one channel
03:02:13 | WARNING: Baking animation because there are keyframes with different interpolation methods in one channel
03:02:13 | WARNING: Baking animation because there are keyframes with different interpolation methods in one channel
03:02:13 | WARNING: Baking animation because there are keyframes with different interpolation methods in one channel
03:02:13 | WARNING: Baking animation because there are keyframes with different interpolation methods in one channel
03:02:13 | WARNING: Baking animation because there are keyframes with different interpolation methods in one channel
03:02:13 | WARNING: Baking animation because there are keyframes with different interpolation methods in one channel
03:02:13 | WARNING: Baking animation because there are keyframes with different interpolation methods in one channel
03:02:13 | WARNING: Baking animation because there are keyframes with different interpolation methods in one channel
03:02:13 | WARNING: Baking animation because there are keyframes with different interpolation methods in one channel
03:02:13 | WARNING: Baking animation because there are keyframes with different interpolation methods in one channel
03:02:13 | WARNING: Baking animation because there are keyframes with different interpolation methods in one channel
03:02:13 | WARNING: Baking animation because there are keyframes with different interpolation methods in one channel
03:02:13 | WARNING: Baking animation because there are keyframes with different interpolation methods in one channel
03:02:13 | WARNING: Baking animation because there are keyframes with different interpolation methods in one channel
03:02:13 | WARNING: Baking animation because there are keyframes with different interpolation methods in one channel
03:02:13 | WARNING: Baking animation because there are keyframes with different interpolation methods in one channel
03:02:13 | WARNING: Baking animation because there are keyframes with different interpolation methods in one channel
03:02:13 | WARNING: Baking animation because there are keyframes with different interpolation methods in one channel
03:02:13 | WARNING: Baking animation because there are keyframes with different interpolation methods in one channel
03:02:13 | WARNING: Baking animation because there are keyframes with different interpolation methods in one channel
03:02:13 | WARNING: Baking animation because there are keyframes with different interpolation methods in one channel
03:02:13 | WARNING: Baking animation because there are keyframes with different interpolation methods in one channel
03:02:13 | WARNING: Baking animation because there are keyframes with different interpolation methods in one channel
03:02:13 | WARNING: Baking animation because there are keyframes with different interpolation methods in one channel
03:02:13 | WARNING: Baking animation because there are keyframes with different interpolation methods in one channel
03:02:13 | WARNING: Baking animation because there are keyframes with different interpolation methods in one channel
03:02:13 | WARNING: Baking animation because there are keyframes with different interpolation methods in one channel
03:02:13 | WARNING: Baking animation because there are keyframes with different interpolation methods in one channel
03:02:13 | WARNING: Baking animation because there are keyframes with different interpolation methods in one channel
03:02:13 | WARNING: Baking animation because there are keyframes with different interpolation methods in one channel
03:02:13 | WARNING: Baking animation because there are keyframes with different interpolation methods in one channel
03:02:13 | WARNING: Baking animation because there are keyframes with different interpolation methods in one channel
03:02:13 | WARNING: Baking animation because there are keyframes with different interpolation methods in one channel
03:02:13 | WARNING: Baking animation because there are keyframes with different interpolation methods in one channel
03:02:13 | WARNING: Baking animation because there are keyframes with different interpolation methods in one channel
03:02:13 | WARNING: Baking animation because there are keyframes with different interpolation methods in one channel
03:02:15 | INFO: Finished glTF 2.0 export in 24.617135763168335 s

C02_DONE failed=[]
C02_DONE non_ok_bools=['no_teleport']

Blender quit
Error: Not freed memory blocks: 7806, total unfreed memory 0.828075 MB
